scorer,DLC_resnet101_0degreeFeb13shuffle1_50000,DLC_resnet101_0degreeFeb13shuffle1_50000,DLC_resnet101_0degreeFeb13shuffle1_50000,DLC_resnet101_0degreeFeb13shuffle1_50000,DLC_resnet101_0degreeFeb13shuffle1_50000,DLC_resnet101_0degreeFeb13shuffle1_50000,DLC_resnet101_0degreeFeb13shuffle1_50000,DLC_resnet101_0degreeFeb13shuffle1_50000,DLC_resnet101_0degreeFeb13shuffle1_50000,DLC_resnet101_0degreeFeb13shuffle1_50000,DLC_resnet101_0degreeFeb13shuffle1_50000,DLC_resnet101_0degreeFeb13shuffle1_50000,DLC_resnet101_0degreeFeb13shuffle1_50000,DLC_resnet101_0degreeFeb13shuffle1_50000,DLC_resnet101_0degreeFeb13shuffle1_50000,DLC_resnet101_0degreeFeb13shuffle1_50000,DLC_resnet101_0degreeFeb13shuffle1_50000,DLC_resnet101_0degreeFeb13shuffle1_50000,DLC_resnet101_0degreeFeb13shuffle1_50000,DLC_resnet101_0degreeFeb13shuffle1_50000,DLC_resnet101_0degreeFeb13shuffle1_50000,DLC_resnet101_0degreeFeb13shuffle1_50000,DLC_resnet101_0degreeFeb13shuffle1_50000,DLC_resnet101_0degreeFeb13shuffle1_50000,DLC_resnet101_0degreeFeb13shuffle1_50000,DLC_resnet101_0degreeFeb13shuffle1_50000,DLC_resnet101_0degreeFeb13shuffle1_50000,DLC_resnet101_0degreeFeb13shuffle1_50000,DLC_resnet101_0degreeFeb13shuffle1_50000,DLC_resnet101_0degreeFeb13shuffle1_50000,DLC_resnet101_0degreeFeb13shuffle1_50000,DLC_resnet101_0degreeFeb13shuffle1_50000,DLC_resnet101_0degreeFeb13shuffle1_50000,DLC_resnet101_0degreeFeb13shuffle1_50000,DLC_resnet101_0degreeFeb13shuffle1_50000,DLC_resnet101_0degreeFeb13shuffle1_50000
bodyparts,antena1,antena1,antena1,antena2,antena2,antena2,forhead,forhead,forhead,neck,neck,neck,thorax,thorax,thorax,abdomen,abdomen,abdomen,l1,l1,l1,l2,l2,l2,l3,l3,l3,r1,r1,r1,r2,r2,r2,r3,r3,r3
coords,x,y,likelihood,x,y,likelihood,x,y,likelihood,x,y,likelihood,x,y,likelihood,x,y,likelihood,x,y,likelihood,x,y,likelihood,x,y,likelihood,x,y,likelihood,x,y,likelihood,x,y,likelihood
0,1138.811279296875,85.72933959960938,0.9993757605552673,1154.065673828125,160.49122619628906,0.9996230602264404,1176.129638671875,115.69819641113281,0.9986042380332947,1199.5250244140625,116.0043716430664,0.9996578693389893,1230.4027099609375,114.38536834716797,0.9999276399612427,1261.775146484375,110.8658218383789,0.9994837045669556,1156.6474609375,94.01895904541016,0.9977784752845764,1241.0694580078125,74.64873504638672,0.9997640252113342,1254.8018798828125,74.93106842041016,0.6494211554527283,1192.7855224609375,126.8764419555664,0.9906337261199951,1193.39208984375,166.02236938476562,0.9995032548904419,1264.1708984375,150.57638549804688,0.989173173904419
1,1138.811279296875,86.71685791015625,0.9992533326148987,1157.5604248046875,162.4903564453125,0.9996308088302612,1176.129638671875,116.61430358886719,0.9988921284675598,1199.5250244140625,116.01921081542969,0.9996500015258789,1230.4027099609375,114.54576873779297,0.9999097585678101,1261.775146484375,111.34578704833984,0.9996395111083984,1156.6474609375,94.01895904541016,0.9979153275489807,1241.0694580078125,74.6701431274414,0.9996213912963867,1254.8018798828125,75.19843292236328,0.9829907417297363,1192.7855224609375,127.07719421386719,0.9956384301185608,1193.39208984375,166.95947265625,0.9994800686836243,1264.1708984375,150.57638549804688,0.988226592540741
2,1138.811279296875,86.75625610351562,0.9993820190429688,1157.5657958984375,166.90609741210938,0.9996347427368164,1176.129638671875,117.69816589355469,0.9992707371711731,1199.5250244140625,116.33113861083984,0.9990707635879517,1230.4027099609375,114.54576873779297,0.9998090863227844,1261.775146484375,111.92554473876953,0.9996829032897949,1156.6474609375,94.01895904541016,0.9982712268829346,1241.246337890625,74.92357635498047,0.9994933605194092,1254.8018798828125,75.34761810302734,0.9865638017654419,1192.7855224609375,127.42364501953125,0.9951194524765015,1193.39208984375,166.99916076660156,0.9995095729827881,1264.1708984375,150.64199829101562,0.991034209728241
3,1130.1561279296875,87.3379898071289,0.998120129108429,1157.5657958984375,168.10142517089844,0.999586284160614,1171.0650634765625,117.87068939208984,0.9996951818466187,1195.6259765625,116.51325225830078,0.9981535077095032,1227.4229736328125,114.54576873779297,0.999872088432312,1257.9732666015625,111.92554473876953,0.9995467066764832,1151.16259765625,93.4188003540039,0.9979244470596313,1241.0694580078125,74.92357635498047,0.9986355900764465,1252.3935546875,76.75777435302734,0.9895671010017395,1187.63037109375,128.13827514648438,0.9957141280174255,1192.719970703125,166.99916076660156,0.9996870756149292,1260.4718017578125,150.64199829101562,0.9943817257881165
4,1126.7264404296875,87.17218780517578,0.9994915723800659,1157.5604248046875,168.80662536621094,0.9992509484291077,1166.7376708984375,118.15869903564453,0.9990598559379578,1191.1370849609375,116.95221710205078,0.999321699142456,1223.548828125,114.54576873779297,0.9998230338096619,1256.10302734375,111.87307739257812,0.9998027682304382,1151.1156005859375,93.1420669555664,0.9982430934906006,1241.001708984375,75.01729583740234,0.9973649382591248,1251.493408203125,76.75777435302734,0.9965820908546448,1185.2247314453125,128.6851043701172,0.9936082363128662,1192.719970703125,166.99916076660156,0.9998193383216858,1255.3001708984375,150.63702392578125,0.9977759718894958
5,1125.858642578125,87.17218780517578,0.9995220899581909,1156.7938232421875,168.80662536621094,0.9994271993637085,1164.5255126953125,118.18450164794922,0.9992051720619202,1186.5400390625,116.95221710205078,0.99912029504776,1219.86767578125,114.70848846435547,0.9998346567153931,1252.3856201171875,111.78321075439453,0.9998372793197632,1151.1156005859375,91.95526885986328,0.9985798597335815,1240.23828125,75.39871215820312,0.9911862015724182,1249.7698974609375,76.75777435302734,0.9985260963439941,1184.5531005859375,128.79779052734375,0.9856831431388855,1192.719970703125,166.4933624267578,0.9998036026954651,1255.1317138671875,150.5067596435547,0.9988893866539001
6,1125.1302490234375,87.2562026977539,0.9995543360710144,1155.0013427734375,168.59579467773438,0.999382495880127,1161.1202392578125,118.18450164794922,0.9993234872817993,1183.973388671875,117.80586242675781,0.9986258745193481,1215.7784423828125,114.58301544189453,0.999721348285675,1248.078125,111.78321075439453,0.9997619986534119,1151.094970703125,91.8497085571289,0.9985124468803406,1238.3240966796875,76.4175796508789,0.9891740083694458,1247.8944091796875,76.6889877319336,0.998060405254364,1181.156494140625,128.80592346191406,0.9690421223640442,1193.0255126953125,164.82534790039062,0.9998088479042053,1254.50927734375,150.4728546142578,0.9986515641212463
7,1125.0985107421875,87.3379898071289,0.9995755553245544,1148.7066650390625,168.59579467773438,0.9991161227226257,1159.111083984375,118.18450164794922,0.9996108412742615,1182.155029296875,118.37454223632812,0.9987694621086121,1214.0948486328125,114.76795196533203,0.9998107552528381,1245.42138671875,111.70191192626953,0.9997710585594177,1151.16259765625,91.6217269897461,0.9981659054756165,1232.0693359375,76.4175796508789,0.9924782514572144,1245.56591796875,75.35072326660156,0.9974194765090942,1178.8448486328125,128.97264099121094,0.9576318860054016,1193.2342529296875,164.82534790039062,0.99973064661026,1254.3697509765625,150.0867919921875,0.9968042373657227
8,1125.0985107421875,89.21456146240234,0.9995719790458679,1143.4078369140625,168.1665496826172,0.999535083770752,1157.9642333984375,117.93416595458984,0.9996638298034668,1180.54638671875,118.49236297607422,0.998569130897522,1213.185791015625,115.10216522216797,0.9998512268066406,1243.6748046875,110.94126892089844,0.9996539354324341,1151.7320556640625,91.564453125,0.9981684684753418,1228.8192138671875,76.64273071289062,0.9973897337913513,1241.6148681640625,74.59800720214844,0.9962059259414673,1177.3699951171875,128.97264099121094,0.9634496569633484,1193.28759765625,164.82534790039062,0.999739944934845,1254.0616455078125,149.69912719726562,0.9965338706970215
9,1125.1302490234375,89.21456146240234,0.9995681643486023,1139.825439453125,168.11740112304688,0.9997941851615906,1157.8558349609375,117.69462585449219,0.9997265934944153,1180.4384765625,118.49236297607422,0.9990932941436768,1212.6937255859375,114.76795196533203,0.9998900890350342,1242.672607421875,110.90966033935547,0.9996198415756226,1152.016845703125,91.564453125,0.9983362555503845,1223.8560791015625,77.48302459716797,0.9932379722595215,1241.6148681640625,74.07173156738281,0.9959945678710938,1171.661865234375,129.5658721923828,0.967399001121521,1193.292724609375,165.49090576171875,0.9997536540031433,1254.0616455078125,149.1597442626953,0.9961773157119751
10,1125.2003173828125,89.21456146240234,0.9995928406715393,1135.6910400390625,168.11740112304688,0.9996880292892456,1157.8558349609375,117.6794662475586,0.999777615070343,1180.2080078125,118.49236297607422,0.9991142153739929,1212.4560546875,114.62153625488281,0.9999020099639893,1242.448974609375,110.78192901611328,0.9995798468589783,1151.85107421875,91.564453125,0.9980900883674622,1223.792724609375,77.48302459716797,0.8358773589134216,1241.6148681640625,73.99411010742188,0.9952440857887268,1171.065673828125,130.7096710205078,0.962643027305603,1193.4459228515625,165.49090576171875,0.9997749924659729,1254.041015625,148.95733642578125,0.9935656189918518
11,1125.517333984375,87.60870361328125,0.9995842576026917,1133.3197021484375,165.78492736816406,0.999785840511322,1157.7928466796875,117.6794662475586,0.99983811378479,1179.9566650390625,118.63255310058594,0.9992154836654663,1212.4560546875,114.76795196533203,0.9999268054962158,1242.4215087890625,110.49720764160156,0.9995064735412598,1151.85107421875,91.564453125,0.9981067180633545,1211.332275390625,79.70405578613281,0.9840989708900452,1242.349609375,73.54425811767578,0.994198203086853,1170.346923828125,131.83277893066406,0.9762410521507263,1193.794921875,165.49090576171875,0.9997095465660095,1253.8760986328125,148.85272216796875,0.9930002689361572
12,1125.5455322265625,86.67880249023438,0.999724805355072,1131.887939453125,158.88577270507812,0.9991322159767151,1157.8558349609375,117.69462585449219,0.9998904466629028,1180.2080078125,118.74132537841797,0.999396562576294,1212.4560546875,114.92347717285156,0.9999271631240845,1242.3731689453125,110.49720764160156,0.999512791633606,1152.1181640625,91.78849792480469,0.9977694749832153,1205.0927734375,80.05547332763672,0.9954055547714233,1243.3577880859375,73.54425811767578,0.9926224946975708,1170.3389892578125,136.58242797851562,0.9863969683647156,1193.794921875,164.49371337890625,0.9994773268699646,1253.7095947265625,148.6765594482422,0.9947646856307983
13,1126.7991943359375,85.49248504638672,0.9998387098312378,1127.0230712890625,157.2555694580078,0.9997783303260803,1158.0096435546875,117.69462585449219,0.9998780488967896,1180.4384765625,118.76514434814453,0.9996147155761719,1212.4560546875,114.92347717285156,0.999941349029541,1241.9530029296875,110.49720764160156,0.9995719790458679,1152.1181640625,91.94691467285156,0.9975613355636597,1199.7786865234375,81.21505737304688,0.9972483515739441,1243.8392333984375,73.54425811767578,0.9921925663948059,1167.6068115234375,138.21229553222656,0.9875727891921997,1193.794921875,163.78964233398438,0.9994871616363525,1251.8851318359375,148.64268493652344,0.9924982190132141
14,1131.1533203125,82.61835479736328,0.9995296001434326,1122.1888427734375,150.11265563964844,0.9997369647026062,1158.0096435546875,117.76343536376953,0.9997952580451965,1180.2080078125,118.76514434814453,0.9996516704559326,1212.4560546875,115.52667999267578,0.9999326467514038,1241.4503173828125,110.65082550048828,0.999671220779419,1153.095458984375,93.2550277709961,0.9982274174690247,1195.2264404296875,80.05547332763672,0.9961226582527161,1243.8392333984375,74.22136688232422,0.9923363327980042,1157.3338623046875,140.14602661132812,0.9949780106544495,1193.689208984375,162.25186157226562,0.9995194673538208,1250.388916015625,148.49612426757812,0.9791777729988098
15,1140.538330078125,82.2755126953125,0.9991198182106018,1119.574951171875,144.82217407226562,0.9993422627449036,1157.428955078125,117.76343536376953,0.9997790455818176,1179.863037109375,118.76514434814453,0.9996198415756226,1212.1258544921875,115.9973373413086,0.9999241828918457,1240.81591796875,111.31461334228516,0.9996663331985474,1153.819091796875,93.2550277709961,0.9984714388847351,1187.6737060546875,80.05547332763672,0.9986989498138428,1243.8392333984375,75.81885528564453,0.9938204884529114,1153.129638671875,140.56582641601562,0.996581494808197,1193.1151123046875,160.75845336914062,0.9995799660682678,1238.994140625,147.15628051757812,0.9788438081741333
16,1146.891357421875,79.978271484375,0.9971094727516174,1116.919189453125,140.8822784423828,0.9987469911575317,1156.71337890625,117.76343536376953,0.9996891021728516,1179.1280517578125,119.17638397216797,0.9994822144508362,1211.01708984375,116.67658233642578,0.9999134540557861,1240.81591796875,111.91950988769531,0.9996100068092346,1155.1370849609375,93.2550277709961,0.9983829259872437,1180.8192138671875,78.58836364746094,0.998755693435669,1241.99609375,77.15827941894531,0.9932488203048706,1146.0062255859375,140.74415588378906,0.9891397953033447,1192.4443359375,160.05699157714844,0.9995972514152527,1232.285888671875,145.27210998535156,0.9904518127441406
17,1147.9677734375,79.978271484375,0.9976282715797424,1116.5643310546875,139.21829223632812,0.9986404776573181,1155.8443603515625,116.91764831542969,0.9995355606079102,1178.6551513671875,119.17638397216797,0.9994744658470154,1210.0711669921875,117.20222473144531,0.9998800754547119,1240.81591796875,112.4379653930664,0.9995985627174377,1155.716552734375,92.43700408935547,0.9983622431755066,1180.509521484375,77.66744995117188,0.9990684390068054,1241.6116943359375,77.31597137451172,0.9927442073822021,1143.0394287109375,140.8892059326172,0.9941285848617554,1192.4068603515625,160.05699157714844,0.9995133876800537,1230.38623046875,145.27210998535156,0.9870882034301758
18,1149.8717041015625,79.978271484375,0.9976917505264282,1116.5643310546875,139.21829223632812,0.9980840682983398,1155.716064453125,116.36561584472656,0.9993539452552795,1178.6551513671875,118.75782012939453,0.9993114471435547,1209.6611328125,117.27671813964844,0.9998738765716553,1240.4849853515625,112.63694763183594,0.9996718168258667,1155.8013916015625,92.40556335449219,0.9978318810462952,1179.986083984375,77.56623840332031,0.9992959499359131,1241.198974609375,77.35289001464844,0.9922327995300293,1141.80224609375,140.77586364746094,0.9960746765136719,1192.336181640625,160.05699157714844,0.9993960857391357,1225.3553466796875,144.73028564453125,0.9887802600860596
19,1149.8717041015625,84.82403564453125,0.9893883466720581,1116.5643310546875,139.21829223632812,0.9973427653312683,1155.321044921875,116.18989562988281,0.9989812970161438,1178.608154296875,118.75782012939453,0.9992457628250122,1209.33056640625,117.47908020019531,0.9998642206192017,1240.4849853515625,112.66455841064453,0.9997120499610901,1157.783935546875,92.29711151123047,0.9970912933349609,1178.9326171875,77.56623840332031,0.9991539716720581,1240.8697509765625,77.35289001464844,0.991870641708374,1141.80224609375,140.77586364746094,0.994792640209198,1192.3243408203125,160.09510803222656,0.9992154836654663,1223.916015625,143.69044494628906,0.9856760501861572
20,1149.8717041015625,90.706298828125,0.9909893870353699,1116.6104736328125,140.00779724121094,0.9958194494247437,1154.393310546875,115.8492202758789,0.9980186223983765,1178.5096435546875,118.75782012939453,0.9991948008537292,1209.1533203125,117.66507720947266,0.9998503923416138,1240.4849853515625,112.82392883300781,0.9997416138648987,1157.783935546875,92.1171875,0.9969011545181274,1175.424560546875,77.2475357055664,0.9988467693328857,1240.55322265625,77.36579895019531,0.9905894994735718,1141.80224609375,140.74415588378906,0.9919177889823914,1192.3243408203125,160.11231994628906,0.9989731311798096,1220.9127197265625,143.20999145507812,0.990223228931427
21,1149.4942626953125,90.706298828125,0.9819262623786926,1116.6104736328125,141.34921264648438,0.9955486059188843,1153.9195556640625,115.84918975830078,0.9974489808082581,1178.3802490234375,118.75782012939453,0.9991266131401062,1208.723876953125,117.69031524658203,0.9997983574867249,1240.125,112.84457397460938,0.9997405409812927,1157.783935546875,91.74202728271484,0.9966953992843628,1174.23095703125,77.19205474853516,0.9982014894485474,1240.0257568359375,77.36953735351562,0.9900054335594177,1141.80224609375,140.29550170898438,0.9859569072723389,1192.3243408203125,160.11231994628906,0.9986489415168762,1219.8387451171875,142.8160400390625,0.9927058815956116
22,1148.2550048828125,90.706298828125,0.9787730574607849,1116.8126220703125,141.70274353027344,0.996795117855072,1153.43212890625,115.84918975830078,0.9977633953094482,1178.3802490234375,118.96887969970703,0.9991063475608826,1208.723876953125,117.69031524658203,0.9997654557228088,1239.9508056640625,112.96565246582031,0.9997742772102356,1157.1292724609375,91.69835662841797,0.9971931576728821,1171.64111328125,77.0108413696289,0.998004138469696,1239.79150390625,77.48765563964844,0.9910770654678345,1142.1025390625,139.9178924560547,0.9877759218215942,1192.3243408203125,160.09510803222656,0.9987404942512512,1219.0303955078125,142.67950439453125,0.9947201013565063
23,1148.0052490234375,90.69009399414062,0.9801031947135925,1116.8126220703125,141.99156188964844,0.9964731335639954,1153.43212890625,115.57676696777344,0.9976446032524109,1178.2144775390625,119.06483459472656,0.9991908669471741,1208.723876953125,117.72689056396484,0.9997598528862,1239.6446533203125,113.0830078125,0.9997779726982117,1157.1292724609375,91.44337463378906,0.9967989921569824,1171.369873046875,76.96965789794922,0.9984318614006042,1239.723388671875,77.78736877441406,0.9907333850860596,1142.1573486328125,139.56089782714844,0.9887554049491882,1192.3243408203125,159.92958068847656,0.997844934463501,1217.009033203125,142.14089965820312,0.9921798706054688
24,1147.9210205078125,90.6633071899414,0.9840499758720398,1116.8126220703125,143.2998046875,0.9979300498962402,1153.43212890625,115.40800476074219,0.9982746839523315,1178.1029052734375,119.06483459472656,0.9993877410888672,1209.2080078125,117.72689056396484,0.9997654557228088,1239.39404296875,113.126220703125,0.9997770190238953,1157.1292724609375,91.44337463378906,0.9971765279769897,1170.9488525390625,76.94865417480469,0.9984582662582397,1239.5225830078125,77.8334732055664,0.9913699626922607,1142.2803955078125,139.50022888183594,0.9880834221839905,1192.32763671875,159.65492248535156,0.997968852519989,1216.2755126953125,142.14089965820312,0.9878107905387878
25,1147.428955078125,90.6633071899414,0.9790189266204834,1118.788818359375,144.88909912109375,0.9989246726036072,1153.58203125,115.40800476074219,0.9985179305076599,1178.1029052734375,118.96887969970703,0.999259889125824,1209.2591552734375,117.72689056396484,0.999782383441925,1239.0391845703125,113.46733093261719,0.9997895359992981,1157.329345703125,91.44337463378906,0.9968492388725281,1170.5484619140625,76.94865417480469,0.9983803033828735,1238.99560546875,78.05469512939453,0.9919289350509644,1142.2930908203125,139.21653747558594,0.9815270304679871,1193.8197021484375,158.0887908935547,0.9976078271865845,1216.2626953125,142.14089965820312,0.9897031188011169
26,1147.428955078125,90.69009399414062,0.9732891917228699,1120.8563232421875,147.289794921875,0.9988841414451599,1154.15673828125,115.40412139892578,0.9985504746437073,1178.1029052734375,118.87503051757812,0.9992751479148865,1209.30029296875,117.6983413696289,0.9998084902763367,1238.9798583984375,113.60321044921875,0.9997910857200623,1157.6112060546875,91.484619140625,0.996740996837616,1170.1768798828125,76.96965789794922,0.9982215762138367,1238.7213134765625,78.05469512939453,0.9926099181175232,1142.40234375,138.99728393554688,0.9780756831169128,1193.8197021484375,157.88534545898438,0.9980826377868652,1215.19189453125,142.5450439453125,0.9858071804046631
27,1147.428955078125,90.7507553100586,0.9644215703010559,1122.1226806640625,147.289794921875,0.999148964881897,1154.1971435546875,115.3300552368164,0.9983527660369873,1178.2904052734375,118.86051940917969,0.9992043375968933,1209.30029296875,117.72689056396484,0.9997888207435608,1238.8671875,113.75166320800781,0.9997853636741638,1157.6656494140625,91.49622344970703,0.9965173006057739,1169.7188720703125,77.21748352050781,0.9979096055030823,1238.55126953125,78.05469512939453,0.992751955986023,1143.1905517578125,137.3374481201172,0.9871751666069031,1193.8197021484375,157.8418731689453,0.9981858134269714,1216.2626953125,142.56231689453125,0.9854254722595215
28,1148.0343017578125,90.88549041748047,0.9534082412719727,1125.1702880859375,147.289794921875,0.9973228573799133,1154.4949951171875,115.3300552368164,0.9979366064071655,1178.455078125,117.88835906982422,0.9993522763252258,1209.2080078125,117.74368286132812,0.9998031258583069,1238.814208984375,113.75166320800781,0.999749481678009,1158.212646484375,91.58085632324219,0.9942703247070312,1169.216552734375,77.659912109375,0.9964537620544434,1237.5089111328125,77.58220672607422,0.9926902651786804,1143.1905517578125,137.3374481201172,0.9904662370681763,1193.729736328125,157.74188232421875,0.9978892207145691,1216.2626953125,143.23507690429688,0.984911322593689
29,1148.0352783203125,91.41346740722656,0.9327251315116882,1134.9459228515625,149.5301971435547,0.8455348610877991,1155.5301513671875,115.52336120605469,0.9959539175033569,1179.250244140625,117.2627182006836,0.9991853833198547,1209.1575927734375,117.7967300415039,0.9997408986091614,1238.8671875,113.75166320800781,0.9997373223304749,1158.212646484375,91.64315032958984,0.9907604455947876,1169.216552734375,78.22527313232422,0.9956931471824646,1237.5089111328125,77.57756805419922,0.9924282431602478,1143.1319580078125,136.6859130859375,0.9687763452529907,1193.729736328125,157.46820068359375,0.9970797896385193,1213.9864501953125,143.23507690429688,0.98093181848526
30,1148.062255859375,91.80274200439453,0.9265018701553345,1134.958740234375,150.53823852539062,0.6482101678848267,1155.7261962890625,115.4897232055664,0.9911956787109375,1179.521728515625,117.24179077148438,0.9989645481109619,1208.96728515625,117.81556701660156,0.9996891021728516,1238.8671875,113.73506164550781,0.999722421169281,1158.212646484375,91.86404418945312,0.9856933355331421,1169.216552734375,78.22527313232422,0.9962420463562012,1237.5089111328125,77.5479507446289,0.991571307182312,1143.1319580078125,136.6859130859375,0.9487716555595398,1193.671142578125,157.36895751953125,0.9963549375534058,1213.9864501953125,143.54043579101562,0.975932240486145
31,1148.085205078125,91.93620300292969,0.9433997869491577,1142.2003173828125,152.939208984375,0.8781894445419312,1155.8671875,115.6502456665039,0.9900462031364441,1179.579345703125,117.13034057617188,0.9990214109420776,1208.3792724609375,117.97344207763672,0.9996806383132935,1238.871337890625,113.73506164550781,0.9997097849845886,1157.9278564453125,92.06080627441406,0.9884034991264343,1170.206787109375,78.23233032226562,0.9967464208602905,1237.5089111328125,77.5262451171875,0.991397500038147,1144.32421875,137.36398315429688,0.9696126580238342,1193.670166015625,157.3355255126953,0.9951045513153076,1216.12939453125,143.54043579101562,0.970615804195404
32,1148.50048828125,91.93620300292969,0.9338184595108032,1142.2003173828125,152.939208984375,0.8756675720214844,1156.46240234375,115.72816467285156,0.9813955426216125,1179.823486328125,117.11583709716797,0.9987408518791199,1208.37255859375,117.98548126220703,0.9996825456619263,1238.871337890625,113.73506164550781,0.999695897102356,1157.877685546875,92.06080627441406,0.9821043610572815,1170.238525390625,78.4486083984375,0.9965776801109314,1237.5089111328125,77.5262451171875,0.9910879731178284,1144.32421875,139.50804138183594,0.9310078620910645,1193.405029296875,157.202880859375,0.9959398508071899,1215.836181640625,143.3681182861328,0.9690428972244263
33,1148.50048828125,91.80274200439453,0.8908358812332153,1142.2003173828125,152.939208984375,0.244679793715477,1156.5894775390625,115.82032775878906,0.9615175724029541,1179.823486328125,117.11583709716797,0.9979958534240723,1208.37255859375,118.07317352294922,0.9996232986450195,1238.871337890625,113.76200103759766,0.9996916055679321,1157.877685546875,91.86404418945312,0.9663990139961243,1170.3563232421875,78.4486083984375,0.9963699579238892,1237.541259765625,77.5262451171875,0.9909728765487671,1144.371337890625,139.50804138183594,0.8727407455444336,1193.08251953125,156.84336853027344,0.9951136708259583,1215.9970703125,143.3681182861328,0.9680830240249634
34,1148.50048828125,91.11237335205078,0.9112147092819214,1137.601806640625,139.280517578125,0.18801048398017883,1156.5894775390625,115.93656921386719,0.9694515466690063,1179.823486328125,117.11583709716797,0.9973652958869934,1208.37255859375,118.1187973022461,0.999586284160614,1238.461181640625,113.81587219238281,0.9997455477714539,1157.877685546875,91.8516845703125,0.9727869033813477,1170.5518798828125,78.63298797607422,0.9965764880180359,1237.505126953125,77.61456298828125,0.9918736815452576,1144.371337890625,139.50804138183594,0.8536083102226257,1193.0445556640625,156.4398651123047,0.995835542678833,1215.9970703125,143.3681182861328,0.9683972001075745
35,1147.7786865234375,89.86331939697266,0.9775756597518921,1137.601806640625,139.280517578125,0.4784591495990753,1156.5894775390625,116.63160705566406,0.9948752522468567,1178.9827880859375,118.27153778076172,0.9986134767532349,1208.187255859375,118.67223358154297,0.9996145963668823,1238.0126953125,114.05290985107422,0.9997802376747131,1158.03857421875,91.06242370605469,0.9939185380935669,1170.7447509765625,78.63298797607422,0.9980987906455994,1237.3116455078125,77.77615356445312,0.9930205941200256,1144.371337890625,138.94015502929688,0.9718881845474243,1193.01806640625,156.4398651123047,0.9973418116569519,1215.9970703125,142.81475830078125,0.9751667976379395
36,1146.9583740234375,89.86331939697266,0.9889068603515625,1137.601806640625,139.280517578125,0.6899825930595398,1156.2537841796875,117.31954193115234,0.9981666803359985,1178.2027587890625,119.6781997680664,0.9989301562309265,1208.051513671875,118.78741455078125,0.9996734857559204,1236.925537109375,114.34355926513672,0.9998080134391785,1158.590087890625,91.06242370605469,0.9955683350563049,1170.7447509765625,78.6800537109375,0.9986742734909058,1236.5706787109375,78.3199691772461,0.993424654006958,1143.9237060546875,138.85845947265625,0.9916865229606628,1193.01806640625,156.4398651123047,0.9981271624565125,1215.836181640625,142.81475830078125,0.9817647933959961
37,1146.8280029296875,89.86331939697266,0.9943413734436035,1155.2825927734375,165.31199645996094,0.7631049156188965,1155.06787109375,117.38674926757812,0.9985619187355042,1177.1522216796875,120.8385009765625,0.999230146408081,1207.8333740234375,119.09516906738281,0.9997829794883728,1236.037109375,114.83104705810547,0.9998552799224854,1158.590087890625,91.06242370605469,0.9964122176170349,1170.7447509765625,78.6800537109375,0.9991713762283325,1236.210693359375,78.65552520751953,0.9948674440383911,1143.912353515625,137.89797973632812,0.9966026544570923,1193.01806640625,156.5375518798828,0.9986314177513123,1215.7259521484375,142.81475830078125,0.9874266386032104
38,1145.1788330078125,91.10374450683594,0.9944267272949219,1155.2825927734375,170.27621459960938,0.9880855083465576,1153.6751708984375,118.13740539550781,0.99843829870224,1176.282958984375,121.79430389404297,0.9993906021118164,1206.642333984375,119.54912567138672,0.9998003840446472,1234.8233642578125,115.13275146484375,0.9998681545257568,1158.590087890625,91.81611633300781,0.9956793189048767,1170.671875,79.06884765625,0.9990565180778503,1234.8131103515625,78.92134857177734,0.9951960444450378,1143.912353515625,135.91943359375,0.9971791505813599,1193.0150146484375,158.185791015625,0.9987404942512512,1215.4912109375,143.36041259765625,0.9912362098693848
39,1143.85595703125,91.71819305419922,0.9925697445869446,1155.2825927734375,171.78285217285156,0.9969354867935181,1151.9129638671875,118.64625549316406,0.9979631900787354,1174.850341796875,122.58468627929688,0.9996116757392883,1204.8505859375,120.09976959228516,0.999739944934845,1233.5653076171875,116.1855239868164,0.999803364276886,1157.499267578125,92.47787475585938,0.9951509237289429,1169.627685546875,79.84944152832031,0.9987975358963013,1233.3876953125,79.44169616699219,0.9957440495491028,1143.912353515625,135.628662109375,0.9963078498840332,1192.9942626953125,159.20350646972656,0.9986969828605652,1213.323974609375,144.633544921875,0.9905371069908142
40,1142.106201171875,92.90029907226562,0.9944881796836853,1149.298095703125,171.78285217285156,0.996075451374054,1150.981201171875,120.94835662841797,0.9986586570739746,1171.437255859375,123.41765594482422,0.9994655251502991,1201.2276611328125,120.28977966308594,0.9996732473373413,1230.4814453125,117.33695220947266,0.9998636245727539,1156.3909912109375,94.02976989746094,0.9949889779090881,1168.1588134765625,81.63172149658203,0.9991542100906372,1231.6409912109375,80.3381118774414,0.9957323670387268,1146.4317626953125,135.5089569091797,0.9909768104553223,1192.9747314453125,159.8839874267578,0.999313235282898,1210.7974853515625,147.0908203125,0.9909203052520752
41,1140.62548828125,93.01276397705078,0.9945530891418457,1143.5850830078125,171.78285217285156,0.9981328845024109,1148.4384765625,121.65258026123047,0.9990707039833069,1168.823486328125,123.47222900390625,0.9993441700935364,1199.1829833984375,120.62907409667969,0.999592125415802,1228.7686767578125,118.14923858642578,0.999889612197876,1154.88427734375,94.3573989868164,0.995741605758667,1167.1431884765625,81.83358764648438,0.9990212917327881,1230.4405517578125,80.66986846923828,0.9954208731651306,1147.3646240234375,134.3579864501953,0.9905563592910767,1192.605712890625,160.42088317871094,0.9996004700660706,1208.7611083984375,148.79425048828125,0.9916400909423828
42,1138.5233154296875,94.08012390136719,0.9883528351783752,1133.7818603515625,171.67872619628906,0.9950549602508545,1146.3135986328125,122.2720947265625,0.9983567595481873,1167.455322265625,123.51927185058594,0.9994472861289978,1198.470458984375,121.99446105957031,0.9997408986091614,1227.2144775390625,118.58216094970703,0.9998801946640015,1153.8509521484375,95.02281188964844,0.9944668412208557,1167.041015625,82.22676849365234,0.9990336894989014,1229.197509765625,81.38871765136719,0.995919942855835,1147.3646240234375,131.79090881347656,0.9925386309623718,1191.224609375,160.42088317871094,0.9993485808372498,1208.269775390625,149.27366638183594,0.9953038692474365
43,1134.473876953125,98.26345825195312,0.9895018935203552,1129.5235595703125,169.7506866455078,0.9990692734718323,1142.716796875,122.47708129882812,0.9979845285415649,1165.4442138671875,123.89259338378906,0.9992578625679016,1196.4149169921875,122.21802520751953,0.9997790455818176,1226.4747314453125,119.2724838256836,0.9998346567153931,1152.81494140625,97.72391510009766,0.9956513047218323,1166.7630615234375,82.26045227050781,0.9991868138313293,1227.8138427734375,82.31732177734375,0.9974175691604614,1147.1175537109375,131.79090881347656,0.98911052942276,1190.1307373046875,160.42088317871094,0.9992498755455017,1207.54296875,149.27366638183594,0.9962409734725952
44,1132.239501953125,98.26345825195312,0.9770569205284119,1124.1512451171875,167.87948608398438,0.9989375472068787,1139.8148193359375,123.38685607910156,0.9986861348152161,1165.17529296875,124.70061492919922,0.9989784955978394,1194.3062744140625,122.38714599609375,0.9997491240501404,1225.54736328125,119.79149627685547,0.9997101426124573,1149.147216796875,98.20693969726562,0.998536229133606,1166.50048828125,82.279296875,0.9996122717857361,1225.6048583984375,82.38219451904297,0.998360812664032,1147.1175537109375,131.79090881347656,0.9912920594215393,1185.064453125,158.21041870117188,0.9992127418518066,1206.65234375,148.9606170654297,0.9980657696723938
45,1130.0404052734375,98.26345825195312,0.9939987659454346,1115.6258544921875,166.82333374023438,0.9992386102676392,1137.585693359375,123.63353729248047,0.9993755221366882,1163.1177978515625,124.79869842529297,0.9996627569198608,1192.5126953125,122.38714599609375,0.9996128678321838,1224.41259765625,119.79149627685547,0.9997966885566711,1146.8641357421875,98.92046356201172,0.9987039566040039,1166.50048828125,82.39389038085938,0.99959796667099,1225.6048583984375,82.38219451904297,0.9982768297195435,1144.6810302734375,132.4503631591797,0.9964878559112549,1182.4034423828125,156.77633666992188,0.9989374279975891,1204.4945068359375,148.8624267578125,0.9985944628715515
46,1120.1571044921875,97.99653625488281,0.9968644976615906,1111.916015625,166.69552612304688,0.9994865655899048,1135.4327392578125,123.64471435546875,0.9995715022087097,1160.2935791015625,125.47037506103516,0.9997497200965881,1189.921875,122.42558288574219,0.9996923208236694,1221.9547119140625,119.92181396484375,0.9998617172241211,1141.1864013671875,99.09983825683594,0.9986631870269775,1166.6517333984375,83.01844024658203,0.999218225479126,1225.135986328125,82.38219451904297,0.9977701902389526,1143.8121337890625,132.7699737548828,0.9918198585510254,1179.93505859375,156.77633666992188,0.9982293248176575,1201.2830810546875,148.9606170654297,0.9969498515129089
47,1117.3067626953125,97.99653625488281,0.9990779161453247,1106.019775390625,165.66575622558594,0.9998278617858887,1134.002685546875,125.08322143554688,0.9995331764221191,1157.52783203125,125.51631164550781,0.9997302889823914,1187.053466796875,122.45455169677734,0.9997949004173279,1219.2327880859375,119.92181396484375,0.9998644590377808,1136.11328125,101.34222412109375,0.9967864751815796,1166.6517333984375,83.26228332519531,0.9993230104446411,1224.9715576171875,81.60530853271484,0.997443437576294,1143.418701171875,134.53697204589844,0.9863337874412537,1170.1424560546875,158.21041870117188,0.9977123737335205,1200.9735107421875,148.9606170654297,0.9940698146820068
48,1116.58837890625,97.06314086914062,0.9982295632362366,1098.067626953125,163.1239776611328,0.9996742010116577,1131.7149658203125,126.0344009399414,0.9991915822029114,1154.59765625,126.52024841308594,0.9996607303619385,1184.8740234375,122.45455169677734,0.9997977614402771,1217.393310546875,120.24130249023438,0.99978107213974,1125.9344482421875,102.70284271240234,0.9895479679107666,1166.829345703125,83.44312286376953,0.9990585446357727,1224.9715576171875,81.38180541992188,0.9977990984916687,1143.1080322265625,136.19786071777344,0.9794952869415283,1149.0426025390625,169.4751434326172,0.9983037710189819,1200.9495849609375,150.0375213623047,0.9891743659973145
49,1107.76123046875,97.06314086914062,0.9991279244422913,1095.2647705078125,163.07020568847656,0.9995953440666199,1128.5550537109375,126.42982482910156,0.9991982579231262,1151.6510009765625,126.68386840820312,0.999226450920105,1182.1229248046875,122.69505310058594,0.9995793700218201,1213.5350341796875,120.28043365478516,0.9998536109924316,1122.2559814453125,102.87998962402344,0.9864752888679504,1167.72412109375,84.32964324951172,0.9995927214622498,1224.9715576171875,81.38180541992188,0.9974821209907532,1141.050537109375,136.62689208984375,0.9845386743545532,1145.7232666015625,170.4446563720703,0.9984902143478394,1200.1829833984375,151.42147827148438,0.9919191002845764
50,1096.6776123046875,99.52918243408203,0.9980814456939697,1093.57275390625,162.99911499023438,0.9998267292976379,1126.2144775390625,126.53524017333984,0.9997268319129944,1147.9937744140625,126.68814849853516,0.9989608526229858,1180.81591796875,123.52915954589844,0.9996200799942017,1211.7926025390625,120.52215576171875,0.9998470544815063,1109.452392578125,103.24130249023438,0.9972590208053589,1168.1712646484375,84.41622924804688,0.9997591376304626,1224.040283203125,81.38180541992188,0.9970802664756775,1141.050537109375,137.37722778320312,0.9885009527206421,1144.87353515625,170.4446563720703,0.9988204836845398,1200.05859375,152.1248779296875,0.9944781064987183
51,1095.351806640625,100.72037506103516,0.9980984330177307,1092.9344482421875,162.99911499023438,0.9998341798782349,1123.516845703125,126.87732696533203,0.9997736811637878,1146.9088134765625,126.7599868774414,0.9995313882827759,1178.630126953125,123.52915954589844,0.9995415210723877,1209.9913330078125,120.41549682617188,0.9998052716255188,1107.2275390625,103.24130249023438,0.9977893829345703,1168.4798583984375,85.11740112304688,0.9995679259300232,1222.04736328125,81.51946258544922,0.9977471232414246,1140.0025634765625,137.3876190185547,0.9907767176628113,1143.9632568359375,170.5330047607422,0.9989277720451355,1199.5927734375,153.897705078125,0.9974645376205444
52,1091.0120849609375,101.40984344482422,0.9979591369628906,1091.931884765625,162.99911499023438,0.9998441934585571,1120.319580078125,127.98812866210938,0.9993371367454529,1143.3516845703125,126.80306243896484,0.9997537732124329,1174.3916015625,123.52915954589844,0.9996824264526367,1208.47021484375,120.41549682617188,0.9997169375419617,1105.658447265625,103.02609252929688,0.9984972476959229,1168.86279296875,85.70378112792969,0.9996496438980103,1216.5487060546875,81.90972137451172,0.9979954957962036,1138.479248046875,137.7167205810547,0.9918203353881836,1143.4998779296875,170.51156616210938,0.9991711378097534,1198.3433837890625,154.77426147460938,0.9979043006896973
53,1086.5435791015625,101.5639877319336,0.9971420168876648,1091.11083984375,163.54147338867188,0.9998502731323242,1117.9619140625,128.31625366210938,0.9984270334243774,1141.288330078125,126.8320541381836,0.9997629523277283,1172.08544921875,123.30059051513672,0.9998087286949158,1207.6314697265625,120.41549682617188,0.9998428821563721,1104.6737060546875,103.02609252929688,0.998791515827179,1168.86279296875,85.70378112792969,0.9994964599609375,1208.8927001953125,81.90972137451172,0.998075008392334,1136.9962158203125,138.1267547607422,0.989863395690918,1143.0455322265625,170.5677490234375,0.9994195699691772,1196.220458984375,154.77426147460938,0.9977930784225464
54,1083.4207763671875,101.71904754638672,0.9967722296714783,1089.9886474609375,164.96243286132812,0.9998377561569214,1116.111328125,128.79722595214844,0.9981778860092163,1139.624267578125,126.90481567382812,0.9996278285980225,1169.9429931640625,123.07022857666016,0.999806821346283,1204.737060546875,119.5993423461914,0.9999349117279053,1104.6046142578125,101.93319702148438,0.9989898800849915,1169.2152099609375,85.70378112792969,0.9996261596679688,1194.843505859375,81.90972137451172,0.9941540360450745,1136.83154296875,138.25698852539062,0.9899584650993347,1142.81298828125,170.59112548828125,0.999405026435852,1195.29150390625,154.77426147460938,0.9973281621932983
55,1081.2701416015625,101.93009185791016,0.997912585735321,1089.9886474609375,167.34652709960938,0.999789297580719,1114.950927734375,128.79722595214844,0.9978832602500916,1137.5875244140625,126.90481567382812,0.9993482232093811,1168.166259765625,122.96952056884766,0.9997009038925171,1202.2760009765625,119.40937042236328,0.999914288520813,1102.132080078125,101.43406677246094,0.9993237257003784,1170.069580078125,82.99042510986328,0.9997727274894714,1190.5474853515625,80.72885131835938,0.9840436577796936,1134.937255859375,138.4150390625,0.9891585111618042,1142.703125,170.59112548828125,0.9995296001434326,1195.1123046875,154.37814331054688,0.9965399503707886
56,1076.2139892578125,102.24687957763672,0.9990780353546143,1089.9886474609375,169.19158935546875,0.9997304081916809,1113.9161376953125,128.8616485595703,0.9970986843109131,1136.3348388671875,127.4066162109375,0.9986159801483154,1166.53173828125,122.96952056884766,0.9994015693664551,1200.946044921875,119.33201599121094,0.9998157620429993,1100.1866455078125,100.97669219970703,0.9994980096817017,1170.4400634765625,82.48966217041016,0.9993615746498108,1185.272705078125,80.50346374511719,0.9586837887763977,1133.8851318359375,138.80474853515625,0.9813829064369202,1142.703125,170.51156616210938,0.999452531337738,1194.580078125,154.30859375,0.9970115423202515
57,1074.0284423828125,103.7553482055664,0.9989597797393799,1091.416259765625,172.68968200683594,0.9998152852058411,1112.8348388671875,129.07308959960938,0.9978024363517761,1135.2891845703125,127.80762481689453,0.9973281621932983,1166.2293701171875,122.96952056884766,0.9994934797286987,1198.0057373046875,117.32698822021484,0.9996280670166016,1099.3931884765625,100.63111114501953,0.9995249509811401,1171.414306640625,81.68023681640625,0.9990677237510681,1184.913818359375,79.97779846191406,0.9837989807128906,1131.8353271484375,139.12081909179688,0.9804984927177429,1142.240234375,170.26589965820312,0.9994910955429077,1194.580078125,154.30859375,0.9964838027954102
58,1072.635009765625,104.53387451171875,0.9987685084342957,1092.697998046875,175.73028564453125,0.99978107213974,1111.6871337890625,129.15599060058594,0.9983988404273987,1134.659423828125,128.29827880859375,0.9977001547813416,1165.5079345703125,123.32626342773438,0.9995589852333069,1196.1163330078125,117.32698822021484,0.99960857629776,1099.3931884765625,100.58489227294922,0.9994688630104065,1171.6044921875,80.72700500488281,0.998551070690155,1184.7794189453125,79.97779846191406,0.9879177212715149,1126.7479248046875,140.07656860351562,0.9719241261482239,1142.112548828125,169.60409545898438,0.9994655251502991,1194.580078125,154.30859375,0.996826708316803
59,1072.635009765625,104.53387451171875,0.9988545179367065,1092.697998046875,175.97264099121094,0.9996691942214966,1110.4825439453125,129.4661407470703,0.9990732669830322,1133.6727294921875,128.8178253173828,0.9981759786605835,1164.4046630859375,123.4622802734375,0.9995715022087097,1194.40869140625,117.32698822021484,0.9996179342269897,1099.3931884765625,100.58489227294922,0.9995083808898926,1171.80517578125,80.52534484863281,0.9982069730758667,1184.3980712890625,80.12220001220703,0.9923549890518188,1122.869873046875,142.98333740234375,0.948314905166626,1141.971923828125,168.96641540527344,0.9996078610420227,1195.056640625,154.54747009277344,0.9967771172523499
60,1072.3583984375,104.53387451171875,0.998764157295227,1092.697998046875,176.1040802001953,0.999743640422821,1110.1141357421875,129.4661407470703,0.9994421601295471,1133.4599609375,128.8178253173828,0.9985125660896301,1163.4376220703125,123.67073822021484,0.999518632888794,1194.156494140625,118.0218734741211,0.9996515512466431,1099.5679931640625,100.58489227294922,0.9995274543762207,1171.80517578125,80.52534484863281,0.9983857870101929,1184.004638671875,79.97779846191406,0.9928118586540222,1115.246826171875,146.6394500732422,0.9360091686248779,1142.08203125,168.9278564453125,0.999622106552124,1195.341552734375,154.60189819335938,0.9967389702796936
61,1072.3583984375,103.35728454589844,0.9988885521888733,1092.6619873046875,176.1040802001953,0.9997982382774353,1109.57763671875,129.4661407470703,0.9996762275695801,1132.83837890625,128.8178253173828,0.9987748265266418,1161.9615478515625,123.78804779052734,0.9995397329330444,1192.745849609375,118.13147735595703,0.99981290102005,1100.486572265625,100.87419128417969,0.9995847344398499,1171.80517578125,80.72700500488281,0.9974991679191589,1182.6417236328125,79.97779846191406,0.993850827217102,1112.735107421875,149.99124145507812,0.9783532023429871,1142.08203125,168.91329956054688,0.9996650218963623,1195.4847412109375,155.08523559570312,0.9969388246536255
62,1072.6409912109375,102.45409393310547,0.9987194538116455,1092.6015625,176.1040802001953,0.9997697472572327,1108.897216796875,129.51490783691406,0.9996992349624634,1131.2196044921875,128.71115112304688,0.9990776777267456,1158.9361572265625,124.2456283569336,0.9995772242546082,1191.0972900390625,118.49885559082031,0.9998860359191895,1101.0372314453125,101.04425811767578,0.9995049238204956,1170.9620361328125,82.3941879272461,0.9935972690582275,1180.4881591796875,79.72631072998047,0.9960190653800964,1106.7166748046875,150.06533813476562,0.9873217940330505,1142.08203125,168.9278564453125,0.9996898174285889,1195.4847412109375,155.08523559570312,0.9975273013114929
63,1072.766845703125,102.42340087890625,0.9989091157913208,1092.2984619140625,173.90240478515625,0.9997856020927429,1108.4906005859375,129.60816955566406,0.9994128942489624,1130.492431640625,128.38922119140625,0.998665452003479,1157.252197265625,124.31405639648438,0.9997443556785583,1189.535888671875,118.9779052734375,0.9999147653579712,1101.7332763671875,101.04425811767578,0.9993664622306824,1170.7071533203125,82.3941879272461,0.9881314039230347,1179.3797607421875,79.72631072998047,0.997384250164032,1095.6884765625,150.17373657226562,0.9863280653953552,1142.08203125,168.9278564453125,0.999657154083252,1195.4847412109375,155.73988342285156,0.9975589513778687
64,1074.8367919921875,100.27459716796875,0.9994124174118042,1090.0823974609375,170.78509521484375,0.9991834759712219,1107.7032470703125,129.42095947265625,0.9990115165710449,1129.5162353515625,128.38922119140625,0.9988991022109985,1155.585693359375,124.44259643554688,0.999763548374176,1188.0911865234375,119.56027221679688,0.9999027252197266,1102.525390625,101.04425811767578,0.9990757703781128,1169.856689453125,82.3941879272461,0.9929433465003967,1177.9613037109375,79.72631072998047,0.996780514717102,1091.733154296875,150.17373657226562,0.9944701194763184,1142.08203125,169.27853393554688,0.9995239973068237,1192.7109375,155.73988342285156,0.9980905652046204
65,1075.9127197265625,97.09342956542969,0.9996318817138672,1081.5623779296875,170.78509521484375,0.9973506927490234,1105.730224609375,129.98915100097656,0.998323380947113,1128.0283203125,128.71115112304688,0.9987564086914062,1153.8922119140625,124.6375732421875,0.9996894598007202,1186.609619140625,120.12608337402344,0.9998611211776733,1102.525390625,101.02811431884766,0.9987126588821411,1169.856689453125,82.04161071777344,0.969892144203186,1177.2884521484375,79.70150756835938,0.996507465839386,1088.366455078125,150.46006774902344,0.9930604696273804,1141.9764404296875,169.27853393554688,0.9995166063308716,1192.320556640625,155.3404083251953,0.9971269965171814
66,1077.8935546875,94.58013916015625,0.9994441866874695,1079.6761474609375,170.47039794921875,0.998562753200531,1103.6143798828125,129.98915100097656,0.997811496257782,1125.8089599609375,128.87213134765625,0.9986230134963989,1152.9078369140625,124.64359283447266,0.9995580315589905,1184.7222900390625,120.20244598388672,0.999798595905304,1102.525390625,100.91160583496094,0.998809814453125,1169.856689453125,82.04161071777344,0.877691924571991,1177.040283203125,79.70150756835938,0.9972469806671143,1084.027099609375,150.17373657226562,0.9933059811592102,1141.9764404296875,169.27853393554688,0.9996473789215088,1186.7796630859375,154.77061462402344,0.9983875751495361
67,1079.375,91.24051666259766,0.9978869557380676,1079.54052734375,170.47039794921875,0.9997017979621887,1101.3055419921875,129.42095947265625,0.9974560141563416,1124.0469970703125,128.87213134765625,0.9989064931869507,1151.38720703125,124.7826919555664,0.9996064305305481,1183.2923583984375,120.2472152709961,0.9996809959411621,1100.0338134765625,100.48583984375,0.9985045194625854,1169.856689453125,82.04161071777344,0.7695829272270203,1176.9959716796875,79.70150756835938,0.9974518418312073,1084.0228271484375,149.7708740234375,0.9964649677276611,1141.9764404296875,168.4733428955078,0.9998055100440979,1176.3450927734375,153.5375518798828,0.9938358664512634
68,1082.086181640625,88.80052947998047,0.9979997277259827,1078.6539306640625,170.47039794921875,0.9993265867233276,1099.0245361328125,129.0001220703125,0.997346043586731,1122.2655029296875,128.87213134765625,0.9986487030982971,1150.4769287109375,124.78572845458984,0.9995416402816772,1180.2572021484375,120.5386962890625,0.9997685551643372,1099.209716796875,98.87409973144531,0.9989251494407654,1121.9306640625,86.00025939941406,0.992065966129303,1176.61962890625,79.70150756835938,0.9979522228240967,1077.32568359375,148.28106689453125,0.9966080188751221,1141.9759521484375,166.73678588867188,0.999728262424469,1165.4090576171875,153.44012451171875,0.9957991242408752
69,1083.69580078125,88.27335357666016,0.9982378482818604,1072.4093017578125,166.6546630859375,0.9969927072525024,1097.3944091796875,128.4825897216797,0.9980717897415161,1119.0234375,128.18882751464844,0.9983533620834351,1149.625732421875,126.01502990722656,0.9996383190155029,1177.9361572265625,120.60076141357422,0.9997667670249939,1098.8206787109375,98.80823516845703,0.99791020154953,1114.450439453125,86.00025939941406,0.9669880867004395,1175.984375,79.70150756835938,0.9983313679695129,1077.236328125,147.1501922607422,0.9970570802688599,1141.8890380859375,165.70350646972656,0.9994550347328186,1161.31298828125,153.44012451171875,0.9953867793083191
70,1084.738525390625,87.76921081542969,0.9943066239356995,1062.4742431640625,165.64146423339844,0.998875081539154,1094.4312744140625,128.167724609375,0.9992210865020752,1115.85888671875,128.15321350097656,0.998658299446106,1148.230712890625,127.10518646240234,0.9995412826538086,1175.4171142578125,120.6701889038086,0.9996954202651978,1097.4278564453125,94.80361938476562,0.9965387582778931,1107.7677001953125,86.52047729492188,0.9981935620307922,1175.5213623046875,79.90959930419922,0.9986695051193237,1076.583740234375,146.89370727539062,0.997190535068512,1141.8707275390625,165.70350646972656,0.9990376234054565,1160.0540771484375,153.44012451171875,0.995259702205658
71,1084.738525390625,87.76921081542969,0.9882422089576721,1060.958251953125,163.583984375,0.9995676875114441,1090.51708984375,127.20696258544922,0.9994670748710632,1113.770751953125,127.94905090332031,0.9991607666015625,1142.1435546875,127.10518646240234,0.9992967844009399,1171.9757080078125,121.69273376464844,0.9998788833618164,1097.0780029296875,94.80361938476562,0.9949021339416504,1107.73828125,86.39569854736328,0.999121367931366,1173.8057861328125,81.10556030273438,0.999134361743927,1075.5904541015625,145.66632080078125,0.9970711469650269,1141.423095703125,165.70350646972656,0.998451828956604,1156.6390380859375,154.67572021484375,0.9939536452293396
72,1084.738525390625,84.21998596191406,0.9930016398429871,1058.6435546875,159.3003692626953,0.9983677268028259,1087.532470703125,125.74626922607422,0.9993963241577148,1110.5294189453125,127.26824188232422,0.9996482133865356,1139.3306884765625,127.10518646240234,0.999692440032959,1168.923828125,123.02772521972656,0.9998875856399536,1096.7657470703125,94.80361938476562,0.9952713847160339,1107.2445068359375,86.39569854736328,0.9989017248153687,1172.110595703125,81.10556030273438,0.9992350339889526,1074.596923828125,144.98797607421875,0.9972739815711975,1140.8538818359375,165.70350646972656,0.997896671295166,1151.882568359375,155.9720001220703,0.9954778552055359
73,1082.7899169921875,83.9393310546875,0.9940574169158936,1049.392822265625,156.44842529296875,0.998306393623352,1086.5537109375,124.92333221435547,0.9994901418685913,1107.486328125,127.10633087158203,0.9996862411499023,1136.977783203125,126.9398422241211,0.9997662901878357,1166.39404296875,123.45609283447266,0.999723494052887,1096.100830078125,95.42129516601562,0.9956229329109192,1104.8367919921875,86.39569854736328,0.9988429546356201,1171.5274658203125,81.10556030273438,0.9990606904029846,1073.66748046875,144.98797607421875,0.9968992471694946,1140.8201904296875,164.66600036621094,0.9957072734832764,1150.78759765625,157.92230224609375,0.9954311847686768
74,1077.7030029296875,83.3263168334961,0.9967639446258545,1044.9378662109375,155.91172790527344,0.9992738366127014,1082.4615478515625,124.75043487548828,0.9990893602371216,1102.9761962890625,126.76162719726562,0.9990561604499817,1135.21826171875,126.93756103515625,0.9996172189712524,1164.291259765625,124.05120086669922,0.9995442032814026,1095.1771240234375,95.68450927734375,0.9967357516288757,1102.7210693359375,86.39569854736328,0.9992145299911499,1170.4647216796875,81.09506225585938,0.9986279010772705,1071.1749267578125,144.98797607421875,0.9923526644706726,1139.672119140625,163.86306762695312,0.9959554672241211,1150.283203125,158.8853759765625,0.9942412376403809
75,1072.217529296875,81.93294525146484,0.9984229803085327,1040.0821533203125,155.05397033691406,0.9991974234580994,1079.3963623046875,122.89864349365234,0.9997187256813049,1100.0306396484375,126.40658569335938,0.9986925721168518,1132.434326171875,126.77228546142578,0.9996645450592041,1162.053466796875,124.1613998413086,0.9993736147880554,1091.4140625,95.68450927734375,0.9958603978157043,1100.187255859375,85.45846557617188,0.99933260679245,1169.1136474609375,81.09506225585938,0.99795001745224,1068.3143310546875,145.04714965820312,0.9913252592086792,1137.141357421875,163.1549835205078,0.9940500259399414,1149.9693603515625,158.8853759765625,0.9968872666358948
76,1065.8009033203125,81.66324615478516,0.998755693435669,1035.22802734375,152.33465576171875,0.9993990659713745,1074.4373779296875,122.89864349365234,0.9996100068092346,1097.94091796875,126.23820495605469,0.9996117949485779,1130.345947265625,126.73950958251953,0.999496340751648,1159.3653564453125,124.1613998413086,0.9997546076774597,1086.0098876953125,95.42129516601562,0.9953092932701111,1096.91552734375,85.36282348632812,0.9991067051887512,1168.9488525390625,81.02919006347656,0.9979202151298523,1065.43701171875,145.38270568847656,0.9940131306648254,1126.8663330078125,159.05931091308594,0.995332658290863,1147.302490234375,158.8853759765625,0.9912757873535156
77,1060.557861328125,80.15856170654297,0.9999035596847534,1032.9017333984375,151.9513397216797,0.9994851350784302,1071.7064208984375,122.71517944335938,0.9996134638786316,1095.590087890625,125.71466064453125,0.9997538924217224,1125.7235107421875,126.16015625,0.9997913241386414,1156.04345703125,124.1613998413086,0.9998606443405151,1083.9613037109375,94.81928253173828,0.9918777942657471,1096.91552734375,85.36282348632812,0.9989381432533264,1168.7760009765625,80.90989685058594,0.9976698756217957,1064.5736083984375,145.38270568847656,0.9957994818687439,1121.161376953125,158.1391143798828,0.9967765212059021,1143.9970703125,156.35438537597656,0.9930799603462219
78,1052.8529052734375,80.15856170654297,0.9997507929801941,1030.902587890625,150.8294219970703,0.9995601773262024,1068.9276123046875,122.53889465332031,0.9995086193084717,1093.128173828125,125.30864715576172,0.9997618794441223,1124.0404052734375,125.27180480957031,0.99988853931427,1153.0072021484375,124.1316146850586,0.9998420476913452,1079.3341064453125,93.78408813476562,0.995461642742157,1096.91552734375,85.45846557617188,0.9991487264633179,1167.7757568359375,81.09506225585938,0.9975473284721375,1063.48193359375,145.06057739257812,0.9950395226478577,1121.125244140625,155.59280395507812,0.9980759620666504,1143.48388671875,156.35438537597656,0.9866645336151123
79,1050.7869873046875,79.04862976074219,0.9996614456176758,1028.517333984375,149.5822296142578,0.9997296929359436,1067.12451171875,121.64519500732422,0.9994131326675415,1089.62744140625,123.28377532958984,0.9995738863945007,1121.9080810546875,124.50330352783203,0.9998546838760376,1151.6446533203125,122.9329605102539,0.9996461868286133,1075.0938720703125,93.17021942138672,0.9986843466758728,1097.5811767578125,85.64718627929688,0.9984354376792908,1166.70849609375,81.19981384277344,0.9973951578140259,1063.48193359375,145.06057739257812,0.9922000765800476,1109.875,153.63375854492188,0.9953528642654419,1142.96923828125,156.35438537597656,0.9680681824684143
80,1050.7869873046875,78.44598388671875,0.9993119239807129,1026.718994140625,148.71287536621094,0.9997267127037048,1064.2791748046875,119.40460968017578,0.9994389414787292,1088.2164306640625,122.96846008300781,0.9993785619735718,1119.32958984375,124.19060516357422,0.9997057318687439,1149.104248046875,121.89996337890625,0.9995161294937134,1070.2408447265625,91.31394958496094,0.99811851978302,1099.9832763671875,86.09466552734375,0.9990035891532898,1163.0302734375,81.19981384277344,0.9981269240379333,1063.48193359375,144.63648986816406,0.9857276082038879,1104.4652099609375,153.63375854492188,0.9945430755615234,1142.96923828125,160.989013671875,0.9782705307006836
81,1050.66015625,78.44598388671875,0.9989066123962402,1026.0068359375,146.0751953125,0.9996378421783447,1063.69287109375,118.33200073242188,0.9996898174285889,1087.23876953125,121.68594360351562,0.9995248317718506,1119.0704345703125,123.98485565185547,0.999583899974823,1147.1793212890625,121.3873291015625,0.9993758797645569,1061.84326171875,89.74604797363281,0.9957587122917175,1102.4306640625,86.54196166992188,0.9990218877792358,1159.7589111328125,82.0704574584961,0.9977165460586548,1067.0587158203125,140.0990753173828,0.9837989807128906,1101.358154296875,153.63375854492188,0.9981299042701721,1143.48388671875,161.12620544433594,0.9782159924507141
82,1050.161376953125,78.44598388671875,0.9989131689071655,1024.1146240234375,143.9689483642578,0.9993045330047607,1061.7801513671875,116.2283706665039,0.9998655319213867,1085.58447265625,121.01785278320312,0.9996576309204102,1116.47900390625,123.34978485107422,0.9996380805969238,1145.4619140625,120.68643951416016,0.9994062185287476,1057.7613525390625,89.67266082763672,0.9966287016868591,1104.0972900390625,86.54196166992188,0.9992625117301941,1153.032470703125,83.39099884033203,0.9988977909088135,1067.474853515625,139.63465881347656,0.9811280965805054,1084.3494873046875,153.79185485839844,0.997718334197998,1144.49462890625,161.80697631835938,0.9930359721183777
83,1050.161376953125,78.27088165283203,0.9952971339225769,1020.593994140625,143.9689483642578,0.9987885355949402,1060.6719970703125,115.09065246582031,0.9998418092727661,1083.884521484375,118.94454956054688,0.9996830224990845,1112.96435546875,121.76163482666016,0.999624490737915,1143.5289306640625,120.67147064208984,0.9996527433395386,1054.332275390625,89.15486907958984,0.9919440746307373,1105.3770751953125,86.54196166992188,0.9996870756149292,1144.2535400390625,83.39099884033203,0.9988473653793335,1067.506591796875,138.5540771484375,0.9867096543312073,1078.6727294921875,153.8331298828125,0.9993730187416077,1144.6153564453125,161.88661193847656,0.996614396572113
84,1047.046142578125,78.27088165283203,0.9961712956428528,1016.8117065429688,143.72506713867188,0.9988290667533875,1058.28076171875,113.68092346191406,0.9996589422225952,1082.50732421875,118.84672546386719,0.9997274279594421,1110.902099609375,121.38131713867188,0.9996242523193359,1142.56787109375,120.52481079101562,0.9998557567596436,1052.5118408203125,88.65829467773438,0.9945631623268127,1106.2867431640625,85.93057250976562,0.9997995495796204,1141.0711669921875,83.39099884033203,0.9987218976020813,1067.506591796875,137.08706665039062,0.9849483370780945,1068.763916015625,157.36573791503906,0.9992892742156982,1144.79296875,162.6512908935547,0.99803227186203
85,1046.5120849609375,78.27088165283203,0.9972955584526062,1015.327392578125,143.33021545410156,0.9995532631874084,1054.8712158203125,113.644775390625,0.9991845488548279,1079.7686767578125,118.16321563720703,0.9998337030410767,1107.2462158203125,120.91484069824219,0.9997395873069763,1140.153076171875,120.35723876953125,0.999889612197876,1049.5914306640625,88.0073471069336,0.9963753819465637,1106.919189453125,84.61884307861328,0.999858021736145,1135.3017578125,81.39087677001953,0.9957245588302612,1067.506591796875,133.9804229736328,0.9847212433815002,1064.86279296875,159.3529052734375,0.9995717406272888,1144.79296875,162.6512908935547,0.9985415935516357
86,1046.5120849609375,77.255615234375,0.9973920583724976,1013.5292358398438,143.33021545410156,0.999729573726654,1054.0413818359375,112.77883911132812,0.9989376664161682,1077.098876953125,116.93038177490234,0.9998321533203125,1105.061279296875,120.8637924194336,0.9997088313102722,1137.482177734375,120.35723876953125,0.9998598098754883,1047.6866455078125,84.9096908569336,0.9974162578582764,1107.0191650390625,84.08930206298828,0.9998327493667603,1128.33837890625,80.20577239990234,0.9902172684669495,1066.620361328125,133.64503479003906,0.9866248369216919,1064.45947265625,159.3529052734375,0.999702513217926,1144.79296875,162.6512908935547,0.9981119632720947
87,1046.5120849609375,76.03821563720703,0.9975849390029907,1011.6280517578125,142.777587890625,0.9997933506965637,1052.5430908203125,111.9924545288086,0.9990335702896118,1074.18798828125,116.35131072998047,0.9996845722198486,1102.8704833984375,120.57244110107422,0.9998507499694824,1133.8367919921875,120.06668090820312,0.9997246861457825,1046.006103515625,83.461181640625,0.99870765209198,1107.0191650390625,83.32874298095703,0.9997594952583313,1126.6556396484375,78.78142547607422,0.9938143491744995,1065.953369140625,133.01821899414062,0.9869124889373779,1064.2633056640625,159.3529052734375,0.9997338652610779,1143.5404052734375,162.4918975830078,0.9952913522720337
88,1046.68212890625,74.87508392333984,0.9979445338249207,1009.397216796875,142.04542541503906,0.9997180104255676,1049.5638427734375,111.96395874023438,0.9992652535438538,1072.457763671875,115.30731964111328,0.9995660185813904,1100.4537353515625,120.4073486328125,0.9998785257339478,1131.0440673828125,120.06668090820312,0.9997299313545227,1044.64501953125,82.22563934326172,0.9991796612739563,1107.0191650390625,83.32874298095703,0.9996906518936157,1126.422607421875,78.78142547607422,0.9971978664398193,1064.819580078125,132.7273406982422,0.9876827597618103,1063.69580078125,159.1993408203125,0.9997908473014832,1141.30810546875,162.05706787109375,0.9923990368843079
89,1047.1533203125,74.33831024169922,0.9980220794677734,1007.975830078125,141.8350830078125,0.9996194839477539,1047.6805419921875,111.41893005371094,0.9996086955070496,1070.568359375,115.30731964111328,0.9995834231376648,1098.75244140625,120.17803955078125,0.9998844861984253,1130.2774658203125,120.06668090820312,0.9996706247329712,1044.2490234375,81.45340728759766,0.9992068409919739,1106.7501220703125,83.32874298095703,0.999599277973175,1125.3634033203125,78.78142547607422,0.9978221654891968,1063.8402099609375,132.58529663085938,0.9872177243232727,1062.907958984375,158.887939453125,0.9998053908348083,1140.6424560546875,160.33786010742188,0.9914828538894653
90,1047.291748046875,74.03782653808594,0.9979693293571472,1003.1165771484375,138.01657104492188,0.9991795420646667,1046.1197509765625,111.38286590576172,0.9996726512908936,1069.0120849609375,115.30731964111328,0.9994956254959106,1097.3648681640625,120.02645874023438,0.9998726844787598,1129.3758544921875,120.19242095947266,0.9997722506523132,1042.70263671875,81.26205444335938,0.9992892742156982,1106.157470703125,82.99497985839844,0.9995179176330566,1124.8465576171875,79.51481628417969,0.9984802603721619,1061.99365234375,132.58529663085938,0.989702582359314,1062.357421875,158.3258819580078,0.9998564720153809,1139.521484375,160.33786010742188,0.9928165674209595
91,1047.65234375,73.69658660888672,0.9982097148895264,1001.1554565429688,136.83840942382812,0.9995693564414978,1045.397705078125,110.33665466308594,0.9996657371520996,1068.473388671875,115.30731964111328,0.9992619156837463,1096.5328369140625,119.83231353759766,0.9998446702957153,1128.68603515625,120.19242095947266,0.9998760223388672,1041.5555419921875,81.26205444335938,0.9991983771324158,1105.6815185546875,82.99497985839844,0.9994311928749084,1123.7498779296875,79.96630859375,0.9988490343093872,1057.9041748046875,132.58529663085938,0.9806175827980042,1061.9078369140625,158.14334106445312,0.9998846054077148,1138.7237548828125,160.05154418945312,0.9892282485961914
92,1047.65234375,73.69658660888672,0.9980954527854919,1000.357666015625,134.3211669921875,0.9997054934501648,1044.849609375,109.84829711914062,0.9996856451034546,1068.31884765625,115.41302490234375,0.9988982677459717,1096.450927734375,119.83231353759766,0.9997662901878357,1127.088623046875,120.27334594726562,0.9998916387557983,1041.33740234375,81.26205444335938,0.9991076588630676,1105.6009521484375,83.40580749511719,0.9991599321365356,1122.1290283203125,80.15593719482422,0.998782217502594,1053.6864013671875,133.24221801757812,0.9786527156829834,1061.055419921875,157.11647033691406,0.9998314380645752,1136.8677978515625,160.05154418945312,0.9900016784667969
93,1047.580322265625,73.69658660888672,0.9978179931640625,1000.209716796875,134.3211669921875,0.9996103644371033,1043.802734375,109.84829711914062,0.9997034668922424,1067.578857421875,115.57077026367188,0.9987070560455322,1095.3885498046875,119.81491088867188,0.9998262524604797,1125.54296875,120.27334594726562,0.9998917579650879,1041.251220703125,81.46533203125,0.9989252686500549,1105.1883544921875,83.45374298095703,0.9982731342315674,1121.5440673828125,80.15593719482422,0.9990235567092896,1051.439697265625,133.5974884033203,0.9849829077720642,1061.055419921875,156.90243530273438,0.99977046251297,1134.413818359375,160.05154418945312,0.9960338473320007
94,1047.580322265625,75.06587219238281,0.9975663423538208,1000.1113891601562,134.3211669921875,0.9996060729026794,1042.7396240234375,109.84829711914062,0.9996286630630493,1066.573974609375,115.58863067626953,0.9989171028137207,1094.21728515625,119.8890151977539,0.9998200535774231,1124.228271484375,120.1297607421875,0.9998797178268433,1040.7880859375,82.6620101928711,0.9988402724266052,1100.9678955078125,83.45374298095703,0.9951360821723938,1121.408447265625,80.64405822753906,0.9992015957832336,1046.8115234375,136.59371948242188,0.9884860515594482,1061.055419921875,156.33392333984375,0.9997138381004333,1129.81396484375,158.36251831054688,0.998660683631897
95,1046.7362060546875,77.16224670410156,0.9970964193344116,999.8849487304688,134.79759216308594,0.9995545744895935,1042.14111328125,110.6825180053711,0.9994434714317322,1065.2884521484375,116.36264038085938,0.9989868998527527,1093.9842529296875,119.8890151977539,0.9998472929000854,1123.1793212890625,120.1297607421875,0.9998695850372314,1040.7880859375,84.74398803710938,0.997714638710022,1092.2431640625,83.45374298095703,0.9990033507347107,1121.408447265625,80.85987091064453,0.9988019466400146,1037.1632080078125,137.74156188964844,0.9958401918411255,1061.577880859375,156.30967712402344,0.9997441172599792,1127.1295166015625,158.34793090820312,0.9992002844810486
96,1045.4892578125,77.26824951171875,0.9969310164451599,999.5117797851562,135.53378295898438,0.9993966817855835,1041.0738525390625,111.536376953125,0.9991782307624817,1063.446533203125,117.1751480102539,0.9993537068367004,1093.0146484375,120.19503784179688,0.9998574256896973,1122.4217529296875,120.1297607421875,0.9998592138290405,1040.7880859375,85.73719787597656,0.9972119927406311,1087.4189453125,83.45374298095703,0.9985682964324951,1121.5440673828125,80.90412902832031,0.998637855052948,1032.6580810546875,137.74156188964844,0.9989338517189026,1062.313232421875,156.30967712402344,0.9997923970222473,1122.454833984375,158.21063232421875,0.9978698492050171
97,1043.4356689453125,78.56481170654297,0.9951232075691223,999.427734375,139.36660766601562,0.9995444416999817,1039.5274658203125,112.2682113647461,0.9986581802368164,1061.86328125,118.02127838134766,0.9996777772903442,1091.85546875,120.19503784179688,0.9998452663421631,1122.13427734375,120.1297607421875,0.9998551607131958,1041.75732421875,87.0940170288086,0.9970635771751404,1078.5142822265625,81.54985046386719,0.9992431402206421,1121.387451171875,80.90412902832031,0.9990023970603943,1029.7064208984375,137.74156188964844,0.9991313815116882,1062.907470703125,156.07125854492188,0.9998304843902588,1118.616943359375,158.06752014160156,0.9911292791366577
98,1042.4595947265625,78.56481170654297,0.9898955821990967,999.1507568359375,140.16363525390625,0.9992916584014893,1038.812744140625,112.2682113647461,0.9987479448318481,1060.8720703125,118.02127838134766,0.9995582699775696,1089.422119140625,120.19503784179688,0.9995973706245422,1120.7254638671875,120.1297607421875,0.999764621257782,1044.1998291015625,87.0940170288086,0.996528685092926,1071.7381591796875,81.3978271484375,0.9987068176269531,1121.3701171875,81.40055084228516,0.9989953637123108,1027.021728515625,136.51702880859375,0.9945206642150879,1063.053955078125,156.30967712402344,0.9997541308403015,1110.365478515625,154.8893585205078,0.9906055331230164
99,1042.4595947265625,78.56481170654297,0.9747909307479858,999.03173828125,140.34890747070312,0.999251663684845,1038.2313232421875,112.2682113647461,0.9985604882240295,1059.21533203125,118.02127838134766,0.9992321729660034,1088.1710205078125,120.04441833496094,0.9997227787971497,1118.371826171875,120.11730194091797,0.9997262358665466,1044.1998291015625,87.0940170288086,0.9954361319541931,1069.2557373046875,80.85867309570312,0.9939478635787964,1120.8660888671875,81.51849365234375,0.998917818069458,1026.5213623046875,134.92120361328125,0.9809951186180115,1063.4256591796875,156.40769958496094,0.9996185302734375,1098.857666015625,149.37864685058594,0.9887276887893677
100,1042.4595947265625,77.71028137207031,0.850019097328186,998.867431640625,140.34890747070312,0.9942238926887512,1036.365234375,111.07146453857422,0.9959716200828552,1057.4407958984375,116.77941131591797,0.9978101849555969,1086.7625732421875,120.04441833496094,0.9997333884239197,1116.4134521484375,120.10492706298828,0.9997966885566711,1044.1998291015625,86.75935363769531,0.9933779835700989,1059.5938720703125,80.32894134521484,0.9960514903068542,1119.536865234375,81.65314483642578,0.9987016916275024,1020.8549194335938,134.72344970703125,0.9247429966926575,1064.0992431640625,156.40769958496094,0.9983800649642944,1094.98486328125,148.5453643798828,0.9850142598152161
101,1041.9091796875,77.4708251953125,0.5315036773681641,998.6918334960938,140.34890747070312,0.99064701795578,1033.8485107421875,110.49052429199219,0.9926801919937134,1053.472900390625,115.45039367675781,0.9981639981269836,1084.7919921875,120.04441833496094,0.9997184872627258,1114.5504150390625,120.11730194091797,0.9997989535331726,1042.569091796875,86.70506286621094,0.9916087985038757,1056.599853515625,80.26424407958984,0.9947409629821777,1118.689453125,81.65314483642578,0.9984936714172363,1017.2056274414062,134.21749877929688,0.9626162648200989,1064.133544921875,156.07125854492188,0.9986963868141174,1091.9381103515625,147.5162353515625,0.9915615916252136
102,1039.653076171875,77.4708251953125,0.604215681552887,996.9625244140625,140.34890747070312,0.9893382787704468,1030.5072021484375,110.41893768310547,0.9968972206115723,1051.9052734375,115.45039367675781,0.9982272982597351,1083.96484375,120.0772476196289,0.9997110962867737,1113.4136962890625,119.92681884765625,0.9996782541275024,1041.4990234375,86.70506286621094,0.9829491376876831,1056.5225830078125,80.1050796508789,0.9951570630073547,1117.84033203125,81.65314483642578,0.9982603192329407,1016.537109375,133.9742431640625,0.9481551051139832,1064.2293701171875,155.8867645263672,0.9980934262275696,1089.340087890625,147.5162353515625,0.9897537231445312
103,1038.25439453125,77.4708251953125,0.7948243618011475,994.5132446289062,140.37557983398438,0.9948474168777466,1028.7581787109375,110.21306610107422,0.9990624785423279,1050.18115234375,115.45039367675781,0.9985466599464417,1082.010498046875,120.0772476196289,0.9996341466903687,1112.6495361328125,119.74273681640625,0.9997768998146057,1040.5738525390625,86.70506286621094,0.986943244934082,1056.4830322265625,79.48490142822266,0.9969294667243958,1117.1136474609375,81.05369567871094,0.9984075427055359,1016.0653686523438,133.2332000732422,0.9787479639053345,1064.35400390625,155.71412658691406,0.9990816116333008,1088.0323486328125,147.7473907470703,0.9888727068901062
104,1028.815185546875,77.48500061035156,0.6572027206420898,993.012451171875,141.92628479003906,0.9956183433532715,1025.9007568359375,110.09734344482422,0.9990774393081665,1048.4052734375,115.45878601074219,0.999125063419342,1080.093017578125,120.0772476196289,0.9996975660324097,1110.93359375,119.74105072021484,0.9998642206192017,1038.5372314453125,87.05377960205078,0.9904617667198181,1053.200927734375,78.83389282226562,0.9983204007148743,1117.1136474609375,81.05369567871094,0.9982757568359375,1015.049072265625,132.12625122070312,0.9883540868759155,1064.783203125,155.71412658691406,0.9994939565658569,1087.703125,147.7473907470703,0.9946639537811279
105,1025.3114013671875,78.1325454711914,0.714461088180542,989.8080444335938,144.36949157714844,0.9970982074737549,1023.4091796875,109.27669525146484,0.9981598258018494,1046.0667724609375,115.62097930908203,0.9992897510528564,1078.15966796875,119.5201416015625,0.9998015761375427,1108.34375,119.03277587890625,0.9998433589935303,1036.6707763671875,87.61019134521484,0.993802011013031,1051.2041015625,78.7137222290039,0.9991093277931213,1117.1136474609375,81.05369567871094,0.9979851245880127,1011.5018310546875,130.35910034179688,0.9947657585144043,1064.8077392578125,155.71412658691406,0.9996032118797302,1085.3280029296875,148.0786895751953,0.9966393709182739
106,1020.15283203125,78.48336029052734,0.9333849549293518,986.9747924804688,144.99868774414062,0.9986133575439453,1022.3483276367188,109.27669525146484,0.9986441731452942,1044.273681640625,115.62097930908203,0.9992129802703857,1075.4913330078125,118.30931091308594,0.9997205138206482,1103.8228759765625,117.85479736328125,0.999607503414154,1035.041748046875,88.15904235839844,0.9918273687362671,1049.550537109375,78.30926513671875,0.9991719722747803,1117.456787109375,81.55096435546875,0.9973443150520325,1009.4403076171875,128.4954376220703,0.9937410950660706,1064.8077392578125,155.1513214111328,0.9995301961898804,1083.0394287109375,148.0786895751953,0.9944853186607361
107,1006.57373046875,83.48957061767578,0.8328545093536377,983.651611328125,144.99868774414062,0.9992202520370483,1018.0958251953125,109.27669525146484,0.9985678195953369,1040.5289306640625,115.45878601074219,0.9987379908561707,1071.251953125,117.73967742919922,0.9998992681503296,1100.5640869140625,117.51313781738281,0.9998016953468323,1031.879150390625,89.12975311279297,0.9965575933456421,1048.3226318359375,78.30926513671875,0.9992244243621826,1118.6044921875,81.55268096923828,0.998241662979126,1004.8960571289062,128.24256896972656,0.9961971044540405,1064.35400390625,155.1513214111328,0.9993423819541931,1080.2105712890625,148.0786895751953,0.9957588315010071
108,998.9736328125,86.33619689941406,0.9069699645042419,979.9419555664062,144.99868774414062,0.9996528625488281,1014.69873046875,110.0162353515625,0.9991182684898376,1036.029052734375,115.91394805908203,0.9991501569747925,1068.1669921875,117.73033142089844,0.9999208450317383,1097.2591552734375,117.36000061035156,0.9997804760932922,1028.6702880859375,89.20051574707031,0.9978803396224976,1048.3226318359375,78.43673706054688,0.9996057152748108,1118.6044921875,81.5605697631836,0.9986284971237183,1004.8960571289062,127.61434936523438,0.9964157342910767,1062.90771484375,154.1812286376953,0.9987401366233826,1078.5101318359375,147.78065490722656,0.9972719550132751
109,998.674560546875,86.3915023803711,0.9988982677459717,976.7071533203125,144.99868774414062,0.9994520545005798,1011.9326171875,110.10028076171875,0.9997830986976624,1032.8355712890625,116.220458984375,0.9994006156921387,1065.322998046875,117.56713104248047,0.9998646974563599,1096.562255859375,117.04988098144531,0.9998983144760132,1025.8994140625,90.02108001708984,0.9974523186683655,1048.3226318359375,78.7137222290039,0.9995988011360168,1118.6044921875,81.5605697631836,0.9985696077346802,1004.7109375,127.61434936523438,0.9966737031936646,1059.7037353515625,152.63421630859375,0.998015284538269,1076.66015625,147.7516326904297,0.9985213875770569
110,991.5035400390625,87.55780792236328,0.9981375932693481,972.8306884765625,144.99868774414062,0.9989364743232727,1010.079345703125,111.27135467529297,0.9996546506881714,1031.902099609375,116.220458984375,0.999643087387085,1063.0517578125,116.71155548095703,0.9999074935913086,1093.6568603515625,116.3166732788086,0.9998853206634521,1023.5135498046875,90.02108001708984,0.9968898892402649,1048.3226318359375,79.32640075683594,0.9995608925819397,1117.7591552734375,81.5605697631836,0.9977682828903198,1004.7109375,127.61434936523438,0.9980925917625427,1059.69140625,152.1116485595703,0.9958513975143433,1075.65087890625,147.7516326904297,0.9987096786499023
111,987.8555908203125,87.55780792236328,0.9984760880470276,970.315673828125,146.1894073486328,0.9994280934333801,1008.2678833007812,112.60187530517578,0.9993444085121155,1030.1749267578125,116.4170913696289,0.9997783303260803,1061.1011962890625,116.71155548095703,0.999894380569458,1091.531982421875,115.7199935913086,0.9998032450675964,1018.066650390625,92.00968933105469,0.9948321580886841,1048.3226318359375,79.36406707763672,0.999472439289093,1114.454345703125,81.38883209228516,0.9974168539047241,1004.7109375,128.3434295654297,0.9945281147956848,1047.9677734375,148.13043212890625,0.9989338517189026,1075.65087890625,147.7516326904297,0.9965423941612244
112,982.9260864257812,87.55780792236328,0.9985478520393372,968.8419799804688,147.9724884033203,0.9995325803756714,1004.9722900390625,112.93846893310547,0.9995641112327576,1028.1634521484375,116.80301666259766,0.9998117089271545,1059.37939453125,116.71155548095703,0.9998741149902344,1089.7481689453125,115.7199935913086,0.9995712637901306,1008.9176635742188,92.64945983886719,0.9934017062187195,1048.005859375,79.91597747802734,0.9995495676994324,1112.749267578125,81.2227554321289,0.9975614547729492,1004.7109375,128.4916534423828,0.9817579388618469,1042.1741943359375,148.13043212890625,0.9994966983795166,1075.65087890625,148.28363037109375,0.9953922033309937
113,979.2703857421875,87.03311920166016,0.9994314312934875,966.7657470703125,150.26219177246094,0.9994495511054993,1002.8698120117188,113.0369873046875,0.9994896650314331,1025.7353515625,117.00096130371094,0.9997738003730774,1056.904052734375,116.71602630615234,0.9997734427452087,1087.5655517578125,115.7199935913086,0.9996862411499023,1002.14599609375,93.60083770751953,0.9799062609672546,1048.005859375,80.39328002929688,0.999553382396698,1110.5670166015625,80.87059020996094,0.9982983469963074,1004.7109375,128.80020141601562,0.9729260206222534,1038.65869140625,152.1116485595703,0.9997642636299133,1075.7969970703125,149.55734252929688,0.9958791732788086
114,976.4661254882812,84.73219299316406,0.9994822144508362,963.0819702148438,151.92861938476562,0.9995361566543579,999.6349487304688,114.17877960205078,0.9995759129524231,1023.1090698242188,117.5101089477539,0.9997298121452332,1054.544677734375,117.50889587402344,0.9998831748962402,1085.57470703125,116.17356872558594,0.9998183846473694,993.639892578125,94.0522232055664,0.98898845911026,1048.005859375,80.39328002929688,0.9996509552001953,1099.34423828125,80.74298858642578,0.9971473813056946,1005.1502075195312,129.08900451660156,0.9751054644584656,1023.6762084960938,156.96205139160156,0.99604731798172,1079.371337890625,154.0309600830078,0.9985320568084717
115,974.6595458984375,84.73219299316406,0.9997610449790955,960.636474609375,152.68284606933594,0.999460756778717,996.072021484375,114.46332550048828,0.999758780002594,1020.1848754882812,117.70899200439453,0.9996827840805054,1051.5526123046875,117.5984115600586,0.9998995065689087,1082.5325927734375,116.30875396728516,0.9998062252998352,986.7174682617188,94.64004516601562,0.9939405918121338,1048.8326416015625,80.39328002929688,0.9996585845947266,1081.3775634765625,80.54102325439453,0.9964683055877686,1005.1502075195312,129.08900451660156,0.9916961789131165,1016.8258056640625,160.03201293945312,0.9985941052436829,1079.9559326171875,154.99285888671875,0.9990390539169312
116,970.4757690429688,84.73219299316406,0.9996776580810547,956.796142578125,152.7259521484375,0.9991106390953064,992.2639770507812,115.31022644042969,0.9996144771575928,1019.0216064453125,118.26206970214844,0.9997441172599792,1049.2659912109375,117.60001373291016,0.9998667240142822,1082.431396484375,116.8416748046875,0.9998034834861755,980.9022827148438,94.79430389404297,0.9939385652542114,1049.2923583984375,80.32955932617188,0.9997126460075378,1078.407958984375,80.41680145263672,0.9972033500671387,1005.1502075195312,129.08900451660156,0.9931962490081787,1008.3706665039062,164.06597900390625,0.9996292591094971,1079.9559326171875,155.32142639160156,0.9993714690208435
117,967.205078125,84.26658630371094,0.9993128776550293,955.06201171875,152.98419189453125,0.9993066787719727,989.86865234375,116.52447509765625,0.9989770650863647,1016.6171875,118.5083236694336,0.9997608065605164,1046.7515869140625,117.95741271972656,0.9999175071716309,1079.5592041015625,117.10232543945312,0.999904990196228,976.020263671875,94.79430389404297,0.9940444827079773,1049.2923583984375,80.32955932617188,0.9997257590293884,1070.949951171875,80.41680145263672,0.9895259141921997,1003.9049072265625,129.08900451660156,0.9929502010345459,1004.8311157226562,165.07998657226562,0.9997231364250183,1079.9559326171875,155.32142639160156,0.9995664954185486
118,964.2255859375,84.26658630371094,0.9993283748626709,952.623291015625,153.1727294921875,0.9992208480834961,988.6763305664062,116.83228302001953,0.9990007281303406,1013.7868041992188,118.7470703125,0.9998000264167786,1043.86328125,118.35900115966797,0.9998728036880493,1076.3397216796875,117.24374389648438,0.9999415874481201,972.6962280273438,94.64004516601562,0.9943747520446777,1049.2923583984375,80.32955932617188,0.9997568726539612,1068.498779296875,80.41680145263672,0.995762825012207,1003.6864624023438,129.07093811035156,0.994425892829895,1003.1678466796875,165.5688018798828,0.9996914863586426,1079.190185546875,155.32142639160156,0.999640703201294
119,961.5930786132812,84.1669692993164,0.9990543723106384,952.259033203125,155.75877380371094,0.9995823502540588,986.5933837890625,116.83228302001953,0.9990087747573853,1010.2496948242188,118.91194152832031,0.9996680021286011,1040.43310546875,118.92398071289062,0.9998633861541748,1073.1689453125,117.24374389648438,0.9997915625572205,968.1710815429688,93.85287475585938,0.9941596984863281,1047.8779296875,80.32955932617188,0.9997876286506653,1059.7452392578125,81.36343383789062,0.9668012857437134,1002.4251098632812,129.07093811035156,0.9960970282554626,1000.1847534179688,166.7001953125,0.9998500347137451,1077.91552734375,154.83956909179688,0.9996976852416992
120,959.9349365234375,81.92920684814453,0.9991984963417053,950.4859619140625,157.0833740234375,0.9996823072433472,984.170166015625,116.98731994628906,0.9994757771492004,1007.00537109375,119.3894271850586,0.9992759823799133,1037.9530029296875,119.11370849609375,0.9999052286148071,1068.6217041015625,117.71369171142578,0.999808132648468,965.64990234375,92.95167541503906,0.9947590231895447,1047.8779296875,80.39103698730469,0.9996899366378784,1058.95556640625,81.36343383789062,0.989281415939331,1001.7369384765625,129.07093811035156,0.9949514865875244,998.81494140625,166.7001953125,0.9999344348907471,1077.3577880859375,154.3534393310547,0.9996417760848999
121,957.618896484375,81.84953308105469,0.9993956089019775,950.238037109375,158.74151611328125,0.9997126460075378,981.0183715820312,117.06183624267578,0.999724805355072,1004.5199584960938,119.53870391845703,0.999030351638794,1035.6124267578125,119.71711730957031,0.9998701810836792,1065.890625,117.88697814941406,0.9997586607933044,964.8880004882812,92.95167541503906,0.9956602454185486,1047.6419677734375,80.39103698730469,0.9994589686393738,1057.146728515625,81.36343383789062,0.993655800819397,999.487548828125,129.5828857421875,0.9935232400894165,998.2923583984375,166.7001953125,0.9999490976333618,1076.9520263671875,154.3534393310547,0.999591052532196
122,954.32666015625,81.84300994873047,0.9994437098503113,950.238037109375,160.73049926757812,0.9997568726539612,978.2603149414062,117.40106964111328,0.9997462630271912,1003.0979614257812,119.55736541748047,0.9993515610694885,1032.46923828125,120.6234359741211,0.9996724128723145,1064.8175048828125,118.1912612915039,0.9998751878738403,964.67138671875,92.46244812011719,0.9966264963150024,1047.6419677734375,80.39315795898438,0.9990178346633911,1055.25439453125,80.79380798339844,0.9941019415855408,998.5039672851562,130.7213897705078,0.9909374713897705,997.795654296875,165.27377319335938,0.9999499320983887,1076.9520263671875,154.3534393310547,0.9995378255844116
123,947.8992919921875,81.7647476196289,0.9993763566017151,950.238037109375,163.38356018066406,0.9998315572738647,975.6902465820312,117.9880599975586,0.9994112253189087,1000.17333984375,119.71576690673828,0.9993939399719238,1029.7296142578125,120.98770904541016,0.9997884631156921,1061.986328125,118.5002670288086,0.9999046325683594,960.702880859375,92.46244812011719,0.9987473487854004,1047.2032470703125,80.39315795898438,0.9976473450660706,1053.283203125,80.79380798339844,0.9965280890464783,998.134033203125,131.5508575439453,0.992297351360321,997.2664794921875,165.0519561767578,0.9999362230300903,1076.752685546875,154.41896057128906,0.9995230436325073
124,942.7616577148438,81.7647476196289,0.999601423740387,952.0733032226562,167.1151580810547,0.9996751546859741,973.2713012695312,118.49895477294922,0.9992220401763916,996.9640502929688,120.73406982421875,0.9993036985397339,1025.7447509765625,121.1047592163086,0.9997374415397644,1058.7176513671875,118.75763702392578,0.9998797178268433,960.4617309570312,92.46244812011719,0.9985283613204956,1045.0731201171875,81.52897644042969,0.994767427444458,1051.279296875,80.79380798339844,0.9985163807868958,997.1553955078125,132.79441833496094,0.9937664270401001,997.2440795898438,165.0519561767578,0.9999064207077026,1076.752685546875,154.41896057128906,0.9993789196014404
125,941.275634765625,81.84953308105469,0.9996707439422607,952.3311157226562,168.2830810546875,0.9996809959411621,972.03466796875,119.2586441040039,0.9992467164993286,994.8685302734375,121.17464447021484,0.9988042116165161,1023.8509521484375,121.27098083496094,0.9997115731239319,1056.353271484375,118.8116226196289,0.999728262424469,960.4617309570312,92.3941879272461,0.9986203908920288,1042.51953125,81.7521743774414,0.994469404220581,1049.408447265625,80.98078918457031,0.9988811612129211,995.430419921875,136.0262908935547,0.9911617040634155,996.7225952148438,164.58180236816406,0.9999133348464966,1076.625244140625,154.41896057128906,0.9992653727531433
126,939.1767578125,83.31121063232422,0.9995812773704529,953.2676391601562,168.352783203125,0.9994988441467285,971.3206176757812,119.26181030273438,0.9990822076797485,993.1698608398438,121.36801147460938,0.9985730648040771,1023.5889892578125,121.92705535888672,0.9996505975723267,1054.1201171875,119.09930419921875,0.9997259974479675,960.4617309570312,91.94572448730469,0.9989544153213501,1039.099609375,81.89325714111328,0.9967965483665466,1046.926513671875,81.09016418457031,0.9993035793304443,993.4623413085938,137.7210235595703,0.9912653565406799,996.7225952148438,164.58180236816406,0.9998763799667358,1076.547119140625,154.10108947753906,0.9991218447685242
127,938.3626708984375,83.86136627197266,0.9996401071548462,955.898681640625,169.41090393066406,0.9993261098861694,969.880615234375,119.30677795410156,0.9991777539253235,991.6900024414062,121.555908203125,0.9989470839500427,1022.4672241210938,121.95692443847656,0.999691367149353,1053.0177001953125,118.87493133544922,0.9997554421424866,960.7528076171875,91.66456604003906,0.9990655779838562,1037.7164306640625,81.9627914428711,0.9975219368934631,1046.5325927734375,81.39204406738281,0.9994402527809143,987.905517578125,137.75387573242188,0.9705789685249329,996.7225952148438,164.76219177246094,0.999792754650116,1076.338623046875,154.07537841796875,0.9991517066955566
128,938.212890625,83.92731475830078,0.9996544122695923,955.898681640625,169.4403076171875,0.9990562796592712,969.3082275390625,119.36509704589844,0.9995049238204956,991.05615234375,121.56697082519531,0.9992033839225769,1021.3701171875,121.95692443847656,0.9996795654296875,1051.87353515625,118.8116226196289,0.9997580647468567,960.7528076171875,91.66456604003906,0.9989510774612427,1037.22119140625,82.14532470703125,0.9939162135124207,1045.7735595703125,81.39204406738281,0.9994018077850342,974.7321166992188,138.53720092773438,0.9658008217811584,996.9769287109375,164.42771911621094,0.9997400641441345,1075.91259765625,153.14083862304688,0.9991656541824341
129,938.0521850585938,83.97653198242188,0.9996774196624756,955.898681640625,170.3970184326172,0.9992573857307434,968.3408813476562,119.43550109863281,0.9996092915534973,990.3999633789062,121.56697082519531,0.9990947246551514,1020.9161987304688,121.93144989013672,0.9996616840362549,1050.7373046875,118.8116226196289,0.9997649788856506,961.101318359375,91.66456604003906,0.998700737953186,1034.985595703125,82.86488342285156,0.9491117000579834,1045.7735595703125,81.39204406738281,0.9991815686225891,970.748046875,140.5437774658203,0.9612767100334167,997.464599609375,164.3372039794922,0.9998294115066528,1071.454833984375,152.95147705078125,0.9983891248703003
130,937.2672729492188,83.97653198242188,0.9997991919517517,951.3155517578125,170.3970184326172,0.999672532081604,967.3912353515625,119.6369857788086,0.9996278285980225,989.7696533203125,121.9096908569336,0.9988349080085754,1020.5210571289062,121.93144989013672,0.9997268319129944,1050.299560546875,118.2156753540039,0.9997000694274902,961.101318359375,91.72441101074219,0.9986423850059509,1015.0052490234375,82.86488342285156,0.9896820187568665,1045.6781005859375,80.67121124267578,0.9987972974777222,965.7491455078125,141.32315063476562,0.9770359396934509,997.5928955078125,164.3372039794922,0.9999277591705322,1064.4598388671875,151.53282165527344,0.9985425472259521
131,936.6299438476562,84.21385192871094,0.9998304843902588,948.5769653320312,169.41090393066406,0.9997957348823547,967.0001220703125,119.6369857788086,0.9996888637542725,988.6807250976562,121.9096908569336,0.9991564750671387,1020.3430786132812,121.53694152832031,0.9997937083244324,1048.9803466796875,118.2156753540039,0.999733030796051,961.2437744140625,91.91011047363281,0.9989845156669617,1009.2291259765625,82.86488342285156,0.9993316531181335,1045.6781005859375,80.49263000488281,0.9988206028938293,959.3798217773438,141.337158203125,0.9891633987426758,997.5928955078125,162.8898468017578,0.9999414682388306,1058.336669921875,151.53282165527344,0.9985215067863464
132,935.5482177734375,84.33147430419922,0.9998384714126587,943.5567016601562,168.4662322998047,0.999291181564331,965.8960571289062,119.6369857788086,0.9997281432151794,986.6514282226562,122.07910919189453,0.9992696642875671,1019.0685424804688,121.53694152832031,0.999755322933197,1048.84228515625,118.2156753540039,0.9997736811637878,962.5897216796875,92.03813171386719,0.9992011189460754,1005.4462890625,83.45010375976562,0.9990252256393433,1046.038818359375,80.43661499023438,0.9986770749092102,955.0398559570312,141.337158203125,0.99432772397995,997.464599609375,161.50660705566406,0.999915361404419,1048.025146484375,152.2036895751953,0.9974284768104553
133,934.6514282226562,84.48352813720703,0.9998459815979004,938.7080078125,167.30160522460938,0.9992434978485107,964.495361328125,119.32628631591797,0.9997534155845642,986.3043212890625,122.07910919189453,0.9993197917938232,1017.1370849609375,121.53694152832031,0.9995360374450684,1048.359619140625,118.498779296875,0.9998464584350586,962.873291015625,92.21233367919922,0.9992029070854187,1004.9412231445312,83.45010375976562,0.9990240335464478,1046.778076171875,80.43661499023438,0.9989989399909973,946.5846557617188,141.32315063476562,0.9959408044815063,997.0491943359375,160.8315887451172,0.9998842477798462,1045.0439453125,152.2036895751953,0.9988453388214111
134,933.6708984375,84.75936126708984,0.9998449087142944,934.9641723632812,163.39454650878906,0.9994670748710632,962.4710693359375,119.13368225097656,0.9994125366210938,984.552001953125,122.07910919189453,0.999254047870636,1016.2179565429688,121.8775405883789,0.9993591904640198,1047.9271240234375,118.61746215820312,0.9998832941055298,964.7191772460938,92.46315002441406,0.999283492565155,993.6075439453125,84.55752563476562,0.9938989877700806,1046.778076171875,80.49263000488281,0.9991939663887024,942.3009643554688,140.91908264160156,0.9943331480026245,996.8232421875,160.3422393798828,0.999833345413208,1037.7412109375,151.26211547851562,0.9943912625312805
135,931.9007568359375,85.48741912841797,0.9997630715370178,932.2581787109375,161.2397003173828,0.9996891021728516,960.6510009765625,118.64954376220703,0.9989936947822571,982.78564453125,122.68195343017578,0.9994169473648071,1014.9842529296875,121.9377212524414,0.9996514320373535,1046.2215576171875,118.64539337158203,0.9999076128005981,965.036376953125,92.46315002441406,0.9993089437484741,982.8836669921875,84.55752563476562,0.988591730594635,1046.778076171875,80.86663818359375,0.9992157220840454,939.6043090820312,140.5595245361328,0.9941504597663879,996.404296875,160.32687377929688,0.9998335838317871,1031.4964599609375,149.49476623535156,0.9874136447906494
136,929.095947265625,85.57039642333984,0.9992438554763794,928.2080688476562,160.345703125,0.9993929862976074,960.1176147460938,117.85388946533203,0.9980575442314148,980.8283081054688,122.68195343017578,0.9993754029273987,1013.3859252929688,121.9377212524414,0.9996906518936157,1043.9215087890625,119.1115951538086,0.999900221824646,965.036376953125,92.46315002441406,0.9993414282798767,975.4763793945312,84.55752563476562,0.9875447750091553,1045.4593505859375,81.53399658203125,0.9993113279342651,936.1174926757812,140.2274169921875,0.9944210648536682,996.16845703125,160.28445434570312,0.9996745586395264,1025.694091796875,147.9339599609375,0.994631290435791
137,926.5619506835938,85.6871109008789,0.9988973140716553,926.156982421875,160.11558532714844,0.999108612537384,958.1761474609375,117.80299377441406,0.9984332919120789,978.7451171875,122.68195343017578,0.9991775155067444,1011.180419921875,121.9377212524414,0.9996770620346069,1040.842041015625,119.60005950927734,0.9997547268867493,965.036376953125,92.50867462158203,0.9989407658576965,970.2244873046875,84.71240997314453,0.9932094216346741,1044.349609375,82.39849090576172,0.999269425868988,931.095947265625,140.2274169921875,0.9956386685371399,996.16845703125,158.98898315429688,0.9996194839477539,1018.1629028320312,147.9339599609375,0.9958899617195129
138,924.3045654296875,85.82396697998047,0.9989628791809082,922.6744384765625,157.02381896972656,0.9990270137786865,955.6759033203125,117.36383056640625,0.998668909072876,976.2592163085938,122.03947448730469,0.9990843534469604,1008.9048461914062,122.08744812011719,0.9994418025016785,1037.4267578125,119.96192932128906,0.9997057318687439,963.5585327148438,92.19274139404297,0.998246431350708,968.8035278320312,84.71240997314453,0.995114803314209,1043.117919921875,82.47716522216797,0.9992051720619202,931.095947265625,140.2274169921875,0.9956256151199341,996.16845703125,158.61277770996094,0.9996300935745239,1016.2785034179688,147.9339599609375,0.9944857954978943
139,922.509033203125,85.82396697998047,0.9985590577125549,919.9920043945312,156.10198974609375,0.9993935823440552,953.361083984375,117.17327880859375,0.9985080361366272,974.0494384765625,121.938232421875,0.9990522265434265,1007.5868530273438,122.06201934814453,0.9994290471076965,1035.480712890625,119.96192932128906,0.9997915625572205,962.4498901367188,92.17633056640625,0.9976536631584167,968.4295654296875,84.71240997314453,0.9945918917655945,1042.598388671875,82.47716522216797,0.9988892674446106,931.095947265625,140.2274169921875,0.9934091567993164,996.152099609375,158.0792999267578,0.9995617270469666,1015.44287109375,148.35203552246094,0.9927329421043396
140,920.0972290039062,85.82396697998047,0.9988825917243958,918.004638671875,155.207763671875,0.9995598196983337,952.7396850585938,117.08072662353516,0.9992315769195557,971.9743041992188,121.67989349365234,0.9993222951889038,1005.021240234375,122.06201934814453,0.9995414018630981,1033.995849609375,119.96192932128906,0.9997581839561462,961.0086059570312,92.11295318603516,0.9961621761322021,968.30810546875,84.91824340820312,0.9957210421562195,1042.598388671875,82.47716522216797,0.9986618757247925,931.2042846679688,139.45343017578125,0.9911414384841919,996.152099609375,158.03292846679688,0.9995386600494385,1015.3308715820312,148.81907653808594,0.9953048229217529
141,913.2203979492188,85.82396697998047,0.9996066689491272,913.560302734375,155.0959930419922,0.9996247291564941,947.8847045898438,117.02127838134766,0.9995741248130798,969.0300903320312,121.64433288574219,0.999321460723877,1001.853759765625,122.06201934814453,0.9995043277740479,1033.3095703125,119.4756088256836,0.9997996687889099,959.4031372070312,92.17633056640625,0.9922541379928589,968.1134033203125,85.50831604003906,0.9979768395423889,1042.598388671875,81.76704406738281,0.9987866282463074,932.552490234375,139.45343017578125,0.9892175197601318,996.152099609375,156.8798065185547,0.9993909597396851,1012.7931518554688,148.93673706054688,0.9979233741760254
142,910.3015747070312,83.99500274658203,0.9995388984680176,907.8801879882812,154.50648498535156,0.9993484616279602,944.5585327148438,117.02127838134766,0.9990398287773132,965.5648193359375,121.64433288574219,0.9996647834777832,1000.1137084960938,121.31365966796875,0.9997877478599548,1029.9556884765625,119.11243438720703,0.9998061060905457,956.1971435546875,92.133544921875,0.9912851452827454,967.6004028320312,85.50831604003906,0.9987377524375916,1042.598388671875,81.6136703491211,0.9989961981773376,932.552490234375,139.45343017578125,0.9891788959503174,995.4965209960938,156.6034393310547,0.9985311031341553,1011.2012329101562,149.39010620117188,0.9976071119308472
143,906.9585571289062,83.92343139648438,0.9996126294136047,903.62548828125,153.02810668945312,0.9996738433837891,941.5133666992188,117.02127838134766,0.9994701743125916,963.1232299804688,121.27952575683594,0.9995637536048889,996.9910888671875,121.01698303222656,0.9998175501823425,1026.50390625,118.57015228271484,0.9996746778488159,951.861572265625,92.133544921875,0.9913771152496338,967.6004028320312,85.50831604003906,0.9991331696510315,1042.598388671875,81.6136703491211,0.9986503720283508,932.552490234375,140.03579711914062,0.989464282989502,993.3677978515625,156.533203125,0.9952549934387207,1010.9317626953125,149.6832733154297,0.997786283493042
144,905.2753295898438,83.4031982421875,0.9995806813240051,901.2835083007812,152.29042053222656,0.9997240900993347,938.598876953125,117.59402465820312,0.9994586110115051,960.73193359375,121.27952575683594,0.9992519021034241,994.4373779296875,121.01698303222656,0.999578058719635,1022.4396362304688,118.57015228271484,0.9996964931488037,950.7909545898438,92.51103210449219,0.9978418350219727,967.697509765625,85.92642974853516,0.9992959499359131,1042.1529541015625,81.76704406738281,0.9980694651603699,931.0027465820312,140.5041046142578,0.9898916482925415,990.0936279296875,156.533203125,0.9981429576873779,1010.9317626953125,149.9512939453125,0.9966262578964233
145,905.0159912109375,83.04063415527344,0.9998464584350586,898.9793090820312,153.02810668945312,0.9998165965080261,936.248291015625,118.17219543457031,0.9996812343597412,958.264892578125,121.2437515258789,0.99949049949646,991.8649291992188,121.10565948486328,0.9997542500495911,1020.017333984375,118.57015228271484,0.999702513217926,947.0978393554688,92.63685607910156,0.9985013008117676,967.697509765625,85.95285034179688,0.9994837045669556,1035.830810546875,82.08489227294922,0.9956691265106201,931.0027465820312,140.9713134765625,0.9956555366516113,983.38134765625,153.2786865234375,0.9992840886116028,1010.9317626953125,150.20706176757812,0.9961124062538147
146,904.8695068359375,81.80318450927734,0.9998941421508789,897.3400268554688,153.02810668945312,0.999765932559967,933.0482177734375,118.20803833007812,0.9999005794525146,955.4006958007812,121.2437515258789,0.9996658563613892,989.4295654296875,121.10565948486328,0.9998856782913208,1018.12255859375,118.83250427246094,0.9997316002845764,934.7420654296875,93.85693359375,0.9975806474685669,968.8267211914062,85.74703979492188,0.9991512298583984,1034.320556640625,82.51396179199219,0.9963668584823608,931.0027465820312,140.9713134765625,0.9973405003547668,981.4345092773438,153.2786865234375,0.9992769360542297,1013.6847534179688,153.55674743652344,0.9978060126304626
147,904.8695068359375,80.59661102294922,0.9998743534088135,896.7750854492188,152.7681884765625,0.9996656179428101,930.0567016601562,118.5693130493164,0.9998775720596313,953.6326293945312,121.2437515258789,0.9998550415039062,986.7421264648438,120.85452270507812,0.9998544454574585,1017.5519409179688,120.16625213623047,0.9998414516448975,926.47119140625,93.93309783935547,0.9959420561790466,969.6069946289062,86.0263442993164,0.999198853969574,1033.0615234375,83.32679748535156,0.9977802634239197,931.755859375,140.9713134765625,0.9981858134269714,976.0482788085938,153.42251586914062,0.9987444877624512,1015.2460327148438,154.6190948486328,0.9976008534431458
148,904.8108520507812,79.42036437988281,0.9998125433921814,894.8715209960938,152.7681884765625,0.9997114539146423,927.29736328125,119.06462097167969,0.999733030796051,951.4632568359375,121.58482360839844,0.9998646974563599,985.93017578125,121.10565948486328,0.999727189540863,1016.5169067382812,120.21005249023438,0.9998776912689209,919.3949584960938,94.06910705566406,0.9952600598335266,969.6069946289062,86.15060424804688,0.9995852112770081,1032.539306640625,83.84492492675781,0.9988046884536743,932.7651977539062,140.69078063964844,0.9978439807891846,965.3784790039062,160.56967163085938,0.9992864727973938,1016.1698608398438,155.33619689941406,0.9984140396118164
149,904.8108520507812,79.28202056884766,0.9996722936630249,888.7587280273438,152.7681884765625,0.9996756315231323,925.012939453125,119.39665222167969,0.9993071556091309,950.371337890625,121.71768951416016,0.999762237071991,983.2907104492188,121.53732299804688,0.999774158000946,1012.3073120117188,120.2551498413086,0.9998912811279297,914.1289672851562,93.93309783935547,0.9964019060134888,969.8145141601562,86.22315979003906,0.999627947807312,1025.9815673828125,84.0447998046875,0.9994856119155884,934.412353515625,140.42420959472656,0.9924128651618958,956.9754638671875,165.90443420410156,0.9991152882575989,1016.7061767578125,156.49436950683594,0.9985471367835999
150,904.2577514648438,79.25743103027344,0.99936443567276,885.9149169921875,151.81443786621094,0.9997474551200867,922.6051025390625,119.37879943847656,0.9991745352745056,947.103271484375,121.89927673339844,0.9996007084846497,978.1307983398438,122.53514099121094,0.9998182654380798,1009.7965087890625,120.60466003417969,0.9998422861099243,909.8202514648438,93.93309783935547,0.9947500824928284,970.3975219726562,86.15060424804688,0.9995701909065247,1019.5776977539062,84.0447998046875,0.9993075132369995,935.2874145507812,140.08290100097656,0.995317816734314,944.3598022460938,166.21800231933594,0.9983640313148499,1016.7061767578125,157.0476837158203,0.9991024732589722
151,901.7814331054688,76.67356872558594,0.9994567036628723,882.0857543945312,151.81443786621094,0.9999018907546997,919.4202270507812,119.06462097167969,0.9994933605194092,943.7568359375,121.89927673339844,0.9988242983818054,976.1163330078125,122.57229614257812,0.9996875524520874,1008.2647705078125,120.60466003417969,0.9997730851173401,907.5546875,93.42050170898438,0.9966377019882202,970.99169921875,86.15060424804688,0.9997250437736511,1011.5664672851562,84.0447998046875,0.9995253086090088,935.2874145507812,139.93527221679688,0.9934414625167847,936.4319458007812,168.88832092285156,0.9997274279594421,1016.7061767578125,157.0476837158203,0.9995285272598267
152,900.3045043945312,75.1668930053711,0.9996287822723389,879.7940063476562,151.81443786621094,0.9998132586479187,916.5408325195312,119.06462097167969,0.9996788501739502,940.1197509765625,121.89927673339844,0.9990192651748657,972.92822265625,122.57229614257812,0.9997318387031555,1003.633056640625,120.60466003417969,0.9997063279151917,904.8723754882812,91.6933364868164,0.9934864044189453,970.99169921875,86.42504119873047,0.9998156428337097,1003.7706298828125,83.76109313964844,0.9984169006347656,935.2874145507812,138.98486328125,0.9963828325271606,935.455078125,169.1588134765625,0.9997254014015198,1014.956787109375,157.0476837158203,0.9996030926704407
153,897.0250854492188,73.53038787841797,0.9994779229164124,874.1353149414062,151.9307098388672,0.9998266100883484,912.7611694335938,119.05081939697266,0.99962317943573,937.4616088867188,121.4171371459961,0.999474823474884,968.1580810546875,122.57229614257812,0.9995747208595276,1002.3816528320312,120.58660125732422,0.9995617270469666,903.1976318359375,90.62974548339844,0.9970666766166687,970.99169921875,86.7026596069336,0.9998277425765991,999.3803100585938,83.76109313964844,0.996285080909729,935.1685791015625,138.8298797607422,0.9972332119941711,935.276611328125,169.1588134765625,0.9997751116752625,1012.5777587890625,156.9107666015625,0.9997091889381409
154,893.9523315429688,73.50064849853516,0.9993981122970581,871.3126220703125,151.95240783691406,0.999771773815155,909.8890991210938,117.33870697021484,0.9992913007736206,934.7424926757812,121.4171371459961,0.9994640946388245,964.2428588867188,122.57229614257812,0.9998130202293396,998.0875244140625,120.072509765625,0.9998600482940674,901.802490234375,90.25655364990234,0.998038113117218,969.6904907226562,87.02499389648438,0.9997603297233582,992.1976318359375,83.76109313964844,0.9957558512687683,934.851806640625,137.57870483398438,0.9969112277030945,934.9210815429688,168.8939208984375,0.9997648596763611,1010.6126708984375,156.60733032226562,0.9995211362838745
155,890.558837890625,72.17471313476562,0.9992766976356506,869.0172119140625,151.95240783691406,0.99983811378479,907.11083984375,117.16900634765625,0.9992448091506958,931.9425659179688,121.30197143554688,0.999462902545929,960.6554565429688,122.57229614257812,0.9997813105583191,993.94140625,120.072509765625,0.9998471736907959,899.9164428710938,90.2517318725586,0.9983722567558289,969.3877563476562,87.02499389648438,0.9996914863586426,985.9088134765625,85.68901824951172,0.996870219707489,934.2709350585938,136.69544982910156,0.9953756332397461,934.6852416992188,168.8939208984375,0.999776303768158,1009.28515625,156.60733032226562,0.9987043142318726
156,889.2522583007812,70.58164978027344,0.9995773434638977,865.57470703125,151.9307098388672,0.9998570680618286,903.9327392578125,116.87602996826172,0.9993304014205933,928.212646484375,121.23039245605469,0.9985249638557434,959.2176513671875,122.9173355102539,0.9995458722114563,989.6461181640625,120.072509765625,0.999477207660675,897.6724243164062,89.67961120605469,0.9979994893074036,969.3877563476562,87.35347747802734,0.9994091987609863,983.940673828125,85.68901824951172,0.9974918365478516,934.2709350585938,136.69544982910156,0.9907132387161255,934.3436279296875,168.8939208984375,0.9997575879096985,1009.093994140625,156.60733032226562,0.9976184964179993
157,887.3078002929688,69.75978088378906,0.9996914863586426,863.9369506835938,151.4468231201172,0.9998468160629272,901.21435546875,115.55953979492188,0.9996163845062256,925.5982055664062,119.91535186767578,0.9989253878593445,956.4254760742188,122.9173355102539,0.9996376037597656,986.040771484375,120.36865997314453,0.9992908239364624,896.7670288085938,89.67829895019531,0.9975837469100952,969.37109375,87.78289031982422,0.9992382526397705,983.6607055664062,85.68901824951172,0.9973280429840088,931.73095703125,136.69544982910156,0.9914636015892029,934.043212890625,168.5893096923828,0.9997735619544983,1008.4307861328125,156.94610595703125,0.9953889846801758
158,884.8080444335938,69.68682098388672,0.9997010827064514,858.7955932617188,147.2437744140625,0.9998726844787598,899.2626342773438,115.02688598632812,0.999686598777771,922.1953735351562,119.7503890991211,0.9995935559272766,954.56298828125,122.9173355102539,0.9994601607322693,985.8211059570312,120.44728088378906,0.9995347261428833,895.3876342773438,89.52031707763672,0.9974356293678284,969.1296997070312,87.78289031982422,0.9973133206367493,983.6607055664062,85.67963409423828,0.9976763129234314,927.8201293945312,136.5564727783203,0.9805331230163574,934.0009155273438,168.8939208984375,0.9996168613433838,1008.310791015625,157.3799591064453,0.9923397302627563
159,883.0562744140625,69.68682098388672,0.9995450377464294,856.5087280273438,145.62033081054688,0.9997959733009338,898.028076171875,114.9122543334961,0.9995697140693665,921.1019287109375,119.7503890991211,0.9996399879455566,952.2578735351562,122.09030151367188,0.9993274211883545,983.231201171875,120.44728088378906,0.9997300505638123,895.24267578125,89.52031707763672,0.9971502423286438,964.2378540039062,87.78289031982422,0.984971821308136,983.6607055664062,85.19795227050781,0.9985710382461548,925.6959228515625,137.49786376953125,0.9850598573684692,933.826416015625,168.57986450195312,0.9995018243789673,1007.9922485351562,157.3799591064453,0.9794301986694336
160,882.5068359375,69.75978088378906,0.9994602799415588,856.1934204101562,143.12200927734375,0.9994196891784668,897.2015991210938,114.89546203613281,0.9995723366737366,919.9471435546875,119.7503890991211,0.9997921586036682,950.5087890625,121.97215270996094,0.9996393918991089,981.04150390625,120.36865997314453,0.9997373223304749,895.24267578125,89.43193817138672,0.997651994228363,953.93359375,87.78289031982422,0.9918727278709412,983.6607055664062,85.1407470703125,0.9988270401954651,915.1865844726562,138.3677978515625,0.9666564464569092,933.7898559570312,168.0369873046875,0.999529242515564,1001.713623046875,157.3799591064453,0.9756339192390442
161,881.5489501953125,70.35004425048828,0.9994256496429443,855.1531372070312,140.19406127929688,0.9995444416999817,895.9520263671875,114.89546203613281,0.9994199275970459,918.7781372070312,119.83113098144531,0.9998514652252197,949.9003295898438,121.96350860595703,0.9997379183769226,980.4519653320312,120.17253875732422,0.9997815489768982,895.24267578125,89.52031707763672,0.9973034858703613,944.6956787109375,84.0748519897461,0.9993581175804138,983.4462280273438,85.09646606445312,0.9981314539909363,904.0907592773438,138.78599548339844,0.9900306463241577,933.3411254882812,167.896484375,0.9995318651199341,998.0628662109375,156.10653686523438,0.9961320161819458
162,880.8822021484375,70.47319030761719,0.999330997467041,854.0458984375,138.5464630126953,0.999319314956665,894.9381103515625,114.9122543334961,0.9994251728057861,918.016357421875,119.98628234863281,0.9998742341995239,949.5628662109375,121.96350860595703,0.9996944665908813,980.4220581054688,119.92310333251953,0.9997784495353699,895.24267578125,89.71659851074219,0.9980589747428894,938.3242797851562,83.96861267089844,0.998759388923645,983.1866455078125,85.1407470703125,0.9982805252075195,897.7470092773438,139.05564880371094,0.9970232844352722,933.2356567382812,167.5404815673828,0.9995678067207336,994.9053955078125,156.10635375976562,0.9978594183921814
163,880.861083984375,71.1771011352539,0.9994801878929138,851.3931884765625,135.0938720703125,0.9992138147354126,894.6997680664062,115.59443664550781,0.9992628693580627,917.5630493164062,120.1654281616211,0.9998533725738525,949.5108032226562,121.89995574951172,0.9996823072433472,980.4146118164062,119.68326568603516,0.999786913394928,895.106201171875,90.34815979003906,0.9987486600875854,935.5016479492188,83.96861267089844,0.9995055198669434,983.1866455078125,85.1407470703125,0.9983150959014893,890.7425537109375,139.05564880371094,0.9962021708488464,933.1744995117188,167.09475708007812,0.9996757507324219,991.3067016601562,155.89866638183594,0.996837854385376
164,879.44140625,72.0336685180664,0.99908447265625,850.7943725585938,135.0938720703125,0.9992294311523438,894.548828125,115.67877960205078,0.9991569519042969,916.368408203125,120.29768371582031,0.9998288154602051,949.4254760742188,121.70767211914062,0.9996962547302246,979.9077758789062,119.62326049804688,0.9997920393943787,895.6666259765625,91.29193115234375,0.998862624168396,931.7966918945312,82.31961822509766,0.9995535016059875,983.4462280273438,85.1407470703125,0.9980921149253845,885.2979125976562,138.78599548339844,0.9983875751495361,932.8866577148438,166.32308959960938,0.9997264742851257,983.4656982421875,155.53189086914062,0.9986403584480286
165,877.83251953125,72.44706726074219,0.9993246793746948,849.6375122070312,135.0938720703125,0.9989708662033081,893.4071655273438,115.67877960205078,0.9990819692611694,914.9262084960938,120.29768371582031,0.9996421337127686,948.2810668945312,121.6130142211914,0.9997687935829163,979.1913452148438,119.62326049804688,0.9998021721839905,895.7804565429688,91.65375518798828,0.9982503056526184,926.4728393554688,82.31961822509766,0.9992953538894653,984.9253540039062,85.18061065673828,0.9983722567558289,880.1971435546875,138.75074768066406,0.9983198046684265,932.8866577148438,166.29635620117188,0.9998286962509155,979.20751953125,155.53189086914062,0.9972344040870667
166,877.83251953125,72.89789581298828,0.9993010759353638,848.4208374023438,135.41810607910156,0.9983766078948975,891.6417236328125,115.67877960205078,0.9989357590675354,913.17822265625,120.29768371582031,0.999448835849762,946.393310546875,121.6130142211914,0.9997672438621521,978.0982055664062,119.62326049804688,0.9998162388801575,895.7804565429688,91.7677001953125,0.9979709982872009,920.735107421875,82.31961822509766,0.9987936019897461,984.9253540039062,85.20528411865234,0.9979649782180786,878.5740356445312,137.9335479736328,0.9970986843109131,932.8866577148438,165.5188751220703,0.9998314380645752,963.55517578125,151.70013427734375,0.9940069913864136
167,877.83251953125,72.89789581298828,0.9991918206214905,844.6969604492188,135.4314422607422,0.9990471005439758,891.4391479492188,115.48175811767578,0.9985167384147644,910.816650390625,119.99536895751953,0.9994341731071472,944.6467895507812,121.70767211914062,0.9995538592338562,976.5235595703125,119.9732437133789,0.9996551275253296,895.7804565429688,91.7677001953125,0.9981372356414795,920.0439453125,81.39579010009766,0.9988847374916077,984.9253540039062,85.38638305664062,0.9978318810462952,876.5775756835938,137.55911254882812,0.9960677623748779,932.8866577148438,164.3440399169922,0.9997435212135315,958.6885375976562,151.39334106445312,0.9957790374755859
168,880.48046875,72.89789581298828,0.9993656277656555,843.5205078125,135.4314422607422,0.9993118047714233,888.0652465820312,113.99285125732422,0.997965931892395,908.933349609375,118.87063598632812,0.999497652053833,942.3277587890625,121.79075622558594,0.9995563626289368,973.8674926757812,120.67684936523438,0.9995071887969971,896.1804809570312,91.7677001953125,0.9973666071891785,918.8524169921875,81.00040435791016,0.9992817044258118,983.8101196289062,85.74276733398438,0.9980656504631042,872.7079467773438,133.7093505859375,0.9958578944206238,932.928955078125,163.3599853515625,0.999659538269043,954.8298950195312,151.39334106445312,0.9928191304206848
169,881.1580200195312,71.5296630859375,0.9992008805274963,842.3580322265625,135.4314422607422,0.9994686245918274,887.740234375,113.35809326171875,0.9990712404251099,907.356201171875,118.2457275390625,0.9993675351142883,941.128662109375,122.14808654785156,0.9997298121452332,972.2940063476562,120.92794799804688,0.9994065761566162,896.9929809570312,91.68933868408203,0.997441291809082,916.9765625,79.88922882080078,0.9994262456893921,983.3836059570312,85.85375213623047,0.9980853796005249,872.3579711914062,133.58062744140625,0.9979788661003113,932.928955078125,163.06703186035156,0.9997146725654602,950.1238403320312,151.39334106445312,0.994211733341217
170,881.196533203125,70.99323272705078,0.9987251162528992,841.9431762695312,135.4314422607422,0.9995660185813904,886.3875732421875,112.58915710449219,0.9995577931404114,905.6671142578125,118.14904022216797,0.9993170499801636,939.0026245117188,122.14808654785156,0.9997414946556091,969.2755737304688,120.98211669921875,0.9991500377655029,896.9929809570312,91.14559936523438,0.996771514415741,915.2403564453125,79.79928588867188,0.9994155168533325,982.2490844726562,85.94518280029297,0.9984803795814514,872.0814208984375,132.25294494628906,0.9978826642036438,932.7781982421875,163.06703186035156,0.9996151924133301,948.0958251953125,151.73159790039062,0.9965499639511108
171,881.196533203125,70.99323272705078,0.9979257583618164,841.5592041015625,135.4314422607422,0.999605119228363,884.5689697265625,111.5429916381836,0.9996404647827148,903.8598022460938,117.61725616455078,0.9993626475334167,937.2189331054688,122.14808654785156,0.9996966123580933,967.4083862304688,120.98990631103516,0.9996320009231567,895.9888916015625,90.87788391113281,0.9961627721786499,913.090576171875,78.90323638916016,0.999201238155365,981.7201538085938,86.3070068359375,0.9985204339027405,871.7357177734375,131.39993286132812,0.9979077577590942,932.268798828125,163.06703186035156,0.9994557499885559,946.6610107421875,152.18324279785156,0.9961451292037964
172,881.196533203125,70.99323272705078,0.9975729584693909,841.1900634765625,135.74951171875,0.9995871186256409,882.55419921875,111.44988250732422,0.9994756579399109,902.6148681640625,117.61725616455078,0.9995442032814026,936.5606689453125,121.92231750488281,0.999829888343811,965.767578125,121.0113296508789,0.9997953772544861,895.9888916015625,90.87788391113281,0.9966763257980347,911.7316284179688,77.90034484863281,0.998883068561554,981.0584716796875,86.33627319335938,0.9985575079917908,870.6730346679688,130.0238037109375,0.997923731803894,931.7755126953125,164.45289611816406,0.999072790145874,945.9066772460938,152.18324279785156,0.9914741516113281
173,881.1580200195312,71.40928649902344,0.996250569820404,841.1900634765625,137.28334045410156,0.9992764592170715,880.4393920898438,111.44988250732422,0.9988118410110474,901.236328125,117.67984771728516,0.9995958209037781,935.2010498046875,121.92231750488281,0.9998739957809448,964.254638671875,121.0960922241211,0.9997925162315369,895.8388671875,90.87788391113281,0.9958299994468689,910.6963500976562,76.80038452148438,0.9992606043815613,980.5687866210938,86.44723510742188,0.9984885454177856,868.483154296875,128.74948120117188,0.9979889392852783,930.8795166015625,165.0677032470703,0.9988736510276794,945.5103759765625,152.18324279785156,0.9849105477333069
174,881.090087890625,74.34025573730469,0.9913185834884644,841.1900634765625,138.2162322998047,0.999009370803833,879.7193603515625,111.44988250732422,0.9986109733581543,900.0763549804688,117.67984771728516,0.9996509552001953,933.1630859375,121.6623306274414,0.9998421669006348,962.4169921875,121.59259796142578,0.9997461438179016,894.7098388671875,90.89891052246094,0.9978481531143188,909.089599609375,76.4710693359375,0.9992857575416565,979.7965087890625,86.86781311035156,0.9984045624732971,866.2302856445312,128.20361328125,0.998206615447998,930.8795166015625,165.12709045410156,0.9981235861778259,944.9033203125,152.1794891357422,0.9860289692878723
175,876.7904052734375,78.58196258544922,0.9958133101463318,844.8510131835938,140.41671752929688,0.9985285997390747,878.2493896484375,113.30831146240234,0.9983900785446167,898.1388549804688,118.56617736816406,0.9996905326843262,931.1920776367188,121.63365936279297,0.9997839331626892,961.0809326171875,121.59259796142578,0.9996484518051147,892.7049560546875,91.63163757324219,0.9976014494895935,907.958740234375,76.4710693359375,0.9995198249816895,979.4666748046875,87.0312728881836,0.998235821723938,864.2911987304688,127.3315200805664,0.9977254271507263,930.8795166015625,165.12709045410156,0.9976724982261658,944.6488647460938,152.1794891357422,0.9834091663360596
176,872.1305541992188,79.27408599853516,0.9958004355430603,849.5675048828125,148.83395385742188,0.9990324974060059,877.821044921875,113.81678771972656,0.9971796274185181,897.0216674804688,119.20801544189453,0.9996460676193237,929.0635986328125,120.81633758544922,0.9997698664665222,960.2279663085938,121.59259796142578,0.999325156211853,892.0882568359375,92.80984497070312,0.9918370842933655,907.1272583007812,76.4710693359375,0.9994792342185974,979.3963623046875,87.14399719238281,0.9981427192687988,857.5535888671875,127.3315200805664,0.9982513785362244,931.093994140625,165.0677032470703,0.9967977404594421,943.7196655273438,152.1794891357422,0.9851344227790833
177,870.5045166015625,79.9903793334961,0.9984378218650818,850.0396118164062,154.39373779296875,0.9977152347564697,876.8533935546875,114.20780181884766,0.9976728558540344,896.3184204101562,119.9594497680664,0.9996019005775452,928.6136474609375,120.81633758544922,0.9997827410697937,958.6939697265625,120.8886489868164,0.9992071986198425,890.8074340820312,93.36161804199219,0.9856175780296326,907.0503540039062,76.4710693359375,0.9993612170219421,979.09521484375,87.29350280761719,0.9982182383537292,856.7100219726562,127.3315200805664,0.9991840720176697,931.093994140625,163.8342742919922,0.9957081079483032,941.9594116210938,152.1794891357422,0.9840071797370911
178,870.5045166015625,80.23731994628906,0.9991408586502075,850.6891479492188,164.1165008544922,0.9993743300437927,875.7980346679688,114.82899475097656,0.9973475933074951,895.548583984375,120.00752258300781,0.9994638562202454,927.8120727539062,120.81633758544922,0.999809205532074,957.5256958007812,120.8886489868164,0.9991907477378845,888.3060913085938,95.74446105957031,0.979361355304718,906.87109375,76.3049545288086,0.9992807507514954,978.6217041015625,87.46603393554688,0.9979885816574097,856.6480102539062,127.92820739746094,0.9989727735519409,931.093994140625,160.98231506347656,0.9968680739402771,939.98876953125,152.43478393554688,0.9936423301696777
179,870.3920288085938,82.34611511230469,0.9994656443595886,850.6891479492188,167.42127990722656,0.9992573857307434,874.4343872070312,115.78438568115234,0.9968090653419495,895.123046875,120.21067810058594,0.9995061159133911,926.817138671875,121.38829040527344,0.9997963309288025,955.9930419921875,120.8886489868164,0.9990528225898743,887.0650634765625,96.50257873535156,0.991054117679596,906.7194213867188,76.27227783203125,0.9990845918655396,978.6217041015625,87.87340545654297,0.9978687763214111,856.3622436523438,129.23004150390625,0.9989970326423645,923.4398803710938,155.78184509277344,0.9985993504524231,938.860595703125,152.79238891601562,0.9965205192565918
180,870.3602294921875,86.16717529296875,0.9987775683403015,850.2864379882812,168.0097198486328,0.9992367029190063,872.7545776367188,116.19580078125,0.998469889163971,892.03564453125,120.2150650024414,0.9996769428253174,924.2506713867188,121.38829040527344,0.9998021721839905,953.9307861328125,121.4981689453125,0.9993570446968079,881.7418212890625,97.82725524902344,0.9941866397857666,906.6812744140625,76.15145111083984,0.999122679233551,978.6217041015625,88.30215454101562,0.997916042804718,856.3622436523438,130.59359741210938,0.9988542795181274,917.0577392578125,155.70448303222656,0.998465895652771,938.3425903320312,152.838134765625,0.996711254119873
181,870.4937133789062,86.57040405273438,0.9983256459236145,850.2864379882812,168.08074951171875,0.9996579885482788,870.2838745117188,116.21086120605469,0.9987238049507141,890.3140258789062,120.2150650024414,0.9996979236602783,922.5332641601562,122.2366943359375,0.9997782111167908,952.298095703125,121.6314697265625,0.9997130036354065,880.9811401367188,98.42485809326172,0.9936331510543823,906.4169921875,75.94796752929688,0.9992120265960693,978.6217041015625,88.673095703125,0.9982872605323792,856.2902221679688,130.59359741210938,0.9986311793327332,912.18701171875,155.70448303222656,0.9981022477149963,938.227294921875,153.41973876953125,0.9975219368934631
182,870.3602294921875,88.49530792236328,0.9987509250640869,844.679443359375,168.91595458984375,0.9993851184844971,867.5386962890625,117.59296417236328,0.998742401599884,889.21484375,121.25843811035156,0.9995971322059631,922.4635009765625,122.3816909790039,0.999671220779419,950.6705322265625,121.84523010253906,0.9998260140419006,879.9635620117188,98.42485809326172,0.9970742464065552,906.2662963867188,75.94796752929688,0.9993420243263245,978.6217041015625,88.75775909423828,0.9982709884643555,856.2902221679688,130.59359741210938,0.9960571527481079,903.0414428710938,155.70448303222656,0.9996395111083984,938.0089111328125,153.86184692382812,0.9974281191825867
183,869.5811767578125,89.42527770996094,0.9989056587219238,842.14208984375,168.08074951171875,0.9996639490127563,865.406005859375,118.33748626708984,0.9980278611183167,887.9806518554688,122.82623291015625,0.9993083477020264,918.490478515625,123.06652069091797,0.9998233914375305,949.1647338867188,121.84523010253906,0.999883770942688,878.6998291015625,98.42485809326172,0.997708797454834,906.1325073242188,75.94796752929688,0.9993634819984436,976.3140258789062,89.3039779663086,0.9973446726799011,856.2902221679688,130.59359741210938,0.9953617453575134,896.70361328125,157.2957763671875,0.9995130300521851,938.0089111328125,154.6083526611328,0.9970622658729553
184,861.3661499023438,89.99067687988281,0.9978041052818298,840.525390625,168.0097198486328,0.9993676543235779,863.4788208007812,118.68392181396484,0.9994663596153259,886.175537109375,122.82877349853516,0.9997281432151794,915.34375,123.23968505859375,0.9999215602874756,947.7637329101562,122.1212387084961,0.9998613595962524,870.1017456054688,96.07392883300781,0.9946818947792053,906.1325073242188,76.87247467041016,0.9994267225265503,970.7335205078125,89.3039779663086,0.9973359704017639,860.7658081054688,130.59359741210938,0.9800786972045898,888.0018310546875,163.40000915527344,0.9994407296180725,938.0089111328125,155.17454528808594,0.9972021579742432
185,855.3667602539062,92.1651611328125,0.9986010193824768,838.8037719726562,166.41729736328125,0.9996875524520874,861.5576171875,119.27009582519531,0.9994480013847351,884.5781860351562,122.92044067382812,0.9997547268867493,912.9146728515625,123.23968505859375,0.9998923540115356,945.9677734375,122.1212387084961,0.9998385906219482,864.1864013671875,95.58946228027344,0.9903931021690369,906.4169921875,77.3907241821289,0.9992958307266235,962.7661743164062,89.3039779663086,0.9962971806526184,864.729736328125,132.228759765625,0.9770752191543579,880.3806762695312,164.36221313476562,0.9996125102043152,938.0089111328125,156.6529998779297,0.9973909258842468
186,849.1627197265625,92.1651611328125,0.9986183643341064,832.1689453125,164.3289794921875,0.9997084736824036,859.716552734375,119.33263397216797,0.9987970590591431,881.6784057617188,122.92044067382812,0.9994578957557678,912.5386352539062,123.23968505859375,0.9997507929801941,942.69580078125,122.1212387084961,0.9996755123138428,852.9752807617188,95.58946228027344,0.9912862181663513,906.8765258789062,77.3907241821289,0.9996009469032288,949.0791015625,88.3165054321289,0.9961399435997009,864.729736328125,133.0927276611328,0.98915034532547,872.10009765625,165.83120727539062,0.999600350856781,938.0321655273438,157.2935333251953,0.9976658821105957
187,839.8324584960938,92.1651611328125,0.9972010850906372,826.410888671875,164.30813598632812,0.9996300935745239,855.2650756835938,119.57608795166016,0.9994925260543823,878.9033813476562,122.97704315185547,0.9991598129272461,908.5858764648438,123.12185668945312,0.999819815158844,938.803955078125,121.11243438720703,0.9994984865188599,848.7640380859375,96.07392883300781,0.9944327473640442,906.8765258789062,77.5058822631836,0.9998063445091248,934.1141357421875,80.5513916015625,0.9915581941604614,864.729736328125,134.21812438964844,0.9911642670631409,859.35400390625,167.55908203125,0.9979536533355713,938.0321655273438,157.8518524169922,0.9982483386993408
188,833.6599731445312,92.1651611328125,0.9979350566864014,822.9053344726562,162.52101135253906,0.9995916485786438,851.1126708984375,119.83512115478516,0.9998016953468323,875.23193359375,123.10289001464844,0.9989006519317627,904.2271728515625,122.96710205078125,0.9996583461761475,935.2160034179688,121.00039672851562,0.9997005462646484,846.0408325195312,96.27542114257812,0.9964338541030884,907.3493041992188,77.76762390136719,0.9999029636383057,933.5449829101562,80.18627166748047,0.9929900169372559,862.3886108398438,134.32974243164062,0.985554039478302,853.015625,167.6843719482422,0.9996223449707031,938.0321655273438,158.05270385742188,0.9987194538116455
189,825.4097290039062,92.29273223876953,0.9969536066055298,813.99609375,161.42034912109375,0.9994458556175232,847.0906372070312,120.94235229492188,0.9980661273002625,870.8919067382812,123.88108825683594,0.9992074370384216,900.6629028320312,122.96710205078125,0.9998466968536377,934.5903930664062,120.78959655761719,0.9998364448547363,835.6831665039062,96.27542114257812,0.9987812638282776,907.3493041992188,77.3907241821289,0.9998562335968018,918.8713989257812,80.15864562988281,0.9853578805923462,861.46630859375,135.0157470703125,0.9944730401039124,852.0388793945312,168.09059143066406,0.999829888343811,937.8265991210938,158.05270385742188,0.9991282820701599
190,821.3490600585938,92.29273223876953,0.9980989098548889,810.1814575195312,161.41244506835938,0.999653697013855,843.6351318359375,123.15151977539062,0.9987358450889587,867.1790771484375,124.45277404785156,0.9993865489959717,896.5338134765625,122.96710205078125,0.999834418296814,930.1725463867188,120.68701934814453,0.9998034834861755,832.1461181640625,96.27542114257812,0.9970847964286804,907.0731201171875,77.0273666381836,0.9996421337127686,917.4171752929688,79.83879852294922,0.9952651262283325,859.0785522460938,135.75547790527344,0.9924860000610352,851.4279174804688,168.7140655517578,0.9998934268951416,937.0523071289062,158.05270385742188,0.9994707703590393
191,814.2557983398438,92.29273223876953,0.9988603591918945,808.7932739257812,161.41244506835938,0.999408483505249,840.6801147460938,123.15151977539062,0.999342143535614,863.8568725585938,124.45277404785156,0.9978106617927551,894.6640625,123.22268676757812,0.9995081424713135,923.78515625,120.61651611328125,0.9995505213737488,832.0853271484375,95.33786010742188,0.9980337023735046,907.0274658203125,77.76762390136719,0.9995554089546204,916.9695434570312,80.04315185546875,0.9980731010437012,855.93408203125,135.9403533935547,0.9913961291313171,850.9050903320312,168.7140655517578,0.9998142123222351,935.2454223632812,157.88682556152344,0.999609649181366
192,809.4573974609375,88.36628723144531,0.9991207718849182,804.38330078125,160.12442016601562,0.9997628331184387,836.1984252929688,123.15151977539062,0.9997772574424744,860.6245727539062,124.45277404785156,0.9983288645744324,890.9691162109375,123.22268676757812,0.9991514682769775,921.8633422851562,120.07357788085938,0.9995294809341431,828.9823608398438,94.11944580078125,0.9992063641548157,907.0274658203125,77.99620819091797,0.9994901418685913,915.7146606445312,79.26001739501953,0.998262345790863,853.6001586914062,136.14865112304688,0.9938263297080994,850.7811279296875,168.7144317626953,0.9997739195823669,933.5725708007812,157.7179718017578,0.9995075464248657
193,804.5380249023438,83.90631103515625,0.9999001026153564,800.3118286132812,159.4382781982422,0.9996100068092346,833.062744140625,122.1456069946289,0.9996685981750488,856.1764526367188,124.01444244384766,0.9993851184844971,886.1094970703125,123.22268676757812,0.9995554089546204,918.6300659179688,119.859619140625,0.9998255372047424,826.5081787109375,94.11944580078125,0.9992828965187073,905.64208984375,78.10490417480469,0.9987527132034302,913.8867797851562,78.96831512451172,0.9982149600982666,852.8052978515625,136.273681640625,0.9946459531784058,850.7694091796875,168.7140655517578,0.9998509883880615,933.0047607421875,157.52952575683594,0.9992125034332275
194,802.3594360351562,82.53506469726562,0.9998949766159058,795.8280029296875,155.49072265625,0.9995006322860718,831.323974609375,120.65116882324219,0.9989256262779236,853.1721801757812,123.24849700927734,0.9995042085647583,884.1610107421875,122.96308135986328,0.9996871948242188,916.5172119140625,119.68994140625,0.9998281002044678,825.15673828125,94.11944580078125,0.9989864230155945,902.5044555664062,79.25446319580078,0.9987438321113586,911.7103881835938,78.5943603515625,0.998359739780426,851.3153076171875,136.273681640625,0.9942113757133484,850.7694091796875,168.64096069335938,0.9998687505722046,932.40966796875,157.47366333007812,0.9986228942871094
195,801.19775390625,82.53506469726562,0.9998192191123962,791.0145263671875,150.7874755859375,0.9996967315673828,829.7747802734375,119.68830871582031,0.9987285733222961,851.41015625,122.6694107055664,0.999454915523529,882.6243896484375,122.7222671508789,0.9997550845146179,915.0170288085938,119.68994140625,0.9997976422309875,824.1033935546875,93.89420318603516,0.998728334903717,900.8505859375,79.64222717285156,0.9986899495124817,910.2174072265625,78.5943603515625,0.9977826476097107,850.147216796875,136.50039672851562,0.9916262626647949,850.7694091796875,168.20619201660156,0.9998483657836914,932.40966796875,157.52952575683594,0.9980104565620422
196,800.478759765625,82.53506469726562,0.9997847676277161,789.3991088867188,150.7874755859375,0.9998143315315247,829.0227661132812,119.24480438232422,0.9988521337509155,850.72216796875,122.6694107055664,0.9993481040000916,881.6260986328125,122.65644836425781,0.9997872710227966,913.2018432617188,119.57952117919922,0.9997038245201111,823.6282958984375,93.92821502685547,0.9987271428108215,898.552490234375,79.78225708007812,0.9981909394264221,909.1731567382812,78.38998413085938,0.9982396364212036,849.7803344726562,136.6470947265625,0.990638017654419,850.9059448242188,168.07485961914062,0.9998282194137573,932.40966796875,157.52952575683594,0.9977142810821533
197,800.0675048828125,83.24740600585938,0.9997654557228088,789.3991088867188,150.7874755859375,0.9998201727867126,828.66455078125,119.24480438232422,0.9991864562034607,850.063232421875,122.6694107055664,0.9991859793663025,880.6781616210938,122.60890197753906,0.9997630715370178,911.726318359375,119.5276107788086,0.9995954632759094,823.4979858398438,94.2557601928711,0.9986706972122192,891.1678466796875,81.22914123535156,0.9992786049842834,909.0839233398438,78.38998413085938,0.9988030195236206,847.4692993164062,136.95860290527344,0.9828658699989319,851.1575317382812,168.06959533691406,0.9998347759246826,932.40966796875,157.95993041992188,0.9963868856430054
198,799.2703857421875,83.77919006347656,0.9997426867485046,789.3991088867188,151.65921020507812,0.9997120499610901,827.9346313476562,119.24480438232422,0.9993234872817993,849.0986938476562,122.43537902832031,0.9992499947547913,880.111083984375,122.60890197753906,0.9997739195823669,910.5078125,119.2078857421875,0.9996575117111206,823.445068359375,94.2557601928711,0.998683750629425,885.27490234375,85.97350311279297,0.9977210164070129,909.0839233398438,78.5943603515625,0.9981722831726074,845.9739990234375,139.81549072265625,0.9755183458328247,851.3040771484375,168.06959533691406,0.9998194575309753,932.40966796875,157.95993041992188,0.9973148703575134
199,798.7188720703125,83.77919006347656,0.9997496008872986,790.9669189453125,155.0628662109375,0.9996249675750732,827.4259033203125,119.31544494628906,0.9994557499885559,848.2867431640625,122.30095672607422,0.9991918206214905,879.852294921875,122.60890197753906,0.9996997117996216,909.6864013671875,119.181396484375,0.9996925592422485,823.445068359375,94.45040893554688,0.998325526714325,876.4918823242188,86.0141830444336,0.9991307854652405,909.0839233398438,78.90936279296875,0.998375415802002,834.0437622070312,143.31265258789062,0.9473792314529419,851.9815063476562,168.07485961914062,0.999818742275238,930.9693603515625,157.95993041992188,0.9968216419219971
200,797.5986328125,83.77919006347656,0.9997106194496155,792.2404174804688,158.80471801757812,0.9995912909507751,826.3240356445312,119.32154846191406,0.9994841814041138,848.2289428710938,122.29872131347656,0.9990824460983276,879.0858154296875,122.29839324951172,0.9996535778045654,908.544921875,119.17144775390625,0.9997372031211853,823.4979858398438,94.45040893554688,0.9979819059371948,870.9849853515625,86.0141830444336,0.9989016056060791,909.0839233398438,78.61972045898438,0.998176097869873,821.2635498046875,143.31265258789062,0.9096905589103699,852.2783203125,168.54849243164062,0.9998701810836792,925.8955078125,157.1278839111328,0.998401939868927
201,796.6934814453125,83.77919006347656,0.9996765851974487,795.0999755859375,160.3773193359375,0.9997074007987976,825.9790649414062,119.49091339111328,0.9996623992919922,846.8016967773438,122.29872131347656,0.9991742968559265,878.5025024414062,122.15795135498047,0.9995355606079102,907.2869262695312,118.86871337890625,0.9997735619544983,824.0877685546875,94.45040893554688,0.997556209564209,865.7330932617188,86.2442855834961,0.9983783960342407,909.0137939453125,78.90332794189453,0.9978196620941162,817.316162109375,143.33473205566406,0.9509782791137695,852.2783203125,168.54849243164062,0.9998912811279297,920.292724609375,155.70223999023438,0.9996250867843628
202,793.9412231445312,83.77919006347656,0.9995285272598267,796.9436645507812,161.79721069335938,0.9996559619903564,824.3587036132812,119.51072692871094,0.9997065663337708,844.615966796875,122.02618408203125,0.999439537525177,877.9514770507812,121.82839965820312,0.9995546936988831,906.458251953125,118.70233154296875,0.9998127818107605,826.2044677734375,92.08592224121094,0.9984470009803772,856.7662353515625,86.2442855834961,0.9983659386634827,907.2025756835938,79.13630676269531,0.9977911710739136,812.26025390625,143.31265258789062,0.9796129465103149,852.2783203125,168.54849243164062,0.9998940229415894,915.846435546875,155.6775665283203,0.9994114637374878
203,793.2547607421875,85.05442810058594,0.9996777772903442,799.1777954101562,162.7157440185547,0.999806821346283,822.078857421875,119.89083099365234,0.9995983242988586,842.6171875,122.0390396118164,0.998984158039093,876.5396118164062,121.54568481445312,0.9995044469833374,905.7744750976562,118.54615783691406,0.9998037219047546,826.8375244140625,91.4299545288086,0.9984174966812134,847.7006225585938,85.9108657836914,0.9978615641593933,906.4013061523438,79.13630676269531,0.9983127117156982,806.745361328125,142.9994659423828,0.9885988235473633,851.3009643554688,168.29840087890625,0.9999092817306519,908.0673828125,155.54949951171875,0.9970535039901733
204,790.177001953125,85.59736633300781,0.9997726082801819,799.8165893554688,162.7157440185547,0.9998369216918945,819.60986328125,119.89083099365234,0.9992744326591492,841.48388671875,122.09186553955078,0.9990195035934448,874.3987426757812,121.23410034179688,0.9994884729385376,904.7429809570312,118.53326416015625,0.9998588562011719,826.8375244140625,91.4299545288086,0.9974473714828491,841.1038818359375,85.31359100341797,0.9981111288070679,906.37158203125,79.13630676269531,0.9984754920005798,803.7450561523438,141.51296997070312,0.9941766262054443,850.7377319335938,167.80282592773438,0.9998959302902222,897.3339233398438,152.39654541015625,0.9931394457817078
205,787.1016845703125,85.59736633300781,0.9997337460517883,799.8165893554688,162.9960479736328,0.9998000264167786,816.577880859375,119.89083099365234,0.9986087679862976,839.5755004882812,122.09186553955078,0.999312162399292,872.981201171875,121.23410034179688,0.9994611144065857,904.3810424804688,118.53326416015625,0.9999215602874756,826.8375244140625,91.36116790771484,0.9963292479515076,837.5673217773438,85.31359100341797,0.9986568689346313,904.95751953125,79.25059509277344,0.9987010955810547,799.3316650390625,141.09384155273438,0.9958553910255432,850.7377319335938,167.4804229736328,0.9999213218688965,892.0380249023438,151.4019012451172,0.9884606599807739
206,783.1199340820312,85.59736633300781,0.9991262555122375,799.8165893554688,162.9960479736328,0.9997478127479553,815.8418579101562,117.59274291992188,0.9981208443641663,837.7578125,122.0390396118164,0.9992051720619202,871.113525390625,121.23410034179688,0.9995487332344055,901.4140625,118.53326416015625,0.9999223947525024,825.4456787109375,91.17079162597656,0.9974002838134766,833.9744262695312,85.19078826904297,0.9982947707176208,903.8294067382812,80.15321350097656,0.9985912442207336,793.8377075195312,140.98667907714844,0.9982315897941589,850.7377319335938,167.04833984375,0.9998947381973267,883.2178344726562,150.2238006591797,0.9904682040214539
207,780.2598266601562,85.06482696533203,0.9992043375968933,798.8980102539062,164.2995147705078,0.9997110962867737,813.9230346679688,117.59274291992188,0.9983775615692139,835.7584838867188,122.0390396118164,0.9992018342018127,868.714599609375,121.65987396240234,0.9996572732925415,898.8836059570312,118.93040466308594,0.9998868703842163,823.8162231445312,90.96742248535156,0.9981076717376709,833.1565551757812,85.31085205078125,0.9984142780303955,903.4270629882812,80.41676330566406,0.998583197593689,792.3108520507812,140.98667907714844,0.9983671307563782,851.678466796875,167.0301971435547,0.9998612403869629,880.5745239257812,150.2238006591797,0.9964478015899658
208,776.8123168945312,84.99098205566406,0.9996080994606018,796.0410766601562,165.92518615722656,0.9996994733810425,811.3093872070312,117.59274291992188,0.9984171390533447,833.4549560546875,121.7918472290039,0.9988808035850525,865.8128662109375,121.74226379394531,0.9996356964111328,895.3794555664062,119.41361236572266,0.9997426867485046,822.9849243164062,90.41577911376953,0.9967676401138306,832.6859741210938,85.31085205078125,0.9995409250259399,903.386962890625,80.5140380859375,0.9985246062278748,792.0665893554688,140.98667907714844,0.9986500144004822,852.4137573242188,166.78660583496094,0.9997835755348206,876.3853759765625,150.2238006591797,0.9968441724777222
209,775.136474609375,84.72577667236328,0.9998075366020203,793.5873413085938,167.29771423339844,0.9997749924659729,811.1807861328125,118.40898132324219,0.9989243149757385,829.9403076171875,121.7918472290039,0.9986692667007446,864.1712646484375,122.27197265625,0.999534010887146,893.3978881835938,119.41361236572266,0.9997751116752625,821.0435791015625,90.41577911376953,0.9952812790870667,832.386962890625,85.31085205078125,0.999678373336792,903.386962890625,80.5140380859375,0.9985003471374512,791.370849609375,142.5052490234375,0.998613715171814,852.4910278320312,165.9196319580078,0.9997510313987732,876.2623901367188,151.81668090820312,0.9979451298713684
210,772.2277221679688,84.5956802368164,0.9998571872711182,791.925048828125,168.38702392578125,0.999610960483551,807.8690185546875,118.41887664794922,0.9994304776191711,827.81982421875,121.74663543701172,0.9989113807678223,861.8605346679688,122.27197265625,0.9997093081474304,891.5278930664062,119.41454315185547,0.9997714161872864,820.2955322265625,90.41577911376953,0.9966127276420593,832.324951171875,85.31085205078125,0.9996993541717529,902.452880859375,80.5140380859375,0.9984005093574524,790.5263671875,142.5052490234375,0.9992252588272095,852.4910278320312,165.62564086914062,0.9997153878211975,875.5873413085938,152.77127075195312,0.9980944991111755
211,770.3886108398438,84.71064758300781,0.9997753500938416,791.1402587890625,169.53329467773438,0.9996777772903442,805.35009765625,118.5858383178711,0.9992926120758057,825.3981323242188,121.7918472290039,0.9988337159156799,859.2802734375,122.27197265625,0.9996832609176636,889.429443359375,119.41454315185547,0.9996997117996216,818.3408203125,90.85383605957031,0.9973959922790527,831.0327758789062,85.31085205078125,0.9996447563171387,902.452880859375,80.5140380859375,0.9982218146324158,789.7266235351562,142.5052490234375,0.9994435906410217,852.4910278320312,165.62564086914062,0.9997178912162781,875.3646240234375,152.8360137939453,0.9972752928733826
212,767.0050048828125,84.72577667236328,0.9992271661758423,788.9365234375,169.53329467773438,0.9997401833534241,800.75341796875,118.64630126953125,0.9984151124954224,822.293212890625,121.88037872314453,0.9995391368865967,858.2268676757812,121.19671630859375,0.999799907207489,887.863525390625,119.31250762939453,0.9998599290847778,814.875732421875,91.18266296386719,0.9941869974136353,831.0327758789062,85.23250579833984,0.999602735042572,902.4459228515625,80.22245788574219,0.9983263611793518,788.8656005859375,140.6624298095703,0.9993258714675903,852.0626220703125,165.62564086914062,0.9996767044067383,873.28759765625,152.8360137939453,0.9979878664016724
213,764.0310668945312,84.72577667236328,0.9993600249290466,786.3193969726562,170.0131072998047,0.999707043170929,797.1190185546875,118.72756958007812,0.9991751313209534,820.1785888671875,121.88037872314453,0.999697208404541,855.3121948242188,120.94480895996094,0.999858021736145,884.3369140625,119.22093963623047,0.9998558759689331,811.10546875,91.41658782958984,0.9965709447860718,831.0327758789062,85.23250579833984,0.9996986389160156,902.3714599609375,80.04722595214844,0.9980762004852295,788.2473754882812,139.75511169433594,0.9990763664245605,852.0626220703125,165.62564086914062,0.9994794726371765,871.3034057617188,152.8360137939453,0.9976056814193726
214,761.3910522460938,84.78643035888672,0.9992812275886536,779.4105224609375,170.18312072753906,0.9994168281555176,794.8657836914062,119.09200286865234,0.999664306640625,816.404052734375,121.24723052978516,0.999459445476532,851.7691650390625,120.92931365966797,0.999803364276886,879.9852905273438,118.98031616210938,0.9996923208236694,804.0525512695312,91.62715148925781,0.9983310103416443,831.5089721679688,85.23250579833984,0.9997754693031311,902.2564086914062,79.65744018554688,0.9976669549942017,787.8026123046875,138.9990692138672,0.9978995323181152,851.8883056640625,165.61337280273438,0.9989896416664124,867.2904052734375,152.8360137939453,0.9968053102493286
215,761.2835083007812,84.78643035888672,0.999658465385437,775.4220581054688,170.44161987304688,0.9997473359107971,794.1911010742188,119.68690490722656,0.9995643496513367,813.8790283203125,121.0812759399414,0.9995753169059753,848.6654052734375,120.73462677001953,0.9997019171714783,877.7929077148438,118.95193481445312,0.9997984766960144,799.8480224609375,92.6485595703125,0.9976897239685059,831.5645751953125,85.31561279296875,0.9998428821563721,902.2564086914062,79.65744018554688,0.9975528120994568,787.5140380859375,138.8971405029297,0.9963974356651306,851.6702880859375,164.7795867919922,0.998802661895752,864.9487915039062,153.33824157714844,0.996185839176178
216,758.78515625,84.78643035888672,0.9998342990875244,772.4759521484375,170.44161987304688,0.9998595714569092,790.83935546875,120.27229309082031,0.9998762607574463,811.9741821289062,121.0812759399414,0.9995977282524109,845.7944946289062,120.73462677001953,0.9999083280563354,876.1512451171875,118.95193481445312,0.9998213648796082,789.1611328125,93.45879364013672,0.9976410865783691,831.6464233398438,85.54505157470703,0.9996894598007202,898.8654174804688,79.65744018554688,0.9985658526420593,787.3907470703125,138.41046142578125,0.9956310987472534,843.0494995117188,155.6157684326172,0.9989462494850159,864.9487915039062,153.5661163330078,0.9934794902801514
217,758.4962158203125,84.25216674804688,0.9998879432678223,768.598388671875,170.44161987304688,0.9997921586036682,788.0712280273438,121.00532531738281,0.9998927116394043,810.81201171875,121.0812759399414,0.999686598777771,843.6914672851562,120.4658432006836,0.9999077320098877,874.6033325195312,118.95193481445312,0.9998281002044678,780.061279296875,95.18231201171875,0.993012011051178,831.924560546875,85.56443786621094,0.9996850490570068,898.1767578125,79.91761016845703,0.9980947375297546,786.2691650390625,138.01014709472656,0.9969198703765869,836.8375854492188,155.6026611328125,0.9962015748023987,867.0405883789062,153.75889587402344,0.9968255758285522
218,758.234375,82.58795928955078,0.9998310804367065,766.7020874023438,169.4385528564453,0.9995629191398621,785.4596557617188,121.38584899902344,0.9997333884239197,809.3804321289062,121.74407958984375,0.9997041821479797,842.1531372070312,120.73462677001953,0.9998730421066284,874.5648193359375,119.33341217041016,0.9997941851615906,772.7277221679688,95.71784210205078,0.9941463470458984,832.14892578125,85.56443786621094,0.9997205138206482,894.3324584960938,82.53556823730469,0.9978000521659851,786.2691650390625,137.91456604003906,0.9958587288856506,831.2592163085938,155.3544464111328,0.9976932406425476,867.0405883789062,155.4270782470703,0.9980852603912354
219,757.6729736328125,81.30433654785156,0.9997530579566956,762.6962280273438,166.79136657714844,0.9998273253440857,782.47509765625,121.73003387451172,0.9993935823440552,807.7960815429688,122.02312469482422,0.9995928406715393,840.9310302734375,120.96299743652344,0.9998753070831299,872.377685546875,119.4795913696289,0.99983811378479,768.0801391601562,95.71784210205078,0.9924697279930115,833.0744018554688,85.92822265625,0.9998088479042053,887.7217407226562,83.74351501464844,0.9987930059432983,786.2691650390625,137.91456604003906,0.9934256076812744,819.2550659179688,155.3544464111328,0.999675989151001,867.5513305664062,156.37071228027344,0.9988527297973633
220,755.8374633789062,81.2979507446289,0.9992164373397827,757.122802734375,164.6130828857422,0.999811589717865,780.9681396484375,122.00472259521484,0.9988710284233093,806.0250244140625,122.1377944946289,0.9994710087776184,838.28125,121.06790161132812,0.9998522996902466,870.8645629882812,119.65485382080078,0.9998971223831177,761.9053955078125,95.71784210205078,0.9945803284645081,833.6224975585938,86.04460906982422,0.9998658895492554,884.0812377929688,84.85243225097656,0.9992130994796753,789.5798950195312,137.91456604003906,0.9941467046737671,814.6910400390625,155.6026611328125,0.999019980430603,867.9209594726562,156.53012084960938,0.999077320098877
221,755.6554565429688,80.95028686523438,0.9989125728607178,747.5404663085938,162.54380798339844,0.9998123049736023,779.3021850585938,122.00472259521484,0.9987473487854004,803.8817138671875,122.99352264404297,0.999273955821991,834.0687866210938,121.81670379638672,0.999796450138092,868.4577026367188,119.65485382080078,0.9999232292175293,759.0284423828125,95.15876007080078,0.9959216117858887,833.6224975585938,86.0909194946289,0.9999037981033325,873.1404418945312,85.03071594238281,0.9988393187522888,789.59912109375,139.5019989013672,0.9966182112693787,803.3203735351562,167.15560913085938,0.9993516802787781,868.0402221679688,157.55860900878906,0.9995059967041016
222,755.312255859375,80.61940002441406,0.9987630844116211,744.8928833007812,160.98072814941406,0.9996103644371033,777.2252197265625,122.00472259521484,0.9985752105712891,801.097412109375,123.2143783569336,0.9987818598747253,830.864501953125,122.26859283447266,0.9996668100357056,865.4658813476562,119.8999252319336,0.9999090433120728,757.9715576171875,94.48683166503906,0.9964420199394226,833.6224975585938,86.05603790283203,0.9998986721038818,865.334716796875,85.03071594238281,0.9983774423599243,789.59912109375,140.44949340820312,0.9979324340820312,793.0225219726562,171.1031494140625,0.9990955591201782,867.9209594726562,158.08151245117188,0.9995360374450684
223,755.2525024414062,77.65704345703125,0.9987697005271912,742.07275390625,157.88278198242188,0.9997077584266663,774.7996215820312,121.36658477783203,0.9990726709365845,798.340087890625,123.35051727294922,0.9981347322463989,829.6904296875,123.091796875,0.9996836185455322,860.5636596679688,119.9692611694336,0.9996743202209473,757.72607421875,94.29164123535156,0.9967591166496277,832.9303588867188,86.05603790283203,0.9998157620429993,853.4348754882812,85.14239501953125,0.9963374137878418,789.59912109375,140.44949340820312,0.9980383515357971,790.6952514648438,171.1031494140625,0.9997277855873108,867.9209594726562,158.08151245117188,0.9995958209037781
224,755.2525024414062,76.66812896728516,0.9989975094795227,737.8489379882812,156.091552734375,0.9997597336769104,772.2567138671875,121.36658477783203,0.9994699358940125,796.0100708007812,123.51423645019531,0.9989970326423645,826.9301147460938,123.64189910888672,0.9994950294494629,857.656494140625,120.14749908447266,0.9994890689849854,757.256103515625,93.58885955810547,0.9973012804985046,830.9500732421875,86.05603790283203,0.9998000264167786,850.2495727539062,85.14239501953125,0.9929648637771606,788.7962036132812,140.44949340820312,0.9979138970375061,788.3018188476562,171.1031494140625,0.9998471736907959,867.5833740234375,158.08151245117188,0.9996079802513123
225,754.1907958984375,76.66812896728516,0.9994014501571655,732.3164672851562,156.091552734375,0.9995399713516235,769.08251953125,121.36658477783203,0.9993416666984558,791.7398071289062,123.61746978759766,0.9995251893997192,822.3887329101562,123.75421142578125,0.9995501637458801,856.61474609375,120.44296264648438,0.9996609687805176,757.1602783203125,93.28417205810547,0.9981600642204285,830.857177734375,85.05802917480469,0.9997950196266174,843.5880737304688,85.32594299316406,0.9931769371032715,788.7962036132812,139.2386016845703,0.997219443321228,786.3955078125,171.1031494140625,0.9998441934585571,867.2090454101562,157.95399475097656,0.9996582269668579
226,751.1446533203125,74.37544250488281,0.9982563853263855,731.0977783203125,156.0862274169922,0.9996393918991089,765.08056640625,121.4217529296875,0.9984013438224792,788.6114501953125,123.95970153808594,0.9995643496513367,818.8745727539062,123.95013427734375,0.9997724890708923,850.51806640625,120.7670669555664,0.9998376369476318,756.4280395507812,92.67232513427734,0.9988492727279663,830.857177734375,84.87826538085938,0.9997041821479797,841.2583618164062,86.31710815429688,0.9985976815223694,788.6771240234375,138.757568359375,0.9960261583328247,785.7416381835938,171.1031494140625,0.9998332262039185,866.1892700195312,157.5066375732422,0.9996356964111328
227,746.25341796875,74.2042007446289,0.9970616698265076,729.1371459960938,155.43104553222656,0.9996321201324463,762.2811889648438,122.3731460571289,0.9988608360290527,785.5023803710938,124.40127563476562,0.9995914101600647,814.7959594726562,123.95013427734375,0.9997032284736633,847.5261840820312,121.30912780761719,0.9997488856315613,755.1837768554688,92.67232513427734,0.9986856579780579,830.8124389648438,84.87078857421875,0.9995235204696655,839.5125732421875,86.31710815429688,0.9988514184951782,788.6771240234375,138.757568359375,0.9946302175521851,784.5885009765625,172.0420684814453,0.9998183846473694,865.2838134765625,157.2440185546875,0.9994223117828369
228,744.5006103515625,72.71783447265625,0.9995878338813782,725.2252807617188,155.87596130371094,0.9998862743377686,760.6848754882812,122.5633544921875,0.9992642998695374,782.6075439453125,124.53721618652344,0.9990277290344238,813.8458251953125,125.15177154541016,0.9997095465660095,845.332763671875,121.98324584960938,0.9994957447052002,752.1873168945312,92.61882781982422,0.9982263445854187,830.7155151367188,84.87078857421875,0.9990262985229492,838.9590454101562,86.31710815429688,0.9988921284675598,788.6771240234375,138.757568359375,0.9937132000923157,784.2777709960938,172.7667694091797,0.9998025298118591,864.5985107421875,157.2440185546875,0.998684823513031
229,740.7616577148438,72.71783447265625,0.9998284578323364,722.0762939453125,156.0862274169922,0.999871015548706,758.0571899414062,122.5633544921875,0.999538779258728,780.7247314453125,124.53721618652344,0.9990777969360352,811.552734375,125.15177154541016,0.9996479749679565,842.6800537109375,121.98324584960938,0.9994400143623352,751.256591796875,92.61882781982422,0.998225748538971,828.8084106445312,84.87078857421875,0.9987694621086121,838.7224731445312,85.31269073486328,0.9989684820175171,785.3312377929688,140.75794982910156,0.9893508553504944,783.7992553710938,172.7667694091797,0.9997832179069519,864.2311401367188,157.2440185546875,0.9980892539024353
230,736.77734375,72.71783447265625,0.9997275471687317,719.9990844726562,156.0862274169922,0.9997859597206116,755.8302612304688,122.5633544921875,0.9994999170303345,778.5596313476562,124.53721618652344,0.9995195865631104,809.6925048828125,125.15177154541016,0.9993595480918884,840.0696411132812,121.98324584960938,0.9995537400245667,751.0137939453125,92.30352020263672,0.998184859752655,825.809814453125,84.62886047363281,0.9973617196083069,838.7224731445312,84.09661865234375,0.9992772936820984,780.051513671875,141.37876892089844,0.9922462105751038,783.7425537109375,172.7667694091797,0.9997511506080627,864.2080078125,157.37893676757812,0.9979575872421265
231,734.7684326171875,74.32329559326172,0.9994407296180725,719.9990844726562,157.1206817626953,0.9997559189796448,754.4331665039062,121.64508819580078,0.999447762966156,776.484375,124.47355651855469,0.9996439218521118,807.3711547851562,124.42964172363281,0.9995200634002686,838.615478515625,121.9643325805664,0.9997476935386658,751.0137939453125,91.77361297607422,0.9978165626525879,822.11279296875,84.62886047363281,0.9621776342391968,838.9369506835938,82.61624145507812,0.9994934797286987,773.4996337890625,143.8013916015625,0.9884904623031616,783.7425537109375,172.2519073486328,0.9997132420539856,863.6585083007812,157.37893676757812,0.9977319240570068
232,731.6719360351562,74.78521728515625,0.9993979930877686,719.9990844726562,158.72476196289062,0.999790370464325,752.7429809570312,120.5027847290039,0.9992929697036743,774.7818603515625,123.43081665039062,0.9996713399887085,806.4993896484375,124.28828430175781,0.9996910095214844,837.3709716796875,121.93647766113281,0.9997965693473816,750.6298217773438,91.104248046875,0.9975965619087219,804.0428466796875,82.37257385253906,0.9984196424484253,838.9590454101562,82.20231628417969,0.9993191957473755,770.4419555664062,144.51817321777344,0.9799102544784546,783.7425537109375,171.62881469726562,0.9996511936187744,862.0758056640625,157.37893676757812,0.9976046085357666
233,729.344482421875,77.48625183105469,0.9997010827064514,720.3068237304688,159.66073608398438,0.9997820258140564,752.07177734375,120.5027847290039,0.9992519021034241,773.6175537109375,123.43081665039062,0.9997739195823669,805.9305419921875,124.22032928466797,0.9997753500938416,836.2649536132812,121.71180725097656,0.9998251795768738,751.0137939453125,91.104248046875,0.9982174038887024,801.1063232421875,82.37257385253906,0.9995861649513245,840.3622436523438,82.20231628417969,0.9986477494239807,760.9784545898438,144.80328369140625,0.9730333685874939,784.1610717773438,170.86312866210938,0.9996910095214844,860.5890502929688,157.05752563476562,0.9977807402610779
234,728.8921508789062,79.78665924072266,0.999871015548706,721.5891723632812,160.1442413330078,0.9998414516448975,750.0494384765625,120.5027847290039,0.9994937181472778,772.850830078125,123.43081665039062,0.9996738433837891,804.851318359375,124.17205810546875,0.9997931122779846,834.4945678710938,121.4389877319336,0.999763548374176,751.0389404296875,91.104248046875,0.9983150959014893,796.8682250976562,82.37257385253906,0.9984861016273499,841.0850830078125,82.20231628417969,0.9986914992332458,755.3622436523438,144.80328369140625,0.9929059743881226,784.1610717773438,170.4021759033203,0.9997406601905823,851.9705200195312,156.65057373046875,0.9996017813682556
235,726.8763427734375,81.5156021118164,0.9999181032180786,722.4691772460938,160.702392578125,0.9998040795326233,748.0736083984375,120.78176879882812,0.9994762539863586,771.6401977539062,123.69529724121094,0.9995044469833374,803.5650024414062,124.10665893554688,0.9998224377632141,832.8229370117188,121.384033203125,0.9997151494026184,753.7556762695312,92.0464096069336,0.9993863105773926,788.0214233398438,82.76825714111328,0.9962940812110901,841.0850830078125,82.4325180053711,0.9989050626754761,748.5317993164062,144.80328369140625,0.9705545902252197,784.1610717773438,170.1466522216797,0.9998341798782349,844.2550048828125,156.3957977294922,0.9986525177955627
236,718.4769897460938,82.032958984375,0.9996726512908936,723.7615966796875,161.01641845703125,0.999895453453064,747.2330932617188,120.78176879882812,0.9994124174118042,770.1256103515625,123.85066223144531,0.9993042945861816,801.6526489257812,124.10665893554688,0.999826967716217,831.4295043945312,121.36398315429688,0.999484658241272,754.6427612304688,92.0464096069336,0.9995352029800415,777.9403686523438,83.80522155761719,0.9512795805931091,841.0850830078125,82.58935546875,0.9992075562477112,742.1632690429688,143.29315185546875,0.9870449900627136,783.5380249023438,169.02352905273438,0.999849796295166,837.1235961914062,156.2139129638672,0.9990915060043335
237,715.7069091796875,82.58442687988281,0.9996733665466309,724.086669921875,162.27996826171875,0.9999237060546875,745.9429931640625,120.78176879882812,0.9992026686668396,767.4609985351562,123.85066223144531,0.9985777139663696,800.0576171875,124.10665893554688,0.9996553659439087,830.0703125,121.36398315429688,0.9995006322860718,754.6427612304688,92.0464096069336,0.9993495345115662,768.1361694335938,84.16848754882812,0.9971116781234741,840.740478515625,83.14128112792969,0.9991543292999268,737.067138671875,143.26856994628906,0.9855692982673645,783.5380249023438,168.63401794433594,0.9998109936714172,825.0309448242188,156.2139129638672,0.9908339381217957
238,713.6961059570312,84.42236328125,0.9993744492530823,726.66845703125,164.0110321044922,0.9997701048851013,744.9212036132812,119.94698333740234,0.9982701539993286,763.8489379882812,123.85066223144531,0.9982432126998901,799.2979125976562,124.14735412597656,0.9993940591812134,828.248291015625,121.4389877319336,0.9996408224105835,754.6427612304688,91.187255859375,0.9983633160591125,761.5966186523438,84.16848754882812,0.9963735938072205,840.3109741210938,83.60383605957031,0.9991917014122009,724.8279418945312,142.847412109375,0.9962484240531921,783.5380249023438,167.60255432128906,0.9995018243789673,818.6824340820312,155.9018096923828,0.9924087524414062
239,711.1456909179688,85.97863006591797,0.9996356964111328,728.2265014648438,164.30349731445312,0.9992414712905884,742.5643310546875,119.74977111816406,0.9987898468971252,762.2245483398438,122.3920669555664,0.9983365535736084,796.3805541992188,124.14735412597656,0.9994377493858337,826.3367919921875,121.57786560058594,0.9996352195739746,752.9977416992188,90.95684814453125,0.9965167045593262,760.5839233398438,84.16848754882812,0.9948941469192505,840.3109741210938,83.79026794433594,0.999247670173645,724.1807250976562,142.847412109375,0.996826708316803,784.72265625,165.72604370117188,0.9991722106933594,810.9513549804688,155.50570678710938,0.9948662519454956
240,707.3369750976562,87.0516357421875,0.9996423721313477,739.4644775390625,165.46853637695312,0.9937418103218079,739.259521484375,119.74977111816406,0.9990386962890625,760.8046264648438,122.27822875976562,0.9990936517715454,793.2890625,124.14735412597656,0.9993159770965576,823.9033203125,121.57786560058594,0.9997527003288269,750.5784912109375,90.95684814453125,0.9957177042961121,760.4341430664062,85.78582000732422,0.9968602657318115,840.226806640625,83.80403900146484,0.9992934465408325,721.9281005859375,142.99229431152344,0.9972723126411438,784.72265625,164.63803100585938,0.9990861415863037,808.6773071289062,155.35621643066406,0.9950307607650757
241,702.0270385742188,88.475830078125,0.9983231425285339,740.2134399414062,166.82313537597656,0.993839681148529,735.7841186523438,119.74977111816406,0.9978773593902588,758.8240356445312,122.22803497314453,0.9993723034858704,791.55908203125,123.88253784179688,0.9997091889381409,821.14404296875,121.57786560058594,0.9998472929000854,749.7952270507812,90.95684814453125,0.9958294034004211,760.368408203125,86.04871368408203,0.9978163242340088,840.0496215820312,83.8260498046875,0.9991820454597473,719.1605834960938,142.99229431152344,0.9968258142471313,784.72265625,163.3428192138672,0.998955488204956,807.5062866210938,154.28695678710938,0.9965075850486755
242,699.1068725585938,90.58177947998047,0.9975742697715759,740.2134399414062,166.82720947265625,0.9901836514472961,735.0318603515625,119.84794616699219,0.9978665709495544,756.6954345703125,122.0530776977539,0.9993051290512085,789.2401123046875,123.2752456665039,0.9998199343681335,818.6095581054688,121.55482482910156,0.9998525381088257,748.9411010742188,91.0295639038086,0.9938643574714661,760.368408203125,86.10377502441406,0.9981483221054077,840.0496215820312,84.11582946777344,0.9991593360900879,717.545654296875,142.847412109375,0.9973592162132263,784.227294921875,161.84152221679688,0.998150646686554,804.900390625,154.28695678710938,0.9942360520362854
243,696.5933227539062,90.94915008544922,0.9975672960281372,740.2134399414062,166.95074462890625,0.9889074563980103,733.2030639648438,120.01358795166016,0.997990608215332,754.2702026367188,121.77912139892578,0.9990635514259338,786.6138305664062,123.09815216064453,0.9997745156288147,816.2699584960938,121.04562377929688,0.9997046589851379,747.5716552734375,91.47224426269531,0.990220308303833,760.0967407226562,86.513671875,0.9989750385284424,840.2244262695312,84.5262680053711,0.9991297125816345,716.1509399414062,142.99229431152344,0.9971145391464233,784.2182006835938,161.80313110351562,0.9981269240379333,801.1538696289062,154.28695678710938,0.9887332916259766
244,694.784423828125,90.9953842163086,0.998840868473053,738.8657836914062,167.10098266601562,0.9819849133491516,731.0907592773438,120.36419677734375,0.9981483221054077,751.767333984375,121.77912139892578,0.9982962012290955,784.609375,122.70280456542969,0.9995939135551453,813.8095703125,121.04129791259766,0.9996627569198608,745.8534545898438,91.51354217529297,0.9813013076782227,759.7581176757812,86.61383056640625,0.9996315240859985,840.2244262695312,84.67317962646484,0.9988313317298889,713.6632690429688,142.99229431152344,0.9977285265922546,784.0447998046875,161.80313110351562,0.9990952014923096,798.3275146484375,153.93357849121094,0.9955775737762451
245,690.6661376953125,92.1448745727539,0.9993051290512085,732.4805908203125,168.60116577148438,0.9918964505195618,727.96240234375,121.31887817382812,0.9992421865463257,748.2544555664062,121.77912139892578,0.998650848865509,782.7031860351562,122.62531280517578,0.9996200799942017,812.014892578125,120.9288101196289,0.9997214674949646,742.3610229492188,92.9701919555664,0.9930758476257324,759.26025390625,86.61383056640625,0.9998451471328735,840.2453002929688,85.29631805419922,0.998668909072876,712.2244873046875,143.0743865966797,0.9986793398857117,783.9346313476562,161.80313110351562,0.9988473653793335,797.0067138671875,153.11129760742188,0.9952346682548523
246,687.2158203125,93.60848236083984,0.9985643029212952,730.38330078125,170.48321533203125,0.9978811144828796,724.7113647460938,122.51737213134766,0.9996016621589661,745.7257690429688,122.82929992675781,0.9988341927528381,780.0125122070312,122.58863067626953,0.9998010993003845,810.5098266601562,120.78125762939453,0.9995962977409363,740.7146606445312,93.5430908203125,0.9906458854675293,758.9572143554688,86.61383056640625,0.9999086856842041,840.2453002929688,85.70960235595703,0.9986010193824768,712.2244873046875,143.13429260253906,0.9990252256393433,783.6886596679688,161.80313110351562,0.9991233944892883,796.3557739257812,153.11129760742188,0.9955946803092957
247,682.9020385742188,94.03876495361328,0.9982414245605469,727.1483154296875,172.5984344482422,0.9995891451835632,722.41064453125,122.81835174560547,0.9995471835136414,744.011962890625,123.51982116699219,0.999428927898407,778.4202270507812,122.33850860595703,0.9998093247413635,809.5068969726562,120.4310531616211,0.9997256398200989,738.2509155273438,94.18649291992188,0.9894447922706604,758.2394409179688,86.4827880859375,0.9999333620071411,840.2453002929688,85.70960235595703,0.998464822769165,712.2244873046875,143.73365783691406,0.9993288516998291,782.8578491210938,161.80313110351562,0.9989349246025085,795.8342895507812,153.11129760742188,0.9958568215370178
248,681.3931274414062,95.70415496826172,0.9985492825508118,724.7903442382812,174.7298126220703,0.9997424483299255,720.7222900390625,123.23749542236328,0.9992996454238892,742.771484375,123.92224884033203,0.9995013475418091,777.6962890625,121.15289306640625,0.9998220801353455,807.2686157226562,119.07435607910156,0.9998289346694946,733.6425170898438,95.37236785888672,0.9954452514648438,757.981689453125,86.29437255859375,0.9999223947525024,839.8203125,85.70960235595703,0.9984349608421326,712.8936767578125,143.73365783691406,0.9989895224571228,779.73779296875,159.80381774902344,0.9925819635391235,792.322998046875,153.11129760742188,0.9964062571525574
249,680.9569091796875,97.5884780883789,0.9986911416053772,721.4692993164062,174.95330810546875,0.9993510842323303,718.7034301757812,123.95375061035156,0.9987896084785461,741.2279663085938,124.2109375,0.9994238615036011,776.3321533203125,120.58209991455078,0.9998413324356079,805.8441772460938,118.50872039794922,0.9998587369918823,727.7413940429688,96.41685485839844,0.9980535507202148,757.9715576171875,85.99906921386719,0.9999110698699951,831.7945556640625,84.75188446044922,0.9981922507286072,713.0733032226562,143.73365783691406,0.9980626702308655,770.4915771484375,157.86126708984375,0.996138870716095,792.2977905273438,151.94313049316406,0.9968931674957275
250,680.6184692382812,98.56654357910156,0.9992443323135376,719.286376953125,175.0823516845703,0.9990828037261963,718.0531616210938,125.26622009277344,0.9992088675498962,739.638916015625,124.2109375,0.9992372989654541,774.581298828125,120.58209991455078,0.9998443126678467,804.476318359375,118.50872039794922,0.9998607635498047,723.7904663085938,96.41685485839844,0.9990346431732178,757.9715576171875,85.8701171875,0.9999101161956787,825.5780639648438,81.42182922363281,0.9974808096885681,713.228515625,143.07115173339844,0.9948346614837646,764.9365844726562,157.86126708984375,0.9962807297706604,792.2977905273438,151.94313049316406,0.9982672929763794
251,679.076904296875,98.56654357910156,0.9995893836021423,718.6797485351562,175.12054443359375,0.9987142086029053,716.2919921875,125.26622009277344,0.9992749094963074,738.3943481445312,124.2109375,0.9988911747932434,772.0780029296875,120.58209991455078,0.9998244643211365,802.5875854492188,118.50872039794922,0.9998540878295898,714.31884765625,96.41685485839844,0.9985805749893188,757.9715576171875,85.48485565185547,0.9998537302017212,824.4129028320312,78.96096801757812,0.9975670576095581,714.571533203125,142.56216430664062,0.9842110276222229,756.7891845703125,157.86126708984375,0.9930914640426636,792.322998046875,151.94313049316406,0.9979748129844666
252,676.9568481445312,98.56654357910156,0.9995563626289368,716.4313354492188,176.3775634765625,0.9993098974227905,714.4791870117188,125.26622009277344,0.9986308217048645,735.5433959960938,123.95307922363281,0.9982826709747314,769.1812133789062,121.07146453857422,0.9997826218605042,800.3795776367188,118.60416412353516,0.9998137354850769,706.5231323242188,97.41736602783203,0.9994078874588013,759.1083984375,85.45122528076172,0.9998372793197632,817.76513671875,77.87063598632812,0.9989873766899109,714.6079711914062,142.26739501953125,0.9658817648887634,749.3074340820312,160.17886352539062,0.9884264469146729,794.0057373046875,153.45425415039062,0.9964165687561035
253,674.0349731445312,97.59681701660156,0.999652624130249,711.793212890625,176.3775634765625,0.9991704225540161,712.750244140625,125.26622009277344,0.9994334578514099,734.5874633789062,123.95307922363281,0.9978849291801453,767.636474609375,121.17304992675781,0.9997743964195251,798.0403442382812,118.60416412353516,0.9998766183853149,701.1134643554688,97.89105224609375,0.9990328550338745,760.8580932617188,84.99236297607422,0.9998408555984497,810.860595703125,77.87063598632812,0.9975367784500122,720.818359375,140.66278076171875,0.9721094965934753,746.3228149414062,164.11167907714844,0.996189534664154,794.4041137695312,155.0670623779297,0.9977530837059021
254,672.2570190429688,95.81993103027344,0.9983458518981934,707.5447998046875,176.3775634765625,0.9993517994880676,710.5065307617188,125.26622009277344,0.9994980096817017,732.5541381835938,123.95307922363281,0.9976450800895691,764.8614501953125,121.2872085571289,0.9998257756233215,794.8955078125,118.60416412353516,0.9998766183853149,691.5061645507812,102.6054458618164,0.9979915618896484,761.3310546875,84.99236297607422,0.9998742341995239,800.3749389648438,78.857666015625,0.9987955093383789,720.818359375,140.66278076171875,0.988690972328186,735.7098999023438,165.03073120117188,0.9993619322776794,794.4041137695312,155.93775939941406,0.9989197254180908
255,669.6448364257812,94.59699249267578,0.9976509213447571,701.2891235351562,175.93240356445312,0.9984081387519836,706.58837890625,126.96639251708984,0.999562680721283,729.2628173828125,125.17387390136719,0.9988822340965271,761.3988647460938,121.71564483642578,0.9996551275253296,794.66943359375,118.60416412353516,0.999742329120636,683.649658203125,102.6054458618164,0.9968646168708801,761.3310546875,84.73455047607422,0.9997972846031189,786.9324340820312,78.857666015625,0.9951421022415161,720.818359375,140.66278076171875,0.9821363091468811,725.6924438476562,168.8526153564453,0.9991880059242249,794.4041137695312,156.25535583496094,0.9991862177848816
256,668.4900512695312,94.52877807617188,0.9974020719528198,695.9525756835938,175.93240356445312,0.994192898273468,703.0740356445312,126.96639251708984,0.998230516910553,725.8273315429688,126.29698181152344,0.999422550201416,756.8226928710938,121.7889175415039,0.9998144507408142,791.73828125,118.60416412353516,0.9999032020568848,679.65380859375,102.82186889648438,0.9963533878326416,761.387451171875,84.65723419189453,0.99985671043396,783.690673828125,78.857666015625,0.9959678649902344,717.5771484375,140.93788146972656,0.9921139478683472,718.5675659179688,171.02833557128906,0.9994686245918274,794.5182495117188,156.3241729736328,0.9993959665298462
257,666.2716064453125,94.23291778564453,0.997622549533844,687.7445678710938,174.48643493652344,0.9929584264755249,700.2711181640625,127.88363647460938,0.9980165958404541,722.166748046875,126.51832580566406,0.9992595314979553,753.290283203125,122.06647491455078,0.9998193383216858,787.9672241210938,118.69696807861328,0.999943733215332,679.3744506835938,102.82186889648438,0.9975079298019409,761.4298706054688,83.67160034179688,0.9998555183410645,778.7228393554688,78.99886322021484,0.9978601336479187,717.5771484375,141.03140258789062,0.9956167936325073,716.2753295898438,172.44952392578125,0.9994608759880066,794.0222778320312,156.3241729736328,0.9993915557861328
258,664.8741455078125,92.106201171875,0.9985966086387634,679.6200561523438,174.48643493652344,0.9989649057388306,698.42626953125,127.99789428710938,0.9972501397132874,718.8361206054688,127.09954833984375,0.9984613656997681,749.8556518554688,122.65735626220703,0.9994688630104065,783.9312133789062,118.7056884765625,0.9998629093170166,677.9475708007812,101.83745574951172,0.9987180233001709,761.5623779296875,82.6049575805664,0.9995415210723877,774.175048828125,80.6842041015625,0.9962208867073059,716.9286499023438,141.72433471679688,0.9950556755065918,714.7933349609375,173.28005981445312,0.9995163679122925,793.8973999023438,156.3241729736328,0.9991945624351501
259,663.9932250976562,89.20344543457031,0.999447762966156,676.450927734375,172.25466918945312,0.9995511174201965,693.6875610351562,128.15237426757812,0.9994261264801025,715.3346557617188,127.44773864746094,0.9987082481384277,747.3138427734375,124.84202575683594,0.9993348717689514,779.7706909179688,119.03147888183594,0.99973064661026,675.8244018554688,101.81455993652344,0.9991039633750916,761.5623779296875,82.6049575805664,0.9988812804222107,773.4417724609375,81.0556869506836,0.9969991445541382,716.2937622070312,142.02700805664062,0.9922966361045837,711.4688720703125,173.28005981445312,0.9997236132621765,793.0098876953125,156.44517517089844,0.9997361302375793
260,663.158447265625,85.95980834960938,0.9997149109840393,669.8104858398438,171.1156463623047,0.9976435303688049,689.238525390625,128.91786193847656,0.9994297623634338,711.2772827148438,128.24021911621094,0.9993114471435547,741.993896484375,125.36023712158203,0.9995651841163635,777.6625366210938,120.7756576538086,0.9995050430297852,674.387939453125,100.84273529052734,0.9990798234939575,761.5623779296875,82.6049575805664,0.9988582134246826,772.5465087890625,81.3167495727539,0.9977622032165527,716.2462768554688,142.37355041503906,0.9930185675621033,711.3200073242188,173.28005981445312,0.9998582601547241,792.8495483398438,156.65745544433594,0.9996755123138428
261,661.556884765625,84.33150482177734,0.9998358488082886,661.8095703125,170.52255249023438,0.999840497970581,685.4658203125,128.91786193847656,0.9978856444358826,707.9351806640625,128.24021911621094,0.999114453792572,737.676025390625,125.36103057861328,0.9997492432594299,770.9855346679688,120.78559875488281,0.999772846698761,672.9974975585938,100.17863464355469,0.9989283680915833,761.2152099609375,83.74422454833984,0.9981877207756042,769.8131103515625,81.56792449951172,0.9983878135681152,715.9854125976562,142.4422607421875,0.9929242134094238,711.3200073242188,172.8196258544922,0.9998843669891357,792.0955200195312,157.03749084472656,0.9996331930160522
262,658.9478759765625,84.08209228515625,0.9997096657752991,656.322021484375,169.2611541748047,0.9997847676277161,683.1327514648438,128.91786193847656,0.9979496598243713,704.532958984375,128.24021911621094,0.9985753297805786,734.8878173828125,125.77991485595703,0.9994729161262512,767.8211669921875,121.40093994140625,0.9997181296348572,672.9382934570312,99.83735656738281,0.9988604784011841,750.3548583984375,84.68537139892578,0.9993662238121033,763.7921752929688,81.56792449951172,0.9991771578788757,714.8660278320312,142.4422607421875,0.9936490654945374,711.3200073242188,172.819580078125,0.9998869895935059,791.68408203125,157.10008239746094,0.9995552897453308
263,656.121337890625,84.01144409179688,0.9994753003120422,650.0099487304688,166.53460693359375,0.9998818635940552,682.0654296875,128.43492126464844,0.9974096417427063,702.7072143554688,127.91612243652344,0.9986445307731628,734.1089477539062,126.36603546142578,0.9991500377655029,765.9491577148438,121.58609771728516,0.9995183944702148,672.4915161132812,98.58000183105469,0.9988420605659485,744.8671875,85.37309265136719,0.9989445805549622,761.68408203125,81.56792449951172,0.9992313385009766,711.2911987304688,143.3223419189453,0.9891358613967896,712.256103515625,171.95555114746094,0.999843955039978,791.66455078125,157.21804809570312,0.999483585357666
264,654.9707641601562,83.92676544189453,0.999562680721283,645.8673095703125,165.35919189453125,0.9999244213104248,681.0279541015625,127.77650451660156,0.9982534050941467,701.5914306640625,127.91612243652344,0.9978005290031433,733.0807495117188,126.50906372070312,0.9993636012077332,764.9669189453125,121.58609771728516,0.9992573857307434,671.895263671875,98.07080841064453,0.9980452060699463,739.7099609375,86.22901916503906,0.999170184135437,761.68408203125,81.17274475097656,0.9983696341514587,708.8442993164062,143.4829864501953,0.9874681234359741,712.256103515625,171.7324676513672,0.9998231530189514,790.5662231445312,157.21804809570312,0.9995777010917664
265,653.5859985351562,83.6399154663086,0.999639630317688,643.7411499023438,165.35919189453125,0.9999316930770874,679.7276000976562,127.27169036865234,0.9990248680114746,700.8394165039062,127.91056823730469,0.9975488781929016,732.2708129882812,126.50906372070312,0.9995243549346924,763.4811401367188,121.58609771728516,0.9992793202400208,671.3186645507812,97.39093780517578,0.9979743361473083,732.332763671875,86.55216217041016,0.9995138645172119,761.68408203125,80.42342376708984,0.9983032941818237,704.182373046875,143.9604034423828,0.9847729206085205,712.256103515625,171.2974853515625,0.9998264908790588,789.1510620117188,157.21804809570312,0.9996267557144165
266,653.1166381835938,83.20458221435547,0.9996737241744995,643.251953125,165.35919189453125,0.9999269247055054,677.7442626953125,126.71712493896484,0.9993588328361511,699.2117919921875,127.75555419921875,0.9987490177154541,731.2691040039062,126.50906372070312,0.9995180368423462,761.812744140625,121.1890869140625,0.9993333220481873,671.3186645507812,97.39093780517578,0.997921884059906,722.9866943359375,87.90093994140625,0.9990389347076416,763.8102416992188,79.82296752929688,0.9977394342422485,699.0717163085938,145.47972106933594,0.9865381717681885,712.3056640625,169.91580200195312,0.9997759461402893,784.769775390625,155.33946228027344,0.9989902377128601
267,652.10546875,82.89067840576172,0.9997335076332092,643.1484985351562,164.4781494140625,0.9999293088912964,676.17431640625,126.35367584228516,0.9996354579925537,698.0280151367188,127.5647201538086,0.999460756778717,730.7428588867188,126.3064193725586,0.9993195533752441,760.704345703125,121.09552001953125,0.9994229078292847,671.3186645507812,97.39093780517578,0.9973207116127014,716.7119140625,87.90093994140625,0.9993140697479248,763.8102416992188,79.41357421875,0.9970070719718933,693.3773193359375,146.9821014404297,0.9664933085441589,712.1093139648438,169.80459594726562,0.9997983574867249,779.7070922851562,155.33946228027344,0.9986883997917175
268,650.146484375,82.76519775390625,0.9996316432952881,642.6564331054688,164.4781494140625,0.9999309778213501,674.2389526367188,126.29639434814453,0.9996538162231445,696.5009765625,127.41136932373047,0.9996798038482666,728.6490478515625,124.54402923583984,0.9990288019180298,759.981201171875,120.6503677368164,0.9996640682220459,671.8681640625,97.39093780517578,0.9974417686462402,709.4476318359375,87.90093994140625,0.9995285272598267,763.8102416992188,79.41357421875,0.998017430305481,678.2722778320312,146.9821014404297,0.9669352173805237,712.044189453125,169.79393005371094,0.9997672438621521,775.095458984375,155.33946228027344,0.9995830655097961
269,649.575927734375,82.75862884521484,0.9997566342353821,641.7686157226562,164.4781494140625,0.999932050704956,673.0440063476562,125.28194427490234,0.999415397644043,695.11962890625,126.1588134765625,0.9998109936714172,727.9404907226562,124.4333724975586,0.9993638396263123,759.14892578125,120.57388305664062,0.9998248219490051,673.48876953125,97.39093780517578,0.9984398484230042,701.5332641601562,82.69307708740234,0.998417854309082,763.7611694335938,79.41357421875,0.9979817867279053,668.6492919921875,146.9821014404297,0.9718934893608093,712.0167236328125,169.80459594726562,0.9996192455291748,763.2184448242188,155.42982482910156,0.9985688924789429
270,645.9764404296875,80.98668670654297,0.9998832941055298,640.2657470703125,163.55990600585938,0.9999140501022339,670.703125,123.51029968261719,0.9993496537208557,693.8992309570312,125.48894500732422,0.9997653365135193,726.6735229492188,124.16712188720703,0.9997126460075378,757.90283203125,120.4928207397461,0.9998613595962524,674.9922485351562,95.96472930908203,0.9983057975769043,698.4874877929688,80.39057159423828,0.9991310238838196,763.4016723632812,79.74686431884766,0.9982535243034363,661.7715454101562,146.57394409179688,0.9879796504974365,711.2503662109375,169.80459594726562,0.9995457530021667,757.2445678710938,155.42982482910156,0.9995983242988586
271,644.9990234375,79.05947875976562,0.9998083710670471,637.9746704101562,162.9334716796875,0.9998050332069397,669.4098510742188,121.24775695800781,0.9989639520645142,692.4530639648438,124.94297790527344,0.9996374845504761,725.0999145507812,123.28169250488281,0.9998086094856262,756.6242065429688,120.24597930908203,0.9998842477798462,675.96240234375,94.59273529052734,0.9980192184448242,694.8758544921875,80.08082580566406,0.9993792772293091,763.281005859375,80.11166381835938,0.9983530044555664,657.2277221679688,143.89234924316406,0.9817339181900024,709.6476440429688,169.47067260742188,0.9996719360351562,752.0201416015625,155.42982482910156,0.9973800778388977
272,644.7139892578125,77.93220520019531,0.9996436834335327,634.4072875976562,161.53219604492188,0.9995512366294861,667.6121826171875,120.72978973388672,0.9986944794654846,690.2796630859375,124.13356018066406,0.9994076490402222,722.5919799804688,122.82569122314453,0.9998165965080261,754.5477905273438,120.07210540771484,0.9998797178268433,675.96240234375,93.74989318847656,0.9976807832717896,690.5458984375,79.93856811523438,0.999398946762085,762.77490234375,80.7167739868164,0.9983023405075073,649.28662109375,141.08282470703125,0.9783575534820557,709.6476440429688,169.47067260742188,0.9996188879013062,744.20751953125,154.6170196533203,0.9972946047782898
273,644.3358154296875,76.68649291992188,0.9993762373924255,630.691650390625,159.90264892578125,0.9997362494468689,665.4876098632812,120.20654296875,0.9977743029594421,688.24365234375,123.69351196289062,0.9988821148872375,719.7410278320312,122.19002532958984,0.9997029900550842,752.4244384765625,119.86919403076172,0.9997990727424622,675.96240234375,93.67855072021484,0.9980493783950806,689.1483154296875,79.16703033447266,0.9995131492614746,762.7352294921875,80.96595764160156,0.9983036518096924,642.3246459960938,140.2156982421875,0.9865427017211914,709.6476440429688,169.47067260742188,0.9996141195297241,740.39501953125,154.58956909179688,0.998075008392334
274,642.5942993164062,75.78241729736328,0.9994251728057861,627.1387329101562,159.2942657470703,0.999868631362915,663.0298461914062,119.9079360961914,0.99556964635849,684.6365356445312,121.00007629394531,0.9982622265815735,718.5576782226562,121.78644561767578,0.9997184872627258,750.0213012695312,119.71360778808594,0.9997888207435608,675.3811645507812,93.65835571289062,0.9978799819946289,688.8013916015625,79.09590148925781,0.9995720982551575,762.6076049804688,81.1911392211914,0.9982303977012634,642.3246459960938,139.9738006591797,0.9886522889137268,710.4917602539062,168.31507873535156,0.9996253252029419,738.6364135742188,154.57733154296875,0.9964336156845093
275,642.1922607421875,75.25088500976562,0.9991915822029114,623.7294311523438,156.35140991210938,0.9996891021728516,659.9435424804688,119.23445129394531,0.996813952922821,681.9498291015625,120.80717468261719,0.9985053539276123,716.1766967773438,121.57572174072266,0.9997923970222473,747.85302734375,119.35845184326172,0.9998062252998352,675.036865234375,93.67855072021484,0.9964848756790161,688.2679443359375,78.9791030883789,0.999630331993103,762.6076049804688,81.48896789550781,0.9982530474662781,642.3246459960938,139.9738006591797,0.9920692443847656,710.4917602539062,167.11521911621094,0.9995884299278259,736.221923828125,154.57733154296875,0.9961995482444763
276,641.9514770507812,74.57953643798828,0.9993382096290588,619.3848266601562,153.10952758789062,0.999705970287323,657.3229370117188,118.70706939697266,0.9976056814193726,680.3798217773438,120.22711944580078,0.9991065859794617,713.7974853515625,121.41558074951172,0.9998268485069275,745.2981567382812,118.69734191894531,0.9997757077217102,674.7643432617188,93.50210571289062,0.994255006313324,687.9932250976562,78.82356262207031,0.9996300935745239,762.5796508789062,81.65986633300781,0.998275876045227,642.4105834960938,139.48541259765625,0.9902217388153076,710.4917602539062,166.1318817138672,0.9996737241744995,736.221923828125,154.5908966064453,0.9954965114593506
277,641.885009765625,73.08338928222656,0.9994582533836365,616.9618530273438,150.37132263183594,0.9998644590377808,654.9423217773438,117.60934448242188,0.9978510141372681,678.7076416015625,119.7137680053711,0.9995511174201965,713.0263671875,120.01578521728516,0.9998894929885864,744.9249877929688,118.36470794677734,0.9998785257339478,673.9697265625,93.50210571289062,0.9897226095199585,687.7244873046875,78.19766235351562,0.9996310472488403,762.1207885742188,81.75389862060547,0.9983376264572144,642.6949462890625,138.09854125976562,0.9921451210975647,709.8680419921875,165.9376983642578,0.999725878238678,736.221923828125,154.5908966064453,0.9958970546722412
278,641.885009765625,72.72948455810547,0.9994600415229797,616.0667114257812,147.06442260742188,0.9997959733009338,654.354736328125,116.96578216552734,0.9983443021774292,676.817138671875,119.7137680053711,0.9996289014816284,710.4376831054688,119.73721313476562,0.9999103546142578,742.170166015625,118.07049560546875,0.9999103546142578,671.8196411132812,93.50210571289062,0.9822610020637512,687.5596313476562,77.41790008544922,0.9996095299720764,762.0419921875,81.75389862060547,0.998502254486084,642.6949462890625,137.85702514648438,0.996890127658844,706.5362548828125,165.3433837890625,0.9997296929359436,736.9122314453125,155.426513671875,0.9976947903633118
279,641.885009765625,71.8035888671875,0.9995326995849609,613.1074829101562,145.0602569580078,0.9998254179954529,651.907470703125,115.52384948730469,0.9983903169631958,674.89404296875,119.34474182128906,0.9996615648269653,707.4346313476562,119.40097045898438,0.9998998641967773,739.084716796875,118.07049560546875,0.9998145699501038,669.21435546875,93.28203582763672,0.9458051919937134,686.3534545898438,77.41790008544922,0.9995602965354919,762.0419921875,81.7564468383789,0.9983170032501221,642.4105834960938,136.99337768554688,0.9988162517547607,703.7911987304688,162.8815460205078,0.9992903470993042,737.306884765625,155.811279296875,0.9965338706970215
280,639.8753051757812,71.73636627197266,0.9995455145835876,610.6319580078125,141.68490600585938,0.9998759031295776,649.7636108398438,114.10899353027344,0.9978578686714172,672.9337158203125,118.65995788574219,0.9994997978210449,704.7828979492188,118.7197265625,0.999887228012085,735.9483032226562,118.07049560546875,0.9997915625572205,661.7109375,93.04438018798828,0.9898316264152527,686.2870483398438,77.41790008544922,0.9996156692504883,761.2966918945312,81.8371353149414,0.998484194278717,641.8001708984375,135.74241638183594,0.9993226528167725,696.9749145507812,156.2329559326172,0.999409556388855,737.306884765625,157.18899536132812,0.9896438121795654
281,639.4295043945312,71.10450744628906,0.9994174242019653,608.0665893554688,135.8380584716797,0.999314546585083,648.0611572265625,113.12934875488281,0.9989184141159058,669.1607666015625,116.2787857055664,0.9996377229690552,702.9586791992188,118.56941223144531,0.9999068975448608,733.7766723632812,118.17002868652344,0.9998050332069397,655.2850341796875,91.79928588867188,0.9958962202072144,685.6050415039062,77.49542236328125,0.9996287822723389,760.0516967773438,81.94570922851562,0.998485267162323,641.4453735351562,135.43362426757812,0.9993638396263123,690.0167846679688,152.0605926513672,0.9991635084152222,736.9122314453125,157.8773193359375,0.9904009699821472
282,638.7120971679688,71.09872436523438,0.9995504021644592,604.4178466796875,131.48536682128906,0.9997066855430603,646.30224609375,111.90156555175781,0.9992965459823608,667.6741333007812,115.31773376464844,0.9995794892311096,700.91162109375,117.76756286621094,0.999883770942688,731.349609375,118.23429870605469,0.9998041987419128,650.5552978515625,89.79850006103516,0.9954220652580261,684.7644653320312,78.20236206054688,0.9996504783630371,752.701416015625,82.88361358642578,0.9987082481384277,639.8458862304688,135.0028533935547,0.999535083770752,684.75146484375,150.03517150878906,0.9990217685699463,735.0636596679688,158.18942260742188,0.9853146076202393
283,638.7120971679688,71.10450744628906,0.9991791844367981,600.4842529296875,129.1788330078125,0.9993687272071838,644.1411743164062,108.9214859008789,0.9996418952941895,666.6534423828125,113.86489868164062,0.999419093132019,698.4795532226562,117.43887329101562,0.9998751878738403,729.0166015625,118.58939361572266,0.9997498393058777,647.5957641601562,88.26535034179688,0.9918063879013062,684.7644653320312,78.4583969116211,0.9997202754020691,744.015869140625,82.88361358642578,0.9989888072013855,639.8458862304688,134.49009704589844,0.9991458654403687,671.4877319335938,150.03517150878906,0.9913439750671387,729.560791015625,158.44664001464844,0.9948264956474304
284,638.7120971679688,71.10450744628906,0.9988293051719666,600.1204223632812,125.90225219726562,0.9984495639801025,642.169921875,105.80042266845703,0.9996039271354675,664.7234497070312,112.69095611572266,0.9993218183517456,696.5032958984375,117.43887329101562,0.9997872710227966,728.15380859375,118.89069366455078,0.9998879432678223,644.5667114257812,85.06388854980469,0.993421733379364,684.7644653320312,78.58921813964844,0.9997512698173523,740.3113403320312,82.88361358642578,0.999369204044342,639.8458862304688,130.69679260253906,0.9983044862747192,668.6286010742188,152.0605926513672,0.9988534450531006,724.8067626953125,159.73574829101562,0.9983068704605103
285,638.7120971679688,72.03218078613281,0.9981399774551392,598.58642578125,122.99827575683594,0.9981168508529663,640.6377563476562,104.33250427246094,0.9990890026092529,663.2959594726562,111.78189086914062,0.9992271661758423,694.8480834960938,117.43887329101562,0.9998359680175781,725.475830078125,119.48401641845703,0.9999346733093262,643.4503784179688,83.16584777832031,0.9922434687614441,684.7872924804688,78.58921813964844,0.9996732473373413,732.364013671875,81.19600677490234,0.9978389143943787,640.093505859375,129.63829040527344,0.9978566765785217,650.3848876953125,153.13375854492188,0.997897744178772,721.5449829101562,160.10421752929688,0.9984884262084961
286,638.7120971679688,72.06611633300781,0.9981202483177185,595.5974731445312,121.85926055908203,0.997821569442749,639.302978515625,103.87037658691406,0.9988071918487549,661.9993286132812,110.07513427734375,0.9993659853935242,692.6011352539062,117.71569061279297,0.9998494386672974,723.0787353515625,119.90988159179688,0.999883770942688,642.4197998046875,80.50509643554688,0.9921804666519165,684.9078979492188,78.58921813964844,0.999665379524231,732.2281494140625,80.26522827148438,0.997799813747406,640.1903076171875,129.40074157714844,0.9975747466087341,647.7078247070312,156.71124267578125,0.9985931515693665,719.5916137695312,160.2227020263672,0.9973517656326294
287,638.0946044921875,72.06611633300781,0.9990115165710449,593.8572387695312,121.85926055908203,0.9979817867279053,637.7203369140625,103.87037658691406,0.9989182949066162,660.4300537109375,109.8556900024414,0.9989970326423645,689.4161987304688,117.7638168334961,0.9997383952140808,721.782958984375,120.4386215209961,0.9998698234558105,640.9125366210938,79.39279174804688,0.9872689247131348,685.0038452148438,78.03266906738281,0.9997381567955017,731.3033447265625,78.88845825195312,0.9977356195449829,640.1993408203125,129.40074157714844,0.998077392578125,645.3283081054688,157.95249938964844,0.9977927207946777,719.3995361328125,160.45790100097656,0.9963586926460266
288,635.835205078125,72.06611633300781,0.9990695118904114,593.5811157226562,121.85926055908203,0.9977179765701294,636.556884765625,103.87037658691406,0.9988065958023071,658.9842529296875,109.8556900024414,0.9988420605659485,688.255859375,117.92066192626953,0.9998302459716797,720.191162109375,120.6335678100586,0.999774158000946,638.3704833984375,79.39279174804688,0.9918177127838135,685.0560302734375,78.03266906738281,0.9997041821479797,726.9215087890625,78.88845825195312,0.9973559379577637,641.44921875,129.40074157714844,0.9983164072036743,643.12939453125,158.3222198486328,0.9989063739776611,716.9447631835938,160.60592651367188,0.9966887831687927
289,635.2926025390625,71.14571380615234,0.9987955093383789,593.5811157226562,125.20262908935547,0.9992378950119019,635.8975219726562,104.04618835449219,0.9988617897033691,657.4905395507812,109.8556900024414,0.9984196424484253,687.2491455078125,118.56147766113281,0.9998719692230225,718.1213989257812,121.1751480102539,0.9995644688606262,637.4715576171875,79.39279174804688,0.9930777549743652,685.06494140625,78.03266906738281,0.999728262424469,724.1046142578125,78.88845825195312,0.9981555342674255,642.0313110351562,129.5350799560547,0.9982613921165466,641.618408203125,158.3534698486328,0.9991771578788757,712.4763793945312,160.7779998779297,0.9988250136375427
290,635.0426025390625,71.14571380615234,0.9991734623908997,593.8572387695312,129.1819610595703,0.9995360374450684,634.6063232421875,104.97061157226562,0.9985816478729248,656.2449340820312,110.72852325439453,0.9977219700813293,686.1420288085938,119.36793518066406,0.9998918771743774,717.287841796875,121.38935852050781,0.9994521737098694,633.6257934570312,80.9632568359375,0.9914162755012512,685.1536865234375,78.42953491210938,0.9997323155403137,723.7666625976562,79.74810028076172,0.9983660578727722,642.3843383789062,130.37796020507812,0.9983142614364624,640.7075805664062,158.3534698486328,0.9993844032287598,711.388916015625,160.99270629882812,0.9993612170219421
291,633.6182250976562,71.14571380615234,0.9994662404060364,594.1303100585938,129.8739776611328,0.9997676014900208,634.5611572265625,106.21802520751953,0.998526930809021,656.0108032226562,111.49427795410156,0.9974746108055115,685.54541015625,119.97256469726562,0.9998797178268433,717.1998901367188,121.79524993896484,0.9993928670883179,633.5964965820312,82.64672088623047,0.9923654198646545,685.1536865234375,78.79232788085938,0.9997511506080627,723.38525390625,80.09103393554688,0.9983645081520081,642.6434326171875,130.37796020507812,0.9988442659378052,640.4064331054688,158.63168334960938,0.9993926286697388,711.388916015625,161.09524536132812,0.9993446469306946
292,633.6047973632812,71.53256225585938,0.9995152950286865,594.7034301757812,135.43661499023438,0.9996144771575928,633.7437744140625,107.99527740478516,0.9993053674697876,655.7003784179688,112.77484130859375,0.9975918531417847,685.1951904296875,120.45527648925781,0.9998440742492676,716.654541015625,121.91862487792969,0.9993569254875183,633.5384521484375,83.80975341796875,0.9901988506317139,685.1536865234375,79.16626739501953,0.9997056126594543,722.9071044921875,80.96143341064453,0.9987694621086121,642.9127197265625,130.37796020507812,0.9984855055809021,640.4050903320312,158.74935913085938,0.9996862411499023,711.388916015625,161.181396484375,0.9992939233779907
293,633.6047973632812,72.45616912841797,0.9994947910308838,597.949951171875,138.75857543945312,0.9995280504226685,633.5716552734375,108.35767364501953,0.9993808269500732,655.6026000976562,112.82241821289062,0.9980021119117737,685.047607421875,120.45527648925781,0.9998594522476196,716.5634765625,122.140869140625,0.99931800365448,633.5384521484375,84.06822967529297,0.990919828414917,685.1536865234375,79.17506408691406,0.9997082352638245,722.8659057617188,81.13520050048828,0.9986854195594788,643.1751708984375,130.2427520751953,0.9985130429267883,640.1767578125,158.76734924316406,0.9996854066848755,711.3955078125,161.849853515625,0.9993995428085327
294,633.6047973632812,72.72195434570312,0.9995774626731873,599.486083984375,141.11383056640625,0.9994329810142517,633.4505004882812,108.36788940429688,0.9995062351226807,655.6026000976562,113.06892395019531,0.9986963868141174,684.7628784179688,120.47810363769531,0.9998561143875122,716.2011108398438,122.46654510498047,0.9991565942764282,633.6257934570312,84.6181411743164,0.9912323355674744,685.1536865234375,79.17506408691406,0.9997386336326599,722.6499633789062,81.23501586914062,0.9988120794296265,643.2628784179688,130.2427520751953,0.9982921481132507,640.1767578125,158.78172302246094,0.999723494052887,711.71923828125,162.0877227783203,0.9994661211967468
295,633.84423828125,72.8876953125,0.9995607733726501,600.3504638671875,145.12107849121094,0.999277651309967,632.8649291992188,108.4499282836914,0.9995193481445312,654.696533203125,113.15044403076172,0.9987562894821167,684.1163940429688,120.5745849609375,0.9998774528503418,715.8158569335938,122.49188995361328,0.99918133020401,634.65869140625,84.89190673828125,0.9916974306106567,685.0659790039062,79.17506408691406,0.9997109770774841,722.4878540039062,81.29238891601562,0.9988107681274414,643.3497314453125,130.2427520751953,0.9979504942893982,640.1767578125,159.19557189941406,0.9996234178543091,711.7821655273438,162.1167449951172,0.9995228052139282
296,633.98583984375,73.20464324951172,0.9996575117111206,600.3504638671875,149.33729553222656,0.999679684638977,632.0552368164062,108.8046875,0.99946528673172,654.04638671875,114.10948181152344,0.9990743398666382,683.3840942382812,120.63565826416016,0.9998558759689331,714.975830078125,122.5112075805664,0.9991230368614197,635.4776611328125,85.13258361816406,0.9912009239196777,684.8933715820312,79.16804504394531,0.9997685551643372,722.0196533203125,81.39041137695312,0.998818576335907,643.3497314453125,130.48406982421875,0.9979960918426514,641.9493408203125,159.361572265625,0.9996204376220703,711.8770141601562,162.33224487304688,0.9996095299720764
297,635.5550537109375,73.20464324951172,0.9996904134750366,600.3504638671875,153.27029418945312,0.999055802822113,630.8814697265625,109.96440124511719,0.9993320107460022,653.0225219726562,114.85731506347656,0.9991611242294312,682.7683715820312,120.76927947998047,0.9998289346694946,714.47119140625,122.54827117919922,0.9991256594657898,635.5831909179688,85.13258361816406,0.9870936274528503,684.7880859375,79.16804504394531,0.9997827410697937,721.7092895507812,81.39584350585938,0.9987066984176636,643.3497314453125,130.8624725341797,0.9975960850715637,641.9493408203125,159.361572265625,0.9996732473373413,711.8925170898438,162.50599670410156,0.9996449947357178
298,636.1581420898438,72.8876953125,0.9997377991676331,599.5202026367188,153.27029418945312,0.9995079040527344,630.67822265625,109.96440124511719,0.9993244409561157,652.3665771484375,115.09619903564453,0.9992913007736206,682.3291625976562,120.8553466796875,0.9998205304145813,714.324951171875,123.0265121459961,0.9991466999053955,636.0033569335938,85.13258361816406,0.9868818521499634,684.6551513671875,79.16804504394531,0.9997920393943787,721.6729736328125,81.39584350585938,0.9987936019897461,642.9306640625,131.4153289794922,0.9971043467521667,641.9493408203125,159.361572265625,0.9996830224990845,711.8925170898438,162.57833862304688,0.9997001886367798
299,636.1581420898438,72.74452209472656,0.9997884631156921,598.9009399414062,153.27029418945312,0.9996209144592285,630.67822265625,109.96440124511719,0.9994187355041504,652.3665771484375,115.18120574951172,0.9994109869003296,682.1056518554688,121.00398254394531,0.9998059868812561,714.2884521484375,123.21944427490234,0.9991482496261597,636.1217651367188,84.67579650878906,0.9858142733573914,684.4343872070312,79.47846984863281,0.9997923970222473,721.592041015625,81.58944702148438,0.9988917708396912,642.6531982421875,131.547119140625,0.9970914125442505,641.8997192382812,159.14280700683594,0.9996217489242554,711.8925170898438,162.6083526611328,0.9997197985649109
300,636.1581420898438,71.92332458496094,0.9997817873954773,597.8740844726562,151.71519470214844,0.9995946288108826,630.67822265625,109.65409088134766,0.9995753169059753,652.3665771484375,115.18120574951172,0.9994845390319824,682.1056518554688,121.11297607421875,0.999785840511322,714.2884521484375,123.62142944335938,0.9991366267204285,636.1217651367188,84.35353088378906,0.9862291812896729,684.3616943359375,79.47846984863281,0.9998055100440979,721.592041015625,81.68707275390625,0.9989959597587585,642.2413940429688,131.65232849121094,0.9971116781234741,641.54833984375,158.99624633789062,0.9996032118797302,711.8925170898438,162.64108276367188,0.9996980428695679
301,636.0025634765625,71.79853820800781,0.9997923970222473,595.334228515625,149.58795166015625,0.9998210072517395,630.4776000976562,109.6056137084961,0.9996247291564941,652.3684692382812,115.2729721069336,0.9994339346885681,682.1056518554688,121.20649719238281,0.9997738003730774,714.2884521484375,123.62142944335938,0.999083399772644,636.1217651367188,84.09104919433594,0.9852092862129211,684.2939453125,79.50894165039062,0.9997908473014832,721.2680053710938,81.68707275390625,0.9989000558853149,641.8512573242188,131.79776000976562,0.9969256520271301,641.381591796875,158.79917907714844,0.9996331930160522,711.9150390625,162.66078186035156,0.9996901750564575
302,635.291748046875,71.3043441772461,0.9997702240943909,594.2376098632812,147.28086853027344,0.9998483657836914,630.5468139648438,109.6056137084961,0.9997238516807556,652.798828125,115.38813781738281,0.9994325041770935,682.1056518554688,121.24917602539062,0.9997912049293518,714.2884521484375,123.68498992919922,0.9990960359573364,635.3181762695312,84.09104919433594,0.9867172241210938,684.2939453125,79.5342025756836,0.9998155236244202,721.2196655273438,81.77540588378906,0.9988924860954285,641.5335693359375,132.17347717285156,0.9972829818725586,641.35107421875,158.51063537597656,0.9996258020401001,711.9150390625,162.6931610107422,0.9996863603591919
303,635.2155151367188,71.14138793945312,0.9997517466545105,592.9237670898438,143.64060974121094,0.9996316432952881,630.5468139648438,109.6056137084961,0.9997908473014832,652.798828125,115.46937561035156,0.9993928670883179,682.1056518554688,121.25804138183594,0.9997710585594177,714.2757568359375,123.71754455566406,0.9990655779838562,634.2059326171875,84.15461730957031,0.9867919683456421,684.2939453125,79.55126953125,0.9997853636741638,721.1404418945312,81.77540588378906,0.9988299012184143,641.3211059570312,132.4115447998047,0.9973228573799133,641.2144165039062,158.28541564941406,0.9996622800827026,711.9532470703125,162.76150512695312,0.9996908903121948
304,634.1134643554688,71.14138793945312,0.9996745586395264,592.8652954101562,143.3220977783203,0.9996153116226196,630.4776000976562,109.6056137084961,0.9997822642326355,652.798828125,115.46937561035156,0.9994145631790161,682.0643920898438,121.29679870605469,0.9997214674949646,714.2399291992188,123.86542510986328,0.9990254640579224,633.4766845703125,84.15461730957031,0.9883562922477722,684.4306640625,79.64653778076172,0.9997592568397522,720.8704833984375,81.86947631835938,0.9988328814506531,640.8619995117188,133.05020141601562,0.997220516204834,640.8038940429688,158.28541564941406,0.9996384382247925,712.0790405273438,162.9893341064453,0.9996914863586426
305,633.9559936523438,71.12553405761719,0.9995830655097961,592.5243530273438,140.32237243652344,0.9994869232177734,630.415771484375,109.6056137084961,0.9997904896736145,652.7872924804688,115.47108459472656,0.9993653893470764,681.9183959960938,121.29679870605469,0.9996985197067261,714.1329345703125,124.03608703613281,0.9989715814590454,633.08349609375,84.15461730957031,0.9882531762123108,684.455078125,79.69908142089844,0.9997531771659851,720.838134765625,81.9152603149414,0.9988538026809692,640.7817993164062,133.21914672851562,0.9971543550491333,640.6841430664062,158.28541564941406,0.9996122717857361,712.1192016601562,163.03125,0.9996774196624756
306,633.5909423828125,71.12553405761719,0.9994137287139893,592.1292114257812,138.66427612304688,0.9991468191146851,630.2039184570312,109.59284210205078,0.9997617602348328,652.4633178710938,115.47108459472656,0.9992832541465759,681.5961303710938,121.29679870605469,0.9996440410614014,714.1329345703125,124.18543243408203,0.9989432692527771,632.2978515625,84.15461730957031,0.9877598881721497,684.469970703125,79.69908142089844,0.9997385144233704,720.8080444335938,81.91867065429688,0.998789370059967,640.7269897460938,133.39686584472656,0.9974702596664429,639.80517578125,158.36338806152344,0.9995694756507874,712.1239624023438,163.07485961914062,0.9996496438980103
307,633.3010864257812,71.12553405761719,0.9994145631790161,589.7055053710938,135.338623046875,0.9993683695793152,630.045654296875,109.48943328857422,0.9997374415397644,652.3734741210938,115.46937561035156,0.9992769360542297,681.577880859375,121.22974395751953,0.9996440410614014,714.1329345703125,124.18543243408203,0.9989616870880127,631.7078247070312,83.67420959472656,0.9878794550895691,684.5455322265625,79.6636734008789,0.9997109770774841,720.8380737304688,81.96980285644531,0.9987816214561462,640.5576171875,133.45120239257812,0.9973756074905396,639.7870483398438,158.36338806152344,0.9995649456977844,712.126953125,163.10269165039062,0.999657154083252
308,633.3010864257812,71.28675079345703,0.9993645548820496,589.5636596679688,133.4384307861328,0.9995384216308594,630.045654296875,109.42069244384766,0.9997425675392151,652.3734741210938,115.38924407958984,0.9992520213127136,681.577880859375,121.22801208496094,0.9996440410614014,714.1553955078125,124.18543243408203,0.9989843964576721,631.7078247070312,83.54080200195312,0.9890030026435852,684.5728149414062,79.6636734008789,0.9997060894966125,720.8080444335938,81.91867065429688,0.9987841248512268,640.3291625976562,133.63096618652344,0.9973523616790771,639.7870483398438,158.36338806152344,0.9995412826538086,712.231689453125,163.1068572998047,0.9996614456176758
309,632.593017578125,71.28675079345703,0.9992411136627197,589.2985229492188,131.25735473632812,0.9995352029800415,629.8460693359375,109.34223175048828,0.9997170567512512,652.3734741210938,115.35018920898438,0.9991353154182434,681.577880859375,121.22801208496094,0.9996269941329956,714.3175048828125,124.17900848388672,0.9990109205245972,631.6246948242188,83.08289337158203,0.9925187826156616,684.6943359375,79.69908142089844,0.9997181296348572,720.7205200195312,81.91867065429688,0.9988425970077515,639.6757202148438,134.12667846679688,0.9967798590660095,639.7870483398438,158.24436950683594,0.9994853734970093,712.2396850585938,163.1167449951172,0.9996558427810669
310,631.3319702148438,71.94457244873047,0.999293327331543,588.6708984375,130.51260375976562,0.9993228912353516,629.7630615234375,109.21215057373047,0.9996446371078491,652.2577514648438,115.29065704345703,0.9989268183708191,681.577880859375,121.22801208496094,0.9996110796928406,714.3175048828125,124.16151428222656,0.9990399479866028,631.5208129882812,83.06490325927734,0.9926307201385498,684.8934326171875,79.73332214355469,0.9996882677078247,720.7205200195312,81.9094467163086,0.9987882971763611,639.5006103515625,134.1553192138672,0.9961225390434265,640.47998046875,155.89071655273438,0.9994798302650452,712.2936401367188,163.14328002929688,0.9996585845947266
311,629.4618530273438,73.0521011352539,0.9992058873176575,588.115966796875,130.51260375976562,0.9992590546607971,629.7467041015625,109.21215057373047,0.9996533393859863,652.2577514648438,115.29065704345703,0.9987080097198486,681.577880859375,121.26116943359375,0.9996223449707031,714.3175048828125,124.15369415283203,0.9990611672401428,631.5859375,82.84628295898438,0.9936745166778564,684.982666015625,79.73722076416016,0.9996886253356934,720.7355346679688,81.80830383300781,0.9987818598747253,638.8712768554688,134.1553192138672,0.9951953291893005,640.47998046875,155.367431640625,0.9995220899581909,712.3006591796875,163.144287109375,0.9996483325958252
312,628.73876953125,74.86768341064453,0.9986276626586914,587.3556518554688,130.51260375976562,0.9993544220924377,629.181640625,109.21215057373047,0.9996817111968994,652.24609375,115.35018920898438,0.9986703395843506,681.5107421875,121.49374389648438,0.999556839466095,714.2800903320312,124.12564086914062,0.9990218877792358,631.5859375,83.06490325927734,0.995079517364502,684.982666015625,79.9364242553711,0.999663233757019,720.7355346679688,81.62163543701172,0.9986691474914551,638.6559448242188,134.2304229736328,0.9947486519813538,640.47998046875,154.9586639404297,0.9995213747024536,712.3487548828125,163.144287109375,0.9996204376220703
313,628.4140625,76.23233795166016,0.9980371594429016,587.3556518554688,132.25094604492188,0.9995174407958984,628.3157958984375,110.17752075195312,0.999661922454834,651.6785888671875,115.35047912597656,0.9991586208343506,681.3801879882812,121.62284851074219,0.9995602965354919,714.1146850585938,124.09037017822266,0.9989857077598572,631.5859375,83.06490325927734,0.9948171973228455,684.982666015625,79.9939193725586,0.9996803998947144,720.736083984375,81.46788787841797,0.9985937476158142,636.8561401367188,134.70681762695312,0.9939764738082886,639.7127685546875,154.72357177734375,0.9996050000190735,712.4561767578125,163.144287109375,0.9996383190155029
314,628.360595703125,77.17205047607422,0.9970225691795349,587.3556518554688,136.36700439453125,0.9994586110115051,628.0934448242188,111.82523345947266,0.9994990825653076,651.2793579101562,116.73255920410156,0.9994409680366516,680.5458984375,122.87508392333984,0.999580442905426,713.0781860351562,123.93452453613281,0.99901282787323,632.5025024414062,83.51835632324219,0.9965831637382507,683.1090087890625,81.97007751464844,0.9996751546859741,720.736083984375,81.46788787841797,0.9982239603996277,636.8314208984375,134.74417114257812,0.9902016520500183,639.139892578125,154.72357177734375,0.9995825886726379,712.4817504882812,163.2014617919922,0.9996111989021301
315,627.4404296875,78.9466781616211,0.9916371703147888,587.4148559570312,140.35633850097656,0.9989939332008362,626.6376953125,112.21086120605469,0.9992979764938354,650.3981323242188,117.84233093261719,0.9995662569999695,680.0813598632812,122.94924926757812,0.9995591044425964,712.6857299804688,123.93452453613281,0.9992755055427551,632.5067138671875,84.65309143066406,0.996370792388916,681.3199462890625,82.34765625,0.9995812773704529,720.736083984375,81.43693542480469,0.9984532594680786,635.2865600585938,135.2510223388672,0.982623279094696,638.9677734375,154.72357177734375,0.9995837807655334,712.6206665039062,163.2279510498047,0.9996362924575806
316,621.0226440429688,83.12389373779297,0.9954877495765686,587.65576171875,144.5441131591797,0.9995827078819275,626.2666015625,112.84056091308594,0.9991568326950073,649.738525390625,118.748291015625,0.9996077418327332,679.9201049804688,123.07121276855469,0.9995397329330444,711.84716796875,123.88162231445312,0.999516487121582,634.6245727539062,86.05326843261719,0.9930208325386047,677.3362426757812,82.54824829101562,0.9997155070304871,720.119384765625,81.43693542480469,0.9985485672950745,632.1923217773438,139.6455535888672,0.9879194498062134,638.9677734375,155.6839599609375,0.9995591044425964,712.6538696289062,163.32640075683594,0.9996941089630127
317,617.8187866210938,83.12389373779297,0.9982938170433044,588.3713989257812,147.9055633544922,0.9997950196266174,625.8038940429688,113.94633483886719,0.9992998838424683,648.4522705078125,119.90020751953125,0.9998099207878113,679.6293334960938,123.07755279541016,0.9996542930603027,711.379638671875,123.93452453613281,0.9996538162231445,638.114013671875,87.09904479980469,0.9903557300567627,672.010986328125,85.53356170654297,0.9994725584983826,719.9843139648438,81.49346923828125,0.9985484480857849,629.4212036132812,139.83880615234375,0.9936309456825256,638.9677734375,156.22305297851562,0.9995521903038025,712.7449951171875,163.32640075683594,0.9997150301933289
318,616.5980834960938,83.12389373779297,0.9992684721946716,591.4586791992188,153.578369140625,0.9989830851554871,624.0723876953125,114.77532958984375,0.9993300437927246,646.7662963867188,120.99376678466797,0.9998395442962646,678.5047607421875,123.2156982421875,0.9997771382331848,710.1146240234375,123.99679565429688,0.9997099041938782,639.5678100585938,87.09904479980469,0.9872338771820068,669.2697143554688,86.31964874267578,0.9989392161369324,719.4751586914062,81.49346923828125,0.9983915686607361,626.3504028320312,141.37930297851562,0.9957178235054016,642.1373901367188,159.08828735351562,0.999716579914093,712.8851318359375,163.32640075683594,0.9997087121009827
319,611.9306640625,81.84297180175781,0.9996054768562317,593.6062622070312,155.41183471679688,0.9993089437484741,621.9301147460938,116.48591613769531,0.9994086027145386,644.53662109375,121.06057739257812,0.9997836947441101,677.4494018554688,123.89659881591797,0.9997988343238831,709.0528564453125,124.292236328125,0.999768078327179,639.5678100585938,87.09904479980469,0.9934685230255127,662.2801513671875,86.05907440185547,0.9972543120384216,719.3295288085938,81.49137878417969,0.9984822869300842,622.9636840820312,141.37930297851562,0.9522385001182556,642.1373901367188,159.37429809570312,0.9997459053993225,713.1294555664062,163.17918395996094,0.9996980428695679
320,608.5191650390625,81.22852325439453,0.999386191368103,595.381103515625,155.9188995361328,0.9995799660682678,620.2186279296875,116.48591613769531,0.9994810223579407,643.0652465820312,121.14978790283203,0.9997554421424866,676.1696166992188,124.25316619873047,0.9998212456703186,707.795654296875,124.68775177001953,0.9997928738594055,639.5678100585938,85.5162353515625,0.9963412880897522,655.4364624023438,86.68799591064453,0.9952036142349243,718.9661254882812,81.49137878417969,0.9985699653625488,615.1461181640625,141.37930297851562,0.9291143417358398,642.1373901367188,159.37429809570312,0.9997780919075012,713.2950439453125,163.14747619628906,0.9996123909950256
321,604.924072265625,80.9700698852539,0.999492883682251,597.0230712890625,158.3120574951172,0.9996559619903564,619.1062622070312,116.48591613769531,0.9992017149925232,641.0125122070312,121.14978790283203,0.9993141889572144,674.72216796875,124.5680160522461,0.9997673630714417,706.6388549804688,124.68775177001953,0.9998169541358948,638.5016479492188,83.8348617553711,0.996780276298523,649.72265625,87.29731750488281,0.9903805255889893,718.8756103515625,81.45423889160156,0.9984669089317322,608.209716796875,141.37930297851562,0.9576363563537598,641.6968383789062,159.37429809570312,0.9998000264167786,713.2950439453125,163.0556640625,0.9996345043182373
322,599.1710815429688,80.92947387695312,0.9995415210723877,599.1641235351562,161.04429626464844,0.9994283318519592,618.9699096679688,116.30146026611328,0.997886598110199,638.9241943359375,121.06057739257812,0.998865008354187,672.2437744140625,125.13240051269531,0.9996669292449951,704.650634765625,124.68775177001953,0.9997290968894958,636.2880249023438,82.03858184814453,0.9967308044433594,648.0307006835938,87.40898132324219,0.9860455393791199,718.8756103515625,81.41613006591797,0.9984575510025024,598.7188110351562,140.5857696533203,0.9946737289428711,641.1937255859375,159.1085662841797,0.9997361302375793,713.2950439453125,163.02899169921875,0.9995996356010437
323,592.9456787109375,80.58039093017578,0.9994513392448425,601.5286865234375,163.05111694335938,0.9996826648712158,615.7267456054688,116.30146026611328,0.9986054301261902,635.8502807617188,120.76496887207031,0.9987534284591675,671.594970703125,126.0816650390625,0.9994245767593384,702.442138671875,124.00078582763672,0.9992837309837341,635.1145629882812,82.03858184814453,0.9960867166519165,647.4527587890625,87.40898132324219,0.9865216612815857,718.8756103515625,81.41613006591797,0.9982408285140991,596.1102294921875,140.5857696533203,0.9970331192016602,640.87353515625,158.9676513671875,0.9996839761734009,713.2310180664062,162.83140563964844,0.9995021820068359
324,590.2980346679688,80.58039093017578,0.9995273351669312,602.3302612304688,167.61410522460938,0.9992964267730713,613.5404052734375,116.30146026611328,0.9993723034858704,633.927490234375,120.76496887207031,0.998736560344696,669.9322509765625,126.0816650390625,0.9995025396347046,700.2499389648438,123.8692626953125,0.9995262622833252,634.368408203125,82.03858184814453,0.9949080348014832,647.4127197265625,87.47319793701172,0.9929322004318237,719.0579833984375,81.41613006591797,0.9982538819313049,595.1478271484375,140.85369873046875,0.9977141618728638,640.725830078125,158.9676513671875,0.9995044469833374,712.7254638671875,162.67588806152344,0.9995287656784058
325,588.8566284179688,80.58039093017578,0.9996172189712524,602.3302612304688,169.0983123779297,0.998747706413269,611.9058227539062,117.0957260131836,0.999056875705719,632.5516967773438,120.76496887207031,0.9982843995094299,668.6177978515625,126.0816650390625,0.9994474053382874,698.66064453125,123.84387969970703,0.9994569420814514,633.9127197265625,82.54010772705078,0.9944774508476257,646.1981811523438,87.48681640625,0.9980429410934448,719.26025390625,81.60289001464844,0.99831223487854,594.5721435546875,142.06997680664062,0.9986911416053772,640.1281127929688,159.02398681640625,0.999371349811554,712.0663452148438,162.50315856933594,0.9995750784873962
326,586.1652221679688,81.12394714355469,0.999603807926178,602.3302612304688,171.14401245117188,0.9988014698028564,610.3392944335938,117.71066284179688,0.9982619881629944,631.6475830078125,122.40302276611328,0.9983904361724854,667.3335571289062,126.0081787109375,0.9993767142295837,697.1390380859375,123.66744232177734,0.9994803071022034,633.874267578125,85.49388122558594,0.993471622467041,645.4407348632812,87.48681640625,0.99909508228302,719.278564453125,81.76309204101562,0.9981135129928589,594.4220581054688,142.06997680664062,0.9991857409477234,640.1281127929688,159.1085662841797,0.9994101524353027,711.7671508789062,162.0589141845703,0.9995676875114441
327,585.3353881835938,81.54771423339844,0.9997941851615906,600.760986328125,172.07034301757812,0.9984936714172363,608.4223022460938,118.4854965209961,0.9970802664756775,630.3837280273438,122.55801391601562,0.9988213181495667,664.3857421875,125.20507049560547,0.9995594620704651,695.0992431640625,123.52699279785156,0.9997513890266418,630.3176879882812,86.38482666015625,0.9946507811546326,643.4578857421875,88.75981903076172,0.9993705153465271,719.2788696289062,81.95503997802734,0.9979288578033447,594.1507568359375,142.06997680664062,0.9992565512657166,640.333251953125,159.18743896484375,0.9993771910667419,711.3491821289062,160.81614685058594,0.999305248260498
328,580.4918212890625,82.44422149658203,0.9998573064804077,600.7606201171875,172.07034301757812,0.9986701011657715,606.9747924804688,118.4854965209961,0.9968468546867371,628.7449951171875,122.61888885498047,0.9990344047546387,662.8164672851562,124.72615814208984,0.9996706247329712,692.8086547851562,122.96602630615234,0.9998599290847778,627.89990234375,86.87928009033203,0.992974042892456,643.4578857421875,88.75981903076172,0.9996069073677063,719.3557739257812,81.98409271240234,0.9978283047676086,593.5934448242188,142.06997680664062,0.9992775321006775,640.333251953125,160.98948669433594,0.9994719624519348,707.5311889648438,159.73306274414062,0.9985169768333435
329,574.7924194335938,82.5001220703125,0.9996144771575928,597.723876953125,172.3473358154297,0.9994113445281982,605.3380126953125,118.6148681640625,0.9979660511016846,628.4332885742188,122.61888885498047,0.9991098046302795,662.1157836914062,123.68855285644531,0.999744713306427,691.2783813476562,121.72550201416016,0.9998925924301147,621.411865234375,90.02999114990234,0.9940369129180908,643.4578857421875,88.75981903076172,0.9998925924301147,719.5311279296875,82.44364166259766,0.9977947473526001,592.3635864257812,142.59347534179688,0.9990390539169312,640.6726684570312,161.30307006835938,0.9995610117912292,699.565673828125,158.1260986328125,0.9982339143753052
330,571.5783081054688,82.59062957763672,0.9995846152305603,594.0470581054688,172.07034301757812,0.99945467710495,603.8401489257812,118.6148681640625,0.9983339905738831,626.7678833007812,122.55801391601562,0.9993651509284973,660.6821899414062,122.69581604003906,0.9998012185096741,690.0189819335938,120.77349853515625,0.9998501539230347,614.1781616210938,90.88629913330078,0.9983025789260864,644.2166748046875,88.55485534667969,0.9998810291290283,719.5311279296875,82.59413146972656,0.9976056814193726,590.341796875,141.93124389648438,0.99849534034729,640.7030639648438,161.40789794921875,0.9996342658996582,690.4330444335938,156.4601593017578,0.9990466237068176
331,570.3014526367188,82.59062957763672,0.9995537400245667,584.8687133789062,171.25045776367188,0.9985095858573914,603.6029052734375,118.67417907714844,0.9984838366508484,625.84423828125,121.95703887939453,0.9991152882575989,658.0098876953125,122.44105529785156,0.9997548460960388,688.6942749023438,120.67817687988281,0.9997251629829407,607.0217895507812,94.44178771972656,0.9981440305709839,644.4501953125,88.44159698486328,0.9998989105224609,719.5311279296875,82.97445678710938,0.9976916313171387,590.341796875,141.47503662109375,0.9967934489250183,640.7030639648438,161.40789794921875,0.9996193647384644,682.1547241210938,155.01344299316406,0.9974483251571655
332,569.6615600585938,83.1527328491211,0.9995821118354797,583.1331176757812,169.99456787109375,0.9994837045669556,603.16748046875,119.5809326171875,0.9990710020065308,623.8129272460938,121.09600067138672,0.9985197186470032,656.604736328125,121.35814666748047,0.99960857629776,686.9322509765625,120.32112884521484,0.9997850060462952,598.1414794921875,94.91630554199219,0.9981073141098022,644.629150390625,87.56261444091797,0.9998916387557983,719.5311279296875,83.1016616821289,0.9976296424865723,590.341796875,141.25856018066406,0.9949253797531128,640.8472290039062,161.40789794921875,0.9997114539146423,679.799560546875,154.9245147705078,0.9987384676933289
333,566.7246704101562,83.48058319091797,0.9998655319213867,578.4032592773438,167.45223999023438,0.9999233484268188,599.3546752929688,119.63932800292969,0.9998236298561096,621.392578125,121.04292297363281,0.9990241527557373,654.7398681640625,120.77449798583984,0.999835729598999,685.384765625,120.2592544555664,0.999782145023346,590.3201904296875,95.42887878417969,0.9957565665245056,644.629150390625,86.41960906982422,0.999901294708252,719.55078125,83.1016616821289,0.997526228427887,591.6778564453125,140.92127990722656,0.9868496656417847,640.8472290039062,160.49444580078125,0.9996150732040405,678.2327880859375,154.74526977539062,0.998945415019989
334,563.6185913085938,83.50961303710938,0.9998169541358948,575.4218139648438,166.09991455078125,0.9999016523361206,596.605712890625,119.775390625,0.999893307685852,619.2203979492188,120.50402069091797,0.9991874098777771,652.8362426757812,120.77449798583984,0.9999061822891235,684.1022338867188,120.1897201538086,0.9997231364250183,585.5339965820312,96.24777221679688,0.9978204965591431,644.629150390625,86.31782531738281,0.9998708963394165,719.4554443359375,83.1016616821289,0.9969756603240967,591.6778564453125,140.92127990722656,0.985704779624939,640.76318359375,160.49444580078125,0.9993624091148376,677.3262939453125,154.74526977539062,0.9994078874588013
335,561.8305053710938,83.50961303710938,0.9995506405830383,572.435546875,166.09991455078125,0.9998615980148315,594.4811401367188,120.02565002441406,0.9998764991760254,618.8392944335938,120.50402069091797,0.999476969242096,650.7205810546875,120.77297973632812,0.9999024868011475,682.8206176757812,120.07435607910156,0.999697208404541,582.7241821289062,97.77473449707031,0.9981144666671753,644.2637329101562,86.16673278808594,0.9999066591262817,719.4332275390625,82.24899291992188,0.9957917928695679,591.6778564453125,140.92127990722656,0.9893542528152466,640.76318359375,160.23818969726562,0.9996230602264404,677.3262939453125,154.6149139404297,0.999601423740387
336,559.6030883789062,84.05284881591797,0.999123752117157,570.6044921875,166.09991455078125,0.9998948574066162,593.9559936523438,120.29568481445312,0.999751627445221,617.9443359375,121.04292297363281,0.9993938207626343,649.1639404296875,120.77449798583984,0.9998369216918945,682.0076293945312,120.07435607910156,0.9996052384376526,579.6532592773438,98.82000732421875,0.9980134963989258,643.9749755859375,86.13011932373047,0.9999270439147949,716.2200317382812,82.24899291992188,0.9959661960601807,590.4237060546875,140.8129425048828,0.9894068837165833,640.0602416992188,159.45684814453125,0.9997215867042542,677.3262939453125,154.57937622070312,0.9997091889381409
337,556.7272338867188,84.52700805664062,0.9993929862976074,568.0525512695312,165.91969299316406,0.999849796295166,592.1981201171875,121.09927368164062,0.9996943473815918,615.9851684570312,121.21385192871094,0.9994283318519592,649.0045776367188,121.17120361328125,0.9998630285263062,681.6898803710938,119.94093322753906,0.9996542930603027,577.0451049804688,99.10506439208984,0.9979375600814819,643.4302978515625,86.16673278808594,0.9999336004257202,713.2239379882812,81.50076293945312,0.9979084730148315,590.4237060546875,140.8129425048828,0.9914363026618958,637.4230346679688,160.23818969726562,0.9990750551223755,677.4568481445312,154.47048950195312,0.9998213648796082
338,555.254638671875,86.94722747802734,0.9990110397338867,564.4786376953125,165.55929565429688,0.9998990297317505,590.2554931640625,122.08106231689453,0.999458372592926,613.8425903320312,121.54734802246094,0.9994462132453918,647.3209228515625,121.18002319335938,0.9998501539230347,679.6207885742188,119.56074523925781,0.9997958540916443,573.1751098632812,100.03897094726562,0.998908519744873,643.4302978515625,86.31782531738281,0.999927282333374,708.4608764648438,81.40676879882812,0.9990164041519165,590.4237060546875,141.04605102539062,0.9935793876647949,629.8850708007812,161.39373779296875,0.9995269775390625,677.65869140625,154.47048950195312,0.999864935874939
339,552.441162109375,88.78230285644531,0.9990546107292175,562.8921508789062,164.9599151611328,0.9999109506607056,588.9458618164062,122.08106231689453,0.9993283748626709,611.8750610351562,121.8478775024414,0.999323844909668,643.7060546875,121.51800537109375,0.9998113512992859,677.8903198242188,119.55850982666016,0.9998499155044556,570.4243774414062,100.03897094726562,0.9988816380500793,643.4302978515625,86.74868774414062,0.9999219179153442,701.3657836914062,81.50076293945312,0.9978272318840027,591.7407836914062,141.04605102539062,0.9941660165786743,625.5131225585938,161.56167602539062,0.9997485280036926,678.008544921875,154.47048950195312,0.9998836517333984
340,550.1959838867188,89.27898406982422,0.9996180534362793,559.437744140625,160.99913024902344,0.999745786190033,587.09033203125,122.36540222167969,0.999046266078949,609.801025390625,122.92293548583984,0.9988818764686584,640.4710693359375,122.05965423583984,0.999618411064148,676.0972290039062,119.55850982666016,0.9998670816421509,567.8790893554688,100.03897094726562,0.9989239573478699,643.79296875,87.1275405883789,0.9998772144317627,693.7455444335938,81.83345794677734,0.9988922476768494,596.577392578125,141.04605102539062,0.9962303042411804,620.427978515625,165.4577178955078,0.9982415437698364,678.008544921875,154.9335174560547,0.9998997449874878
341,548.0699462890625,89.58264923095703,0.9997492432594299,555.3280029296875,160.5109100341797,0.99957674741745,585.34716796875,122.79784393310547,0.9988760352134705,608.0245971679688,123.7340087890625,0.9979884624481201,639.1904907226562,123.49813079833984,0.9994693398475647,673.7291870117188,119.55850982666016,0.9998377561569214,566.7946166992188,98.6273193359375,0.9978410005569458,644.5653686523438,87.1275405883789,0.9999043941497803,682.076416015625,81.83345794677734,0.9979673027992249,596.577392578125,141.04605102539062,0.9959134459495544,612.0369262695312,167.30984497070312,0.9989179372787476,677.65869140625,154.97227478027344,0.9999279975891113
342,545.515869140625,89.69680786132812,0.9996261596679688,551.9734497070312,160.5109100341797,0.9994750618934631,583.2529907226562,122.93042755126953,0.9995049238204956,604.9572143554688,124.34587860107422,0.9958155751228333,636.8148193359375,123.80011749267578,0.9994427561759949,670.72265625,120.28680419921875,0.9995681643486023,566.7946166992188,97.81822967529297,0.9978189468383789,644.9935302734375,87.1275405883789,0.999818742275238,672.7341918945312,82.29540252685547,0.9986780285835266,596.577392578125,141.23789978027344,0.9972891807556152,605.2781982421875,168.9488983154297,0.9982328414916992,677.222900390625,155.1967315673828,0.9999057054519653
343,544.3097534179688,93.2575454711914,0.9990203380584717,551.5562744140625,160.5109100341797,0.9996021389961243,580.5891723632812,124.12556457519531,0.9997308850288391,602.3728637695312,124.46170043945312,0.9978437423706055,633.9841918945312,124.1168212890625,0.9990334510803223,666.5671997070312,120.45072937011719,0.9995669722557068,566.7946166992188,97.67667388916016,0.9987970590591431,645.0796508789062,86.94221496582031,0.9997982382774353,664.9744873046875,82.47423553466797,0.9984839558601379,595.2503662109375,141.23789978027344,0.9983323216438293,598.144775390625,171.79879760742188,0.9995512366294861,677.1685180664062,155.1967315673828,0.9998931884765625
344,541.2321166992188,93.28092956542969,0.9992501139640808,549.4929809570312,160.71971130371094,0.9997488856315613,578.0913696289062,124.31834411621094,0.9995139837265015,599.1417236328125,124.48467254638672,0.9988409876823425,629.9591674804688,124.49078369140625,0.9995511174201965,664.2144775390625,120.51638793945312,0.9995220899581909,567.6053466796875,96.35100555419922,0.998494029045105,645.0796508789062,86.89151763916016,0.9996819496154785,660.2586059570312,82.90130615234375,0.9978805780410767,594.5421142578125,141.23789978027344,0.9976646900177002,597.5867919921875,173.8479766845703,0.9993901252746582,677.1373901367188,155.1967315673828,0.9998916387557983
345,539.0982055664062,93.44537353515625,0.9992796778678894,545.3602905273438,161.10057067871094,0.9996786117553711,575.8120727539062,124.46969604492188,0.9987614154815674,596.3889770507812,124.59294891357422,0.999168872833252,627.1441650390625,124.8878402709961,0.9997636675834656,663.30908203125,120.57759094238281,0.999743640422821,567.6053466796875,95.6483154296875,0.9988810420036316,644.9935302734375,86.89151763916016,0.9992678761482239,657.7659912109375,83.18743133544922,0.9985653758049011,594.4439086914062,141.23789978027344,0.9975161552429199,596.9230346679688,174.0422821044922,0.9994041919708252,676.343994140625,154.56430053710938,0.9998947381973267
346,538.3783569335938,94.48797607421875,0.9994188547134399,541.8936767578125,161.36875915527344,0.9994483590126038,573.297607421875,124.76117706298828,0.9985631108283997,594.0189819335938,125.16339111328125,0.9991520643234253,624.3283081054688,124.8878402709961,0.9997742772102356,658.877685546875,120.6591796875,0.9997451901435852,567.6053466796875,95.6483154296875,0.9990550875663757,644.789794921875,86.89151763916016,0.9992569088935852,651.5838623046875,87.51444244384766,0.9980803728103638,594.1215209960938,141.26719665527344,0.9970138072967529,595.962646484375,174.25881958007812,0.9996395111083984,675.6435546875,154.5183868408203,0.9998877048492432
347,538.3501586914062,97.50132751464844,0.9995273351669312,540.2994384765625,161.5713348388672,0.9996533393859863,571.9940795898438,125.83534240722656,0.9987381100654602,592.446533203125,125.53814697265625,0.9989868998527527,623.8471069335938,125.5481185913086,0.9995577931404114,656.6051635742188,120.70304107666016,0.9997280240058899,566.9336547851562,95.6483154296875,0.999334990978241,644.43017578125,87.25390625,0.9987732768058777,649.8629760742188,87.80307006835938,0.998207688331604,593.9686889648438,141.36697387695312,0.9964364767074585,595.5565185546875,174.73016357421875,0.9996436834335327,675.2157592773438,154.46463012695312,0.9998586177825928
348,535.1995849609375,100.85020446777344,0.9996675252914429,536.1895141601562,161.5713348388672,0.999779999256134,570.8762817382812,126.098388671875,0.9984478950500488,591.067138671875,126.22311401367188,0.9978929162025452,621.0464477539062,125.92279815673828,0.9996349811553955,654.9794921875,120.70304107666016,0.9995692372322083,566.286376953125,96.28137969970703,0.9995835423469543,643.96923828125,87.25390625,0.9970965385437012,648.7866821289062,87.80307006835938,0.9986881613731384,592.56982421875,141.4405517578125,0.9915996789932251,595.3555908203125,175.02511596679688,0.9996340274810791,674.5128784179688,154.3763885498047,0.99982088804245
349,530.9317016601562,101.5675277709961,0.9994617104530334,535.5089721679688,162.79417419433594,0.99972003698349,568.7564697265625,126.62590026855469,0.9989259839057922,589.2294311523438,127.26996612548828,0.9972680807113647,619.5817260742188,126.80532836914062,0.9996402263641357,653.9519653320312,121.38330078125,0.9994298815727234,565.1870727539062,96.28137969970703,0.9995519518852234,642.67919921875,87.84169006347656,0.9957908391952515,648.3606567382812,87.80307006835938,0.9988786578178406,590.8626098632812,141.4867401123047,0.9821964502334595,595.0960083007812,175.02511596679688,0.9996517896652222,674.4856567382812,154.3763885498047,0.9997979998588562
350,528.102294921875,102.04055786132812,0.9989792108535767,532.7003784179688,163.04412841796875,0.9998747110366821,566.3703002929688,126.8257827758789,0.9994470477104187,586.7465209960938,127.72904968261719,0.998561441898346,618.53759765625,127.04081726074219,0.9994413256645203,652.4521484375,122.0431137084961,0.9994068145751953,564.9199829101562,96.53289031982422,0.999403715133667,636.060791015625,88.10502624511719,0.9959049820899963,647.553955078125,87.7755355834961,0.9991881251335144,588.6641235351562,143.4608917236328,0.9772840738296509,594.2682495117188,174.73016357421875,0.9997065663337708,674.1074829101562,154.37869262695312,0.9997536540031433
351,525.0565185546875,102.04055786132812,0.9988853335380554,530.850830078125,165.36163330078125,0.9998987913131714,564.2960815429688,127.11656188964844,0.9995065927505493,584.9586181640625,128.10960388183594,0.999065101146698,617.9644775390625,127.04081726074219,0.9992750287055969,650.940673828125,122.05294036865234,0.9993999004364014,563.6941528320312,96.66466522216797,0.9992685914039612,633.2390747070312,88.9659652709961,0.9891660809516907,647.553955078125,85.88630676269531,0.9992634654045105,582.8723754882812,144.7344512939453,0.9878748059272766,594.0805053710938,174.339111328125,0.9997634291648865,673.8856811523438,154.37893676757812,0.9997512698173523
352,523.5930786132812,101.5675277709961,0.998745322227478,530.51416015625,168.64820861816406,0.9997872710227966,562.1442260742188,127.50985717773438,0.99944669008255,584.0917358398438,128.64488220214844,0.9994699358940125,615.12548828125,127.04081726074219,0.9991576671600342,648.4676513671875,122.05294036865234,0.9993878602981567,563.3456420898438,96.84469604492188,0.9991076588630676,627.9073486328125,90.38420867919922,0.9817649126052856,648.06201171875,85.551513671875,0.9993625283241272,576.383056640625,146.1133270263672,0.9672608971595764,593.720703125,173.54351806640625,0.9997163414955139,673.7962036132812,154.37869262695312,0.9996422529220581
353,522.786376953125,101.32630157470703,0.9991939663887024,530.0966186523438,170.10989379882812,0.9997988343238831,561.0050659179688,127.5490951538086,0.9991124272346497,583.454833984375,128.74728393554688,0.999416708946228,614.7540283203125,126.88253021240234,0.9989618062973022,647.2279052734375,122.05294036865234,0.9996392726898193,563.3456420898438,96.84469604492188,0.9991717338562012,619.7015991210938,90.64575958251953,0.9940934777259827,648.3606567382812,84.91169738769531,0.9992997646331787,573.8436889648438,147.16867065429688,0.9787378907203674,593.720703125,172.8880615234375,0.9997119307518005,673.7083129882812,154.37869262695312,0.9996418952941895
354,522.786376953125,99.57273864746094,0.9994174242019653,529.7833251953125,170.7032928466797,0.9997835755348206,559.9510498046875,127.66404724121094,0.9982004165649414,582.6224365234375,128.82423400878906,0.999327540397644,613.907958984375,126.52570343017578,0.999276340007782,646.081298828125,122.05294036865234,0.9997143149375916,563.3456420898438,97.15394592285156,0.9991388320922852,609.2675170898438,90.64575958251953,0.8832969069480896,649.5677490234375,84.91169738769531,0.9989141225814819,572.1994018554688,149.0441131591797,0.9856536984443665,593.720703125,172.8880615234375,0.9997585415840149,673.4600219726562,154.0900115966797,0.9995920062065125
355,522.786376953125,97.92320251464844,0.9995183944702148,528.873779296875,170.7032928466797,0.9997597336769104,558.4674072265625,127.87803649902344,0.9983969330787659,581.1382446289062,128.87142944335938,0.999294638633728,612.9347534179688,126.483642578125,0.9995512366294861,644.749267578125,122.05294036865234,0.9997785687446594,563.9585571289062,97.56295776367188,0.999118983745575,600.3178100585938,90.38420867919922,0.9760546684265137,649.6029663085938,84.91169738769531,0.998927891254425,561.6250610351562,155.5890655517578,0.9732303619384766,593.7294311523438,172.8880615234375,0.99982750415802,672.8792114257812,153.23703002929688,0.9994736313819885
356,523.0906982421875,95.49559783935547,0.999560534954071,527.674560546875,170.7032928466797,0.9996553659439087,557.0657958984375,129.21951293945312,0.9986090064048767,580.19921875,128.87142944335938,0.9991200566291809,612.2855224609375,126.47736358642578,0.9996945858001709,643.4789428710938,122.06753540039062,0.9998080134391785,566.1207275390625,97.59333801269531,0.999428927898407,594.0375366210938,91.22293853759766,0.9964964985847473,649.6029663085938,85.01744079589844,0.9986869692802429,553.0955810546875,155.64596557617188,0.951648473739624,593.86279296875,172.94837951660156,0.999840497970581,671.863037109375,152.63954162597656,0.9988676309585571
357,524.1318359375,92.90792846679688,0.999504566192627,525.6851806640625,168.6578826904297,0.999427080154419,556.0950927734375,129.724853515625,0.9984753727912903,579.3529663085938,128.87142944335938,0.9988667964935303,610.8636474609375,126.21527099609375,0.9997718930244446,642.1754760742188,122.1922836303711,0.9998226761817932,566.1207275390625,97.61231994628906,0.9994029998779297,589.4298706054688,89.56167602539062,0.9969632029533386,649.5677490234375,85.2955093383789,0.9987175464630127,550.6473999023438,157.0285186767578,0.9872002601623535,593.86279296875,173.06871032714844,0.9998644590377808,671.6727294921875,152.63954162597656,0.9989481568336487
358,528.0654907226562,89.2721939086914,0.9993032217025757,523.3612670898438,168.6578826904297,0.9995055198669434,554.3486328125,130.3618927001953,0.9985533356666565,578.0824584960938,128.47079467773438,0.9988715052604675,609.0888061523438,126.21527099609375,0.9998058676719666,640.5911254882812,122.1922836303711,0.9997155070304871,566.1207275390625,97.61231994628906,0.9989643096923828,578.9851684570312,89.05984497070312,0.998273491859436,648.99072265625,86.10639190673828,0.999097466468811,545.6575927734375,157.0285186767578,0.9862520098686218,593.86279296875,173.06871032714844,0.9998823404312134,664.6506958007812,152.63954162597656,0.9989091157913208
359,531.0861206054688,84.27167510986328,0.9997808337211609,521.9283447265625,168.6578826904297,0.9993627667427063,552.6303100585938,130.3618927001953,0.9976078271865845,577.0690307617188,128.37847900390625,0.9977320432662964,607.5712280273438,126.21527099609375,0.9997013211250305,639.6171875,122.20249938964844,0.999638557434082,565.5469360351562,97.61231994628906,0.9981460571289062,571.1713256835938,89.05984497070312,0.9984868764877319,648.7982177734375,86.74308776855469,0.9993645548820496,541.5443725585938,157.0285186767578,0.9770472049713135,592.9258422851562,173.55003356933594,0.9998745918273926,659.6940307617188,153.58082580566406,0.9997238516807556
360,531.0861206054688,82.18610382080078,0.9998546838760376,520.73193359375,171.7618408203125,0.9995916485786438,551.1104736328125,130.3618927001953,0.9977110624313354,574.698974609375,128.31568908691406,0.9961586594581604,606.7383422851562,126.3745346069336,0.999613344669342,638.4237670898438,122.26754760742188,0.9995355606079102,565.460205078125,97.5143051147461,0.996767520904541,569.0755615234375,89.16283416748047,0.9986993074417114,648.469482421875,86.74484252929688,0.9994983673095703,535.7600708007812,154.65362548828125,0.9769425392150879,592.389892578125,173.55003356933594,0.9998291730880737,641.291015625,155.6809539794922,0.9945412278175354
361,531.0861206054688,81.88493347167969,0.9998235106468201,519.7222290039062,173.007568359375,0.9997745156288147,548.7240600585938,130.29820251464844,0.9967567324638367,572.7810668945312,128.12161254882812,0.9957873225212097,605.6419067382812,127.23819732666016,0.9995641112327576,636.946533203125,122.4465560913086,0.9996036887168884,563.7202758789062,97.4612808227539,0.9941603541374207,567.2482299804688,89.16283416748047,0.9988813996315002,648.3168334960938,87.19513702392578,0.999477207660675,532.961669921875,154.1834716796875,0.9925485253334045,592.389892578125,173.48057556152344,0.9998002648353577,627.806884765625,156.36962890625,0.998178243637085
362,529.0159301757812,81.60003662109375,0.9996465444564819,518.62548828125,173.12435913085938,0.9998396635055542,546.6253662109375,130.21826171875,0.9961736798286438,571.6702270507812,128.11634826660156,0.9965476393699646,603.8734741210938,127.28530883789062,0.999529242515564,635.364990234375,122.72999572753906,0.9994964599609375,561.9789428710938,97.01933288574219,0.9917683601379395,566.29052734375,89.20046997070312,0.9994489550590515,648.3168334960938,87.5299072265625,0.9994932413101196,531.0122680664062,153.86668395996094,0.9948611855506897,592.389892578125,173.16490173339844,0.9997677206993103,622.7637329101562,156.70533752441406,0.9978164434432983
363,526.0406494140625,81.60003662109375,0.9996732473373413,517.668701171875,173.12435913085938,0.9998743534088135,545.0965576171875,129.8444061279297,0.9953776597976685,570.4779663085938,127.99555969238281,0.9983598589897156,602.3612060546875,127.41626739501953,0.9995177984237671,634.2354736328125,123.22142028808594,0.9993388056755066,559.0067138671875,94.60660552978516,0.9868630170822144,566.0294189453125,89.9376220703125,0.9996652603149414,648.284423828125,87.71403503417969,0.9994990825653076,529.8915405273438,153.86668395996094,0.9929359555244446,592.389892578125,173.16490173339844,0.9997356534004211,620.9948120117188,158.51165771484375,0.9945559501647949
364,523.6971435546875,82.18610382080078,0.9997146725654602,515.15087890625,173.12435913085938,0.9998648166656494,542.431884765625,129.72592163085938,0.9980030655860901,568.13818359375,127.974365234375,0.9989457726478577,599.8869018554688,127.91487884521484,0.9994358420372009,630.7123413085938,123.72567749023438,0.9997515082359314,558.435302734375,94.60660552978516,0.9869319796562195,565.9139404296875,90.25341796875,0.9994562268257141,648.284423828125,87.79859161376953,0.9994373917579651,529.1498413085938,153.86668395996094,0.991532027721405,592.389892578125,171.66163635253906,0.99941086769104,618.6617431640625,159.0888214111328,0.9954774975776672
365,521.1736450195312,82.9424819946289,0.9998189806938171,512.8232421875,171.7628936767578,0.9998131394386292,540.091064453125,129.6641387939453,0.9986048340797424,566.4473266601562,127.974365234375,0.999386191368103,597.8613891601562,127.91487884521484,0.9997783303260803,628.5480346679688,124.4157485961914,0.9998632669448853,557.0302124023438,94.60660552978516,0.9809134602546692,565.65673828125,90.89189910888672,0.999512791633606,648.3370361328125,87.8511962890625,0.9993452429771423,528.7832641601562,153.86668395996094,0.9928808212280273,592.2412719726562,171.03138732910156,0.9992634654045105,616.1974487304688,160.99847412109375,0.9963781237602234
366,517.541748046875,84.21397399902344,0.9998846054077148,506.6026611328125,168.5189971923828,0.9997431635856628,538.4840698242188,128.99700927734375,0.998580813407898,564.3413696289062,127.99555969238281,0.9993817806243896,595.557861328125,127.91487884521484,0.9998728036880493,626.1087036132812,124.4157485961914,0.9998492002487183,556.64111328125,95.45076751708984,0.975341260433197,565.55322265625,90.89189910888672,0.9996119141578674,648.4772338867188,87.89667510986328,0.9993084669113159,528.5262451171875,153.86668395996094,0.9876595139503479,592.2412719726562,170.70123291015625,0.9994010925292969,613.8367309570312,161.13677978515625,0.997951328754425
367,510.2703857421875,84.73519134521484,0.9996612071990967,503.4563903808594,166.5413818359375,0.9997959733009338,536.9496459960938,128.14292907714844,0.9987340569496155,561.5388793945312,127.82643127441406,0.9991249442100525,592.7701416015625,127.61552429199219,0.9998915195465088,623.876953125,124.45820617675781,0.999771773815155,554.6290893554688,98.56269836425781,0.9796068072319031,565.55322265625,90.89189910888672,0.9997932314872742,648.5571899414062,87.93494415283203,0.9992536902427673,528.5262451171875,153.2891387939453,0.9918435215950012,591.9669799804688,170.08175659179688,0.9992644190788269,612.2515258789062,161.15647888183594,0.9982101917266846
368,506.02679443359375,86.35607147216797,0.9995443224906921,502.4682922363281,164.42868041992188,0.999908447265625,534.7736206054688,127.72895812988281,0.9994290471076965,557.434814453125,127.82643127441406,0.9987549781799316,591.2027587890625,127.60485076904297,0.9998067021369934,621.530517578125,124.45820617675781,0.9996023774147034,550.7606201171875,99.09439086914062,0.9763842225074768,565.55322265625,90.53001403808594,0.9999222755432129,648.5571899414062,87.94776916503906,0.9990289211273193,528.7832641601562,153.26580810546875,0.9932388067245483,591.9669799804688,169.54627990722656,0.9991669654846191,609.2711791992188,161.13677978515625,0.9983521699905396
369,503.5266418457031,89.3851547241211,0.9996756315231323,501.8222351074219,162.99020385742188,0.9999198913574219,532.6908569335938,127.66691589355469,0.9997616410255432,553.763671875,127.82643127441406,0.9994053840637207,588.8517456054688,127.5699691772461,0.999874472618103,619.2598876953125,124.45820617675781,0.9994848966598511,546.5478515625,99.76239013671875,0.9929064512252808,565.6929931640625,90.53001403808594,0.9999202489852905,648.5571899414062,88.13477325439453,0.9988653659820557,529.1951293945312,152.25262451171875,0.997718095779419,587.7159423828125,164.77748107910156,0.9993693232536316,608.1428833007812,160.99847412109375,0.9977993369102478
370,497.734619140625,91.37944030761719,0.9996668100357056,497.3963317871094,162.99020385742188,0.9998714923858643,530.6937255859375,127.54391479492188,0.9997237324714661,552.1080932617188,128.23707580566406,0.9996671676635742,586.7003784179688,127.27345275878906,0.9995830655097961,615.5950317382812,124.45820617675781,0.9995852112770081,542.4310302734375,99.97871398925781,0.9983645081520081,565.7064819335938,90.11420440673828,0.9999078512191772,648.4740600585938,88.7288818359375,0.9987591505050659,532.005859375,150.50274658203125,0.9991748929023743,583.2137451171875,163.0575408935547,0.9993834495544434,608.1328125,161.15647888183594,0.9981968998908997
371,492.638671875,91.99285125732422,0.9993114471435547,492.0140075683594,162.99020385742188,0.9998451471328735,527.9624633789062,126.92007446289062,0.9992893934249878,549.2236938476562,127.82643127441406,0.9995985627174377,582.175048828125,126.68306732177734,0.9995680451393127,612.6528930664062,124.56732940673828,0.999776303768158,534.7626953125,100.07523345947266,0.9975470900535583,566.0502319335938,90.00951385498047,0.9998905658721924,646.3485107421875,89.32501983642578,0.9985775947570801,532.8174438476562,150.12071228027344,0.9990670084953308,578.2579956054688,160.84397888183594,0.9977660179138184,608.1328125,161.15647888183594,0.9982303977012634
372,488.73077392578125,91.99285125732422,0.9996770620346069,488.30316162109375,163.05833435058594,0.9998372793197632,524.5790405273438,126.87200164794922,0.9991876482963562,547.665283203125,127.68463134765625,0.9990712404251099,579.7227172851562,126.68306732177734,0.9997740387916565,610.756103515625,124.64202117919922,0.9998086094856262,526.1402587890625,100.22152709960938,0.9979088306427002,566.0846557617188,89.83236694335938,0.9998574256896973,643.5799560546875,89.9611587524414,0.9980803728103638,533.4553833007812,149.93455505371094,0.99845290184021,565.8145141601562,159.66244506835938,0.9979397654533386,608.1328125,161.20542907714844,0.9981014132499695
373,486.2060852050781,91.99285125732422,0.9998015761375427,487.1863708496094,163.05833435058594,0.9998718500137329,521.9334106445312,126.52436828613281,0.9991680383682251,543.7210083007812,126.5481185913086,0.9985665678977966,575.2896118164062,126.68306732177734,0.9998179078102112,608.618896484375,124.84003448486328,0.9997479319572449,514.7642211914062,100.92123413085938,0.9978412389755249,566.2090454101562,89.04054260253906,0.9998416900634766,634.2803955078125,90.14500427246094,0.9975666999816895,533.5293579101562,149.035400390625,0.9981776475906372,561.2391967773438,159.66244506835938,0.9970623850822449,607.9669189453125,161.99957275390625,0.9988580942153931
374,484.1314392089844,90.84286499023438,0.9998326301574707,485.8389892578125,163.05833435058594,0.9999135732650757,519.9857788085938,125.5802001953125,0.999722421169281,541.0528564453125,126.52322387695312,0.9988864064216614,574.6563720703125,127.52239990234375,0.9996820688247681,606.497314453125,124.64202117919922,0.9992631077766418,506.4998779296875,101.32731628417969,0.9988767504692078,566.2090454101562,89.04054260253906,0.9997643828392029,623.59033203125,90.14500427246094,0.9986227750778198,533.5293579101562,146.7424774169922,0.996880054473877,550.4669799804688,160.84397888183594,0.99775630235672,607.8204956054688,162.12709045410156,0.9989317059516907
375,483.6569519042969,89.23419189453125,0.9998645782470703,482.0658264160156,161.9600372314453,0.9999030828475952,516.4862060546875,125.16486358642578,0.9998741149902344,539.5101928710938,126.52322387695312,0.9991703033447266,572.0863647460938,127.5605239868164,0.9998244643211365,603.9232788085938,125.0784683227539,0.9984989166259766,503.77435302734375,101.32731628417969,0.9980746507644653,566.2777709960938,89.04054260253906,0.9998670816421509,617.59716796875,91.32208251953125,0.9986006617546082,533.5293579101562,145.63168334960938,0.996787428855896,544.7139282226562,161.57940673828125,0.998711347579956,607.7224731445312,162.4571533203125,0.999342143535614
376,482.522216796875,86.68877410888672,0.999768078327179,479.89581298828125,161.9600372314453,0.9997207522392273,513.2755737304688,124.92179107666016,0.9997814297676086,535.841064453125,126.52322387695312,0.9995519518852234,568.6126098632812,127.66707611083984,0.9998202919960022,600.1544799804688,125.6988296508789,0.9990357160568237,498.015625,101.32731628417969,0.9985221028327942,566.354248046875,90.32553100585938,0.9998515844345093,615.0850219726562,91.32208251953125,0.998097836971283,533.110107421875,143.60882568359375,0.996966540813446,529.4996337890625,170.3485870361328,0.9996745586395264,607.7224731445312,162.51153564453125,0.9994813799858093
377,479.1351623535156,85.43953704833984,0.9995762705802917,474.630615234375,161.9600372314453,0.9997454285621643,510.35003662109375,125.16486358642578,0.9993249177932739,532.2532348632812,126.61953735351562,0.9993450045585632,564.814453125,128.35569763183594,0.99982750415802,597.597900390625,126.28399658203125,0.9994526505470276,495.3117980957031,97.5070571899414,0.9981162548065186,566.7545166015625,91.48593139648438,0.9997898936271667,601.2393188476562,90.31355285644531,0.9984180927276611,532.1982421875,142.59188842773438,0.9967160224914551,527.4572143554688,170.7074432373047,0.9993149042129517,607.453369140625,163.12599182128906,0.9995310306549072
378,474.4836730957031,85.43953704833984,0.9995068311691284,471.59918212890625,163.82858276367188,0.9997633099555969,508.1727294921875,125.09503173828125,0.9990479350090027,529.5176391601562,126.7685317993164,0.9991175532341003,562.40234375,128.35569763183594,0.9997770190238953,594.6588745117188,126.34561920166016,0.9997305274009705,495.1405944824219,96.561767578125,0.9989866614341736,567.0896606445312,91.59856414794922,0.9998394250869751,597.85302734375,90.31355285644531,0.9988393187522888,530.6596069335938,142.59188842773438,0.9976196885108948,525.7618408203125,171.29318237304688,0.9992365837097168,607.2739868164062,163.21542358398438,0.9994947910308838
379,473.8567810058594,85.43953704833984,0.9994603991508484,470.2146301269531,164.99244689941406,0.9998905658721924,506.6817626953125,125.09503173828125,0.9991316199302673,526.8915405273438,126.804443359375,0.9984891414642334,559.2911376953125,129.60824584960938,0.9997559189796448,591.1821899414062,126.49832153320312,0.9994553923606873,495.1405944824219,96.2203369140625,0.9990154504776001,567.0896606445312,91.773193359375,0.9998248219490051,587.8530883789062,91.71570587158203,0.9985077977180481,528.9945678710938,143.60882568359375,0.9976373910903931,525.69873046875,171.29318237304688,0.9990440011024475,607.001708984375,163.21542358398438,0.999438464641571
380,471.9937744140625,87.47770690917969,0.9995951056480408,468.0316162109375,166.40965270996094,0.9999202489852905,503.0616455078125,125.57880401611328,0.9993627667427063,524.171875,127.4579849243164,0.9968740940093994,556.29345703125,130.01866149902344,0.9998651742935181,588.2691650390625,127.7679214477539,0.9989633560180664,495.1405944824219,96.21311950683594,0.9992318153381348,566.7545166015625,92.0507583618164,0.999760091304779,583.4201049804688,91.71570587158203,0.9981168508529663,528.9945678710938,143.83351135253906,0.9984427094459534,524.6260986328125,172.4213409423828,0.9989746809005737,606.465576171875,163.21542358398438,0.999401330947876
381,468.5338439941406,87.47770690917969,0.9997220635414124,467.1683044433594,169.02511596679688,0.9998341798782349,499.7074279785156,125.800048828125,0.9992734789848328,520.2965087890625,127.78942108154297,0.9986251592636108,553.1551513671875,130.01866149902344,0.9998074173927307,585.8297119140625,127.90682220458984,0.9989533424377441,494.77178955078125,93.9054946899414,0.9994038343429565,565.2037963867188,92.0507583618164,0.9995937943458557,580.753173828125,91.71570587158203,0.9988123178482056,526.886962890625,145.81625366210938,0.998399555683136,523.568359375,172.97901916503906,0.998871386051178,605.5132446289062,163.08421325683594,0.9992961883544922
382,465.40814208984375,87.47770690917969,0.999473512172699,466.2192687988281,170.48309326171875,0.999849796295166,496.0467224121094,126.17189025878906,0.998570442199707,517.39892578125,127.90911865234375,0.9987338185310364,549.7206420898438,130.01866149902344,0.999757707118988,585.0836181640625,129.03399658203125,0.9993208646774292,493.88323974609375,93.82319641113281,0.9993364214897156,562.10888671875,92.05448150634766,0.999272882938385,580.753173828125,91.71570587158203,0.9991059899330139,526.2921752929688,146.87586975097656,0.9980258941650391,523.2589111328125,173.1609344482422,0.9990370273590088,604.3642578125,162.4681854248047,0.999241828918457
383,463.2507629394531,87.56769561767578,0.9991969466209412,464.80877685546875,171.42478942871094,0.9998038411140442,494.1579895019531,126.17189025878906,0.9990559220314026,515.1996459960938,128.02328491210938,0.9986530542373657,548.2269897460938,130.01866149902344,0.9997856020927429,582.5101928710938,129.36001586914062,0.9995757937431335,493.88323974609375,93.46878051757812,0.9992542862892151,556.0155639648438,92.27323150634766,0.9997838139533997,580.753173828125,91.55972290039062,0.9993858337402344,526.1976928710938,147.54330444335938,0.9961732029914856,523.2589111328125,173.1609344482422,0.9990756511688232,603.7667846679688,162.3350372314453,0.9990575909614563
384,461.230224609375,87.46330261230469,0.9992600083351135,464.73175048828125,171.42478942871094,0.9997937083244324,492.4797668457031,126.17189025878906,0.9992377758026123,513.7431030273438,128.02328491210938,0.998370349407196,547.0601806640625,130.01866149902344,0.9997387528419495,580.4622192382812,129.59066772460938,0.9995571970939636,493.3303527832031,93.27142333984375,0.9991242289543152,552.00146484375,92.78694915771484,0.9993553757667542,580.9315795898438,90.80442810058594,0.9991586208343506,516.8117065429688,148.161376953125,0.989936351776123,523.2589111328125,172.97901916503906,0.9994882345199585,603.4971923828125,162.2147979736328,0.9988678693771362
385,460.2833251953125,87.16252899169922,0.9992293119430542,463.428466796875,171.42478942871094,0.9996169805526733,490.9577331542969,125.80755615234375,0.9991142153739929,512.851806640625,128.02328491210938,0.997423529624939,545.894775390625,130.1468505859375,0.9996563196182251,578.4525146484375,129.59066772460938,0.999518871307373,493.3303527832031,93.0296401977539,0.9990018010139465,541.3653564453125,92.78694915771484,0.998640239238739,581.37548828125,90.80442810058594,0.9991575479507446,512.1004638671875,148.66290283203125,0.9869873523712158,523.3365478515625,172.52159118652344,0.9995753169059753,601.0445556640625,161.6584014892578,0.9988107681274414
386,459.2044982910156,87.46330261230469,0.9991587400436401,458.9222106933594,171.3512725830078,0.9995883107185364,489.7493591308594,125.80755615234375,0.998995840549469,512.053466796875,128.6324005126953,0.9980183839797974,544.3538208007812,131.22207641601562,0.9998289346694946,577.1331176757812,129.59066772460938,0.9992039799690247,493.3303527832031,93.0296401977539,0.9991225600242615,537.0698852539062,92.78694915771484,0.999038815498352,581.4502563476562,90.80442810058594,0.9990725517272949,503.19940185546875,149.2373504638672,0.9629908204078674,523.5983276367188,172.52159118652344,0.9995021820068359,598.4768676757812,161.38340759277344,0.9993925094604492
387,457.43341064453125,87.56769561767578,0.999620795249939,456.41009521484375,170.33741760253906,0.9997089505195618,487.4244079589844,125.80755615234375,0.9995571970939636,509.8595275878906,128.64208984375,0.9990146160125732,543.3092651367188,131.3206329345703,0.9999151229858398,574.770751953125,127.75023651123047,0.9985741376876831,493.4928283691406,93.0296401977539,0.9994552731513977,527.7310180664062,92.99920654296875,0.9992820620536804,581.4502563476562,91.2085952758789,0.9987913966178894,493.3885498046875,150.4266357421875,0.9662023186683655,523.661865234375,172.52159118652344,0.9994068145751953,594.0576171875,160.7816162109375,0.999600350856781
388,456.28240966796875,88.54379272460938,0.9995792508125305,454.1391906738281,170.3331756591797,0.9998608827590942,486.4966735839844,126.41087341308594,0.9997032284736633,508.2295837402344,128.64208984375,0.9992135763168335,542.830078125,131.33169555664062,0.9999164342880249,572.461669921875,127.11531829833984,0.9985430240631104,494.1632080078125,94.52757263183594,0.9991543292999268,524.1463623046875,91.99590301513672,0.9994630217552185,581.4502563476562,92.25291442871094,0.9991520643234253,487.2809143066406,150.69789123535156,0.9809123873710632,523.661865234375,171.9569854736328,0.9994574189186096,589.5327758789062,160.7816162109375,0.9988644123077393
389,454.2018127441406,89.8327865600586,0.999663233757019,451.2414245605469,170.3331756591797,0.9998266100883484,485.3280029296875,126.41087341308594,0.999406099319458,507.30242919921875,128.6324005126953,0.9988551139831543,541.7076416015625,131.33169555664062,0.999901533126831,571.7405395507812,127.01090240478516,0.998764157295227,494.1632080078125,94.52757263183594,0.9991382360458374,517.9384765625,90.36145782470703,0.9991580247879028,581.0406494140625,92.97332763671875,0.9991728663444519,478.16552734375,150.69789123535156,0.9786542057991028,523.5983276367188,171.9569854736328,0.9995180368423462,586.5474853515625,160.7816162109375,0.9972579479217529
390,452.4228515625,89.8327865600586,0.9996390342712402,449.7261962890625,170.17335510253906,0.9997826218605042,484.0999450683594,126.41087341308594,0.999186098575592,506.6890869140625,128.41448974609375,0.9988119602203369,540.5908203125,131.33169555664062,0.9998385906219482,571.5836181640625,127.01090240478516,0.9992282390594482,493.4928283691406,94.52757263183594,0.99836665391922,511.4982604980469,90.36145782470703,0.9991293549537659,581.035888671875,93.3180160522461,0.9993065595626831,469.38037109375,150.69789123535156,0.9821536540985107,523.4223022460938,171.30810546875,0.9994567036628723,576.7252807617188,160.92002868652344,0.998038113117218
391,451.3558654785156,89.8327865600586,0.9996534585952759,447.6968078613281,167.78932189941406,0.9998158812522888,481.96832275390625,125.11821746826172,0.9990677237510681,505.1531677246094,127.56151580810547,0.9993395209312439,538.656005859375,130.7528076171875,0.9997634291648865,570.2288818359375,127.11531829833984,0.999232292175293,493.4009094238281,94.00279235839844,0.998343825340271,505.2238464355469,89.47651672363281,0.9977046847343445,580.9415893554688,93.32588958740234,0.999321699142456,466.7536315917969,150.51748657226562,0.9859859943389893,522.92041015625,170.26321411132812,0.9994027614593506,566.9683837890625,160.92002868652344,0.9972207546234131
392,449.63238525390625,86.71904754638672,0.9995920062065125,444.89947509765625,165.7924346923828,0.99980229139328,478.7702331542969,123.7249526977539,0.9985952973365784,502.7870178222656,127.01268768310547,0.9995201826095581,536.4802856445312,129.7335205078125,0.9995595812797546,568.1141967773438,128.5654754638672,0.9994542002677917,492.7538146972656,92.59664916992188,0.9978460073471069,503.9263916015625,89.33482360839844,0.9971582889556885,580.9098510742188,93.32588958740234,0.9992145299911499,464.69952392578125,146.99075317382812,0.9885656237602234,521.1370849609375,169.76754760742188,0.9993027448654175,558.190673828125,161.17063903808594,0.9942877888679504
393,448.3587951660156,84.31210327148438,0.999744713306427,443.0229187011719,164.85755920410156,0.9998160004615784,476.5875244140625,122.85774993896484,0.9979007244110107,501.34625244140625,126.32220458984375,0.9995526671409607,534.0059204101562,129.5424346923828,0.9997864365577698,565.453369140625,128.5654754638672,0.9996601343154907,492.66558837890625,92.255126953125,0.9966559410095215,503.363525390625,88.94002532958984,0.997718870639801,580.663330078125,93.32588958740234,0.9990397095680237,456.619873046875,146.74961853027344,0.9919543862342834,521.1285400390625,169.64730834960938,0.9994269609451294,549.6219482421875,161.5830078125,0.9971875548362732
394,446.51324462890625,82.27985382080078,0.9997256398200989,438.71435546875,163.46609497070312,0.9997816681861877,473.7668151855469,122.473876953125,0.9977126121520996,499.35968017578125,125.9676513671875,0.9995423555374146,531.6849365234375,129.39999389648438,0.9997965693473816,562.5131225585938,128.5654754638672,0.9997870326042175,492.6605224609375,92.15752410888672,0.9949257373809814,502.4919738769531,88.91002655029297,0.998906135559082,580.5060424804688,92.992919921875,0.9989878535270691,456.619873046875,146.18551635742188,0.9950166344642639,521.1285400390625,169.41220092773438,0.9993547797203064,548.857177734375,160.92002868652344,0.9962326884269714
395,445.9539794921875,81.11193084716797,0.9997325539588928,437.5253601074219,160.8699951171875,0.9998725652694702,471.8939514160156,121.87959289550781,0.9983320832252502,496.3565368652344,125.81367492675781,0.9988692402839661,528.5587158203125,129.15707397460938,0.999708354473114,559.458984375,128.5251922607422,0.9995880722999573,492.34881591796875,92.07418823242188,0.9942821264266968,502.4344177246094,88.91002655029297,0.9993578791618347,580.5060424804688,92.94944763183594,0.9988313317298889,456.619873046875,146.1547393798828,0.989508867263794,520.9696044921875,168.27857971191406,0.9993857145309448,546.0467529296875,161.59237670898438,0.9980356097221375
396,444.4446716308594,79.98973846435547,0.9997534155845642,434.58599853515625,158.50274658203125,0.9998589754104614,468.50738525390625,121.50153350830078,0.9992139339447021,492.6747131347656,125.4233627319336,0.9976767897605896,526.4524536132812,128.95272827148438,0.9998641014099121,556.6519165039062,128.5251922607422,0.9996046423912048,491.2144470214844,92.07418823242188,0.9922566413879395,501.8869323730469,88.7811508178711,0.9997256398200989,580.4006958007812,92.85845184326172,0.9983845949172974,456.5571594238281,145.845947265625,0.9898636937141418,520.9696044921875,166.45315551757812,0.9995864033699036,544.844482421875,161.9794158935547,0.9973762035369873
397,443.2159423828125,79.85076904296875,0.999708354473114,431.3733825683594,157.55796813964844,0.9996538162231445,464.8472900390625,121.50153350830078,0.9986975193023682,489.5277099609375,124.64730834960938,0.9991692304611206,524.0488891601562,128.78863525390625,0.9997826218605042,553.812255859375,128.5251922607422,0.9994320273399353,490.6240234375,92.15752410888672,0.9896618127822876,501.8150939941406,87.8866958618164,0.9998468160629272,580.1948852539062,92.7708740234375,0.9979912042617798,456.6036682128906,145.845947265625,0.9935437440872192,520.8053588867188,166.31983947753906,0.9994839429855347,544.844482421875,162.90440368652344,0.9985478520393372
398,442.0952453613281,79.66534423828125,0.9997090697288513,427.8040771484375,153.67356872558594,0.9996693134307861,462.3049011230469,121.11152648925781,0.9985445737838745,486.0607604980469,124.64730834960938,0.9994059801101685,521.0288696289062,128.5155792236328,0.9996022582054138,552.09228515625,128.8335418701172,0.9996558427810669,488.084716796875,93.21357727050781,0.9956746697425842,500.9085388183594,87.27119445800781,0.9998835325241089,580.0506591796875,92.6209945678711,0.9978524446487427,456.6036682128906,145.58737182617188,0.9949557185173035,520.0185546875,165.70098876953125,0.9993613362312317,544.4319458007812,163.1130828857422,0.9991545677185059
399,441.60614013671875,79.6571044921875,0.9996943473815918,424.6584167480469,152.6106719970703,0.99956876039505,460.1871337890625,121.05705261230469,0.9995158910751343,483.704345703125,124.64730834960938,0.99952232837677,516.638916015625,128.2960205078125,0.9997121691703796,549.1823120117188,128.8335418701172,0.9997813105583191,483.6356506347656,93.55176544189453,0.9960169196128845,500.9085388183594,87.27119445800781,0.9998756647109985,579.5314331054688,91.579345703125,0.9975088834762573,456.5152587890625,145.58737182617188,0.9963086247444153,515.9334106445312,165.170166015625,0.9990485310554504,544.4319458007812,163.23614501953125,0.9993709921836853
400,440.6869812011719,79.53434753417969,0.999796450138092,422.7949523925781,151.0865478515625,0.9996869564056396,458.3875732421875,121.05705261230469,0.9992620348930359,481.3722839355469,124.95980072021484,0.9996009469032288,516.5614624023438,128.2960205078125,0.9996470212936401,546.3125,128.8335418701172,0.9996381998062134,477.0921325683594,94.07734680175781,0.9922226071357727,500.6953125,87.27119445800781,0.9999246597290039,579.2587280273438,90.21036529541016,0.9962523579597473,455.79998779296875,145.26109313964844,0.9956978559494019,513.748046875,163.6588592529297,0.9987958669662476,544.48974609375,163.28004455566406,0.9994572997093201
401,438.3791198730469,77.01691436767578,0.9998188614845276,421.018310546875,150.203369140625,0.999864935874939,457.33270263671875,120.58689880371094,0.9994768500328064,478.04718017578125,124.95980072021484,0.9988617897033691,513.2518310546875,128.2960205078125,0.9997000694274902,544.6088256835938,128.54002380371094,0.9993249177932739,467.8483581542969,94.07734680175781,0.9987823367118835,500.6953125,87.27119445800781,0.9998761415481567,577.8626708984375,90.21036529541016,0.9957972764968872,454.87994384765625,144.80877685546875,0.9952560067176819,502.43170166015625,163.6588592529297,0.9980717301368713,544.5337524414062,163.4599609375,0.9992421865463257
402,437.630615234375,74.95317840576172,0.9998403787612915,418.611328125,149.1648712158203,0.9998959302902222,453.8717041015625,120.56304168701172,0.9998043179512024,476.053955078125,124.95980072021484,0.9993298053741455,511.0662536621094,128.2960205078125,0.9998257756233215,541.3869018554688,128.54002380371094,0.9994315505027771,458.6419677734375,94.07734680175781,0.9956913590431213,501.19549560546875,87.49823760986328,0.9999113082885742,572.0543212890625,90.21036529541016,0.9938349723815918,454.87994384765625,143.59902954101562,0.9938405752182007,496.3240051269531,159.16087341308594,0.9978663325309753,544.5337524414062,163.3041229248047,0.9992337226867676
403,432.36376953125,74.89947509765625,0.9995037317276001,416.0946960449219,147.8914337158203,0.9998656511306763,450.4491271972656,119.98810577392578,0.9996985197067261,472.4478759765625,124.33269500732422,0.9996583461761475,507.2322692871094,128.2960205078125,0.999626636505127,538.62548828125,128.54002380371094,0.9993670582771301,446.9523010253906,92.7900390625,0.998274564743042,501.216796875,87.61270141601562,0.9999278783798218,560.6853637695312,92.76850891113281,0.9981168508529663,454.87994384765625,143.4805145263672,0.988217294216156,487.1423645019531,159.16087341308594,0.9995037317276001,544.5337524414062,163.28004455566406,0.9994595646858215
404,428.2259826660156,74.89947509765625,0.9991641044616699,411.18170166015625,146.848876953125,0.9998644590377808,447.54071044921875,118.87877655029297,0.9994871616363525,469.4530334472656,123.41020965576172,0.999582827091217,504.0657653808594,128.21206665039062,0.9996427297592163,536.9451904296875,129.3260955810547,0.9992678761482239,442.27392578125,91.91853332519531,0.998324453830719,501.4925842285156,87.6298828125,0.9999247789382935,556.2266235351562,92.76850891113281,0.9977757334709167,459.5730285644531,143.4805145263672,0.9857087135314941,481.1066589355469,161.3477020263672,0.9956947565078735,544.5337524414062,163.28004455566406,0.9994533658027649
405,425.2023010253906,74.95317840576172,0.9992517828941345,407.30609130859375,146.848876953125,0.9998157620429993,445.5882568359375,118.82749938964844,0.9992676377296448,467.2474365234375,122.59830474853516,0.999292254447937,499.98443603515625,128.20858764648438,0.9996194839477539,532.8197021484375,129.3260955810547,0.999622106552124,436.7503967285156,91.805419921875,0.9983741044998169,501.4925842285156,88.51542663574219,0.9999217987060547,547.565673828125,92.76850891113281,0.9990304708480835,460.41302490234375,143.0218963623047,0.9908896088600159,472.3272705078125,165.0936737060547,0.9983925223350525,543.9562377929688,163.0967559814453,0.9993845224380493
406,420.67529296875,75.13379669189453,0.999535322189331,404.4927062988281,146.848876953125,0.9998966455459595,442.6198425292969,118.52833557128906,0.9984174966812134,464.5840148925781,122.59830474853516,0.9984695315361023,495.38323974609375,128.0855255126953,0.9995618462562561,529.5946044921875,129.3260955810547,0.9995248317718506,433.32037353515625,90.2927017211914,0.9983154535293579,501.4925842285156,89.13411712646484,0.9999244213104248,537.3048095703125,91.87926483154297,0.9977657794952393,460.41302490234375,142.83119201660156,0.9944278001785278,464.15765380859375,166.10191345214844,0.9994851350784302,543.116943359375,163.07620239257812,0.9991462230682373
407,414.6095886230469,76.1170654296875,0.999016284942627,400.2357177734375,149.6786346435547,0.9998410940170288,439.4494323730469,118.02371978759766,0.9989652633666992,462.2207946777344,122.59830474853516,0.9974484443664551,491.1959533691406,127.5057601928711,0.9992521405220032,524.85693359375,127.89566802978516,0.997884213924408,433.01202392578125,90.2927017211914,0.9980868101119995,500.464111328125,89.13411712646484,0.9999046325683594,520.094482421875,90.54341888427734,0.9934300780296326,460.41302490234375,142.83119201660156,0.9961859583854675,454.8493957519531,167.85243225097656,0.9996448755264282,542.965087890625,163.05410766601562,0.9991808533668518
408,410.93212890625,76.31689453125,0.9991539716720581,395.1593933105469,151.87010192871094,0.9998065829277039,436.33740234375,117.8822250366211,0.9993876218795776,456.9246826171875,123.06443786621094,0.9994568228721619,487.4750061035156,127.08002471923828,0.9991940855979919,523.0780639648438,126.40279388427734,0.9982841610908508,431.4071350097656,88.5565414428711,0.999259889125824,500.2583923339844,89.39132690429688,0.9998797178268433,518.1367797851562,89.08849334716797,0.9957420229911804,460.3844909667969,141.35397338867188,0.9978532195091248,452.4924011230469,167.94725036621094,0.999782383441925,540.3416137695312,162.5611114501953,0.9993568062782288
409,408.229736328125,76.31689453125,0.9996262788772583,392.6065673828125,152.4681396484375,0.9997114539146423,433.8573303222656,117.30014038085938,0.9991982579231262,453.53240966796875,123.06443786621094,0.999629020690918,484.7140197753906,127.08002471923828,0.9994199275970459,520.229248046875,126.40279388427734,0.9986026883125305,431.120361328125,87.81977081298828,0.9996849298477173,500.2330322265625,89.39132690429688,0.9997022747993469,515.6409301757812,89.08849334716797,0.9983629584312439,460.10858154296875,139.88262939453125,0.9983119964599609,452.1076965332031,169.53036499023438,0.999771773815155,539.5318603515625,162.52545166015625,0.9990643858909607
410,405.49462890625,76.16051483154297,0.9996325969696045,390.999755859375,152.4681396484375,0.9997578263282776,429.7130126953125,117.08377838134766,0.9986735582351685,450.3717956542969,123.06443786621094,0.9995039701461792,481.3970031738281,127.08002471923828,0.9995805621147156,515.9090576171875,126.40279388427734,0.9995366334915161,430.7729187011719,87.61573028564453,0.999695897102356,500.1761779785156,89.39132690429688,0.9986379742622375,513.1255493164062,88.71617126464844,0.9989732503890991,459.58062744140625,139.88262939453125,0.9973912239074707,451.93603515625,170.96533203125,0.9997854828834534,537.2407836914062,162.4816436767578,0.9989274144172668
411,401.6610412597656,76.16051483154297,0.9994425177574158,387.0986633300781,152.4681396484375,0.9998154044151306,426.79949951171875,116.82307434082031,0.9983516931533813,447.6870422363281,122.88866424560547,0.9992146492004395,479.95538330078125,127.37626647949219,0.9995923638343811,512.2286376953125,126.74712371826172,0.9995025396347046,429.6334533691406,87.46492767333984,0.9996933937072754,500.1761779785156,89.09947204589844,0.994697093963623,513.1255493164062,89.08849334716797,0.9991559982299805,454.9338073730469,139.88262939453125,0.9948467016220093,451.15948486328125,172.31263732910156,0.999748170375824,534.7637939453125,162.39892578125,0.9993545413017273
412,400.37139892578125,75.22238159179688,0.999346911907196,379.0758361816406,152.44232177734375,0.9997759461402893,423.21337890625,116.71369934082031,0.9985313415527344,445.7535095214844,121.90945434570312,0.9989424347877502,475.723388671875,127.37626647949219,0.9996229410171509,507.90118408203125,126.74712371826172,0.9986411929130554,427.73651123046875,86.28624725341797,0.9996119141578674,492.22088623046875,88.95252227783203,0.9977254271507263,513.1255493164062,89.08849334716797,0.9992434978485107,451.239501953125,140.50242614746094,0.9959717392921448,450.61920166015625,172.62466430664062,0.9997172951698303,531.118896484375,162.3417205810547,0.9995303153991699
413,399.18426513671875,75.22238159179688,0.9990731477737427,376.41387939453125,151.8998260498047,0.9997789263725281,420.4320373535156,115.49537658691406,0.9990882873535156,440.9977111816406,121.71595764160156,0.9993365406990051,474.43475341796875,127.37626647949219,0.9994365572929382,506.983642578125,126.74712371826172,0.9986571073532104,425.4906921386719,85.11080932617188,0.9993365406990051,486.9577331542969,88.00435638427734,0.9996920824050903,513.100830078125,88.85404968261719,0.9991764426231384,449.76776123046875,140.5724639892578,0.9934800863265991,449.9279479980469,172.92227172851562,0.999678373336792,529.7662963867188,162.33428955078125,0.9992300271987915
414,397.80938720703125,75.22238159179688,0.999234676361084,374.1842956542969,151.8998260498047,0.9997949004173279,418.169921875,115.31959533691406,0.9995318651199341,439.9981994628906,121.66309356689453,0.9996689558029175,471.3175048828125,126.36909484863281,0.9993559718132019,504.5611267089844,126.12797546386719,0.998365581035614,425.4906921386719,84.87551879882812,0.999093770980835,481.4642028808594,87.92715454101562,0.999175488948822,513.2610473632812,88.63851928710938,0.9991552829742432,445.8768615722656,141.7598419189453,0.9909101128578186,449.65887451171875,172.92227172851562,0.9996620416641235,528.95361328125,161.84207153320312,0.9988686442375183
415,395.0445251464844,75.20723724365234,0.9993749260902405,374.1842956542969,151.8998260498047,0.9997523427009583,416.2478942871094,115.2035903930664,0.9992699027061462,438.3699035644531,121.66309356689453,0.9997257590293884,470.5098571777344,126.27066040039062,0.9995701909065247,502.86651611328125,125.73751831054688,0.9992732405662537,425.4906921386719,84.87551879882812,0.9991531372070312,471.2395935058594,85.80896759033203,0.99382483959198,513.2610473632812,87.921142578125,0.9993191957473755,435.87579345703125,141.7598419189453,0.9749138355255127,449.5490417480469,172.92227172851562,0.9996094107627869,525.6585083007812,159.8928680419922,0.9990967512130737
416,392.4536437988281,75.20723724365234,0.9994493126869202,374.1842956542969,154.21795654296875,0.9997487664222717,414.1266174316406,115.2035903930664,0.9991056323051453,437.09210205078125,121.59493255615234,0.999531626701355,468.6949462890625,126.1355209350586,0.999665379524231,500.6242370605469,125.19285583496094,0.9996320009231567,426.1963806152344,84.87551879882812,0.9992497563362122,464.0673828125,85.14888763427734,0.9943380951881409,513.25146484375,87.775146484375,0.9993224143981934,425.4700927734375,141.7598419189453,0.9717114567756653,449.5139465332031,172.36441040039062,0.9995728135108948,522.0520629882812,158.48928833007812,0.9993482232093811
417,390.0926818847656,74.96505737304688,0.9996470212936401,374.67340087890625,155.85780334472656,0.9997730851173401,412.0157470703125,115.49537658691406,0.9990690350532532,434.34893798828125,121.09668731689453,0.9996483325958252,466.7485656738281,125.1727066040039,0.999687910079956,498.9114685058594,124.72366333007812,0.9997437596321106,426.9118957519531,85.8206558227539,0.9995124340057373,458.4163818359375,81.05113220214844,0.9986590147018433,513.0940551757812,87.6052017211914,0.9993342757225037,419.8043518066406,140.4298095703125,0.9930357336997986,449.0777893066406,171.7035675048828,0.9996421337127686,515.0032348632812,158.48928833007812,0.9997641444206238
418,388.9552001953125,74.96505737304688,0.9996682405471802,374.67340087890625,157.6866912841797,0.9997926354408264,409.87725830078125,115.13861083984375,0.9991814494132996,432.52984619140625,120.88927459716797,0.9995301961898804,464.2799377441406,124.44026184082031,0.9996100068092346,497.223388671875,124.1125259399414,0.9997819066047668,426.9118957519531,85.8206558227539,0.9993614554405212,453.6448974609375,80.38350677490234,0.9995713829994202,512.9740600585938,87.60076904296875,0.9991969466209412,412.799072265625,140.19061279296875,0.9898613691329956,448.39556884765625,171.34521484375,0.9997257590293884,508.35809326171875,158.48928833007812,0.9989848732948303
419,386.8301696777344,74.96505737304688,0.9995759129524231,374.67340087890625,158.17974853515625,0.9998262524604797,408.4984436035156,115.13861083984375,0.999096155166626,431.5901794433594,120.0171890258789,0.9993639588356018,462.6850280761719,124.22892761230469,0.99950110912323,496.03717041015625,123.7041244506836,0.9997069239616394,426.9118957519531,85.8206558227539,0.9990749359130859,447.1068420410156,80.16222381591797,0.9991129040718079,512.6482543945312,87.53961181640625,0.9991156458854675,405.8170471191406,139.74725341796875,0.9922583699226379,448.3794860839844,169.77792358398438,0.9997755885124207,500.01507568359375,158.83050537109375,0.9993027448654175
420,384.9034729003906,74.97855377197266,0.9993724226951599,374.1005859375,158.4610595703125,0.9998041987419128,407.292724609375,115.13861083984375,0.9989468455314636,428.8970947265625,119.31748962402344,0.9993539452552795,462.3688049316406,124.22892761230469,0.9995903372764587,494.169189453125,123.67300415039062,0.9995253086090088,426.43292236328125,85.63626098632812,0.9986349940299988,442.1807556152344,79.53947448730469,0.9993951320648193,512.3331909179688,87.49203491210938,0.9990813732147217,399.50579833984375,136.5449676513672,0.9831156134605408,447.2825622558594,168.73040771484375,0.9997019171714783,493.69842529296875,160.91995239257812,0.9977177381515503
421,384.4266052246094,75.21630859375,0.9992244243621826,371.8614807128906,158.4610595703125,0.9998261332511902,404.5469970703125,114.07991027832031,0.9986409544944763,427.04290771484375,118.96039581298828,0.9992173910140991,460.14837646484375,124.16417694091797,0.9997139573097229,492.3677062988281,122.87822723388672,0.9995458722114563,425.7770690917969,85.63520812988281,0.9975144863128662,438.27386474609375,79.53947448730469,0.9994680285453796,509.3818664550781,87.51077270507812,0.998964786529541,393.54107666015625,134.59756469726562,0.978548526763916,447.2746276855469,168.26658630371094,0.9996975660324097,484.3897705078125,160.91995239257812,0.9975124597549438
422,382.89910888671875,75.27681732177734,0.9984177350997925,369.44451904296875,158.4610595703125,0.9997766613960266,402.5843200683594,113.18318939208984,0.9984319806098938,425.24774169921875,118.96039581298828,0.9990763664245605,458.1447448730469,124.16417694091797,0.9996273517608643,490.41162109375,122.72590637207031,0.9994305968284607,425.4939880371094,85.28562927246094,0.9964538812637329,435.6969299316406,79.30623626708984,0.9994020462036133,508.5860290527344,87.51077270507812,0.9989374279975891,386.71435546875,133.77223205566406,0.9950693845748901,447.083984375,166.66159057617188,0.9995720982551575,479.76434326171875,160.91995239257812,0.9933797121047974
423,382.09661865234375,75.27681732177734,0.9983900785446167,367.01373291015625,157.30039978027344,0.9995928406715393,400.8822937011719,112.65461730957031,0.9979192614555359,423.2051696777344,118.8487319946289,0.9988592863082886,455.820068359375,123.08770751953125,0.9996575117111206,486.62005615234375,122.66477966308594,0.9997521042823792,425.136962890625,85.28562927246094,0.9959028363227844,434.6471862792969,79.23255920410156,0.9995096921920776,508.4895324707031,87.51077270507812,0.9988600015640259,386.43634033203125,132.930419921875,0.9953546524047852,447.083984375,166.36912536621094,0.9995867609977722,475.45751953125,159.36485290527344,0.9974740147590637
424,379.29278564453125,75.27681732177734,0.9980792999267578,362.4769592285156,151.5462646484375,0.9997662901878357,398.8287658691406,111.98497009277344,0.9971946477890015,421.5464172363281,118.47343444824219,0.9985789060592651,453.23797607421875,123.03194427490234,0.9997702240943909,483.96875,122.47673797607422,0.9998677968978882,424.139404296875,85.28562927246094,0.9967336654663086,434.48907470703125,78.91842651367188,0.9990453124046326,508.1630554199219,87.80020141601562,0.9986349940299988,385.5972900390625,131.40786743164062,0.9940032362937927,447.083984375,165.23910522460938,0.9994551539421082,474.2969665527344,159.36485290527344,0.9973451495170593
425,377.9314270019531,74.50218200683594,0.9981592297554016,358.4462585449219,147.8900909423828,0.9999024868011475,396.42724609375,111.67277526855469,0.9987240433692932,419.5991516113281,118.47343444824219,0.998801589012146,450.5860290527344,122.11665344238281,0.9997597336769104,481.2276916503906,122.36882781982422,0.9998490810394287,424.06689453125,85.85857391357422,0.9930177927017212,433.9547119140625,77.88751220703125,0.9994018077850342,508.1630554199219,87.98394775390625,0.9982624650001526,383.6051025390625,131.3296356201172,0.9965368509292603,447.2627868652344,163.05564880371094,0.9991244673728943,473.7265625,159.36485290527344,0.9972466230392456
426,376.7602844238281,73.718017578125,0.9988871216773987,355.0662841796875,143.45164489746094,0.9998588562011719,393.73541259765625,110.25822448730469,0.9990078806877136,416.5693664550781,117.84618377685547,0.9983684420585632,448.9307556152344,121.76997375488281,0.9994428753852844,478.0954284667969,121.67453002929688,0.9994254112243652,422.05633544921875,89.50875091552734,0.9930862188339233,432.1738586425781,77.40254974365234,0.9994452595710754,508.1630554199219,88.18561553955078,0.9977279305458069,383.6051025390625,130.95675659179688,0.9978553652763367,447.2627868652344,162.96055603027344,0.9989418387413025,472.58685302734375,159.8455810546875,0.9980360865592957
427,374.9401550292969,73.718017578125,0.9993870258331299,353.1236267089844,140.2560272216797,0.999647855758667,391.2226257324219,109.37800598144531,0.9996015429496765,412.8273010253906,115.79914855957031,0.9986076951026917,445.4421081542969,121.22845458984375,0.9997676014900208,476.29669189453125,121.45730590820312,0.9994345307350159,418.0650329589844,89.50875091552734,0.9858018755912781,432.1191101074219,75.95065307617188,0.9996108412742615,508.12945556640625,88.32783508300781,0.9974424839019775,381.8209228515625,130.7445526123047,0.9971720576286316,447.2627868652344,162.18067932128906,0.9981635212898254,470.92584228515625,159.8455810546875,0.9983426332473755
428,372.5993347167969,73.718017578125,0.9996498823165894,347.37542724609375,137.9232635498047,0.9994934797286987,388.73223876953125,109.37800598144531,0.9998134970664978,409.71502685546875,115.71855163574219,0.9988958835601807,442.2786560058594,120.31735229492188,0.9997766613960266,474.9476318359375,120.81646728515625,0.9993089437484741,414.8739929199219,89.88233184814453,0.9862505197525024,431.56414794921875,75.34127044677734,0.9995779395103455,508.12945556640625,88.55986785888672,0.9963064193725586,381.6290588378906,130.67164611816406,0.997936487197876,439.4087219238281,156.1336212158203,0.9966890215873718,470.86590576171875,159.8455810546875,0.9987192153930664
429,367.8822021484375,75.99850463867188,0.9989110231399536,345.5611572265625,137.9232635498047,0.999652624130249,386.92340087890625,109.37800598144531,0.9998192191123962,407.9438781738281,115.71855163574219,0.9992129802703857,442.2765808105469,119.94277954101562,0.999849796295166,472.7710266113281,120.66255187988281,0.9991816878318787,410.240478515625,90.16329193115234,0.9930903315544128,430.9438781738281,75.34127044677734,0.9995243549346924,507.8431396484375,88.63198852539062,0.995083212852478,381.1148986816406,130.12106323242188,0.9982184767723083,435.3923034667969,156.1336212158203,0.9990787506103516,470.86590576171875,159.80947875976562,0.9987549781799316
430,361.38525390625,78.33712768554688,0.9989666938781738,344.708984375,137.9232635498047,0.9995334148406982,384.5953063964844,109.52621459960938,0.9996670484542847,405.82305908203125,115.71855163574219,0.9995784163475037,440.791015625,119.94277954101562,0.9998867511749268,470.9007263183594,120.12281799316406,0.9995192289352417,408.6997375488281,90.16329193115234,0.9958600401878357,429.62347412109375,75.34127044677734,0.9997350573539734,506.8289794921875,88.63198852539062,0.9943102598190308,381.1148986816406,129.9879608154297,0.99834144115448,432.1837158203125,156.1336212158203,0.9980618357658386,470.86590576171875,158.86114501953125,0.9984943866729736
431,355.13995361328125,80.77236938476562,0.999805748462677,344.5419006347656,139.115234375,0.9990056157112122,382.9504699707031,110.6824722290039,0.9994392991065979,403.7685546875,117.14945983886719,0.9998317956924438,438.9001159667969,119.94277954101562,0.9998857975006104,468.9554138183594,119.85697174072266,0.9996846914291382,400.7650146484375,90.49201202392578,0.9944730401039124,429.52777099609375,75.52874755859375,0.9996575117111206,505.3278503417969,88.63198852539062,0.9962245225906372,381.1148986816406,129.6697235107422,0.9969909191131592,424.207763671875,156.69384765625,0.9989732503890991,471.3140563964844,158.86114501953125,0.9985347986221313
432,352.43994140625,86.61532592773438,0.9993276596069336,344.3096008300781,142.95355224609375,0.9991405010223389,380.42791748046875,111.89835357666016,0.999440610408783,402.1415100097656,119.09955596923828,0.9998348951339722,437.5498046875,120.68983459472656,0.9998338222503662,467.7440490722656,119.85697174072266,0.9997555613517761,389.5257568359375,90.9537582397461,0.9985632300376892,429.0130920410156,75.91445922851562,0.9996210336685181,502.0710754394531,87.849609375,0.9989843964576721,381.871337890625,129.6697235107422,0.992428719997406,418.7554016113281,157.8935546875,0.9996057152748108,471.3140563964844,158.86114501953125,0.9988634586334229
433,347.80029296875,92.5064926147461,0.9981016516685486,344.3096008300781,145.20144653320312,0.9994741082191467,379.2373046875,113.20858001708984,0.9995917677879333,400.7182922363281,119.24809265136719,0.9997228980064392,434.71868896484375,121.05204772949219,0.9995871186256409,466.4834899902344,119.85697174072266,0.9998016953468323,382.089599609375,92.34822845458984,0.9969033598899841,429.0130920410156,76.58346557617188,0.9996132254600525,490.0235900878906,87.16522979736328,0.9987407326698303,389.5455017089844,129.6697235107422,0.9833813905715942,416.8023986816406,162.4358367919922,0.9994914531707764,471.3140563964844,159.0740203857422,0.9990897178649902
434,344.8937683105469,93.76744079589844,0.9990659356117249,343.4112243652344,147.86740112304688,0.9997734427452087,378.0692138671875,115.68924713134766,0.999373733997345,399.9644775390625,119.3409423828125,0.9996224641799927,431.9584655761719,121.42095184326172,0.999492883682251,465.4827880859375,120.00745391845703,0.999803364276886,374.29833984375,93.94242858886719,0.998389720916748,429.0130920410156,77.57648468017578,0.9996830224990845,484.3300476074219,86.26014709472656,0.9995637536048889,392.1222839355469,131.9973602294922,0.9777567386627197,409.0928955078125,166.06300354003906,0.999203622341156,471.1855163574219,159.1200714111328,0.9994887113571167
435,344.72247314453125,93.76744079589844,0.9996206760406494,340.9337463378906,150.7103729248047,0.9998144507408142,376.45465087890625,117.31964874267578,0.9995591044425964,398.3365173339844,119.85900115966797,0.9995400905609131,430.50579833984375,121.43563842773438,0.9997206330299377,464.6384582519531,120.15250396728516,0.9997790455818176,368.6351013183594,93.97772979736328,0.9984147548675537,429.0671691894531,77.85653686523438,0.9997928738594055,480.2733154296875,85.43029022216797,0.9993841648101807,392.1222839355469,132.58538818359375,0.9909611344337463,403.2222900390625,166.72747802734375,0.9997400641441345,471.1617736816406,159.37249755859375,0.9996125102043152
436,343.912841796875,93.76744079589844,0.9995149374008179,339.098876953125,153.4757537841797,0.9996927976608276,374.9317932128906,117.77002716064453,0.999739944934845,396.46307373046875,120.29403686523438,0.9991928935050964,428.56219482421875,122.10176086425781,0.9997039437294006,463.9350891113281,120.15250396728516,0.999656081199646,368.0964660644531,93.97772979736328,0.9988270401954651,429.0671691894531,77.86051177978516,0.999816358089447,471.38580322265625,85.05931854248047,0.9986963868141174,392.1222839355469,132.83164978027344,0.9946550130844116,393.9422607421875,167.1407012939453,0.9986396431922913,471.1192321777344,159.87599182128906,0.9995967745780945
437,341.8284912109375,93.64521789550781,0.999264657497406,337.86334228515625,154.74391174316406,0.9997085928916931,372.71435546875,118.23526000976562,0.9997393488883972,394.4455261230469,120.31878662109375,0.999138355255127,425.8484802246094,122.61698150634766,0.9993582367897034,460.4681701660156,120.15250396728516,0.9995803236961365,363.7085876464844,93.94242858886719,0.9982208609580994,429.0671691894531,77.96208953857422,0.9998522996902466,465.62689208984375,84.62444305419922,0.9991801381111145,391.0890197753906,133.6437225341797,0.995551347732544,391.55328369140625,168.74961853027344,0.9996243715286255,470.4223327636719,159.87599182128906,0.9995473027229309
438,339.8974304199219,93.34898376464844,0.9993442893028259,336.6429443359375,157.42051696777344,0.9995997548103333,370.2286376953125,118.43807983398438,0.9995461106300354,392.5086364746094,120.65270233154297,0.9991006851196289,422.71307373046875,122.61726379394531,0.9994134902954102,458.2510986328125,119.99795532226562,0.9996790885925293,361.4367980957031,92.35613250732422,0.9983946681022644,428.753662109375,78.1609115600586,0.9998340606689453,453.8016662597656,81.34534454345703,0.9937461614608765,389.1885070800781,133.85911560058594,0.9966828227043152,384.50164794921875,168.8535919189453,0.9996238946914673,470.39373779296875,159.87599182128906,0.999630331993103
439,334.96856689453125,93.15821075439453,0.9985406398773193,334.5407409667969,161.08546447753906,0.9992870688438416,367.92120361328125,118.90316009521484,0.9991081357002258,389.91302490234375,120.65270233154297,0.9993771910667419,420.5728759765625,122.69038391113281,0.9995655417442322,457.9385681152344,119.6950454711914,0.9994211196899414,358.2676086425781,91.85104370117188,0.9993440508842468,427.87774658203125,78.21973419189453,0.9998455047607422,447.9503479003906,81.25098419189453,0.9902276992797852,389.0507507324219,134.8778533935547,0.9974479675292969,380.5263977050781,168.74961853027344,0.999528169631958,469.0292053222656,159.71670532226562,0.999691367149353
440,331.37213134765625,93.34898376464844,0.9987860321998596,332.6387023925781,166.13980102539062,0.9996269941329956,364.91497802734375,120.34828186035156,0.9984371066093445,387.0810546875,121.39669799804688,0.999153733253479,417.118408203125,122.7007064819336,0.9996212720870972,454.0510559082031,119.30526733398438,0.9998458623886108,355.4474792480469,91.12759399414062,0.9995717406272888,427.87774658203125,78.86372375488281,0.99973064661026,440.8304138183594,80.83255004882812,0.9947056174278259,386.17681884765625,134.8778533935547,0.9971165657043457,379.6002502441406,168.74961853027344,0.9993866682052612,467.2886962890625,159.11895751953125,0.9996252059936523
441,325.19000244140625,93.64521789550781,0.9993083477020264,332.6387023925781,168.94488525390625,0.9995142221450806,361.208740234375,120.58212280273438,0.998902440071106,383.0132141113281,121.82484436035156,0.9977632761001587,415.22979736328125,123.8648910522461,0.9993199110031128,450.4156188964844,119.30526733398438,0.9998348951339722,352.83331298828125,91.05802917480469,0.9994526505470276,427.4149475097656,78.94086456298828,0.9993919134140015,436.64923095703125,80.65815734863281,0.9963566064834595,384.05340576171875,136.14178466796875,0.9969326257705688,375.8310852050781,169.34869384765625,0.9996246099472046,465.8332214355469,158.72300720214844,0.9993411898612976
442,324.419677734375,94.50721740722656,0.9995796084403992,332.6387023925781,172.1897430419922,0.9991387128829956,358.1634521484375,122.8070297241211,0.9996507167816162,378.5725402832031,123.32391357421875,0.9971597194671631,412.4438171386719,124.11174774169922,0.9991253018379211,445.8971862792969,119.30526733398438,0.999606192111969,351.85626220703125,91.05802917480469,0.9995050430297852,427.4149475097656,79.13430786132812,0.998293936252594,435.1570129394531,80.65815734863281,0.9985007047653198,380.8741455078125,137.07940673828125,0.9973093271255493,373.85797119140625,169.60659790039062,0.999843955039978,464.7870178222656,157.97007751464844,0.998830258846283
443,317.89617919921875,95.62507629394531,0.9995218515396118,331.7671203613281,174.7364959716797,0.9987359642982483,355.1979064941406,124.24945068359375,0.9996459484100342,375.2817077636719,124.15799713134766,0.9991262555122375,407.949462890625,124.2162857055664,0.9989211559295654,443.0008544921875,119.30526733398438,0.9996047616004944,350.3438720703125,91.12759399414062,0.9994117021560669,427.4149475097656,79.32400512695312,0.9965093731880188,434.2511901855469,80.50218963623047,0.9989657402038574,378.50347900390625,139.2198028564453,0.9967880249023438,373.132568359375,169.80715942382812,0.9998611211776733,464.1948547363281,157.92323303222656,0.9985347986221313
444,313.47027587890625,97.340087890625,0.9994090795516968,331.7671203613281,176.48219299316406,0.9990079998970032,351.3508605957031,124.6969985961914,0.9989093542098999,372.3622131347656,125.18189239501953,0.9993077516555786,405.5953063964844,124.26050567626953,0.9996095299720764,441.14306640625,119.63583374023438,0.9995384216308594,349.0425109863281,91.42163848876953,0.9989941716194153,426.15570068359375,79.56015014648438,0.9942089319229126,433.453369140625,80.38671875,0.998913049697876,375.8502197265625,140.52186584472656,0.9932290315628052,372.7139892578125,169.91244506835938,0.9998384714126587,462.2818298339844,157.89263916015625,0.9983434677124023
445,312.3623962402344,97.340087890625,0.999735414981842,331.0910949707031,177.35580444335938,0.9992409944534302,348.6292724609375,124.92604064941406,0.9991908669471741,369.3331604003906,125.4650650024414,0.9991282820701599,403.3289794921875,124.26050567626953,0.9997186064720154,438.2098083496094,120.1857681274414,0.9997707009315491,347.2680358886719,92.16029357910156,0.9982680082321167,423.59539794921875,80.28038024902344,0.9899890422821045,433.15814208984375,79.94951629638672,0.9991567134857178,374.06927490234375,140.79942321777344,0.9941907525062561,372.65777587890625,170.48362731933594,0.9998548030853271,460.9641418457031,157.89263916015625,0.9973032474517822
446,310.50177001953125,97.340087890625,0.999818742275238,330.0834655761719,177.89971923828125,0.9994545578956604,347.2127380371094,125.52073669433594,0.9993534684181213,367.9561462402344,125.95494079589844,0.9988893866539001,402.00323486328125,124.610595703125,0.9997863173484802,435.6703186035156,120.1857681274414,0.9998130202293396,346.8603820800781,92.77334594726562,0.997751772403717,411.7138366699219,80.77964782714844,0.9987466335296631,431.5096130371094,78.84801483154297,0.9992651343345642,373.6260681152344,141.56382751464844,0.993953287601471,372.65777587890625,170.72515869140625,0.9998676776885986,460.9641418457031,157.89263916015625,0.9961739182472229
447,309.56439208984375,96.84540557861328,0.9998311996459961,329.97930908203125,177.90109252929688,0.9994657635688782,346.27777099609375,125.52073669433594,0.9993594288825989,367.09381103515625,126.15771484375,0.9986604452133179,400.90362548828125,124.67707824707031,0.9997299313545227,434.0610656738281,120.1857681274414,0.9998109936714172,346.8603820800781,92.77334594726562,0.997925877571106,410.0333251953125,81.5689468383789,0.9993634819984436,431.5096130371094,77.62715911865234,0.9988517761230469,372.5535583496094,142.23106384277344,0.9945071339607239,372.65777587890625,170.98219299316406,0.9998250603675842,460.9641418457031,157.92323303222656,0.9966084957122803
448,309.4353942871094,95.48660278320312,0.9998490810394287,329.5711364746094,178.7836151123047,0.9995554089546204,345.64288330078125,125.58198547363281,0.9993361830711365,365.3558349609375,126.82550048828125,0.9977715611457825,399.32598876953125,124.71517944335938,0.9997528195381165,432.6360168457031,120.04069519042969,0.9997678399085999,346.8603820800781,92.8726577758789,0.9983341097831726,402.8509216308594,83.70223236083984,0.996616542339325,431.5096130371094,76.87965393066406,0.9984924793243408,369.3837890625,143.65975952148438,0.9827455878257751,372.9010009765625,171.3524627685547,0.9997875094413757,462.47186279296875,158.28709411621094,0.9947139620780945
449,309.35552978515625,94.87838745117188,0.9998410940170288,328.5885314941406,179.44732666015625,0.999603807926178,344.2452697753906,125.73432922363281,0.9996228218078613,363.9842529296875,126.987548828125,0.9974615573883057,398.5903015136719,124.7457504272461,0.9997434020042419,430.9767150878906,118.98316192626953,0.9996817111968994,347.45947265625,92.8726577758789,0.9980785846710205,393.35028076171875,84.40098571777344,0.983684778213501,431.6509094238281,76.87965393066406,0.9988706707954407,356.6318664550781,144.81161499023438,0.9444792866706848,373.0960693359375,171.3524627685547,0.9998449087142944,462.47186279296875,158.28709411621094,0.99381422996521
450,309.00738525390625,94.77963256835938,0.9998313188552856,328.0391540527344,179.44732666015625,0.9997734427452087,342.61578369140625,125.73432922363281,0.999769389629364,363.87646484375,127.20138549804688,0.998764157295227,397.6659851074219,125.82659149169922,0.999665379524231,430.32476806640625,118.55635070800781,0.99978107213974,348.5263366699219,93.38196563720703,0.9987653493881226,383.6966552734375,85.52177429199219,0.9989087581634521,432.153076171875,76.87965393066406,0.998857855796814,341.5851135253906,145.4347381591797,0.9243987202644348,373.3236083984375,171.3524627685547,0.9998749494552612,462.47186279296875,158.28709411621094,0.9945510029792786
451,307.77801513671875,94.7332763671875,0.9998393058776855,325.3954772949219,179.44732666015625,0.9998866319656372,341.17462158203125,125.60346984863281,0.999823272228241,362.3834533691406,126.987548828125,0.9992105960845947,397.3900451660156,126.05907440185547,0.9995366334915161,429.4089050292969,118.55635070800781,0.9997950196266174,348.5263366699219,93.60954284667969,0.9991033673286438,379.498046875,87.11587524414062,0.999636173248291,432.153076171875,76.90309143066406,0.9989874958992004,335.3818054199219,146.77281188964844,0.9799138307571411,373.7742004394531,171.2696075439453,0.9999032020568848,457.3509826660156,156.41893005371094,0.9979159235954285
452,306.1717834472656,94.7332763671875,0.9997585415840149,322.0310363769531,178.1434783935547,0.999862551689148,339.99432373046875,125.60346984863281,0.9997783303260803,361.08953857421875,126.90453338623047,0.9993970394134521,396.7164001464844,126.05907440185547,0.9993520379066467,428.53240966796875,118.55635070800781,0.9998134970664978,348.76861572265625,93.60954284667969,0.9991236329078674,375.2940673828125,86.43441772460938,0.999821126461029,432.153076171875,77.10610961914062,0.9992303848266602,330.612548828125,147.52101135253906,0.9960519671440125,374.02276611328125,171.06765747070312,0.9998577833175659,447.6394958496094,156.41893005371094,0.9989374279975891
453,305.0475158691406,94.2383804321289,0.9996030926704407,319.2928466796875,174.50460815429688,0.9995100498199463,338.60614013671875,125.60346984863281,0.9995224475860596,360.6951599121094,126.90453338623047,0.9993334412574768,396.5390625,126.05907440185547,0.9991076588630676,427.8279724121094,119.08087158203125,0.9998242259025574,348.9048767089844,93.60954284667969,0.9987143278121948,372.0823974609375,86.23161315917969,0.9996733665466309,431.53466796875,77.12476348876953,0.999174177646637,327.3336181640625,147.52101135253906,0.9987372756004333,374.02276611328125,170.6646728515625,0.9998131394386292,442.8651123046875,156.41893005371094,0.999322772026062
454,304.0352478027344,93.23571014404297,0.9991689920425415,312.84051513671875,172.49168395996094,0.9996656179428101,337.0889892578125,124.42207336425781,0.998786985874176,360.2594299316406,126.36857604980469,0.9992745518684387,395.881591796875,125.636474609375,0.9992098808288574,426.6346740722656,119.1710433959961,0.9998144507408142,348.76861572265625,92.17310333251953,0.9983705878257751,362.6314392089844,86.43441772460938,0.9988478422164917,431.4701843261719,77.14385223388672,0.9992245435714722,323.25360107421875,147.52101135253906,0.9989493489265442,374.02276611328125,170.08331298828125,0.9997945427894592,435.8603210449219,157.33457946777344,0.9996293783187866
455,303.1981506347656,90.89830780029297,0.9987021684646606,310.06103515625,172.47332763671875,0.9998812675476074,335.9919128417969,122.85749053955078,0.9975391626358032,359.29296875,125.65283203125,0.9991094470024109,394.22491455078125,125.3954849243164,0.9992395639419556,425.7569580078125,119.25772094726562,0.9998026490211487,348.169189453125,91.44694519042969,0.9981252551078796,360.977783203125,86.53111267089844,0.9986727237701416,431.2092590332031,77.44120025634766,0.9992770552635193,321.4841613769531,144.62567138671875,0.9956707954406738,373.5416259765625,169.27919006347656,0.9998272061347961,431.2467346191406,157.33457946777344,0.9983781576156616
456,300.634033203125,90.68190002441406,0.9981485605239868,307.9014587402344,170.36375427246094,0.9998825788497925,334.9772644042969,122.85749053955078,0.998134434223175,358.05950927734375,124.9841079711914,0.9992554783821106,391.5710754394531,124.17479705810547,0.9995680451393127,425.4519958496094,119.25772094726562,0.9997989535331726,348.169189453125,91.44694519042969,0.9976669549942017,359.17529296875,86.43441772460938,0.9979484677314758,430.5942687988281,77.47078704833984,0.9991925358772278,319.0108642578125,144.54641723632812,0.9922828078269958,372.3683776855469,169.19345092773438,0.9997958540916443,423.8458251953125,157.33457946777344,0.9982886910438538
457,298.7549743652344,90.66255187988281,0.9978663325309753,304.3727111816406,169.14364624023438,0.9997087121009827,333.05865478515625,122.75945281982422,0.9985170960426331,356.92095947265625,124.70399475097656,0.9991005659103394,389.9984436035156,123.95680236816406,0.9997438788414001,423.2872314453125,119.25772094726562,0.999913215637207,347.2617492675781,91.44694519042969,0.9967654943466187,357.0078430175781,86.23161315917969,0.9990443587303162,430.5727233886719,77.5232162475586,0.9991176724433899,315.81927490234375,143.4454345703125,0.9942329525947571,371.9861755371094,169.19345092773438,0.9998286962509155,415.917724609375,156.52081298828125,0.9922369122505188
458,297.27069091796875,90.66255187988281,0.9974875450134277,298.82244873046875,167.06353759765625,0.9997884631156921,330.7978515625,122.4515380859375,0.998611569404602,355.0196838378906,124.5602798461914,0.9989540576934814,387.87371826171875,123.32963562011719,0.9998058676719666,420.6744689941406,119.06771087646484,0.99994957447052,346.5159606933594,91.98196411132812,0.9964696168899536,355.7779846191406,86.06482696533203,0.9995875954627991,430.4400329589844,77.66449737548828,0.9990037083625793,315.1038513183594,142.34893798828125,0.9933871626853943,371.9176330566406,169.07005310058594,0.9998136162757874,410.92303466796875,155.89312744140625,0.9932588338851929
459,294.7746887207031,90.64664459228516,0.9992275238037109,295.5814514160156,165.02610778808594,0.99985671043396,329.0332336425781,121.95355987548828,0.9988692402839661,353.1261291503906,124.37870025634766,0.9984678626060486,385.6038818359375,123.11739349365234,0.9996837377548218,417.62359619140625,117.9842529296875,0.9999191761016846,346.3448486328125,92.309814453125,0.9958444237709045,355.7724914550781,85.97924041748047,0.9997476935386658,430.374267578125,78.09679412841797,0.9988120794296265,315.1038513183594,142.13536071777344,0.9883714318275452,370.95330810546875,169.07005310058594,0.9997639060020447,408.72589111328125,155.89312744140625,0.9979634284973145
460,291.69329833984375,90.66255187988281,0.9994493126869202,292.8470458984375,162.56689453125,0.9999290704727173,327.08770751953125,121.82640075683594,0.9995658993721008,348.85357666015625,124.37870025634766,0.9972119927406311,384.6459045410156,122.65399169921875,0.9995119571685791,414.76422119140625,117.80134582519531,0.9998636245727539,345.4453125,92.37262725830078,0.99460768699646,355.63543701171875,85.9297866821289,0.999794065952301,430.3304443359375,78.27297973632812,0.9989315867424011,315.1038513183594,142.13363647460938,0.9810776114463806,370.7915344238281,168.69378662109375,0.999839186668396,407.2463073730469,155.86009216308594,0.9987801909446716
461,288.2398986816406,91.2923812866211,0.9991381168365479,290.4161071777344,161.2296142578125,0.9999173879623413,323.556396484375,121.31425476074219,0.9995985627174377,346.3506164550781,124.37870025634766,0.998831570148468,381.52972412109375,122.44975280761719,0.9996817111968994,412.7805480957031,117.42770385742188,0.9998683929443359,342.6454162597656,94.05669403076172,0.9957833290100098,354.1236877441406,85.9297866821289,0.9998974800109863,430.3304443359375,78.3223648071289,0.9987779259681702,315.5982971191406,140.6617889404297,0.9778020977973938,370.3839111328125,167.45872497558594,0.9999043941497803,406.7811584472656,155.86009216308594,0.9988389611244202
462,286.0554504394531,91.39044952392578,0.9979775547981262,288.417724609375,161.10096740722656,0.9998689889907837,320.3448791503906,121.31425476074219,0.9994435906410217,342.3158874511719,123.99211883544922,0.999460756778717,378.305908203125,122.34283447265625,0.9995967745780945,411.0615234375,117.27873229980469,0.9998874664306641,339.1589660644531,94.562744140625,0.998244047164917,353.5033264160156,85.9297866821289,0.9998821020126343,430.3304443359375,78.37052154541016,0.9987533092498779,318.0907287597656,140.20462036132812,0.9918413162231445,370.3765869140625,166.3936309814453,0.9999048709869385,405.7819519042969,155.86009216308594,0.9994332194328308
463,282.5083923339844,91.77738952636719,0.9982779026031494,286.8111572265625,160.3907928466797,0.999744713306427,317.885498046875,121.25826263427734,0.9993632435798645,339.2994384765625,123.70549774169922,0.9996278285980225,376.499755859375,122.20449829101562,0.9995978474617004,409.258056640625,117.1409683227539,0.9998663663864136,335.90692138671875,94.562744140625,0.9958782196044922,353.0484619140625,85.95038604736328,0.9998008608818054,430.2969055175781,78.58989715576172,0.9985443353652954,320.01568603515625,139.53794860839844,0.9947094917297363,369.2496337890625,165.2282257080078,0.9998805522918701,405.7819519042969,155.86009216308594,0.9995232820510864
464,281.04217529296875,92.41403198242188,0.9990106821060181,285.11669921875,157.23248291015625,0.99956876039505,315.48468017578125,121.25826263427734,0.999527096748352,336.56072998046875,123.70549774169922,0.9996460676193237,374.1302490234375,122.20449829101562,0.9997171759605408,407.92010498046875,117.13101196289062,0.9998201727867126,325.6169738769531,94.562744140625,0.9894206523895264,353.0484619140625,85.95038604736328,0.9998051524162292,430.12701416015625,78.71421813964844,0.9981776475906372,321.2055969238281,139.45191955566406,0.9948871731758118,368.8905944824219,164.05581665039062,0.9998307228088379,405.7819519042969,155.85597229003906,0.9994868040084839
465,279.253173828125,93.19923400878906,0.9996271133422852,283.8701477050781,156.67282104492188,0.999660849571228,313.8031005859375,121.39667510986328,0.9995908141136169,333.04376220703125,123.70549774169922,0.9994760155677795,370.1042785644531,122.20449829101562,0.9996108412742615,404.41278076171875,117.1409683227539,0.9998288154602051,318.7525634765625,97.2492446899414,0.9942163228988647,353.3464050292969,86.4442138671875,0.9997392296791077,429.4120178222656,78.74937438964844,0.9976081848144531,322.28656005859375,139.45191955566406,0.99290931224823,366.9220275878906,163.44720458984375,0.9994427561759949,405.9184875488281,155.85597229003906,0.9995942711830139
466,276.703857421875,96.16763305664062,0.9997610449790955,282.7220153808594,156.67282104492188,0.9996798038482666,311.89398193359375,122.27452087402344,0.9997679591178894,332.806640625,123.88652801513672,0.9993391633033752,366.8341979980469,122.23880004882812,0.999618411064148,399.7792663574219,117.27873229980469,0.9997883439064026,308.8699951171875,98.33793640136719,0.9961439371109009,353.3739013671875,86.4442138671875,0.999808132648468,429.0960998535156,79.52179718017578,0.9967838525772095,325.4321594238281,139.2645263671875,0.994521975517273,364.12750244140625,162.22955322265625,0.998658299446106,406.4779052734375,155.93739318847656,0.9996627569198608
467,271.8864440917969,96.53155517578125,0.9993690848350525,280.9965515136719,156.67282104492188,0.9995719790458679,309.1229248046875,122.45796203613281,0.9997772574424744,330.3493957519531,124.12715911865234,0.9996280670166016,364.86492919921875,122.6558837890625,0.9995917677879333,397.7686767578125,117.36083984375,0.999841570854187,302.37237548828125,98.87022399902344,0.9986433386802673,353.3739013671875,86.53644561767578,0.9998005032539368,428.7111511230469,79.96776580810547,0.9968277812004089,327.8358154296875,139.2645263671875,0.9889553189277649,355.2386474609375,162.22955322265625,0.9988852143287659,407.0003967285156,156.03489685058594,0.9997971653938293
468,267.0750732421875,97.22974395751953,0.9994237422943115,280.0193176269531,157.32455444335938,0.9996017813682556,305.97039794921875,124.30628967285156,0.9997697472572327,327.9865417480469,124.89602661132812,0.9997431635856628,360.9538879394531,123.39807891845703,0.9990214109420776,395.49462890625,117.93125915527344,0.9997052550315857,295.6808776855469,103.5709228515625,0.9967631101608276,353.7833251953125,86.54240417480469,0.999860405921936,428.5611267089844,80.51128387451172,0.9966712594032288,328.1752624511719,139.2645263671875,0.977249264717102,347.05078125,162.22955322265625,0.9992367029190063,407.07061767578125,156.17454528808594,0.9998278617858887
469,265.30877685546875,97.4458236694336,0.9995957016944885,277.5968933105469,158.39442443847656,0.9998132586479187,304.68450927734375,124.32212829589844,0.9994972944259644,325.0679016113281,125.2906265258789,0.9996304512023926,358.105712890625,123.70890808105469,0.99953293800354,393.85321044921875,119.71619415283203,0.9996026158332825,286.3369445800781,103.90015411376953,0.9983048439025879,353.7833251953125,86.53644561767578,0.9998972415924072,424.7528381347656,82.44969940185547,0.9978437423706055,328.1752624511719,138.277099609375,0.9929071664810181,338.97760009765625,168.56430053710938,0.9994432330131531,407.07061767578125,156.68724060058594,0.9998774528503418
470,261.6436462402344,97.22974395751953,0.9998724460601807,274.335693359375,160.1864776611328,0.9997913241386414,302.6220397949219,124.32212829589844,0.9984979629516602,323.114990234375,125.29349517822266,0.9993786811828613,355.71337890625,124.78411102294922,0.9997082352638245,393.0906677246094,120.10863494873047,0.9993880987167358,283.35736083984375,104.71319580078125,0.9986114501953125,353.7833251953125,86.3453369140625,0.9998996257781982,419.531005859375,85.43550109863281,0.999302864074707,328.1752624511719,138.16146850585938,0.9963962435722351,331.3553771972656,175.03411865234375,0.9990315437316895,407.0003967285156,157.19012451171875,0.9998867511749268
471,259.3092956542969,97.81452941894531,0.9998438358306885,271.1095275878906,160.35195922851562,0.9995867609977722,299.8924560546875,124.63301849365234,0.9985471367835999,320.8773498535156,125.59342956542969,0.9993133544921875,352.34124755859375,125.28538513183594,0.9996978044509888,388.2909851074219,120.18415069580078,0.9997455477714539,279.3636779785156,105.82284545898438,0.9965879917144775,353.5167541503906,86.53644561767578,0.999891996383667,410.6309814453125,86.13493347167969,0.9985499978065491,325.9620361328125,137.56964111328125,0.9966294169425964,328.0641784667969,175.39039611816406,0.9993495345115662,406.43572998046875,157.58059692382812,0.9998836517333984
472,254.3909454345703,98.12754821777344,0.9992801547050476,266.92108154296875,160.72291564941406,0.9997745156288147,298.3597412109375,124.63301849365234,0.998694121837616,319.3387451171875,125.65958404541016,0.9990856647491455,351.2806091308594,126.13651275634766,0.9994331002235413,386.5520935058594,121.84931182861328,0.9998045563697815,278.44354248046875,105.82284545898438,0.9986829161643982,352.80047607421875,86.54240417480469,0.9999172687530518,406.92962646484375,86.29135131835938,0.9988131523132324,323.872314453125,137.56964111328125,0.9975011944770813,324.9373474121094,177.32981872558594,0.999818742275238,404.84161376953125,157.6063690185547,0.9998977184295654
473,251.4242706298828,98.72048950195312,0.9994010925292969,264.79693603515625,163.7266082763672,0.9999057054519653,296.306884765625,125.12169647216797,0.9991757273674011,317.64263916015625,125.90172576904297,0.9985474944114685,346.4150085449219,126.79520416259766,0.9995948672294617,384.5376892089844,122.99329376220703,0.9996620416641235,278.09869384765625,105.82284545898438,0.9991804957389832,352.4278564453125,86.8390884399414,0.9998900890350342,395.3999328613281,87.00797271728516,0.9987590312957764,322.6166687011719,137.56964111328125,0.9974400997161865,324.4263916015625,178.91542053222656,0.999864935874939,404.3662109375,158.1168212890625,0.9998549222946167
474,251.0462188720703,97.81452941894531,0.9993916749954224,262.60833740234375,167.4188232421875,0.999794065952301,294.7851257324219,125.31195068359375,0.9995471835136414,315.4334411621094,126.27450561523438,0.9986737966537476,344.22686767578125,127.49295043945312,0.999471127986908,381.2063293457031,123.1624984741211,0.9987045526504517,277.76171875,105.00170135498047,0.9994478821754456,352.0711975097656,87.35291290283203,0.9998185038566589,390.67071533203125,87.00797271728516,0.999065101146698,320.1627197265625,139.79539489746094,0.9962403774261475,323.51715087890625,179.47760009765625,0.9998974800109863,402.8151550292969,158.1168212890625,0.9997602105140686
475,250.3419952392578,97.81452941894531,0.9993122816085815,262.32421875,167.79901123046875,0.9998433589935303,291.6557922363281,126.29325866699219,0.999679446220398,312.72198486328125,126.40001678466797,0.9993539452552795,341.7746276855469,127.53307342529297,0.9995341300964355,378.58367919921875,123.1624984741211,0.9991447925567627,276.76885986328125,104.6728515625,0.999640941619873,352.0711975097656,88.23643493652344,0.9996610879898071,376.7887268066406,87.00797271728516,0.9980611205101013,319.7246398925781,141.07437133789062,0.9933838248252869,323.25408935546875,179.74722290039062,0.9999270439147949,400.9410400390625,158.1168212890625,0.9994485974311829
476,249.71359252929688,97.70523071289062,0.9994102716445923,258.9556884765625,169.9713592529297,0.99988853931427,289.8693542480469,127.27565002441406,0.9994329810142517,310.2828674316406,127.62344360351562,0.9995771050453186,339.9913635253906,127.53307342529297,0.999634861946106,376.6882019042969,123.1624984741211,0.998599112033844,276.76885986328125,103.88207244873047,0.9996535778045654,352.0711975097656,88.5183334350586,0.9996747970581055,373.7751159667969,86.43905639648438,0.9973697662353516,318.9082946777344,142.1845703125,0.9935298562049866,322.8927001953125,179.74722290039062,0.999942421913147,399.88226318359375,157.92453002929688,0.9989374279975891
477,249.6474151611328,95.46316528320312,0.9994691014289856,256.3487548828125,169.9713592529297,0.9998435974121094,288.25750732421875,127.43931579589844,0.9991963505744934,308.27093505859375,127.9692611694336,0.9994781613349915,338.5824279785156,127.17575073242188,0.9995591044425964,374.29412841796875,122.936279296875,0.9992891550064087,276.2587585449219,103.46894836425781,0.9996126294136047,352.21405029296875,88.62199401855469,0.9992421865463257,370.8910217285156,85.96269226074219,0.9984571933746338,317.4169616699219,142.57833862304688,0.9909839630126953,322.7647705078125,179.74722290039062,0.999941349029541,396.5556945800781,157.22386169433594,0.9989018440246582
478,249.69065856933594,94.5218734741211,0.9991990923881531,254.4821319580078,169.9713592529297,0.9996601343154907,287.7362976074219,127.51692199707031,0.9985318183898926,306.9023132324219,127.9692611694336,0.9993581175804138,336.8921813964844,127.17575073242188,0.9993706345558167,373.107666015625,122.10577392578125,0.9995937943458557,275.96966552734375,103.14665222167969,0.9994944334030151,352.23974609375,88.62199401855469,0.9986506104469299,368.7905578613281,85.6898422241211,0.9986298084259033,316.68011474609375,142.57833862304688,0.9911432266235352,322.65283203125,179.61473083496094,0.9999330043792725,395.76947021484375,157.21490478515625,0.9988797307014465
479,249.69065856933594,93.11956024169922,0.9989215135574341,251.8726043701172,168.7311248779297,0.9996374845504761,286.3832092285156,127.63134002685547,0.9989495873451233,305.7554016113281,128.059814453125,0.999230146408081,336.47894287109375,127.04137420654297,0.9993547797203064,372.63653564453125,121.7074203491211,0.9996570348739624,275.81829833984375,103.14665222167969,0.9994586110115051,354.4376220703125,89.25540161132812,0.9984216690063477,367.91351318359375,85.36024475097656,0.9983034133911133,316.19439697265625,142.57833862304688,0.9886948466300964,322.46917724609375,179.28817749023438,0.9999271631240845,395.7228698730469,156.94532775878906,0.9990517497062683
480,249.71359252929688,92.44554901123047,0.9989020824432373,251.7417755126953,168.7311248779297,0.9996914863586426,285.7331237792969,127.93632507324219,0.9990910291671753,305.3605041503906,128.18626403808594,0.9991371035575867,336.3287658691406,126.95814514160156,0.9993509650230408,372.43829345703125,121.182861328125,0.9996888637542725,275.7130432128906,103.14665222167969,0.9992364645004272,355.44940185546875,89.28050231933594,0.9978468418121338,367.870361328125,85.24996185302734,0.9983421564102173,315.7724914550781,142.57833862304688,0.9868800640106201,322.46917724609375,178.9838409423828,0.9999312162399292,395.4056701660156,156.90969848632812,0.9990956783294678
481,250.4384307861328,92.27622985839844,0.9990088939666748,251.7417755126953,168.7311248779297,0.9996798038482666,285.5083923339844,128.04400634765625,0.99912029504776,305.344970703125,128.19264221191406,0.999091386795044,336.3237609863281,126.85504913330078,0.9993009567260742,372.25445556640625,120.78581237792969,0.9996581077575684,275.6354064941406,103.22409057617188,0.9991855025291443,355.7162170410156,89.28445434570312,0.9977291226387024,367.8139343261719,85.23890686035156,0.9982290863990784,315.0873107910156,142.57833862304688,0.9852609038352966,322.46917724609375,178.96173095703125,0.9999297857284546,394.5662841796875,156.68014526367188,0.9993996620178223
482,251.2595977783203,92.19329833984375,0.9989186525344849,251.7417755126953,168.75570678710938,0.9996751546859741,285.4371337890625,128.0491485595703,0.9991231560707092,305.2870788574219,128.40505981445312,0.9991427659988403,336.2269592285156,126.84567260742188,0.9993852376937866,372.25445556640625,120.42501831054688,0.9996248483657837,275.50604248046875,103.65142059326172,0.9990230798721313,355.8778991699219,89.28050231933594,0.9975656270980835,367.79351806640625,85.23890686035156,0.9982812404632568,315.0873107910156,143.14907836914062,0.9822178483009338,322.4696960449219,178.86456298828125,0.9999282360076904,394.2270812988281,156.40252685546875,0.9994174242019653
483,253.79579162597656,92.27622985839844,0.9984569549560547,255.12660217285156,174.1708221435547,0.9996527433395386,285.4203796386719,128.90789794921875,0.999251663684845,305.2870788574219,128.5211181640625,0.9992259740829468,336.2269592285156,126.79508209228516,0.9994365572929382,372.25445556640625,120.18534851074219,0.9996190071105957,275.50604248046875,104.64933013916016,0.9988340735435486,355.8778991699219,89.28050231933594,0.997093677520752,367.79351806640625,85.23890686035156,0.9982159733772278,315.0873107910156,143.68043518066406,0.9815630912780762,322.4776916503906,178.86456298828125,0.9999352693557739,393.9390869140625,156.40252685546875,0.9995095729827881
484,255.06150817871094,91.86432647705078,0.9983466863632202,257.94512939453125,174.84690856933594,0.9998164772987366,285.3224182128906,129.53311157226562,0.999184787273407,305.344970703125,128.65042114257812,0.9990323781967163,336.2269592285156,126.67188262939453,0.9994500279426575,372.27886962890625,120.00648498535156,0.9995793700218201,275.3757019042969,105.16023254394531,0.998507559299469,355.83477783203125,89.236572265625,0.9974838495254517,365.7020568847656,86.57826232910156,0.9977553486824036,316.5776062011719,143.90484619140625,0.9861852526664734,322.5733337402344,178.86456298828125,0.9999346733093262,393.9052734375,156.36085510253906,0.9995176792144775
485,258.7861328125,91.76589965820312,0.9994410872459412,259.93695068359375,176.0199432373047,0.9996684789657593,285.1412048339844,129.53311157226562,0.9992245435714722,305.3572082519531,128.65042114257812,0.9988631010055542,336.1988220214844,126.67188262939453,0.999459445476532,372.27886962890625,120.00648498535156,0.9995794892311096,274.94287109375,105.16023254394531,0.997734785079956,355.83477783203125,89.2286148071289,0.9973583817481995,365.6650085449219,86.60435485839844,0.9977350234985352,316.5776062011719,145.58538818359375,0.9897846579551697,322.60382080078125,179.0626983642578,0.999934196472168,393.8916320800781,156.26136779785156,0.999494194984436
486,262.7000732421875,91.76589965820312,0.9992992877960205,261.0173034667969,176.58509826660156,0.9996993541717529,284.7695617675781,129.53311157226562,0.9993945360183716,305.4391784667969,128.6875,0.9989563226699829,336.1280517578125,126.67188262939453,0.9994713664054871,372.3060302734375,120.00648498535156,0.9996007084846497,274.7566833496094,105.16023254394531,0.9981507658958435,355.8039855957031,89.2286148071289,0.9967562556266785,365.6650085449219,86.60435485839844,0.9979172348976135,316.5776062011719,145.69705200195312,0.9881494045257568,322.654296875,179.199462890625,0.9999406337738037,393.6175842285156,156.26136779785156,0.9995494484901428
487,264.9140319824219,86.37446594238281,0.9989312291145325,261.0192565917969,176.60671997070312,0.9997177720069885,284.2320251464844,129.363037109375,0.999362051486969,305.4438171386719,128.8404541015625,0.9990047812461853,336.1280517578125,126.68462371826172,0.9994621872901917,372.3060302734375,120.02298736572266,0.9996090531349182,274.94287109375,103.53294372558594,0.9985650181770325,355.7330322265625,89.236572265625,0.9968634843826294,365.6343994140625,86.60435485839844,0.997943103313446,315.49346923828125,146.58389282226562,0.9885796904563904,322.654296875,179.2908172607422,0.9999479055404663,393.6175842285156,156.26136779785156,0.9995254278182983
488,267.5724792480469,85.64803314208984,0.9992745518684387,261.09979248046875,176.61924743652344,0.9997444748878479,283.9142761230469,127.59619903564453,0.9992770552635193,305.4935607910156,128.8404541015625,0.9990211725234985,336.1280517578125,126.8038558959961,0.9994586110115051,372.3367004394531,120.04598236083984,0.9995964169502258,274.94287109375,103.06181335449219,0.9992677569389343,355.7330322265625,89.34648132324219,0.9966292977333069,365.62640380859375,86.60435485839844,0.9979684948921204,314.73260498046875,146.58389282226562,0.9876569509506226,322.60382080078125,179.461669921875,0.999946117401123,393.6175842285156,156.26136779785156,0.9995040893554688
489,271.6378173828125,85.35899353027344,0.99859219789505,261.1683044433594,176.61924743652344,0.9997431635856628,283.9109191894531,127.45867919921875,0.9993450045585632,306.1976013183594,128.9857177734375,0.9990965127944946,336.2037048339844,126.86589050292969,0.9994484782218933,372.3937072753906,120.09349060058594,0.99959796667099,275.19305419921875,102.63766479492188,0.9992496371269226,355.8039855957031,89.43893432617188,0.9967016577720642,365.62640380859375,86.60435485839844,0.9980175495147705,314.02899169921875,147.33004760742188,0.9819477796554565,322.60382080078125,179.6581573486328,0.9999537467956543,393.8829650878906,156.41586303710938,0.999427855014801
490,271.8515319824219,84.99309539794922,0.9985321760177612,261.1683044433594,176.61924743652344,0.9997240900993347,283.9109191894531,127.45867919921875,0.9993964433670044,306.2361145019531,128.9857177734375,0.9991815686225891,336.21942138671875,126.86589050292969,0.9994303584098816,372.3937072753906,120.1467514038086,0.9996042847633362,275.51129150390625,102.59162139892578,0.9992151260375977,355.96112060546875,89.45172119140625,0.9966863989830017,365.7098693847656,86.66841125488281,0.9979324340820312,312.9458312988281,147.53427124023438,0.952025294303894,322.654296875,179.6581573486328,0.9999535083770752,393.9066467285156,156.45013427734375,0.9994692206382751
491,271.86566162109375,84.99309539794922,0.9983711838722229,261.1683044433594,176.1900634765625,0.9997500777244568,283.9142761230469,127.51856994628906,0.9994454979896545,306.48858642578125,128.9857177734375,0.9992384910583496,336.3074951171875,126.86589050292969,0.9994208812713623,372.3937072753906,120.22216796875,0.9995952248573303,275.5477294921875,102.45952606201172,0.9992189407348633,355.99615478515625,89.45172119140625,0.9966938495635986,365.7098693847656,86.68287658691406,0.9979705214500427,303.1780700683594,149.94879150390625,0.9507415890693665,323.1253662109375,179.6581573486328,0.9999505281448364,393.9066467285156,156.45013427734375,0.9994587302207947
492,272.1522216796875,84.47544860839844,0.9983755350112915,260.71868896484375,174.33786010742188,0.9998112320899963,283.9652099609375,127.51856994628906,0.9994500279426575,306.84075927734375,128.9147491455078,0.9991726279258728,336.3074951171875,126.79841613769531,0.9994621872901917,372.37249755859375,120.24047088623047,0.9996004700660706,275.65997314453125,102.41837310791016,0.9991416931152344,356.10894775390625,89.44282531738281,0.9965027570724487,365.7098693847656,86.69326782226562,0.9980087876319885,301.5961608886719,150.48756408691406,0.965910017490387,323.4980163574219,179.36328125,0.9999527931213379,393.8829650878906,156.45013427734375,0.9994552731513977
493,272.36541748046875,82.47967529296875,0.9985957741737366,259.6177062988281,172.75765991210938,0.9998469352722168,284.18206787109375,127.59846496582031,0.9993676543235779,307.17138671875,128.75140380859375,0.9991876482963562,336.4914245605469,126.75297546386719,0.999457061290741,372.3276062011719,120.25144958496094,0.9995966553688049,275.9466552734375,102.40624237060547,0.9991668462753296,356.10894775390625,89.43893432617188,0.9965716600418091,365.7098693847656,86.69326782226562,0.9979585409164429,301.1109924316406,150.66603088378906,0.9762883186340332,323.5685119628906,179.13612365722656,0.9999505281448364,393.8788146972656,156.44801330566406,0.9994482398033142
494,272.36541748046875,81.1289291381836,0.9987857937812805,258.7499084472656,171.69192504882812,0.9998633861541748,284.2469177246094,127.59846496582031,0.9993630051612854,307.4542541503906,128.75140380859375,0.9991816878318787,336.4914245605469,126.75297546386719,0.9994901418685913,372.286865234375,120.25144958496094,0.9996107220649719,277.0303039550781,102.40624237060547,0.9990774393081665,356.10894775390625,89.39778900146484,0.9960551261901855,365.7098693847656,86.69326782226562,0.9980949759483337,299.9479064941406,151.22349548339844,0.9779514074325562,323.68084716796875,178.95773315429688,0.9999499320983887,393.8788146972656,156.41282653808594,0.999491810798645
495,272.36541748046875,80.42948913574219,0.9990807771682739,257.380126953125,171.69192504882812,0.9998376369476318,284.2469177246094,127.6498031616211,0.999354898929596,307.4542541503906,128.7490692138672,0.9991676807403564,336.4914245605469,126.7482681274414,0.9994908571243286,372.2741394042969,120.24047088623047,0.9996155500411987,277.0303039550781,102.40624237060547,0.9989903569221497,356.1227111816406,89.37992095947266,0.9960676431655884,365.7884216308594,86.69326782226562,0.9981951117515564,295.1274108886719,153.86669921875,0.9888151288032532,323.8363952636719,178.8274688720703,0.9999508857727051,393.73089599609375,156.35963439941406,0.9994913339614868
496,272.36541748046875,79.17193603515625,0.9987654685974121,255.49449157714844,171.56301879882812,0.9997183680534363,284.2469177246094,127.6498031616211,0.9992743134498596,307.4542541503906,128.68910217285156,0.999175488948822,336.4287414550781,126.74156951904297,0.9995285272598267,372.1808776855469,120.11969757080078,0.999629020690918,277.0303039550781,102.19618225097656,0.9987977743148804,356.10894775390625,89.37984466552734,0.9962639212608337,365.5362548828125,85.23865509033203,0.9980254173278809,293.9482727050781,153.86669921875,0.9918259382247925,323.8363952636719,178.8212432861328,0.9999556541442871,393.6245422363281,156.343994140625,0.9993836879730225
497,269.82769775390625,79.0431900024414,0.9988757967948914,255.1926727294922,171.32337951660156,0.9997263550758362,283.96173095703125,127.4399185180664,0.9993126392364502,307.2045593261719,128.60617065429688,0.9991021156311035,336.32611083984375,126.6823959350586,0.9995390176773071,372.1117858886719,119.97846221923828,0.9996651411056519,276.8560485839844,101.86174774169922,0.9992393255233765,355.99029541015625,89.34491729736328,0.9963243007659912,365.36572265625,85.13558197021484,0.9980593323707581,292.99102783203125,153.86669921875,0.9925978183746338,323.8363952636719,178.74139404296875,0.9999580383300781,393.52032470703125,156.24093627929688,0.9994090795516968
