scorer,DLC_resnet101_0degreeFeb13shuffle1_50000,DLC_resnet101_0degreeFeb13shuffle1_50000,DLC_resnet101_0degreeFeb13shuffle1_50000,DLC_resnet101_0degreeFeb13shuffle1_50000,DLC_resnet101_0degreeFeb13shuffle1_50000,DLC_resnet101_0degreeFeb13shuffle1_50000,DLC_resnet101_0degreeFeb13shuffle1_50000,DLC_resnet101_0degreeFeb13shuffle1_50000,DLC_resnet101_0degreeFeb13shuffle1_50000,DLC_resnet101_0degreeFeb13shuffle1_50000,DLC_resnet101_0degreeFeb13shuffle1_50000,DLC_resnet101_0degreeFeb13shuffle1_50000,DLC_resnet101_0degreeFeb13shuffle1_50000,DLC_resnet101_0degreeFeb13shuffle1_50000,DLC_resnet101_0degreeFeb13shuffle1_50000,DLC_resnet101_0degreeFeb13shuffle1_50000,DLC_resnet101_0degreeFeb13shuffle1_50000,DLC_resnet101_0degreeFeb13shuffle1_50000,DLC_resnet101_0degreeFeb13shuffle1_50000,DLC_resnet101_0degreeFeb13shuffle1_50000,DLC_resnet101_0degreeFeb13shuffle1_50000,DLC_resnet101_0degreeFeb13shuffle1_50000,DLC_resnet101_0degreeFeb13shuffle1_50000,DLC_resnet101_0degreeFeb13shuffle1_50000,DLC_resnet101_0degreeFeb13shuffle1_50000,DLC_resnet101_0degreeFeb13shuffle1_50000,DLC_resnet101_0degreeFeb13shuffle1_50000,DLC_resnet101_0degreeFeb13shuffle1_50000,DLC_resnet101_0degreeFeb13shuffle1_50000,DLC_resnet101_0degreeFeb13shuffle1_50000,DLC_resnet101_0degreeFeb13shuffle1_50000,DLC_resnet101_0degreeFeb13shuffle1_50000,DLC_resnet101_0degreeFeb13shuffle1_50000,DLC_resnet101_0degreeFeb13shuffle1_50000,DLC_resnet101_0degreeFeb13shuffle1_50000,DLC_resnet101_0degreeFeb13shuffle1_50000
bodyparts,antena1,antena1,antena1,antena2,antena2,antena2,forhead,forhead,forhead,neck,neck,neck,thorax,thorax,thorax,abdomen,abdomen,abdomen,l1,l1,l1,l2,l2,l2,l3,l3,l3,r1,r1,r1,r2,r2,r2,r3,r3,r3
coords,x,y,likelihood,x,y,likelihood,x,y,likelihood,x,y,likelihood,x,y,likelihood,x,y,likelihood,x,y,likelihood,x,y,likelihood,x,y,likelihood,x,y,likelihood,x,y,likelihood,x,y,likelihood
0,1176.754150390625,97.5811538696289,0.9961571097373962,1192.6453857421875,155.52362060546875,0.9978627562522888,1208.3653564453125,120.7998046875,0.999228835105896,1226.3079833984375,118.14556884765625,0.999363362789154,1249.4471435546875,114.04686737060547,0.9998183846473694,1268.72900390625,110.37484741210938,0.9913589954376221,1197.6884765625,103.58768463134766,0.9917019009590149,1226.461669921875,85.11753845214844,0.9970329999923706,1267.076171875,82.30077362060547,0.17530380189418793,1207.7025146484375,135.07945251464844,0.9894681572914124,1239.384765625,142.14486694335938,0.9988112449645996,1273.1656494140625,135.63316345214844,0.9293896555900574
1,1176.754150390625,98.55054473876953,0.9960491061210632,1196.2271728515625,156.14450073242188,0.9980159997940063,1208.417236328125,121.4307861328125,0.9992233514785767,1226.400146484375,118.80520629882812,0.9992846846580505,1249.4471435546875,114.26863098144531,0.9997296929359436,1268.72900390625,110.37484741210938,0.9963322281837463,1197.6884765625,103.85464477539062,0.9890462756156921,1226.702880859375,85.51227569580078,0.9966873526573181,1267.076171875,82.48170471191406,0.3754432499408722,1207.8779296875,135.31541442871094,0.9895498752593994,1239.384765625,143.02066040039062,0.9987266659736633,1273.59619140625,135.7008056640625,0.9509682655334473
2,1176.754150390625,100.27365112304688,0.9972155094146729,1202.2620849609375,161.4593048095703,0.9985754489898682,1208.417236328125,124.37984466552734,0.9993007183074951,1226.400146484375,119.30535125732422,0.9991253018379211,1249.4471435546875,114.6293716430664,0.9996432065963745,1268.72900390625,110.37484741210938,0.9980418682098389,1197.6884765625,106.54269409179688,0.9888108968734741,1227.0548095703125,85.70965576171875,0.9961677193641663,1267.076171875,82.50030517578125,0.5052827000617981,1208.0513916015625,137.43544006347656,0.9815395474433899,1239.384765625,148.1105499267578,0.9980947375297546,1273.59619140625,135.7008056640625,0.9613260626792908
3,1174.58642578125,102.08161926269531,0.9980959296226501,1206.320556640625,164.55992126464844,0.9987701773643494,1208.3653564453125,126.82052612304688,0.9989680051803589,1226.400146484375,121.15308380126953,0.9984435439109802,1248.4053955078125,114.90988159179688,0.9996065497398376,1267.9906005859375,109.55409240722656,0.9986562728881836,1193.1397705078125,110.16389465332031,0.9884110689163208,1227.071533203125,85.70965576171875,0.9950672388076782,1260.570068359375,83.44104766845703,0.6269035935401917,1209.7972412109375,138.48057556152344,0.9727265238761902,1235.1007080078125,148.84170532226562,0.9977606534957886,1273.27001953125,135.7008056640625,0.9630671739578247
4,1173.5439453125,102.45611572265625,0.9942012429237366,1212.1221923828125,165.64822387695312,0.9937345385551453,1207.8487548828125,128.30213928222656,0.9980108141899109,1225.8212890625,121.15707397460938,0.9982569813728333,1247.5467529296875,115.09005737304688,0.9996161460876465,1267.715576171875,109.53494262695312,0.9990399479866028,1191.528076171875,112.11710357666016,0.9903475046157837,1227.3809814453125,85.70965576171875,0.9942800998687744,1259.8251953125,86.7515869140625,0.3415641486644745,1210.6761474609375,139.45358276367188,0.9729475975036621,1232.572509765625,150.27239990234375,0.9967247843742371,1273.2083740234375,135.7008056640625,0.9697499871253967
5,1172.2071533203125,104.9221420288086,0.9963560104370117,1213.9306640625,166.2780303955078,0.9901273250579834,1207.611083984375,129.7239532470703,0.9982221722602844,1224.3817138671875,122.09010314941406,0.9989680051803589,1246.326904296875,115.61021423339844,0.9997847676277161,1267.5164794921875,109.52215576171875,0.9991686344146729,1188.4666748046875,114.67728424072266,0.9963750243186951,1227.6368408203125,85.40510559082031,0.9968525767326355,1231.554443359375,86.7515869140625,0.15592670440673828,1211.660400390625,140.02377319335938,0.980028510093689,1230.4766845703125,150.96578979492188,0.997368574142456,1273.2083740234375,135.7008056640625,0.9674577116966248
6,1169.5345458984375,106.69776916503906,0.9930033087730408,1214.0750732421875,166.68678283691406,0.9891469478607178,1207.00927734375,130.25375366210938,0.998695433139801,1223.0108642578125,122.927490234375,0.9993299245834351,1244.947265625,116.06396484375,0.9997981190681458,1266.98681640625,109.42756652832031,0.9990085959434509,1184.789794921875,116.59044647216797,0.9965004920959473,1227.670166015625,85.39078521728516,0.997843861579895,1231.5235595703125,86.7515869140625,0.16382400691509247,1213.5921630859375,140.02377319335938,0.9833469986915588,1229.37158203125,152.60508728027344,0.9984986782073975,1273.1826171875,135.56430053710938,0.9721618890762329
7,1168.3507080078125,107.56807708740234,0.9812957644462585,1214.0750732421875,167.4976806640625,0.9890176057815552,1205.471435546875,130.88156127929688,0.9988793730735779,1222.1702880859375,123.49821472167969,0.9992532134056091,1244.2769775390625,116.58348846435547,0.9997240900993347,1266.2779541015625,109.41848754882812,0.9984790682792664,1182.0447998046875,117.33636474609375,0.9902645349502563,1228.53125,85.06584167480469,0.9982604384422302,1231.5235595703125,87.0976791381836,0.3034777343273163,1214.3021240234375,140.1494598388672,0.9826111197471619,1229.2388916015625,152.88746643066406,0.9976133108139038,1273.1234130859375,135.89309692382812,0.9750060439109802
8,1166.455810546875,108.04035186767578,0.9660168290138245,1213.9306640625,168.23077392578125,0.9862679243087769,1204.0455322265625,131.28538513183594,0.9991468191146851,1221.2410888671875,124.36253356933594,0.9992305040359497,1243.06787109375,117.0831069946289,0.9996258020401001,1265.58935546875,109.41848754882812,0.9975969195365906,1179.4520263671875,118.01850891113281,0.9882799386978149,1229.2762451171875,84.96623229980469,0.9985674619674683,1231.554443359375,87.0976791381836,0.5182262659072876,1215.6116943359375,140.3664093017578,0.9766468405723572,1229.2222900390625,153.83055114746094,0.9978861212730408,1273.10107421875,135.66822814941406,0.9809949994087219
9,1163.91064453125,108.24557495117188,0.983932375907898,1213.615234375,168.8016357421875,0.986309289932251,1203.5626220703125,131.62234497070312,0.9991483688354492,1220.3785400390625,125.28876495361328,0.9991084933280945,1242.2861328125,117.24026489257812,0.9996196031570435,1264.870849609375,109.42756652832031,0.996800422668457,1179.4520263671875,118.11709594726562,0.9930328130722046,1229.2762451171875,84.77543640136719,0.9985364675521851,1231.554443359375,86.24313354492188,0.6435617208480835,1219.259033203125,141.2692413330078,0.9824277758598328,1229.2222900390625,154.14212036132812,0.9971281886100769,1272.8050537109375,135.66822814941406,0.9764531254768372
10,1163.7708740234375,109.33642578125,0.9905874133110046,1213.615234375,169.47935485839844,0.981609046459198,1203.3302001953125,132.25741577148438,0.9991424083709717,1219.6175537109375,126.3687973022461,0.9987632036209106,1241.3651123046875,117.53843688964844,0.9994605183601379,1261.9609375,109.8132553100586,0.9975180625915527,1179.4520263671875,119.1893539428711,0.9917137622833252,1229.5284423828125,84.77543640136719,0.9986398816108704,1235.9464111328125,87.0976791381836,0.7335631251335144,1219.36865234375,142.03536987304688,0.9782488346099854,1228.641845703125,154.816650390625,0.9968616962432861,1272.4342041015625,135.6973876953125,0.983858048915863
11,1163.68310546875,111.02123260498047,0.9928602576255798,1213.572265625,169.63087463378906,0.9816411733627319,1202.9261474609375,133.05865478515625,0.9991077780723572,1218.7127685546875,127.2091064453125,0.9984272718429565,1241.3121337890625,117.86663055419922,0.9991068243980408,1261.2012939453125,110.41817474365234,0.9971634745597839,1179.058837890625,120.33242797851562,0.9916343688964844,1229.5931396484375,84.68109130859375,0.9979392886161804,1236.188232421875,87.38742065429688,0.7599120140075684,1219.36865234375,142.4278106689453,0.9782211184501648,1228.531005859375,155.41493225097656,0.9969411492347717,1272.4342041015625,135.6973876953125,0.9842578172683716
12,1163.3714599609375,112.75133514404297,0.9955940842628479,1213.572265625,169.75205993652344,0.9747465252876282,1202.333251953125,133.80490112304688,0.9988724589347839,1217.1544189453125,128.07778930664062,0.9974218606948853,1240.6199951171875,117.889892578125,0.9985260367393494,1260.239501953125,110.62937927246094,0.9973147511482239,1179.058837890625,120.47657012939453,0.9928869605064392,1229.5931396484375,84.68109130859375,0.9982149600982666,1235.9464111328125,87.78131103515625,0.8254480361938477,1219.36865234375,142.4403533935547,0.9758476614952087,1227.943359375,156.67039489746094,0.9979875087738037,1272.35986328125,135.66822814941406,0.9786428213119507
13,1162.308349609375,114.09194946289062,0.9959480166435242,1212.432373046875,170.3302764892578,0.9884241223335266,1201.8157958984375,134.3235626220703,0.9986492991447449,1216.5736083984375,128.41680908203125,0.9969251751899719,1240.59912109375,118.51594543457031,0.9987768530845642,1259.74609375,110.88790130615234,0.9970390796661377,1179.058837890625,120.7733154296875,0.9941441416740417,1229.838134765625,84.68109130859375,0.9982945322990417,1235.808837890625,87.78131103515625,0.8838438391685486,1219.3660888671875,142.48780822753906,0.9780077338218689,1227.5224609375,157.2982635498047,0.9976850748062134,1272.158203125,135.35589599609375,0.9811218976974487
14,1161.996337890625,114.09194946289062,0.9956566095352173,1210.4901123046875,170.80921936035156,0.9856542944908142,1201.1885986328125,134.9039306640625,0.998238205909729,1215.804931640625,128.41680908203125,0.9957626461982727,1240.04248046875,118.51594543457031,0.9987367987632751,1259.2459716796875,111.13108825683594,0.9959439635276794,1178.6915283203125,120.86432647705078,0.9937949180603027,1230.30224609375,84.45939636230469,0.99814772605896,1235.9464111328125,87.78131103515625,0.9180712699890137,1219.102294921875,142.48780822753906,0.974497377872467,1227.262939453125,160.25411987304688,0.9975504279136658,1272.158203125,135.35589599609375,0.9813934564590454
15,1161.0804443359375,114.09194946289062,0.9970529079437256,1207.2816162109375,175.05410766601562,0.9975263476371765,1200.7666015625,134.9039306640625,0.9972708821296692,1215.658447265625,128.41680908203125,0.9946817755699158,1239.1290283203125,118.67756652832031,0.998879611492157,1258.39794921875,111.13108825683594,0.9958970546722412,1178.07861328125,120.86432647705078,0.9945380091667175,1230.30224609375,84.2667236328125,0.9982361793518066,1235.9671630859375,87.41020202636719,0.9356201887130737,1218.031005859375,142.4403533935547,0.9735856652259827,1227.03271484375,160.4541473388672,0.9973965883255005,1272.2313232421875,135.10716247558594,0.9865007996559143
16,1160.9132080078125,113.71280670166016,0.9975093603134155,1205.5950927734375,175.05410766601562,0.9981762170791626,1200.083740234375,134.9039306640625,0.996599018573761,1215.154296875,128.343505859375,0.9936343431472778,1238.6259765625,118.77975463867188,0.999129593372345,1257.8173828125,111.13108825683594,0.9957642555236816,1177.5006103515625,120.86432647705078,0.995422899723053,1230.30224609375,83.79795837402344,0.9984304308891296,1235.9671630859375,87.1142578125,0.9471949934959412,1217.45849609375,142.42149353027344,0.974830687046051,1226.7691650390625,160.98031616210938,0.9982455968856812,1272.2313232421875,135.10716247558594,0.9847604632377625
17,1160.9132080078125,113.57689666748047,0.9970961809158325,1201.32861328125,175.05410766601562,0.9982819557189941,1199.030029296875,134.5311279296875,0.9962643980979919,1214.9898681640625,128.33921813964844,0.9951879978179932,1238.3902587890625,118.80428314208984,0.9991143345832825,1254.9791259765625,110.03485870361328,0.9968737363815308,1177.4195556640625,120.27515411376953,0.9949835538864136,1230.0157470703125,83.79795837402344,0.9981960654258728,1236.0718994140625,86.56954193115234,0.949169397354126,1217.4583740234375,142.39984130859375,0.9710355401039124,1226.7691650390625,160.98031616210938,0.9985532164573669,1272.2313232421875,134.60398864746094,0.9899919629096985
18,1160.888916015625,113.57689666748047,0.9963651895523071,1196.622802734375,173.1752166748047,0.9981794357299805,1198.212890625,134.15496826171875,0.9971609115600586,1214.4625244140625,128.33921813964844,0.996183454990387,1238.2431640625,118.95374298095703,0.9992651343345642,1254.669921875,110.01425170898438,0.9974914789199829,1177.2197265625,119.85845184326172,0.9953529834747314,1229.8702392578125,83.79795837402344,0.9983177185058594,1236.748291015625,86.41664123535156,0.9545599818229675,1216.962646484375,142.39984130859375,0.9718230962753296,1226.7691650390625,160.98031616210938,0.9984380602836609,1272.3668212890625,132.84271240234375,0.9827579855918884
19,1160.6790771484375,113.57689666748047,0.9976759552955627,1193.6871337890625,172.5491180419922,0.9980520009994507,1197.210205078125,134.15496826171875,0.9980410933494568,1213.92431640625,128.343505859375,0.9968865513801575,1237.837158203125,119.35853576660156,0.999362051486969,1254.115234375,110.01425170898438,0.9979138970375061,1177.2197265625,119.85845184326172,0.9958111047744751,1229.8702392578125,83.89952087402344,0.9984819293022156,1236.7947998046875,86.41664123535156,0.9562395811080933,1216.4759521484375,142.39984130859375,0.9542473554611206,1226.7691650390625,160.98031616210938,0.9984620809555054,1272.3668212890625,131.60401916503906,0.975354790687561
20,1160.3687744140625,114.60723114013672,0.9982994198799133,1191.6405029296875,172.3102264404297,0.9985541701316833,1196.4598388671875,134.15496826171875,0.9983185529708862,1213.6634521484375,128.343505859375,0.9970199465751648,1237.2498779296875,119.7195816040039,0.999284565448761,1253.8056640625,110.01425170898438,0.9976338148117065,1177.2197265625,119.85845184326172,0.9953728318214417,1229.8702392578125,84.56635284423828,0.9983914494514465,1236.8621826171875,86.15707397460938,0.9462028741836548,1216.0599365234375,142.72474670410156,0.9373825192451477,1226.7691650390625,160.98031616210938,0.9985681772232056,1272.3668212890625,131.60401916503906,0.9780614376068115
21,1159.6943359375,115.00724029541016,0.998768150806427,1189.10693359375,172.3102264404297,0.9988614320755005,1195.4254150390625,134.55615234375,0.9986100196838379,1213.3035888671875,128.37449645996094,0.9969807267189026,1236.7672119140625,120.04978942871094,0.9992307424545288,1253.8056640625,110.45889282226562,0.99781334400177,1177.2176513671875,119.87956237792969,0.9960111379623413,1230.1341552734375,86.10588836669922,0.9966548681259155,1238.3310546875,86.07328033447266,0.9116607308387756,1214.975830078125,143.79183959960938,0.8865668773651123,1226.6607666015625,161.0319061279297,0.9987145662307739,1272.13671875,131.60401916503906,0.9852806925773621
22,1159.282470703125,115.03660583496094,0.9989965558052063,1187.62158203125,172.2185821533203,0.9982792139053345,1194.6507568359375,134.64183044433594,0.998646080493927,1212.783935546875,128.38291931152344,0.997225821018219,1236.2281494140625,120.69882202148438,0.999219536781311,1253.8056640625,110.71537780761719,0.9984374642372131,1177.2176513671875,119.87956237792969,0.9960732460021973,1230.1341552734375,86.28551483154297,0.9949889779090881,1239.5208740234375,85.97245025634766,0.9368722438812256,1206.7962646484375,147.58689880371094,0.8425753712654114,1226.5596923828125,161.11865234375,0.9986112117767334,1271.470458984375,132.20631408691406,0.9905287623405457
23,1158.0400390625,115.04743194580078,0.9994720816612244,1185.3104248046875,172.05535888671875,0.9972363710403442,1194.4482421875,134.98312377929688,0.9987525939941406,1211.462890625,128.60943603515625,0.9974231719970703,1235.0030517578125,120.9012222290039,0.9988309741020203,1253.95947265625,111.67352294921875,0.9989849925041199,1177.32275390625,119.94739532470703,0.9959098100662231,1230.1341552734375,86.57403564453125,0.9923130869865417,1239.5323486328125,85.91138458251953,0.9561180472373962,1205.0869140625,148.3036651611328,0.8869961500167847,1226.50146484375,161.7361602783203,0.998839795589447,1270.0467529296875,133.1705780029297,0.9930148124694824
24,1157.09228515625,115.11023712158203,0.9994920492172241,1182.6697998046875,172.2185821533203,0.9956425428390503,1193.1280517578125,135.8584747314453,0.9994332194328308,1209.73193359375,129.5009002685547,0.9985905289649963,1234.1275634765625,121.00376892089844,0.9987421631813049,1253.95947265625,112.17378997802734,0.9992908239364624,1177.2852783203125,120.06719970703125,0.996995210647583,1221.6097412109375,92.78184509277344,0.9588833451271057,1239.5323486328125,85.83541870117188,0.9119954705238342,1192.7481689453125,148.7034454345703,0.9691136479377747,1226.3956298828125,163.05831909179688,0.9992973804473877,1264.7152099609375,133.83847045898438,0.9865308403968811
25,1155.673095703125,115.71128845214844,0.9995225667953491,1180.3446044921875,172.36524963378906,0.9973523616790771,1191.9105224609375,135.878173828125,0.9997071623802185,1208.01953125,129.6670379638672,0.999279797077179,1232.342041015625,121.04076385498047,0.998336911201477,1253.95947265625,112.7257308959961,0.999454915523529,1177.5557861328125,119.87956237792969,0.9960675239562988,1208.421630859375,97.35110473632812,0.9625349044799805,1239.5323486328125,85.78248596191406,0.9602578282356262,1191.293701171875,148.95947265625,0.9902898669242859,1226.3956298828125,163.6242218017578,0.9993991851806641,1260.982421875,134.76406860351562,0.9771639704704285
26,1153.7615966796875,115.87379455566406,0.9992419481277466,1178.6055908203125,172.36524963378906,0.9979137778282166,1190.5645751953125,136.19039916992188,0.9998026490211487,1206.107177734375,129.8828887939453,0.9995809197425842,1230.6683349609375,121.13665771484375,0.9987201690673828,1252.9814453125,113.89717102050781,0.999703586101532,1177.5557861328125,119.8741683959961,0.9949343800544739,1203.3095703125,97.41244506835938,0.979826033115387,1238.99951171875,85.83180236816406,0.9827075600624084,1189.5975341796875,149.17872619628906,0.994082510471344,1226.3956298828125,163.98475646972656,0.9994311928749084,1260.8375244140625,137.59951782226562,0.8677809238433838
27,1151.9207763671875,116.58293914794922,0.9985836744308472,1178.3446044921875,172.4913330078125,0.998036801815033,1188.91357421875,136.2851104736328,0.9997933506965637,1204.6485595703125,130.444580078125,0.9996453523635864,1228.6485595703125,121.98918151855469,0.9989941716194153,1250.860107421875,114.8785400390625,0.9996376037597656,1177.5557861328125,119.8741683959961,0.9954531192779541,1198.01806640625,98.26678466796875,0.9922054409980774,1238.34619140625,85.83180236816406,0.9863221645355225,1184.9146728515625,149.99017333984375,0.9929277300834656,1226.405029296875,164.19979858398438,0.9995055198669434,1248.2425537109375,138.5743408203125,0.45639026165008545
28,1149.6846923828125,117.09758758544922,0.9959455132484436,1177.7716064453125,172.4913330078125,0.9981932044029236,1186.510009765625,136.97445678710938,0.9996989965438843,1202.41552734375,131.4572296142578,0.9996294975280762,1226.9151611328125,122.73087310791016,0.999117910861969,1248.2147216796875,116.20220184326172,0.9992703795433044,1177.7615966796875,119.6338882446289,0.9957888722419739,1194.848388671875,99.7141342163086,0.9927329421043396,1237.537841796875,85.83180236816406,0.9916449189186096,1182.9613037109375,150.6605682373047,0.9858641028404236,1226.405029296875,164.19979858398438,0.9992594122886658,1246.12109375,138.73318481445312,0.6984161734580994
29,1146.7513427734375,117.09758758544922,0.9907622933387756,1176.7919921875,172.36524963378906,0.9972061514854431,1184.1533203125,137.2679443359375,0.9993054866790771,1200.8238525390625,131.810302734375,0.9992386102676392,1224.1412353515625,123.1779556274414,0.9987956285476685,1245.7999267578125,116.66282653808594,0.9989649057388306,1177.7615966796875,119.01509094238281,0.9936944842338562,1189.9615478515625,100.64605712890625,0.9856202602386475,1236.64599609375,85.83180236816406,0.9928604960441589,1174.5804443359375,152.34384155273438,0.9908128380775452,1226.5234375,164.19979858398438,0.9988834261894226,1244.17431640625,138.73318481445312,0.704081654548645
30,1145.5106201171875,117.09758758544922,0.974202036857605,1175.7498779296875,172.59652709960938,0.9875327944755554,1182.0540771484375,137.30401611328125,0.9976396560668945,1199.708740234375,131.86305236816406,0.9988413453102112,1222.4481201171875,123.56380462646484,0.9993208646774292,1244.051025390625,117.69868469238281,0.999108612537384,1177.7293701171875,117.17961120605469,0.9932830333709717,1185.4547119140625,100.64605712890625,0.9961788654327393,1235.6815185546875,85.83180236816406,0.9963254332542419,1172.7132568359375,152.70770263671875,0.9852114915847778,1226.405029296875,161.4554901123047,0.9976683259010315,1237.3438720703125,144.27499389648438,0.7888965010643005
31,1144.937255859375,116.07792663574219,0.9543268084526062,1173.5906982421875,172.59652709960938,0.9727046489715576,1180.387939453125,137.90341186523438,0.9954929351806641,1198.186279296875,131.9502410888672,0.9987801909446716,1220.4659423828125,124.21659088134766,0.9995923638343811,1242.611083984375,118.21961975097656,0.9994446635246277,1177.7293701171875,117.1159896850586,0.9845975637435913,1179.0965576171875,100.64605712890625,0.9979498982429504,1234.4063720703125,85.48689270019531,0.9982091188430786,1172.5328369140625,152.76564025878906,0.9809654355049133,1226.2742919921875,161.10494995117188,0.9982516169548035,1237.282958984375,144.37173461914062,0.849995493888855
32,1144.302001953125,115.58386993408203,0.9824075102806091,1171.7510986328125,172.61709594726562,0.9906260967254639,1178.4866943359375,138.3042755126953,0.9960173964500427,1196.597900390625,132.46649169921875,0.9988670349121094,1218.7830810546875,125.33203887939453,0.9995847344398499,1241.5347900390625,119.22225189208984,0.9992606043815613,1177.369384765625,116.94817352294922,0.9828439950942993,1176.5697021484375,100.64605712890625,0.9976528286933899,1234.106201171875,85.44924926757812,0.9985963702201843,1171.678466796875,152.76564025878906,0.9916684627532959,1226.0238037109375,161.04454040527344,0.9979110360145569,1237.003173828125,144.43154907226562,0.9357494115829468
33,1143.4326171875,115.23632049560547,0.9890353083610535,1170.3707275390625,172.94488525390625,0.9884819984436035,1177.53662109375,139.1097412109375,0.9986565113067627,1195.0933837890625,132.6143035888672,0.9986807703971863,1216.8546142578125,125.88793182373047,0.9993946552276611,1241.0543212890625,119.22225189208984,0.9989022016525269,1176.498291015625,117.1159896850586,0.9835790991783142,1176.359375,100.6109848022461,0.9981821775436401,1234.106201171875,84.76995086669922,0.9985682964324951,1170.7374267578125,152.81898498535156,0.9952805638313293,1225.5885009765625,161.00021362304688,0.9976112842559814,1237.00146484375,144.62203979492188,0.9506118893623352
34,1142.2364501953125,115.19346618652344,0.9927533268928528,1168.7564697265625,173.9900665283203,0.9887017011642456,1176.2982177734375,139.19593811035156,0.9994040727615356,1192.6761474609375,132.94386291503906,0.9994730353355408,1215.9547119140625,125.9210205078125,0.9993056058883667,1239.9073486328125,120.19731140136719,0.9992091059684753,1176.498291015625,117.1159896850586,0.9833682179450989,1176.2464599609375,100.55165100097656,0.9987561702728271,1234.106201171875,84.4224624633789,0.9983692765235901,1169.7802734375,153.18856811523438,0.9966294169425964,1224.905517578125,161.00021362304688,0.997742772102356,1236.4215087890625,144.7623291015625,0.9853480458259583
35,1141.525634765625,114.72817993164062,0.9968819618225098,1166.13916015625,174.0972900390625,0.9943707585334778,1175.283447265625,139.44117736816406,0.9996138215065002,1191.0504150390625,133.34579467773438,0.9997164607048035,1215.0638427734375,126.0970458984375,0.9990941286087036,1237.5391845703125,120.6367416381836,0.9994280934333801,1175.7650146484375,117.17919921875,0.9867550730705261,1176.096435546875,100.6109848022461,0.9987906813621521,1234.401123046875,83.34808349609375,0.9980229139328003,1166.638916015625,154.1359100341797,0.9973562955856323,1224.040283203125,161.10494995117188,0.9977721571922302,1236.2393798828125,145.05589294433594,0.9872199296951294
36,1140.94580078125,113.49952697753906,0.9981511235237122,1165.0433349609375,175.60256958007812,0.9959476590156555,1173.9359130859375,139.74195861816406,0.9996367692947388,1189.5623779296875,133.87950134277344,0.9997822642326355,1214.498779296875,126.32496643066406,0.9993744492530823,1236.0152587890625,120.68023681640625,0.9995924830436707,1174.5816650390625,117.17919921875,0.9902414679527283,1176.096435546875,100.70137786865234,0.9986841082572937,1234.6385498046875,82.69346618652344,0.9977808594703674,1165.909912109375,154.5059051513672,0.9979245662689209,1223.877685546875,160.8185577392578,0.9983865022659302,1235.3599853515625,145.87379455566406,0.9927733540534973
37,1140.8699951171875,113.09078216552734,0.998337984085083,1164.320556640625,175.80239868164062,0.9956302642822266,1172.8970947265625,139.74195861816406,0.9996192455291748,1188.3319091796875,134.40354919433594,0.9997509121894836,1213.2967529296875,126.32496643066406,0.9994111061096191,1234.30517578125,120.68023681640625,0.9996858835220337,1174.0244140625,117.40319061279297,0.9877927899360657,1175.997802734375,100.86074829101562,0.9986932873725891,1234.6385498046875,82.69346618652344,0.9976024031639099,1165.5364990234375,154.5059051513672,0.9974974989891052,1223.877685546875,160.8185577392578,0.9977725148200989,1234.9849853515625,146.59820556640625,0.992783784866333
38,1139.8406982421875,113.09078216552734,0.9986116886138916,1164.30078125,175.80239868164062,0.995741605758667,1172.1229248046875,139.81698608398438,0.9995399713516235,1187.0389404296875,134.54769897460938,0.9997000694274902,1212.1153564453125,126.32496643066406,0.9992778897285461,1233.008056640625,120.68023681640625,0.9996531009674072,1172.1287841796875,117.66162872314453,0.9848451614379883,1175.1578369140625,101.00048828125,0.999300479888916,1234.6385498046875,82.69346618652344,0.9969436526298523,1165.5291748046875,154.5059051513672,0.9976757168769836,1221.9794921875,158.59317016601562,0.9973061084747314,1234.9849853515625,146.59820556640625,0.9974931478500366
39,1139.163330078125,113.05203247070312,0.9984989166259766,1164.30078125,176.03543090820312,0.99578458070755,1171.464599609375,139.81698608398438,0.999453604221344,1185.794189453125,134.7989501953125,0.9995841383934021,1210.743408203125,126.18286895751953,0.999061644077301,1232.3162841796875,120.7132797241211,0.999521017074585,1169.06640625,117.68318939208984,0.9816789031028748,1175.1578369140625,101.00048828125,0.9992363452911377,1234.6109619140625,83.13291931152344,0.9966006875038147,1165.5291748046875,153.83883666992188,0.9976053237915039,1221.5447998046875,156.94918823242188,0.9968305230140686,1234.9849853515625,146.59820556640625,0.9978383183479309
40,1138.713134765625,113.04554748535156,0.9985889792442322,1164.30078125,176.03543090820312,0.9963163137435913,1170.985595703125,139.81698608398438,0.9994427561759949,1185.20751953125,134.7989501953125,0.9993576407432556,1210.0609130859375,126.0901870727539,0.998991072177887,1230.9776611328125,120.73895263671875,0.9995884299278259,1166.4033203125,118.8618392944336,0.9867221117019653,1175.1578369140625,100.86074829101562,0.9990658164024353,1233.6153564453125,84.2113037109375,0.9963294863700867,1165.5364990234375,153.22718811035156,0.9973695278167725,1218.7205810546875,154.15744018554688,0.9950386881828308,1235.0147705078125,146.0199737548828,0.9989795088768005
41,1138.4859619140625,113.09078216552734,0.9985098242759705,1165.3076171875,176.03543090820312,0.9963037967681885,1170.7156982421875,139.98963928222656,0.9993234872817993,1184.7913818359375,134.7989501953125,0.9990885257720947,1209.2281494140625,126.0901870727539,0.998691737651825,1229.783203125,120.73895263671875,0.9995322227478027,1164.436279296875,120.1751937866211,0.983018159866333,1175.8236083984375,100.62921905517578,0.998955249786377,1232.4342041015625,84.66008758544922,0.989570140838623,1165.579345703125,153.051025390625,0.9974768757820129,1216.26025390625,150.91590881347656,0.9686565399169922,1235.0147705078125,146.0199737548828,0.999146580696106
42,1138.4384765625,113.3431396484375,0.998444139957428,1167.3927001953125,177.34703063964844,0.996809184551239,1170.4525146484375,140.59710693359375,0.9991188645362854,1184.25048828125,134.7981414794922,0.9985236525535583,1207.538818359375,126.0901870727539,0.9983711838722229,1228.484619140625,120.7132797241211,0.9995131492614746,1162.7713623046875,121.16412353515625,0.9738991260528564,1176.14990234375,100.62921905517578,0.9988662004470825,1227.418212890625,85.92015075683594,0.983555018901825,1165.8070068359375,152.7332763671875,0.9979731440544128,1214.0391845703125,150.91590881347656,0.9690036177635193,1235.0147705078125,146.0199737548828,0.9992340803146362
43,1136.810302734375,113.56519317626953,0.9973100423812866,1167.3927001953125,177.72601318359375,0.9962359070777893,1169.0057373046875,141.1053009033203,0.9990859031677246,1184.0382080078125,134.7981414794922,0.9980528354644775,1206.28173828125,126.18719482421875,0.9990882873535156,1227.1868896484375,120.7132797241211,0.9994696974754333,1157.833251953125,123.79537963867188,0.9825155735015869,1176.29736328125,100.62921905517578,0.9985421895980835,1223.5263671875,90.7857894897461,0.9896346926689148,1165.8070068359375,152.7332763671875,0.9967516660690308,1206.9661865234375,150.91590881347656,0.8883713483810425,1234.84814453125,146.5820770263672,0.9994070529937744
44,1134.7095947265625,114.81974029541016,0.9946415424346924,1167.3927001953125,177.72601318359375,0.9963915944099426,1167.8372802734375,141.74024963378906,0.9988963603973389,1183.5787353515625,134.7981414794922,0.9984036087989807,1205.47607421875,126.27481079101562,0.9993687272071838,1226.6082763671875,120.56156158447266,0.9992282390594482,1155.5338134765625,125.33768463134766,0.9910489320755005,1176.29736328125,100.88988494873047,0.998408854007721,1217.3994140625,92.80023956298828,0.9958795309066772,1165.579345703125,152.7332763671875,0.9966020584106445,1205.1373291015625,151.99807739257812,0.9294378757476807,1233.5989990234375,147.25570678710938,0.9992623925209045
45,1131.8438720703125,115.76521301269531,0.9952240586280823,1166.943359375,177.34703063964844,0.9954835176467896,1165.6419677734375,142.5020751953125,0.9982075691223145,1182.7772216796875,134.8538360595703,0.998602569103241,1204.109130859375,126.3069839477539,0.9994994401931763,1226.1771240234375,120.44779205322266,0.9988011121749878,1153.1884765625,126.02754974365234,0.9909632802009583,1176.317138671875,100.88988494873047,0.9981902241706848,1214.157470703125,94.3886489868164,0.9574757814407349,1165.487060546875,152.7332763671875,0.9963898062705994,1203.2286376953125,153.3666534423828,0.971452534198761,1233.240966796875,147.4196319580078,0.9991627931594849
46,1130.6630859375,116.8398666381836,0.9951543807983398,1166.943359375,177.34703063964844,0.9965927004814148,1164.33349609375,142.90789794921875,0.9981127977371216,1182.290771484375,135.55235290527344,0.9989380240440369,1203.2998046875,126.49996948242188,0.9995525479316711,1225.380615234375,120.44121551513672,0.9981643557548523,1150.6942138671875,126.38750457763672,0.9809387922286987,1176.35791015625,100.88988494873047,0.9976096153259277,1211.7432861328125,94.62928009033203,0.9789424538612366,1165.487060546875,152.75485229492188,0.9957091808319092,1201.3468017578125,157.41151428222656,0.9819657206535339,1233.240966796875,147.63720703125,0.999041736125946
47,1129.428955078125,117.18600463867188,0.9947373270988464,1166.9332275390625,176.1936492919922,0.9962120056152344,1162.8321533203125,143.50936889648438,0.9979444146156311,1181.600341796875,135.78131103515625,0.999022364616394,1202.7340087890625,126.49996948242188,0.9994939565658569,1223.415771484375,120.44121551513672,0.997787356376648,1146.9176025390625,128.44552612304688,0.9783292412757874,1177.0479736328125,98.85496520996094,0.9979090690612793,1210.758056640625,96.09577941894531,0.6531102657318115,1165.487060546875,152.96746826171875,0.9947181344032288,1199.6146240234375,159.52049255371094,0.9923399686813354,1233.1229248046875,147.936767578125,0.9988881945610046
48,1128.8487548828125,117.67057037353516,0.9959075450897217,1166.8919677734375,176.1936492919922,0.9967566132545471,1161.5303955078125,143.90689086914062,0.997300922870636,1180.53125,136.05621337890625,0.9987133741378784,1201.1600341796875,126.63906860351562,0.999011754989624,1222.1541748046875,120.44121551513672,0.999116837978363,1144.4404296875,129.0122528076172,0.9811378717422485,1177.1732177734375,98.70710754394531,0.9985118508338928,1197.8863525390625,97.80557250976562,0.34932443499565125,1167.7099609375,152.99362182617188,0.9907218217849731,1196.1163330078125,160.3055877685547,0.9919261336326599,1232.90576171875,148.02296447753906,0.9988852143287659
49,1127.1790771484375,119.11566925048828,0.9937793612480164,1166.8919677734375,177.4149169921875,0.9945629239082336,1160.3958740234375,144.06857299804688,0.9969033598899841,1179.2039794921875,136.6917266845703,0.9982628226280212,1199.7589111328125,126.7347183227539,0.997791051864624,1220.8341064453125,120.9459457397461,0.9995212554931641,1143.270263671875,129.81356811523438,0.9848378896713257,1177.3472900390625,98.66424560546875,0.9983111619949341,1195.5963134765625,98.30015563964844,0.4172169864177704,1168.0997314453125,153.34886169433594,0.9877877831459045,1194.0654296875,160.96087646484375,0.9901202917098999,1232.90576171875,148.24325561523438,0.9981149435043335
50,1124.136474609375,119.45923614501953,0.9930786490440369,1166.8919677734375,177.6986846923828,0.9932544827461243,1160.1566162109375,144.0731658935547,0.9977700710296631,1178.105224609375,137.1565704345703,0.997879147529602,1198.6412353515625,126.75301361083984,0.9985548853874207,1219.8756103515625,121.06128692626953,0.9995414018630981,1141.173583984375,131.51651000976562,0.9913114309310913,1177.7391357421875,98.66424560546875,0.9977989792823792,1194.497802734375,98.56168365478516,0.5286576747894287,1168.7750244140625,153.98960876464844,0.9898353219032288,1188.6097412109375,162.4222869873047,0.9940392971038818,1233.2646484375,148.26052856445312,0.9975148439407349
51,1123.5299072265625,119.86752319335938,0.9879343509674072,1165.546630859375,178.4845428466797,0.989180862903595,1159.4339599609375,144.63143920898438,0.998021125793457,1176.4791259765625,137.21763610839844,0.9987435936927795,1197.7076416015625,127.05216979980469,0.998601496219635,1219.0548095703125,121.5813980102539,0.9994298815727234,1140.8734130859375,132.6159210205078,0.9887969493865967,1177.9486083984375,98.70710754394531,0.9969303011894226,1189.136474609375,99.69496154785156,0.6190347671508789,1168.7750244140625,154.35374450683594,0.9942224621772766,1184.75927734375,163.0745849609375,0.9941558837890625,1233.2115478515625,148.27102661132812,0.9967664480209351
52,1121.4439697265625,120.5050048828125,0.977121114730835,1164.9910888671875,178.65655517578125,0.9846289157867432,1158.2718505859375,144.63143920898438,0.9983742237091064,1174.9820556640625,137.21763610839844,0.9991647005081177,1196.6719970703125,128.0772705078125,0.9983795881271362,1218.4119873046875,121.92849731445312,0.9992300271987915,1140.19189453125,134.01553344726562,0.9825184345245361,1177.9486083984375,99.14105987548828,0.9968807697296143,1180.4381103515625,99.939453125,0.6714884042739868,1168.7750244140625,154.60655212402344,0.9941473007202148,1182.1832275390625,164.4476318359375,0.9918684959411621,1233.2115478515625,148.29666137695312,0.996035635471344
53,1120.578857421875,122.16476440429688,0.9646937251091003,1163.36376953125,178.7942657470703,0.980575680732727,1156.93212890625,144.63143920898438,0.9985589385032654,1173.49951171875,137.21763610839844,0.9989660978317261,1195.819580078125,128.18199157714844,0.9981529116630554,1217.550537109375,122.30303955078125,0.9989381432533264,1138.9969482421875,134.01553344726562,0.9870951771736145,1177.9486083984375,99.61088562011719,0.9968383312225342,1180.3433837890625,100.1612548828125,0.7324542999267578,1166.53759765625,155.08123779296875,0.9933640956878662,1182.1832275390625,164.4476318359375,0.9912680387496948,1233.2115478515625,148.29666137695312,0.9926103949546814
54,1120.05810546875,123.85240173339844,0.9545776844024658,1161.6046142578125,178.7942657470703,0.9877665042877197,1155.752685546875,144.63143920898438,0.9988719820976257,1173.4888916015625,136.63084411621094,0.9987310767173767,1194.55126953125,128.63917541503906,0.9976080656051636,1216.3173828125,122.77177429199219,0.9979311227798462,1137.802734375,134.01553344726562,0.9837934374809265,1177.6376953125,100.09833526611328,0.9962860345840454,1179.792724609375,100.39607238769531,0.8246640563011169,1166.2032470703125,155.43995666503906,0.9895888566970825,1182.1832275390625,164.52748107910156,0.9912618398666382,1233.132568359375,148.36837768554688,0.991738498210907
55,1118.0318603515625,125.26856994628906,0.9678090810775757,1158.562255859375,178.65655517578125,0.9956004619598389,1153.9871826171875,144.45758056640625,0.9987066984176636,1171.73974609375,136.63084411621094,0.9984721541404724,1193.4676513671875,128.87844848632812,0.9966134428977966,1214.247802734375,122.88702392578125,0.9976893663406372,1133.17431640625,134.0734405517578,0.983435332775116,1176.837890625,100.43376159667969,0.9955012202262878,1179.792724609375,100.31462097167969,0.8612276315689087,1165.4443359375,155.58474731445312,0.9862031936645508,1182.2540283203125,164.52748107910156,0.9903396964073181,1232.69482421875,148.36837768554688,0.9891815781593323
56,1116.4921875,125.71766662597656,0.9808705449104309,1156.1168212890625,178.2646026611328,0.9954370856285095,1153.340576171875,144.45758056640625,0.9986225366592407,1170.6820068359375,136.63084411621094,0.9981684684753418,1191.967529296875,129.14471435546875,0.9957475066184998,1212.530517578125,123.24967193603516,0.9979488253593445,1133.0682373046875,134.0734405517578,0.9810112714767456,1176.8321533203125,100.43376159667969,0.9950673580169678,1179.6761474609375,100.31462097167969,0.9167395830154419,1164.453369140625,155.58474731445312,0.9819437265396118,1182.9171142578125,164.7742156982422,0.9933238625526428,1232.2711181640625,148.36837768554688,0.9877289533615112
57,1115.42236328125,125.71766662597656,0.9863757491111755,1154.54833984375,177.95077514648438,0.9962462782859802,1151.921875,144.93150329589844,0.9981637597084045,1169.3446044921875,137.27105712890625,0.9977203011512756,1191.4415283203125,130.17369079589844,0.9971810579299927,1211.090576171875,123.58068084716797,0.9969412684440613,1132.676025390625,134.0734405517578,0.986615002155304,1176.8321533203125,100.43376159667969,0.9943755865097046,1179.5335693359375,100.31462097167969,0.9629418253898621,1164.149658203125,155.6183319091797,0.9702194929122925,1182.918212890625,165.47921752929688,0.994724690914154,1231.7354736328125,148.19297790527344,0.9855705499649048
58,1113.9544677734375,126.44483184814453,0.9929445385932922,1152.938232421875,177.87625122070312,0.9955329895019531,1151.8408203125,145.00209045410156,0.9980916380882263,1168.0797119140625,137.6248779296875,0.9979301691055298,1190.7791748046875,130.8556365966797,0.9980317950248718,1209.574951171875,123.77713775634766,0.994636595249176,1130.9696044921875,134.26980590820312,0.9943927526473999,1176.837890625,100.2646713256836,0.9928833246231079,1179.5335693359375,99.7279281616211,0.9795723557472229,1163.645263671875,155.6681671142578,0.9696060419082642,1182.918212890625,165.75091552734375,0.9951565861701965,1231.7354736328125,148.19297790527344,0.9743489027023315
59,1113.4715576171875,129.3020477294922,0.9957252740859985,1150.68310546875,177.87625122070312,0.9912198185920715,1151.1268310546875,145.00209045410156,0.9984146356582642,1167.0533447265625,137.7095947265625,0.9984719157218933,1189.44775390625,131.5695343017578,0.9982794523239136,1206.4176025390625,124.267333984375,0.9961249232292175,1130.705322265625,134.4297637939453,0.9933061003684998,1177.51220703125,99.5279541015625,0.9939273595809937,1179.5335693359375,99.22612762451172,0.9870277643203735,1163.645263671875,155.6681671142578,0.9628978371620178,1183.345703125,166.04800415039062,0.9954988360404968,1231.7354736328125,148.19297790527344,0.9613737463951111
60,1113.3226318359375,130.6365966796875,0.9974666833877563,1148.8824462890625,177.6227569580078,0.9940576553344727,1149.96826171875,145.00253295898438,0.9986163377761841,1165.9049072265625,138.5706024169922,0.9989058971405029,1187.975341796875,132.2602081298828,0.9985981583595276,1205.60791015625,124.3636474609375,0.9971166849136353,1130.5928955078125,134.4297637939453,0.9914178848266602,1178.0794677734375,98.97647857666016,0.9954020977020264,1180.03125,98.83267211914062,0.9880155920982361,1159.380615234375,156.921875,0.947705864906311,1183.345703125,166.58038330078125,0.9951883554458618,1231.7357177734375,148.19297790527344,0.9433048367500305
61,1112.6146240234375,130.67037963867188,0.9983500242233276,1147.6353759765625,177.46849060058594,0.9965469241142273,1149.1011962890625,145.14797973632812,0.9985536932945251,1165.2308349609375,138.80026245117188,0.9988345503807068,1187.3179931640625,132.44822692871094,0.9986034035682678,1205.1185302734375,124.62579345703125,0.9979912042617798,1130.2730712890625,134.4297637939453,0.9920519590377808,1178.243896484375,98.53826904296875,0.9964438080787659,1180.03125,98.79656982421875,0.9867760539054871,1158.9931640625,157.08175659179688,0.9488602876663208,1183.345703125,166.58038330078125,0.9954954385757446,1231.7357177734375,148.19297790527344,0.943702757358551
62,1112.3291015625,130.67037963867188,0.9984461665153503,1146.7884521484375,177.3013153076172,0.99710613489151,1148.0419921875,145.2446746826172,0.998528003692627,1164.3895263671875,139.1926727294922,0.9987406134605408,1186.34521484375,132.44822692871094,0.9981423616409302,1204.2236328125,124.9154281616211,0.9982752799987793,1130.0506591796875,134.2274932861328,0.9925663471221924,1178.243896484375,98.53826904296875,0.9947888851165771,1180.03125,98.75322723388672,0.9885762333869934,1158.3836669921875,157.45477294921875,0.9347449541091919,1183.345703125,166.58038330078125,0.9956910014152527,1231.7357177734375,147.88311767578125,0.9597844481468201
63,1112.3231201171875,130.67037963867188,0.9980251789093018,1146.7666015625,177.19476318359375,0.9948962330818176,1147.3602294921875,145.39356994628906,0.9984544515609741,1163.798095703125,139.1926727294922,0.9984949827194214,1185.4189453125,132.72430419921875,0.9968650937080383,1203.5799560546875,125.0736312866211,0.9975399971008301,1130.021484375,134.00091552734375,0.9924742579460144,1178.243896484375,98.53826904296875,0.9943835735321045,1180.03125,98.75322723388672,0.9885188937187195,1157.0194091796875,157.47238159179688,0.9412931799888611,1183.345703125,166.4486846923828,0.9958257675170898,1230.852783203125,147.315673828125,0.9670654535293579
64,1112.166748046875,130.45616149902344,0.9976045489311218,1146.677001953125,177.0115966796875,0.993949294090271,1146.3282470703125,145.84780883789062,0.9981650710105896,1162.7242431640625,139.26522827148438,0.9979985356330872,1181.9671630859375,132.8728790283203,0.9957971572875977,1202.7047119140625,125.25263214111328,0.9970752000808716,1129.89599609375,133.9096221923828,0.9925219416618347,1177.8709716796875,98.69792938232422,0.9932877421379089,1180.03125,98.79656982421875,0.9895784258842468,1156.919677734375,157.5322265625,0.9018284678459167,1183.33642578125,165.9591064453125,0.9959961175918579,1227.2774658203125,145.8662567138672,0.9790197014808655
65,1110.829833984375,130.01019287109375,0.9978868365287781,1146.58984375,176.85153198242188,0.9949468970298767,1145.6866455078125,146.22152709960938,0.9986710548400879,1162.658935546875,139.4322509765625,0.9978862404823303,1181.0390625,132.9678497314453,0.9967334270477295,1201.91357421875,125.44457244873047,0.9938685297966003,1129.28857421875,133.58541870117188,0.9889763593673706,1176.8162841796875,99.66708374023438,0.9912391304969788,1180.0648193359375,98.95246887207031,0.9890977144241333,1149.490966796875,157.903076171875,0.9511237144470215,1182.9376220703125,165.3041534423828,0.9957762360572815,1225.807373046875,144.60760498046875,0.9565514326095581
66,1109.2318115234375,129.1126251220703,0.9978880286216736,1145.8369140625,176.84747314453125,0.9923895001411438,1143.8067626953125,146.45323181152344,0.9992690682411194,1161.6175537109375,139.26522827148438,0.9985187649726868,1179.5654296875,132.9678497314453,0.9969095587730408,1201.43603515625,126.22561645507812,0.9833316802978516,1128.8525390625,133.58541870117188,0.9892242550849915,1175.1920166015625,100.66131591796875,0.9819684624671936,1180.2239990234375,98.95246887207031,0.9835492372512817,1148.181640625,157.903076171875,0.9701489210128784,1182.5433349609375,165.3041534423828,0.9943195581436157,1224.4947509765625,144.60760498046875,0.9633280038833618
67,1107.3150634765625,127.40153503417969,0.9972534775733948,1145.8369140625,176.56407165527344,0.9934436082839966,1142.2933349609375,146.45323181152344,0.9996253252029419,1160.251708984375,139.26522827148438,0.9990056157112122,1179.352294921875,133.27818298339844,0.9983943104743958,1200.7918701171875,126.61946868896484,0.9888350367546082,1128.6224365234375,133.3740234375,0.9906522035598755,1174.849609375,102.01888275146484,0.9946185350418091,1184.7314453125,98.95246887207031,0.9781389832496643,1146.444580078125,157.9143829345703,0.9788488149642944,1181.8104248046875,165.3041534423828,0.9960806965827942,1221.97216796875,144.60760498046875,0.9880039691925049
68,1106.54931640625,124.64493560791016,0.9919518232345581,1145.802001953125,176.56407165527344,0.994767427444458,1141.356689453125,146.40402221679688,0.9996297359466553,1159.483154296875,139.3454132080078,0.9990671277046204,1178.836669921875,133.68896484375,0.9981643557548523,1200.1947021484375,126.79368591308594,0.9897744655609131,1127.12939453125,133.01905822753906,0.9916326403617859,1172.7039794921875,102.90977478027344,0.9946056008338928,1185.055908203125,98.9061050415039,0.9779722690582275,1140.1505126953125,158.01519775390625,0.9913234710693359,1181.7564697265625,165.44696044921875,0.9979222416877747,1219.423095703125,145.83749389648438,0.9875346422195435
69,1105.791015625,121.14669036865234,0.9902440905570984,1145.4366455078125,176.56407165527344,0.994071900844574,1140.1640625,146.40402221679688,0.9995617270469666,1158.1982421875,139.4322509765625,0.9991689920425415,1178.3260498046875,133.68896484375,0.9987406134605408,1197.988525390625,127.80949401855469,0.9954167604446411,1127.12939453125,131.78271484375,0.989250898361206,1171.037109375,103.69673919677734,0.981238842010498,1185.5789794921875,98.9061050415039,0.9876171946525574,1139.9892578125,158.01519775390625,0.9946609139442444,1181.0308837890625,166.0391082763672,0.9982843995094299,1213.9539794921875,147.86814880371094,0.9974386692047119
70,1105.791015625,119.96085357666016,0.9821210503578186,1145.106201171875,176.56407165527344,0.987677276134491,1139.3206787109375,146.08409118652344,0.9992732405662537,1157.020751953125,139.51048278808594,0.9990743398666382,1177.6888427734375,133.80056762695312,0.9989076852798462,1197.514892578125,128.36697387695312,0.9976008534431458,1127.7723388671875,131.33758544921875,0.9764164090156555,1156.4171142578125,104.16658020019531,0.9785973429679871,1185.5789794921875,98.9061050415039,0.9927172660827637,1137.6817626953125,157.51251220703125,0.9960119724273682,1180.8897705078125,166.1638946533203,0.9984831213951111,1207.298095703125,149.74147033691406,0.9959726929664612
71,1105.791015625,116.25438690185547,0.9938846230506897,1142.8370361328125,176.56407165527344,0.9966320395469666,1138.6378173828125,145.92198181152344,0.998646080493927,1154.0596923828125,139.51048278808594,0.9989891648292542,1176.4259033203125,133.92910766601562,0.9993016719818115,1196.2301025390625,129.2705535888672,0.9986794590950012,1127.7723388671875,129.84494018554688,0.9665791392326355,1149.1544189453125,104.16658020019531,0.9905258417129517,1185.5789794921875,98.98037719726562,0.9950580596923828,1135.8551025390625,157.41395568847656,0.9978532195091248,1179.8782958984375,166.59420776367188,0.9980672001838684,1194.9652099609375,154.19747924804688,0.8181055188179016
72,1108.3175048828125,112.37993621826172,0.9960522651672363,1139.484130859375,175.69383239746094,0.9958124756813049,1137.2491455078125,145.16822814941406,0.9979737401008606,1152.38134765625,139.51048278808594,0.9982317090034485,1174.0938720703125,134.12806701660156,0.9996306896209717,1194.4554443359375,130.74436950683594,0.999215841293335,1129.5059814453125,128.42872619628906,0.9296042919158936,1146.8096923828125,104.16658020019531,0.9931750893592834,1185.3883056640625,99.05585479736328,0.9960067868232727,1134.3272705078125,157.41395568847656,0.9984226226806641,1179.7227783203125,167.45632934570312,0.9947789907455444,1191.1578369140625,156.6781005859375,0.7735307216644287
73,1109.4991455078125,108.66502380371094,0.9920394420623779,1132.3067626953125,173.4881134033203,0.9944517016410828,1134.5845947265625,144.7012481689453,0.9971247315406799,1150.45068359375,139.51048278808594,0.9971078038215637,1172.6282958984375,134.35745239257812,0.999722421169281,1193.3582763671875,131.22840881347656,0.9993401169776917,1129.5059814453125,127.2555160522461,0.939732551574707,1143.134033203125,103.90962982177734,0.9957914352416992,1184.7659912109375,99.27903747558594,0.9962589740753174,1132.4693603515625,157.18472290039062,0.998420238494873,1178.5208740234375,167.45632934570312,0.996060311794281,1191.131591796875,157.41314697265625,0.9441584348678589
74,1111.240478515625,105.53697967529297,0.9912084341049194,1126.9296875,173.3380584716797,0.9926953315734863,1133.31298828125,143.9874725341797,0.9983491897583008,1148.220947265625,139.48484802246094,0.9977769255638123,1171.080810546875,135.4801025390625,0.9995520710945129,1192.8133544921875,131.8116912841797,0.9996463060379028,1129.5059814453125,125.90354919433594,0.9303008317947388,1142.3258056640625,103.90654754638672,0.9980952143669128,1184.568603515625,99.27903747558594,0.9967432618141174,1128.66796875,157.18472290039062,0.9967001080513,1178.4659423828125,167.45632934570312,0.9926290512084961,1190.212646484375,157.84634399414062,0.9612520337104797
75,1112.14599609375,101.77719116210938,0.9932315349578857,1118.8204345703125,171.3616180419922,0.9880757331848145,1130.326171875,143.9521942138672,0.9967792630195618,1145.563232421875,139.48484802246094,0.9980194568634033,1168.7843017578125,135.79725646972656,0.9987159967422485,1190.6865234375,132.80075073242188,0.9997692704200745,1129.2891845703125,124.0171890258789,0.9460840225219727,1139.2186279296875,103.90526580810547,0.9978862404823303,1183.7489013671875,99.27903747558594,0.9958261251449585,1125.26171875,157.18472290039062,0.9974088072776794,1176.223388671875,166.789794921875,0.9887190461158752,1188.5325927734375,157.94837951660156,0.965124785900116
76,1112.4957275390625,100.11034393310547,0.9905695915222168,1114.717041015625,170.2877655029297,0.9856524467468262,1128.4034423828125,142.9077606201172,0.9954923391342163,1143.5618896484375,139.95059204101562,0.9988250136375427,1166.9925537109375,136.20578002929688,0.9994332194328308,1188.1878662109375,134.13818359375,0.9997859597206116,1128.317626953125,121.15877532958984,0.9054585695266724,1133.2437744140625,103.90526580810547,0.9973167777061462,1182.967529296875,99.50181579589844,0.9947665929794312,1122.3341064453125,157.18472290039062,0.9967471361160278,1174.40869140625,166.789794921875,0.9840446710586548,1186.2752685546875,159.9891815185547,0.958613395690918
77,1112.4957275390625,99.64894104003906,0.9493789672851562,1109.785400390625,169.12985229492188,0.980286180973053,1126.5792236328125,142.22093200683594,0.9971402883529663,1141.7052001953125,139.95059204101562,0.9993078708648682,1165.045654296875,136.36351013183594,0.9994925260543823,1186.1876220703125,134.13818359375,0.9995892643928528,1127.3160400390625,120.36322784423828,0.8714085817337036,1129.329833984375,103.83344268798828,0.994752049446106,1182.86376953125,99.25621032714844,0.9943559765815735,1119.924560546875,156.55799865722656,0.9916877150535583,1173.0521240234375,166.789794921875,0.9523648619651794,1184.1888427734375,161.21426391601562,0.9729045629501343
78,1112.14599609375,98.42825317382812,0.8881389498710632,1106.820556640625,168.73196411132812,0.9487832188606262,1124.9755859375,140.52735900878906,0.9932697415351868,1139.7542724609375,139.4209442138672,0.9989190101623535,1163.2789306640625,136.68887329101562,0.9993703961372375,1184.8525390625,134.3323974609375,0.999237060546875,1124.9814453125,119.97760009765625,0.8689801096916199,1126.1048583984375,103.7938461303711,0.9948405623435974,1182.86376953125,99.15847778320312,0.9938482642173767,1119.6817626953125,154.60177612304688,0.9512367844581604,1171.789306640625,167.88479614257812,0.884151816368103,1183.9522705078125,162.37228393554688,0.9722582101821899
79,1112.03955078125,96.53081512451172,0.8951936364173889,1104.2366943359375,168.73196411132812,0.9512898325920105,1122.896728515625,139.92848205566406,0.9941322207450867,1138.6334228515625,139.32180786132812,0.9987823367118835,1162.3272705078125,136.68887329101562,0.9992491602897644,1182.867431640625,134.3323974609375,0.9993221759796143,1123.273193359375,119.97760009765625,0.9258747696876526,1126.1011962890625,103.7938461303711,0.996798574924469,1182.8328857421875,98.99598693847656,0.9939209222793579,1119.57177734375,154.60177612304688,0.9467896223068237,1170.970703125,167.88479614257812,0.859002947807312,1183.9454345703125,162.849365234375,0.9742375612258911
80,1111.1981201171875,96.1701889038086,0.8785642385482788,1101.442138671875,168.67520141601562,0.9482897520065308,1120.67333984375,139.78875732421875,0.9941343665122986,1137.1806640625,139.2993927001953,0.9987032413482666,1160.9415283203125,136.68887329101562,0.9987272620201111,1181.9468994140625,134.3323974609375,0.9994365572929382,1121.1766357421875,119.85113525390625,0.9223670959472656,1126.1011962890625,103.7938461303711,0.9972519278526306,1182.4241943359375,98.99598693847656,0.9938562512397766,1115.5650634765625,154.60177612304688,0.940366268157959,1170.7720947265625,167.88479614257812,0.7734414339065552,1183.68505859375,163.30154418945312,0.9646161794662476
81,1107.85205078125,96.10166931152344,0.9233170747756958,1097.77978515625,168.67520141601562,0.9549891948699951,1117.041259765625,139.71392822265625,0.9967426657676697,1135.1907958984375,139.1892547607422,0.9975524544715881,1160.073486328125,136.130859375,0.9989822506904602,1181.1597900390625,134.3323974609375,0.9995014667510986,1121.1097412109375,119.56327819824219,0.9319468140602112,1126.103271484375,102.69224548339844,0.9983092546463013,1182.4241943359375,98.81072235107422,0.9907723665237427,1110.0233154296875,156.48666381835938,0.9586500525474548,1167.8770751953125,166.40811157226562,0.8100518584251404,1183.255126953125,163.8821258544922,0.9469943046569824
82,1104.2808837890625,96.10166931152344,0.951099693775177,1095.7103271484375,168.4847869873047,0.9828725457191467,1115.429931640625,139.71392822265625,0.9982202649116516,1134.363037109375,139.1743927001953,0.9971922039985657,1158.547119140625,135.7722930908203,0.9993472695350647,1179.84375,134.67172241210938,0.9996637105941772,1120.117919921875,119.27059173583984,0.9678164124488831,1126.103271484375,102.69224548339844,0.9984287619590759,1181.456298828125,98.10921478271484,0.9905564785003662,1109.4395751953125,156.72256469726562,0.9815070629119873,1166.7677001953125,166.28501892089844,0.9450438618659973,1183.255126953125,163.8821258544922,0.9661808013916016
83,1101.3255615234375,96.1701889038086,0.9870074391365051,1093.1617431640625,168.30076599121094,0.9885479211807251,1114.0699462890625,139.3229522705078,0.9968372583389282,1132.9805908203125,138.8690643310547,0.9970927238464355,1157.284423828125,135.4667205810547,0.9993767142295837,1178.7694091796875,134.92518615722656,0.9996631145477295,1118.716796875,119.27059173583984,0.9684221148490906,1126.275146484375,102.69224548339844,0.999049723148346,1181.349853515625,98.10921478271484,0.988944411277771,1108.9422607421875,157.05552673339844,0.9780063629150391,1159.64306640625,160.99366760253906,0.9758102893829346,1183.2286376953125,163.8821258544922,0.9597603678703308
84,1099.2105712890625,98.15626525878906,0.9964227080345154,1088.791015625,166.5573272705078,0.9919037222862244,1113.310302734375,138.83804321289062,0.9971550703048706,1131.6939697265625,138.1062469482422,0.9975904226303101,1156.274169921875,135.45068359375,0.9992747902870178,1177.9835205078125,135.25733947753906,0.9992960691452026,1118.4207763671875,119.33788299560547,0.9524953961372375,1126.275146484375,103.20389556884766,0.999594509601593,1181.349853515625,98.10921478271484,0.9881320595741272,1108.8800048828125,157.63473510742188,0.9900978803634644,1157.2254638671875,160.51686096191406,0.9977503418922424,1183.2286376953125,163.5276336669922,0.9087780714035034
85,1097.9224853515625,98.70134735107422,0.9979311227798462,1085.8447265625,164.37696838378906,0.9861342310905457,1113.153564453125,138.52066040039062,0.9976688027381897,1130.3509521484375,137.84796142578125,0.9975224137306213,1154.90234375,135.45068359375,0.9988560676574707,1176.701416015625,135.2582550048828,0.9979289770126343,1115.6483154296875,119.56327819824219,0.9422618746757507,1126.275146484375,103.35814666748047,0.9996421337127686,1181.349853515625,98.26167297363281,0.9794139266014099,1108.838134765625,157.7368621826172,0.9937041401863098,1156.009521484375,160.51686096191406,0.9975003600120544,1183.2286376953125,163.28302001953125,0.6728947758674622
86,1095.072265625,100.23331451416016,0.9981080293655396,1084.8974609375,164.31768798828125,0.9773185849189758,1112.2137451171875,138.45831298828125,0.998391330242157,1130.0625,137.7835693359375,0.9975726008415222,1153.4927978515625,135.4667205810547,0.9969070553779602,1175.9654541015625,135.3746795654297,0.992723286151886,1112.865478515625,120.01826477050781,0.919836163520813,1125.62158203125,103.78731536865234,0.9997428059577942,1181.349853515625,98.47102355957031,0.9649268388748169,1108.366455078125,158.29771423339844,0.9950173497200012,1153.8671875,160.0104217529297,0.9964587092399597,1085.482421875,159.2492218017578,0.5361422896385193
87,1091.8587646484375,101.74092102050781,0.9970850348472595,1081.9952392578125,164.2356719970703,0.9833367466926575,1111.383544921875,138.2887725830078,0.9986432194709778,1128.957763671875,137.62893676757812,0.9981174468994141,1150.820556640625,136.10391235351562,0.9955651164054871,1175.4835205078125,135.46157836914062,0.981901228427887,1111.5853271484375,121.7158203125,0.9520819187164307,1125.154052734375,103.85301971435547,0.999708354473114,1181.04638671875,98.86236572265625,0.9363416433334351,1108.366455078125,158.30213928222656,0.995652437210083,1153.8358154296875,160.04302978515625,0.9972467422485352,1081.278564453125,158.20343017578125,0.5029395222663879
88,1089.7247314453125,102.04993438720703,0.9964956641197205,1081.085693359375,163.78131103515625,0.9831351041793823,1110.92919921875,138.024658203125,0.9990354776382446,1128.5142822265625,137.62893676757812,0.9987236857414246,1150.5438232421875,136.1292266845703,0.9963219165802002,1174.4151611328125,135.4744110107422,0.9843412041664124,1110.028076171875,121.7158203125,0.9747868180274963,1125.1256103515625,103.99315643310547,0.9996504783630371,1180.4185791015625,99.18295288085938,0.932331919670105,1108.212158203125,158.42279052734375,0.9967065453529358,1153.1905517578125,160.51686096191406,0.997641921043396,1080.7017822265625,158.1587677001953,0.5767771601676941
89,1088.218505859375,102.3282470703125,0.9950979351997375,1080.397705078125,163.28195190429688,0.9931809306144714,1109.91259765625,137.78414916992188,0.9992436170578003,1128.3154296875,137.58392333984375,0.9992813467979431,1149.23974609375,136.14675903320312,0.9976792931556702,1172.1988525390625,135.4744110107422,0.9854596257209778,1107.53076171875,121.7158203125,0.9889833331108093,1125.1256103515625,104.31153106689453,0.9995146989822388,1178.1719970703125,100.14921569824219,0.9330753684043884,1108.212158203125,158.42279052734375,0.9981603026390076,1148.745849609375,161.4356231689453,0.9989405274391174,1079.5994873046875,158.125,0.5079702734947205
90,1086.1356201171875,102.3282470703125,0.9917697906494141,1079.1966552734375,163.20977783203125,0.9969897270202637,1108.0772705078125,137.77578735351562,0.9993709921836853,1126.71630859375,137.58392333984375,0.9994623064994812,1147.849609375,136.3726348876953,0.9984087347984314,1170.97216796875,135.46157836914062,0.9837130308151245,1103.7979736328125,120.75856018066406,0.9914679527282715,1124.9344482421875,104.77922821044922,0.9994427561759949,1176.6077880859375,100.91641998291016,0.9071784019470215,1108.551513671875,158.42279052734375,0.998234748840332,1143.3782958984375,161.4356231689453,0.9987181425094604,1079.014892578125,158.125,0.37276917695999146
91,1083.6119384765625,102.3282470703125,0.993152379989624,1077.5137939453125,162.57098388671875,0.9986334443092346,1106.7935791015625,136.9396514892578,0.9994707703590393,1124.8470458984375,137.51731872558594,0.9996366500854492,1147.019775390625,136.49847412109375,0.9985198378562927,1168.491943359375,135.43675231933594,0.9813084006309509,1102.9710693359375,120.74452209472656,0.9815067052841187,1125.1256103515625,105.39134216308594,0.9990737438201904,1172.434326171875,102.91920471191406,0.9238215088844299,1108.948486328125,157.71267700195312,0.9981946349143982,1139.96435546875,161.4356231689453,0.9981231093406677,1079.014892578125,158.125,0.27062851190567017
92,1081.6407470703125,101.88743591308594,0.9926484227180481,1076.5068359375,162.57098388671875,0.9990726709365845,1105.469482421875,136.78578186035156,0.9993700385093689,1123.161865234375,137.308837890625,0.9996145963668823,1145.8671875,136.49847412109375,0.9986233711242676,1166.89208984375,135.43675231933594,0.9926319122314453,1099.601318359375,120.59845733642578,0.9873168468475342,1125.5428466796875,105.47645568847656,0.9990148544311523,1165.92333984375,104.81554412841797,0.9644818902015686,1109.9453125,156.56979370117188,0.9979064464569092,1137.565673828125,161.4356231689453,0.9963752627372742,1079.014892578125,158.125,0.20974792540073395
93,1081.5357666015625,101.88743591308594,0.9910427331924438,1075.31201171875,162.57098388671875,0.999190628528595,1104.021728515625,136.78578186035156,0.9990118741989136,1121.824462890625,137.17518615722656,0.9994117021560669,1144.5050048828125,136.50772094726562,0.9986274242401123,1165.9849853515625,135.35964965820312,0.9971592426300049,1096.002197265625,120.37613677978516,0.9835418462753296,1125.9417724609375,105.47645568847656,0.9987512826919556,1162.5689697265625,105.57003784179688,0.9765819907188416,1110.3106689453125,156.12139892578125,0.9975123405456543,1136.635986328125,160.57481384277344,0.9897744655609131,1180.48046875,162.08810424804688,0.1791982203722
94,1081.369384765625,101.88743591308594,0.9933851361274719,1074.540771484375,162.8740692138672,0.9993849992752075,1102.404296875,136.78578186035156,0.9977657794952393,1120.9493408203125,137.17518615722656,0.9985968470573425,1143.8416748046875,136.88246154785156,0.9993568062782288,1164.452392578125,135.43675231933594,0.9982038736343384,1093.229736328125,120.37613677978516,0.9913832545280457,1127.609619140625,105.48589324951172,0.9976012110710144,1158.811279296875,106.2952651977539,0.9537418484687805,1110.3106689453125,154.42518615722656,0.995050847530365,1134.3760986328125,160.57481384277344,0.9904631972312927,1180.48046875,162.08810424804688,0.247956782579422
95,1079.9468994140625,101.98152923583984,0.9946933388710022,1073.787353515625,163.08535766601562,0.9993738532066345,1100.16162109375,136.9343719482422,0.9972913861274719,1119.5562744140625,137.1535186767578,0.998907208442688,1141.8826904296875,136.5459747314453,0.999642014503479,1163.7010498046875,135.59901428222656,0.9978682994842529,1090.6190185546875,119.98706817626953,0.9915267825126648,1127.9107666015625,105.48589324951172,0.9985961318016052,1153.891357421875,107.20684051513672,0.6372833847999573,1110.3106689453125,153.49444580078125,0.9926895499229431,1130.59716796875,160.57481384277344,0.9794684052467346,1180.48046875,162.08810424804688,0.25144365429878235
96,1078.6807861328125,103.06916809082031,0.9939135909080505,1073.787353515625,163.80628967285156,0.9991146922111511,1099.0660400390625,136.9932098388672,0.9974451065063477,1118.0999755859375,137.10069274902344,0.9989394545555115,1140.009521484375,136.5459747314453,0.999573290348053,1163.0362548828125,135.99862670898438,0.9969948530197144,1088.5234375,119.96224212646484,0.9752110242843628,1127.9107666015625,105.4422607421875,0.9985139966011047,1148.67529296875,107.27751922607422,0.6126645803451538,1110.2982177734375,153.49444580078125,0.9873204231262207,1119.0789794921875,166.10186767578125,0.9951568245887756,1177.023681640625,161.78823852539062,0.2697944939136505
97,1077.3028564453125,104.80760955810547,0.9793409109115601,1073.787353515625,164.4859161376953,0.997936487197876,1097.889404296875,137.05584716796875,0.996304988861084,1115.502197265625,136.4160919189453,0.9978792667388916,1137.0252685546875,136.98968505859375,0.99946528673172,1161.5643310546875,136.1732177734375,0.9983179569244385,1088.5234375,119.98706817626953,0.9028765559196472,1128.259033203125,105.14494323730469,0.9982420206069946,1140.687744140625,107.44758605957031,0.6443663835525513,1109.320068359375,153.49444580078125,0.9870850443840027,1117.4525146484375,167.59536743164062,0.9942160248756409,1176.6624755859375,161.78823852539062,0.3595721125602722
98,1075.7266845703125,105.04405212402344,0.8117156624794006,1186.4493408203125,165.11390686035156,0.9919686913490295,1097.109375,137.05584716796875,0.9918873906135559,1113.75048828125,136.4160919189453,0.9970157146453857,1135.0968017578125,137.47705078125,0.9986552000045776,1159.960205078125,136.5281982421875,0.9982886910438538,1085.2740478515625,120.53287506103516,0.6352900266647339,1128.2655029296875,105.14494323730469,0.997514009475708,1078.7451171875,108.694091796875,0.8565083146095276,1107.9822998046875,154.0933074951172,0.9835851192474365,1115.0576171875,168.15487670898438,0.9911433458328247,1176.361328125,161.78823852539062,0.25760868191719055
99,1075.6536865234375,105.04405212402344,0.3343665599822998,1186.4493408203125,165.11390686035156,0.9935213923454285,1096.087158203125,136.9932098388672,0.9673416614532471,1111.3128662109375,136.4160919189453,0.9949967861175537,1131.764892578125,137.89501953125,0.9974479675292969,1158.5057373046875,136.9629669189453,0.9965277314186096,1082.9833984375,123.83234405517578,0.2349470555782318,1130.3974609375,105.14494323730469,0.9949969053268433,1077.031982421875,108.694091796875,0.9584195017814636,1106.6505126953125,154.70069885253906,0.9678359627723694,1113.085693359375,168.29168701171875,0.9897226095199585,1071.1131591796875,161.98480224609375,0.5040944218635559
100,1075.6536865234375,105.04405212402344,0.45522817969322205,1186.4493408203125,165.11390686035156,0.9950143694877625,1095.669677734375,135.9696044921875,0.9733855128288269,1110.6317138671875,136.66636657714844,0.9968630075454712,1131.5345458984375,137.89501953125,0.9976782202720642,1157.3814697265625,137.36569213867188,0.9955317974090576,1082.9833984375,124.04995727539062,0.30297067761421204,1130.660400390625,105.15763854980469,0.9956895709037781,1077.0264892578125,108.694091796875,0.9445457458496094,1106.023193359375,154.75440979003906,0.9656388759613037,1112.703125,168.29168701171875,0.9926388263702393,1070.4334716796875,161.98480224609375,0.5481449365615845
101,1075.6536865234375,104.02330017089844,0.4041690528392792,1186.1112060546875,165.06817626953125,0.9949723482131958,1095.1317138671875,135.9696044921875,0.952111542224884,1109.4749755859375,136.74623107910156,0.9958906173706055,1130.4100341796875,137.89501953125,0.9967085123062134,1156.3134765625,137.36569213867188,0.9932102560997009,1080.8768310546875,124.04995727539062,0.2861231565475464,1130.986572265625,105.1772232055664,0.9958233833312988,1077.0264892578125,108.694091796875,0.9499005675315857,1105.896240234375,154.75440979003906,0.9295768141746521,1112.0035400390625,168.57464599609375,0.9923914074897766,1070.1513671875,161.98480224609375,0.7594297528266907
102,1076.0611572265625,103.4347915649414,0.26221004128456116,1185.217529296875,164.7335205078125,0.9953063130378723,1094.5479736328125,135.9696044921875,0.843921959400177,1109.1107177734375,136.87281799316406,0.9853481650352478,1128.9329833984375,137.59303283691406,0.9964608550071716,1154.823486328125,137.36569213867188,0.9763715267181396,1080.8768310546875,123.83234405517578,0.24548397958278656,1130.986572265625,105.1772232055664,0.9941482543945312,1077.0264892578125,108.45808410644531,0.9511591196060181,1105.622802734375,154.70069885253906,0.784054160118103,1111.4017333984375,168.98435974121094,0.9863913059234619,1068.42236328125,161.06539916992188,0.9305205941200256
103,1076.0611572265625,101.9404067993164,0.6000970005989075,1182.8780517578125,164.7335205078125,0.9918448328971863,1093.73681640625,135.9696044921875,0.9726049900054932,1109.1107177734375,137.2210693359375,0.9963248372077942,1128.86669921875,137.37440490722656,0.9964728951454163,1154.7950439453125,137.25726318359375,0.9897361993789673,1081.3726806640625,121.97985076904297,0.6312331557273865,1130.986572265625,105.15763854980469,0.9962385892868042,1139.7052001953125,108.45808410644531,0.9292377233505249,1105.622802734375,154.39169311523438,0.8958441019058228,1110.9970703125,170.0334014892578,0.9946356415748596,1065.9786376953125,160.13290405273438,0.8954639434814453
104,1076.0611572265625,99.89888000488281,0.859952449798584,1181.9378662109375,164.7335205078125,0.9904240965843201,1093.120361328125,135.9654998779297,0.9921076893806458,1109.0284423828125,137.2210693359375,0.9983348250389099,1128.49853515625,137.37440490722656,0.9972336888313293,1154.1312255859375,137.25726318359375,0.9903008937835693,1082.107666015625,119.26899719238281,0.9041153192520142,1131.2318115234375,104.97786712646484,0.9967562556266785,1139.8531494140625,108.45808410644531,0.9459596276283264,1105.896240234375,153.7661895751953,0.9224289059638977,1110.694091796875,170.37098693847656,0.9970542192459106,1063.185546875,157.97254943847656,0.884695827960968
105,1076.033203125,98.14669036865234,0.9218665957450867,1181.0716552734375,164.7335205078125,0.9911705255508423,1091.4749755859375,134.96043395996094,0.9959961175918579,1109.0284423828125,137.2210693359375,0.9988765120506287,1128.86669921875,137.37440490722656,0.9978836178779602,1154.1116943359375,137.25726318359375,0.9891658425331116,1082.107666015625,119.2204818725586,0.9461516737937927,1131.2318115234375,104.76426696777344,0.9967913031578064,1139.8531494140625,108.45808410644531,0.9485834240913391,1105.2364501953125,153.7661895751953,0.9394329190254211,1109.7587890625,170.74032592773438,0.9980819225311279,1062.5604248046875,156.7345428466797,0.8705097436904907
106,1075.2828369140625,95.51488494873047,0.974534273147583,1060.7730712890625,159.06492614746094,0.9901367425918579,1090.16455078125,134.24090576171875,0.9987857937812805,1108.8565673828125,136.5883331298828,0.9994184970855713,1128.9329833984375,137.37440490722656,0.9985384941101074,1151.3299560546875,137.18923950195312,0.9916377663612366,1082.107666015625,118.74620819091797,0.9686542749404907,1132.5882568359375,104.55462646484375,0.9976784586906433,1139.8531494140625,108.01703643798828,0.9690265655517578,1105.2364501953125,153.55108642578125,0.9525103569030762,1109.7587890625,170.80160522460938,0.998968243598938,1061.609619140625,155.25531005859375,0.6962488293647766
107,1074.4365234375,95.51488494873047,0.9829155206680298,1058.7735595703125,158.37054443359375,0.9947167038917542,1089.0384521484375,134.18667602539062,0.9989746809005737,1107.9927978515625,136.34420776367188,0.9993711113929749,1128.775390625,136.81607055664062,0.9989424347877502,1150.4693603515625,137.18923950195312,0.9929822683334351,1082.107666015625,118.46841430664062,0.9691835045814514,1132.5882568359375,104.44761657714844,0.996664822101593,1140.149169921875,107.69366455078125,0.9749850034713745,1104.87255859375,153.1392822265625,0.9296191334724426,1109.7587890625,170.8852081298828,0.9986605644226074,1061.609619140625,155.25531005859375,0.5397002696990967
108,1073.2052001953125,95.1626968383789,0.985689640045166,1057.0186767578125,158.37054443359375,0.9975764155387878,1088.268310546875,134.18667602539062,0.9990741014480591,1106.739990234375,135.67893981933594,0.9993245601654053,1128.775390625,136.41757202148438,0.9991909861564636,1149.7076416015625,137.18923950195312,0.9939088821411133,1081.2877197265625,118.46841430664062,0.9730422496795654,1132.5882568359375,104.44761657714844,0.9947406649589539,1140.23974609375,107.45387268066406,0.9779608845710754,1102.8812255859375,153.03990173339844,0.9414644241333008,1109.83349609375,171.0200958251953,0.9989007711410522,1061.609619140625,155.25531005859375,0.31072482466697693
109,1072.1756591796875,95.1626968383789,0.9801908731460571,1056.230712890625,158.37054443359375,0.9974350333213806,1087.619873046875,134.1513214111328,0.9990142583847046,1105.8731689453125,135.659912109375,0.9994065761566162,1128.775390625,136.290771484375,0.9993859529495239,1148.8599853515625,136.71266174316406,0.995139479637146,1080.2337646484375,118.03129577636719,0.9746895432472229,1128.867431640625,104.55462646484375,0.992419421672821,1140.6541748046875,107.45387268066406,0.9831953644752502,1101.619140625,153.1392822265625,0.9469442367553711,1110.1746826171875,172.0839080810547,0.9991030693054199,1167.5509033203125,162.01853942871094,0.25914499163627625
110,1068.4267578125,96.09228515625,0.9919599890708923,1055.457275390625,158.46322631835938,0.9974799752235413,1087.56103515625,134.0823974609375,0.9986082911491394,1104.7635498046875,135.57550048828125,0.9994310736656189,1128.485595703125,136.16592407226562,0.9995716214179993,1148.5391845703125,136.25425720214844,0.9959473013877869,1079.4161376953125,117.35205841064453,0.9801795482635498,1125.41748046875,104.6877212524414,0.9967632293701172,1140.6541748046875,107.65087890625,0.9868554472923279,1096.4493408203125,152.99403381347656,0.9683655500411987,1110.239501953125,172.12661743164062,0.9992520213127136,1167.5509033203125,162.01853942871094,0.25449708104133606
111,1065.7479248046875,97.42584991455078,0.9940967559814453,1053.790283203125,158.46322631835938,0.998151957988739,1086.2982177734375,134.0823974609375,0.9990992546081543,1104.2928466796875,134.86175537109375,0.9995962977409363,1127.478759765625,135.8009490966797,0.9997237324714661,1147.772705078125,135.98561096191406,0.9966105818748474,1079.4161376953125,118.03129577636719,0.9844708442687988,1125.1136474609375,104.6877212524414,0.9936941266059875,1140.6541748046875,107.45387268066406,0.9915977716445923,1092.4854736328125,152.99403381347656,0.984660804271698,1110.5172119140625,172.4405517578125,0.9992762207984924,1167.5509033203125,162.01853942871094,0.2565465569496155
112,1064.1251220703125,98.75321960449219,0.9987480640411377,1051.712646484375,158.46322631835938,0.9986653327941895,1085.074462890625,133.22425842285156,0.9994338154792786,1102.8284912109375,134.69664001464844,0.9996768236160278,1126.6131591796875,135.06361389160156,0.9998236298561096,1146.8218994140625,135.81439208984375,0.9974822402000427,1079.4161376953125,118.03129577636719,0.9825049042701721,1121.2437744140625,104.6877212524414,0.987537682056427,1140.0859375,107.21141815185547,0.9926589131355286,1089.262451171875,152.6609649658203,0.9814891219139099,1110.59912109375,172.4405517578125,0.9992741942405701,1166.1292724609375,161.4825439453125,0.24808378517627716
113,1060.9139404296875,99.86775207519531,0.9991557598114014,1050.2774658203125,157.61373901367188,0.9987309575080872,1084.0126953125,132.78909301757812,0.999550998210907,1101.2218017578125,134.06642150878906,0.9997749924659729,1125.88037109375,134.5636444091797,0.999871015548706,1146.120361328125,135.5901641845703,0.9980352520942688,1080.1290283203125,119.7499008178711,0.9731613397598267,1111.786376953125,103.1917495727539,0.9945653676986694,1139.71923828125,105.81472778320312,0.992511510848999,1083.4495849609375,151.4820556640625,0.9863705635070801,1110.59912109375,172.2161865234375,0.9991636276245117,1159.8302001953125,160.73721313476562,0.4697515070438385
114,1059.1240234375,100.68461608886719,0.9984408020973206,1049.3359375,156.24024963378906,0.9954277276992798,1083.2130126953125,132.0085906982422,0.9992281198501587,1099.5723876953125,133.05784606933594,0.9997459053993225,1124.119384765625,133.88729858398438,0.9998360872268677,1145.72509765625,135.5125732421875,0.9974422454833984,1081.4771728515625,119.7499008178711,0.9398990869522095,1109.787841796875,101.41582489013672,0.9977226853370667,1139.5538330078125,105.41679382324219,0.9901842474937439,1077.909912109375,150.2915496826172,0.9965575933456421,1110.5172119140625,172.2161865234375,0.998984158039093,1158.1392822265625,160.6117706298828,0.5036545991897583
115,1058.3787841796875,100.68461608886719,0.9971206784248352,1048.320068359375,155.6955108642578,0.9889445304870605,1081.9256591796875,131.41014099121094,0.9978020787239075,1098.1273193359375,132.37156677246094,0.9996017813682556,1122.60302734375,133.77197265625,0.999614953994751,1144.5001220703125,135.09617614746094,0.9981117248535156,1081.4771728515625,119.7499008178711,0.8631693720817566,1106.3729248046875,101.07088470458984,0.998418927192688,1138.89208984375,105.11531829833984,0.9854475855827332,1073.2901611328125,148.29934692382812,0.995411217212677,1110.0704345703125,171.69131469726562,0.9991814494132996,1152.9024658203125,160.37722778320312,0.6996186375617981
116,1057.1697998046875,100.68461608886719,0.9948222637176514,1045.6444091796875,154.4727020263672,0.9933515191078186,1080.36669921875,128.93092346191406,0.9974328875541687,1096.4052734375,131.93458557128906,0.9994795918464661,1120.518310546875,133.30982971191406,0.9996813535690308,1142.9007568359375,135.36279296875,0.9990921020507812,1081.4771728515625,119.25587463378906,0.8708256483078003,1102.3817138671875,100.36360931396484,0.9955554604530334,1138.4332275390625,105.11531829833984,0.9865840077400208,1071.3997802734375,146.05477905273438,0.9853881001472473,1109.5260009765625,171.69131469726562,0.9993013143539429,1151.442626953125,160.18475341796875,0.8490743041038513
117,1057.01953125,99.76242065429688,0.9904289245605469,1044.340087890625,152.6627197265625,0.9883233308792114,1078.850341796875,128.93092346191406,0.9973216652870178,1094.5380859375,131.8351593017578,0.9994940757751465,1118.8929443359375,133.30982971191406,0.999834418296814,1141.3157958984375,135.36279296875,0.9991351962089539,1080.7911376953125,118.2827377319336,0.8756203651428223,1096.8701171875,97.7842788696289,0.9951987862586975,1138.4332275390625,105.11531829833984,0.9858668446540833,1068.824462890625,145.30609130859375,0.9888433218002319,1109.3209228515625,171.69131469726562,0.9992639422416687,1142.5238037109375,160.18475341796875,0.9574258327484131
118,1056.8922119140625,97.50993347167969,0.9903315305709839,1041.02197265625,149.38955688476562,0.9923190474510193,1075.9766845703125,128.7513885498047,0.9969684481620789,1091.57958984375,131.75054931640625,0.9994255304336548,1116.83203125,133.30982971191406,0.9999020099639893,1139.5731201171875,135.03065490722656,0.9990653395652771,1076.0843505859375,117.47671508789062,0.8825073838233948,1093.149169921875,97.58030700683594,0.9982208609580994,1138.4080810546875,105.11531829833984,0.9914588928222656,1066.36474609375,144.20628356933594,0.9834665656089783,1108.9813232421875,172.00823974609375,0.9992263317108154,1139.8974609375,158.079345703125,0.9944700002670288
119,1056.5042724609375,96.01788330078125,0.9870488047599792,1039.023193359375,148.9308319091797,0.9830477833747864,1072.4571533203125,128.7513885498047,0.9940711855888367,1089.552978515625,131.1830596923828,0.9990953207015991,1115.08154296875,133.30982971191406,0.9999029636383057,1137.3819580078125,134.89207458496094,0.9992260932922363,1075.930908203125,115.56746673583984,0.9011141657829285,1090.9573974609375,97.1936264038086,0.9992710947990417,1138.3726806640625,105.11531829833984,0.9927374720573425,1064.0828857421875,143.2357177734375,0.9758426547050476,1108.509033203125,172.00823974609375,0.9992557168006897,1137.48876953125,158.079345703125,0.989754855632782
120,1050.3900146484375,93.8995590209961,0.9899907112121582,1037.1236572265625,147.1639404296875,0.9845429062843323,1070.2784423828125,127.38258361816406,0.9959245920181274,1088.0582275390625,130.1446990966797,0.9986891150474548,1111.946044921875,133.30982971191406,0.9997574687004089,1133.231689453125,135.36279296875,0.9994447827339172,1074.2545166015625,114.98420715332031,0.9445065259933472,1089.877685546875,96.88967895507812,0.9988918900489807,1138.3726806640625,105.01350402832031,0.9924323558807373,1061.4173583984375,142.0103302001953,0.9915002584457397,1108.49267578125,172.00823974609375,0.9951816201210022,1126.256591796875,161.24609375,0.7681635618209839
121,1048.7269287109375,92.79610443115234,0.9903372526168823,1034.7061767578125,146.4041748046875,0.991584300994873,1067.9205322265625,126.2965316772461,0.9977625608444214,1085.690673828125,129.79934692382812,0.9992570281028748,1110.9554443359375,132.97250366210938,0.9998558759689331,1131.103515625,135.6573944091797,0.9995725750923157,1073.8133544921875,114.14592742919922,0.9432268738746643,1088.320556640625,95.22462463378906,0.9987583160400391,1138.3726806640625,105.01350402832031,0.9910526871681213,1059.4815673828125,141.1408233642578,0.9914700388908386,1108.49267578125,171.90110778808594,0.9965412020683289,1122.6407470703125,161.6106719970703,0.615738034248352
122,1048.7269287109375,90.62183380126953,0.9917768239974976,1032.7572021484375,143.8887939453125,0.9903207421302795,1066.54345703125,124.95746612548828,0.9972519278526306,1083.4190673828125,129.73150634765625,0.9992135763168335,1108.12548828125,132.82553100585938,0.9998272061347961,1129.197021484375,135.65994262695312,0.9994094371795654,1073.677001953125,112.92694854736328,0.927329957485199,1087.9007568359375,94.82495880126953,0.999173104763031,1138.3726806640625,105.01350402832031,0.9897856116294861,1057.878662109375,140.3383026123047,0.9940167665481567,1108.0455322265625,171.65399169921875,0.9934979677200317,1120.916259765625,162.89968872070312,0.7577624917030334
123,1048.236328125,88.44921875,0.9930915832519531,1030.3427734375,143.8887939453125,0.9971219897270203,1066.025146484375,124.27075958251953,0.9976721405982971,1081.2059326171875,129.36282348632812,0.9986414313316345,1104.9696044921875,132.08285522460938,0.9996507167816162,1128.9144287109375,137.08778381347656,0.9990335702896118,1071.658447265625,112.92694854736328,0.9366765022277832,1086.93994140625,94.18917846679688,0.9994176626205444,1138.999755859375,105.19518280029297,0.988653838634491,1057.041748046875,139.16329956054688,0.9964181184768677,1106.8167724609375,171.44869995117188,0.9928519129753113,1120.157470703125,163.10354614257812,0.9530835747718811
124,1048.0548095703125,85.54853057861328,0.9973897337913513,1028.6263427734375,143.8887939453125,0.9983875751495361,1064.176513671875,124.21173095703125,0.9986779093742371,1079.86767578125,128.2371826171875,0.9986629486083984,1103.5333251953125,131.92422485351562,0.999822199344635,1127.6865234375,137.22665405273438,0.9994426369667053,1071.369873046875,112.92694854736328,0.9473087787628174,1085.95849609375,93.97911071777344,0.9994726777076721,1140.0274658203125,105.37342071533203,0.9884677529335022,1055.3739013671875,139.16329956054688,0.9955825209617615,1106.427734375,171.4023895263672,0.9891632795333862,1116.7978515625,163.50387573242188,0.9353957176208496
125,1048.0548095703125,84.28597259521484,0.9988501071929932,1026.8372802734375,144.5599365234375,0.9982544779777527,1061.7275390625,124.0425796508789,0.9990310668945312,1077.41064453125,127.50328063964844,0.9990460276603699,1101.759765625,131.89012145996094,0.9998759031295776,1126.019775390625,137.22665405273438,0.999602735042572,1069.8349609375,112.64282989501953,0.9621501564979553,1085.699462890625,93.76029968261719,0.9993190765380859,1140.046630859375,105.37342071533203,0.9873133301734924,1053.885498046875,139.16329956054688,0.9941111207008362,1105.8489990234375,171.04110717773438,0.972483217716217,1115.5018310546875,163.9933624267578,0.960161566734314
126,1046.6353759765625,83.83194732666016,0.9991833567619324,1024.264892578125,144.57632446289062,0.997171938419342,1060.0162353515625,123.56958770751953,0.9990013241767883,1075.326416015625,127.08744812011719,0.9990459084510803,1100.191162109375,131.8743896484375,0.9998615980148315,1124.3900146484375,137.08778381347656,0.9994727969169617,1069.483642578125,112.3940658569336,0.9606343507766724,1085.6512451171875,93.76029968261719,0.9993539452552795,1140.046630859375,105.38359069824219,0.9842454791069031,1051.6326904296875,140.5336151123047,0.9924037456512451,1105.8253173828125,170.6620635986328,0.9484050869941711,1115.3695068359375,163.9933624267578,0.9683651924133301
127,1046.230712890625,83.39086151123047,0.9993207454681396,1023.1039428710938,144.7710723876953,0.9960798621177673,1058.4417724609375,122.71053314208984,0.9988370537757874,1073.90966796875,126.59270477294922,0.9989578723907471,1098.4224853515625,131.7919921875,0.9998475313186646,1122.076171875,135.68408203125,0.9991057515144348,1067.9808349609375,112.3940658569336,0.9571220278739929,1085.6512451171875,93.82672882080078,0.999272882938385,1140.0274658203125,105.38359069824219,0.982543408870697,1050.766845703125,140.5336151123047,0.9928051829338074,1104.7474365234375,167.91822814941406,0.9737271666526794,1115.0009765625,164.37094116210938,0.9825043082237244
128,1046.230712890625,82.61193084716797,0.9992706179618835,1022.9453125,144.7710723876953,0.9953990578651428,1056.9920654296875,121.77841186523438,0.9986193180084229,1072.92529296875,125.90911102294922,0.9987789988517761,1097.12939453125,131.7781524658203,0.9996998310089111,1120.1143798828125,135.32679748535156,0.9980645775794983,1064.776123046875,110.18020629882812,0.9696915745735168,1085.6512451171875,93.82672882080078,0.9989445805549622,1139.423828125,105.45773315429688,0.9703353047370911,1050.18603515625,140.55210876464844,0.9909732937812805,1103.898193359375,165.97369384765625,0.9645692706108093,1114.927490234375,164.37094116210938,0.9751233458518982
129,1046.230712890625,81.36605834960938,0.9992554783821106,1022.333984375,144.57632446289062,0.996138870716095,1056.4921875,121.4496841430664,0.9980366826057434,1072.1806640625,125.29815673828125,0.9982579350471497,1095.8533935546875,131.57859802246094,0.9991752505302429,1118.7423095703125,134.95834350585938,0.9970481991767883,1061.7867431640625,108.7469482421875,0.9857048988342285,1086.5445556640625,93.82672882080078,0.9988092184066772,1139.36767578125,105.56536102294922,0.9397263526916504,1049.9378662109375,140.78460693359375,0.992119550704956,1096.4505615234375,157.56777954101562,0.9744231104850769,1114.927490234375,164.37094116210938,0.9035883545875549
130,1046.43896484375,78.71638488769531,0.9984315037727356,1020.2877807617188,143.23463439941406,0.9980834722518921,1055.7806396484375,121.20267486572266,0.9978715181350708,1071.0252685546875,125.16985321044922,0.9968736171722412,1095.7529296875,130.3211669921875,0.9989243149757385,1117.3475341796875,134.84861755371094,0.9939416646957397,1058.6263427734375,106.04779815673828,0.9910274147987366,1087.1981201171875,93.82672882080078,0.9987882971763611,1139.0159912109375,105.56536102294922,0.8894987106323242,1049.8131103515625,140.79808044433594,0.9951617121696472,1095.5343017578125,157.56777954101562,0.9955968260765076,1113.9239501953125,162.02020263671875,0.6722543239593506
131,1048.4786376953125,76.18170928955078,0.9984295964241028,1017.0737915039062,142.07965087890625,0.9988008737564087,1055.193603515625,119.78787994384766,0.9986431002616882,1069.611572265625,123.66520690917969,0.9977297186851501,1095.2379150390625,129.50753784179688,0.9986515641212463,1116.5828857421875,134.84861755371094,0.9908443093299866,1057.02978515625,102.49002075195312,0.9886395931243896,1087.9356689453125,93.10176849365234,0.9983591437339783,1138.7811279296875,105.56536102294922,0.8937305808067322,1049.662841796875,140.79808044433594,0.9956455230712891,1093.375732421875,157.26229858398438,0.9933409094810486,1113.9239501953125,161.85845947265625,0.6266466379165649
132,1048.4786376953125,74.14791107177734,0.9979842901229858,1015.7813720703125,141.7601776123047,0.9992164373397827,1054.1180419921875,118.7130355834961,0.9990822076797485,1068.6422119140625,123.37537384033203,0.9980723857879639,1094.4041748046875,129.41371154785156,0.9987859129905701,1115.526611328125,134.74745178222656,0.9890301823616028,1055.4169921875,100.54033660888672,0.9907459020614624,1088.919189453125,93.10176849365234,0.9988621473312378,1134.10546875,104.27217102050781,0.8559891581535339,1049.13427734375,140.79808044433594,0.9967837333679199,1088.88720703125,157.23927307128906,0.9933050274848938,1113.0841064453125,161.27978515625,0.5353467464447021
133,1048.6365966796875,72.97058868408203,0.9977810978889465,1014.57763671875,139.91664123535156,0.9992620348930359,1053.2603759765625,117.22354888916016,0.9992081522941589,1068.2293701171875,123.03753662109375,0.9985650181770325,1093.0421142578125,129.3338165283203,0.9989888072013855,1114.8140869140625,134.72642517089844,0.9887153506278992,1055.4169921875,99.12015533447266,0.9881597757339478,1088.919189453125,93.10176849365234,0.9989919066429138,1133.021484375,104.27217102050781,0.8248573541641235,1048.9476318359375,139.9976348876953,0.9972401857376099,1084.7432861328125,155.139892578125,0.9967087507247925,1113.0841064453125,161.24314880371094,0.43481719493865967
134,1048.6365966796875,72.59336853027344,0.9976940751075745,1013.0769653320312,138.08572387695312,0.9991012811660767,1052.3157958984375,116.2846908569336,0.9993717074394226,1067.9154052734375,122.76097869873047,0.998515784740448,1091.42724609375,129.1945343017578,0.9986889958381653,1113.9010009765625,134.56297302246094,0.9767428040504456,1053.7603759765625,97.84973907470703,0.9885671138763428,1088.93896484375,93.72518157958984,0.9990956783294678,1130.9642333984375,104.251953125,0.7666370272636414,1048.3533935546875,139.64419555664062,0.9972213506698608,1080.0977783203125,150.8148193359375,0.9945447444915771,1112.588623046875,161.18479919433594,0.3268868029117584
135,1048.6365966796875,72.441650390625,0.9975848197937012,1011.908935546875,137.4916229248047,0.9989635944366455,1051.8126220703125,116.16240692138672,0.9993851184844971,1067.3846435546875,122.60559844970703,0.9984129667282104,1090.5589599609375,128.78933715820312,0.998599112033844,1113.78466796875,134.49502563476562,0.9854025840759277,1053.154296875,95.58977508544922,0.9923508763313293,1088.93896484375,94.18052673339844,0.9990819692611694,1128.4285888671875,104.251953125,0.8589337468147278,1047.93603515625,139.11044311523438,0.9960424900054932,1078.1702880859375,150.81361389160156,0.9963451027870178,1112.2803955078125,161.18479919433594,0.3572065532207489
136,1048.3023681640625,71.71005249023438,0.9973644614219666,1011.7047119140625,135.7982940673828,0.9990091323852539,1051.7652587890625,115.98873901367188,0.99933260679245,1067.06103515625,122.15093994140625,0.9980693459510803,1089.05859375,128.32261657714844,0.9972149133682251,1113.7659912109375,134.2982940673828,0.9708907604217529,1053.0765380859375,94.48777770996094,0.9956796765327454,1088.93896484375,94.52021789550781,0.9990363121032715,1126.877197265625,104.251953125,0.8732161521911621,1047.2789306640625,138.79681396484375,0.9975341558456421,1073.0853271484375,150.1864013671875,0.9951816201210022,1112.2803955078125,161.0453338623047,0.2715676724910736
137,1048.037353515625,71.71005249023438,0.9982523322105408,1011.638671875,133.29847717285156,0.9993724226951599,1051.3297119140625,115.62765502929688,0.9994862079620361,1066.736083984375,121.90613555908203,0.9986200332641602,1088.26953125,128.21107482910156,0.9956774115562439,1113.043701171875,133.9110870361328,0.9789853096008301,1052.9283447265625,94.4161376953125,0.9959346055984497,1089.1466064453125,94.53138732910156,0.9990021586418152,1125.13623046875,103.3779067993164,0.9158408045768738,1047.2401123046875,138.58575439453125,0.9977121353149414,1069.148193359375,149.40721130371094,0.9957754015922546,1112.2803955078125,160.85287475585938,0.23919950425624847
138,1047.4293212890625,71.64929962158203,0.9985029697418213,1011.0543823242188,131.16314697265625,0.9991695880889893,1049.97705078125,114.8802261352539,0.9995061159133911,1066.1810302734375,120.00035858154297,0.9986332058906555,1086.9664306640625,127.71409606933594,0.9977606534957886,1112.758056640625,133.49830627441406,0.9772552847862244,1052.03515625,93.80408477783203,0.9961227774620056,1089.6005859375,94.53138732910156,0.9991036057472229,1123.2611083984375,102.72307586669922,0.9117568731307983,1047.2401123046875,136.67391967773438,0.9966676831245422,1061.9691162109375,148.97787475585938,0.9945935606956482,1112.2803955078125,160.60366821289062,0.19562040269374847
139,1046.173095703125,71.64929962158203,0.9980371594429016,1009.946044921875,129.6474151611328,0.9987713694572449,1048.9453125,114.74707794189453,0.9994516968727112,1065.9447021484375,119.46464538574219,0.9992210865020752,1086.466064453125,126.87533569335938,0.9988687634468079,1111.9937744140625,132.7434844970703,0.9888396859169006,1046.8609619140625,92.69884490966797,0.995571494102478,1089.6005859375,94.52021789550781,0.9991206526756287,1116.02001953125,99.42776489257812,0.9751467108726501,1047.2789306640625,135.5828399658203,0.9929205775260925,1060.149658203125,148.681884765625,0.9962416887283325,1112.2803955078125,160.30360412597656,0.27731889486312866
140,1044.8616943359375,71.71469116210938,0.9979876279830933,1008.36181640625,127.76873779296875,0.9981197714805603,1047.862060546875,113.735107421875,0.9995802044868469,1064.6397705078125,119.36078643798828,0.9996411800384521,1086.091796875,126.2151107788086,0.9992567896842957,1111.987060546875,132.2132568359375,0.9967240691184998,1044.1346435546875,91.6076889038086,0.9944362640380859,1089.6005859375,94.46440124511719,0.9991182684898376,1111.7469482421875,98.90167999267578,0.9841628074645996,1047.2972412109375,135.0716552734375,0.9909681677818298,1055.0797119140625,148.681884765625,0.9975973963737488,1112.2073974609375,160.13455200195312,0.48107606172561646
141,1043.154541015625,71.71469116210938,0.9960570335388184,1007.84814453125,127.58983612060547,0.9966551065444946,1047.306640625,112.74512481689453,0.9995598196983337,1063.909912109375,119.07353210449219,0.9997478127479553,1085.03759765625,125.59851837158203,0.9993624091148376,1111.13720703125,131.22203063964844,0.996723473072052,1042.061279296875,90.63671875,0.9863731861114502,1089.267578125,94.22411346435547,0.9989246726036072,1111.4112548828125,96.4494400024414,0.9770756959915161,1047.2972412109375,135.00607299804688,0.9912944436073303,1054.8974609375,148.681884765625,0.9984958171844482,1112.1690673828125,159.70130920410156,0.5604880452156067
142,1040.865478515625,71.64929962158203,0.9945669174194336,1006.8634643554688,127.58983612060547,0.9962276220321655,1046.704345703125,112.18157196044922,0.9995143413543701,1062.8160400390625,118.69357299804688,0.9998200535774231,1084.250244140625,125.22196197509766,0.9994056224822998,1110.41455078125,131.16189575195312,0.9979769587516785,1040.3909912109375,89.8164291381836,0.9837189316749573,1088.692138671875,93.5591049194336,0.99904865026474,1109.1046142578125,96.25226593017578,0.975609302520752,1047.2972412109375,134.7666473388672,0.9907704591751099,1054.7386474609375,149.5637969970703,0.9989780187606812,1112.1690673828125,159.62789916992188,0.5836935043334961
143,1036.6324462890625,71.48907470703125,0.9965646862983704,1006.76513671875,127.38848876953125,0.9957427382469177,1045.975341796875,111.66899108886719,0.9995182752609253,1062.033447265625,118.1801528930664,0.9998422861099243,1083.5611572265625,124.760009765625,0.9993876218795776,1109.3482666015625,130.77098083496094,0.9977912902832031,1039.1600341796875,88.07388305664062,0.9789961576461792,1088.0633544921875,92.7779769897461,0.9990255832672119,1103.3204345703125,95.93123626708984,0.9348655939102173,1047.19970703125,134.334716796875,0.9901807308197021,1053.0198974609375,149.70680236816406,0.9990214109420776,1112.1690673828125,159.55137634277344,0.6716821789741516
144,1035.0455322265625,70.63275146484375,0.9951767921447754,1005.7356567382812,127.08457946777344,0.9930086135864258,1044.4888916015625,110.95337677001953,0.9992004036903381,1060.7078857421875,117.88638305664062,0.9997720122337341,1082.1275634765625,124.53120422363281,0.9990290403366089,1107.714599609375,130.59336853027344,0.9977060556411743,1038.1900634765625,87.22770690917969,0.9844964742660522,1088.0350341796875,92.64398956298828,0.9991416931152344,1101.1553955078125,95.73747253417969,0.9416009783744812,1046.2728271484375,133.7040252685547,0.9858586192131042,1051.952880859375,150.01699829101562,0.9984548091888428,1112.1153564453125,159.17369079589844,0.6579642295837402
145,1034.3065185546875,70.57067108154297,0.9963881969451904,1004.1754150390625,126.10529327392578,0.9950317144393921,1043.2314453125,110.93463134765625,0.9989765882492065,1060.1832275390625,117.24923706054688,0.9997503161430359,1081.5250244140625,124.29894256591797,0.9988095760345459,1106.8055419921875,130.23733520507812,0.9967106580734253,1037.41650390625,86.74156188964844,0.9916602969169617,1087.885009765625,92.26224517822266,0.9991400241851807,1100.420654296875,95.6819839477539,0.9540089964866638,1045.70166015625,133.00770568847656,0.9840627908706665,1049.6923828125,150.2867889404297,0.9988833069801331,1112.019287109375,158.99624633789062,0.586107075214386
146,1033.4595947265625,69.48812866210938,0.9970194697380066,1003.5761108398438,125.12094116210938,0.9968687891960144,1042.6597900390625,110.49665832519531,0.9990185499191284,1059.208251953125,116.45821380615234,0.999748170375824,1080.84375,124.01809692382812,0.9983855485916138,1106.14013671875,129.95675659179688,0.9948640465736389,1037.1171875,85.95672607421875,0.9946634769439697,1087.885009765625,91.9311752319336,0.998813271522522,1100.045166015625,95.6819839477539,0.963317334651947,1045.576904296875,132.4417266845703,0.9824736714363098,1049.281494140625,150.33767700195312,0.9990737438201904,1111.883056640625,158.7861328125,0.5231693983078003
147,1032.7506103515625,69.44195556640625,0.9958979487419128,1003.1895751953125,124.92292785644531,0.9968776702880859,1042.096435546875,110.1934814453125,0.9988332390785217,1058.6981201171875,115.99055480957031,0.999665379524231,1079.2430419921875,122.51367950439453,0.9984549283981323,1104.2882080078125,128.82215881347656,0.9954996705055237,1036.0635986328125,85.32703399658203,0.9950887560844421,1088.0350341796875,91.80313110351562,0.9988627433776855,1099.4501953125,95.6819839477539,0.9758481979370117,1045.5247802734375,131.8466033935547,0.9834596514701843,1048.9630126953125,150.40097045898438,0.9990032315254211,1111.8460693359375,158.5107879638672,0.46687039732933044
148,1031.71044921875,68.52717590332031,0.9980440139770508,1002.5723266601562,124.85209655761719,0.9973875880241394,1041.175537109375,109.80774688720703,0.998915433883667,1057.6572265625,115.17442321777344,0.9995608925819397,1078.83251953125,122.17250061035156,0.9988296627998352,1103.684814453125,128.7449188232422,0.9970388412475586,1035.8818359375,84.94783020019531,0.9957321286201477,1088.1171875,91.55709075927734,0.9987452030181885,1099.1949462890625,95.64674377441406,0.9806025624275208,1045.5247802734375,130.9177703857422,0.9844115376472473,1048.535400390625,150.41860961914062,0.9992523789405823,1108.5740966796875,157.7675018310547,0.5497094988822937
149,1030.97021484375,68.52717590332031,0.9985241293907166,1002.5723266601562,124.54149627685547,0.997761607170105,1040.1810302734375,109.33021545410156,0.9986400008201599,1056.701904296875,114.49331665039062,0.9992890357971191,1078.7230224609375,122.10720825195312,0.9991487264633179,1103.2059326171875,128.3392791748047,0.9966868758201599,1035.6895751953125,83.98632049560547,0.9949547648429871,1088.75341796875,91.48876190185547,0.9986832737922668,1098.662109375,95.59732055664062,0.9849039316177368,1044.8975830078125,130.47427368164062,0.9848775863647461,1048.52001953125,150.45797729492188,0.9992569088935852,1108.0433349609375,157.7468719482422,0.6042231917381287
150,1030.0611572265625,68.47335815429688,0.9983611702919006,1002.5723266601562,124.45711517333984,0.997464656829834,1039.806396484375,109.32789611816406,0.998059093952179,1056.2552490234375,113.89300537109375,0.999046266078949,1078.4002685546875,121.6638412475586,0.9992197751998901,1102.5509033203125,128.07518005371094,0.996573805809021,1035.4324951171875,83.9139633178711,0.9949945211410522,1089.2476806640625,91.21055603027344,0.9984055161476135,1098.4559326171875,95.4986572265625,0.985451340675354,1044.572265625,130.08587646484375,0.9827964305877686,1048.2657470703125,150.4798126220703,0.9992879033088684,1108.0238037109375,157.69993591308594,0.5989177227020264
151,1029.159912109375,68.52717590332031,0.9983893632888794,1002.7135620117188,124.11863708496094,0.997180700302124,1039.806396484375,109.28982543945312,0.9977195858955383,1055.96826171875,113.84976196289062,0.9988701939582825,1078.348388671875,121.5845947265625,0.9991286396980286,1102.2537841796875,127.91062927246094,0.996429979801178,1035.310791015625,83.66007232666016,0.9939226508140564,1089.3035888671875,90.71318054199219,0.9980618357658386,1098.4559326171875,95.4035415649414,0.9849857091903687,1044.285400390625,129.89312744140625,0.9797256588935852,1048.014892578125,150.59852600097656,0.9992104768753052,1107.448486328125,157.69993591308594,0.604322612285614
152,1028.4820556640625,68.60364532470703,0.9985244870185852,1003.5095825195312,123.5776138305664,0.9970576763153076,1039.806396484375,109.28982543945312,0.9978583455085754,1055.7098388671875,113.19307708740234,0.9985944628715515,1078.348388671875,121.5845947265625,0.9992882609367371,1101.831787109375,127.7519302368164,0.995571494102478,1035.172119140625,83.66007232666016,0.9944191575050354,1089.810302734375,90.49406433105469,0.9977673292160034,1098.4559326171875,95.1143569946289,0.9810900092124939,1043.9615478515625,129.64376831054688,0.97868412733078,1047.702392578125,150.7703094482422,0.9992138147354126,1107.44580078125,157.6909637451172,0.6192588210105896
153,1027.4573974609375,68.64153289794922,0.9982743263244629,1003.7979736328125,122.9255599975586,0.9964722394943237,1039.8428955078125,109.32789611816406,0.9978651404380798,1055.641845703125,113.0893783569336,0.9985462427139282,1078.348388671875,121.5845947265625,0.999221920967102,1101.67822265625,127.7519302368164,0.9956830739974976,1035.172119140625,83.66007232666016,0.9932703375816345,1089.8275146484375,90.39513397216797,0.9977352619171143,1098.537841796875,94.96045684814453,0.980418860912323,1043.9615478515625,129.64376831054688,0.9774306416511536,1047.426513671875,150.94305419921875,0.999239444732666,1107.403076171875,157.6909637451172,0.608762800693512
154,1027.20166015625,69.3250732421875,0.9979939460754395,1003.9049682617188,122.4913558959961,0.9961469173431396,1039.9931640625,109.32789611816406,0.9979883432388306,1055.5975341796875,112.9844970703125,0.998481810092926,1077.982177734375,121.4874267578125,0.9992293119430542,1101.539794921875,127.7279281616211,0.9953000545501709,1035.2010498046875,84.2222671508789,0.9933103322982788,1089.8275146484375,90.39513397216797,0.9976403713226318,1098.5584716796875,94.96045684814453,0.9794703125953674,1043.9615478515625,129.5850830078125,0.9723410606384277,1047.3056640625,151.07559204101562,0.9992245435714722,1107.3453369140625,157.7276611328125,0.5759368538856506
155,1026.16259765625,69.47492218017578,0.9974818825721741,1004.2494506835938,122.14594268798828,0.9958382844924927,1039.9931640625,109.3249282836914,0.9979325532913208,1055.3587646484375,112.81411743164062,0.998506486415863,1077.905029296875,121.41561889648438,0.9992308616638184,1101.5391845703125,127.7519302368164,0.9956653714179993,1035.2010498046875,84.99916076660156,0.9926347136497498,1089.8275146484375,90.39513397216797,0.9977492690086365,1098.5584716796875,94.96045684814453,0.981562077999115,1044.287109375,129.56324768066406,0.9711257815361023,1047.20458984375,151.26852416992188,0.9992623925209045,1107.3109130859375,157.7276611328125,0.5907790064811707
156,1025.552001953125,69.47492218017578,0.9971616268157959,1004.9498291015625,122.11012268066406,0.9956716299057007,1039.9931640625,109.3249282836914,0.9978668093681335,1055.3037109375,112.64057159423828,0.9985260367393494,1077.6751708984375,121.41520690917969,0.9991186261177063,1101.126220703125,127.8449935913086,0.9947308301925659,1035.5220947265625,85.23767852783203,0.9919837117195129,1089.8009033203125,90.56722259521484,0.998252809047699,1098.700927734375,95.0807876586914,0.9821610450744629,1044.287109375,129.56324768066406,0.9712022542953491,1046.7506103515625,151.3892822265625,0.9994251728057861,1107.144287109375,157.71694946289062,0.4693073034286499
157,1025.104248046875,69.58876037597656,0.9963057041168213,1005.4603881835938,122.11012268066406,0.9948252439498901,1039.9931640625,109.17692565917969,0.9978907704353333,1055.0457763671875,112.42709350585938,0.9981608986854553,1077.3177490234375,121.17346954345703,0.9992538094520569,1100.86669921875,128.065185546875,0.9947787523269653,1035.697265625,85.57320404052734,0.9917279481887817,1089.8009033203125,90.56722259521484,0.9979550838470459,1098.746337890625,95.0807876586914,0.9829329252243042,1044.287109375,129.56324768066406,0.9684745669364929,1046.74609375,151.46827697753906,0.999423623085022,1107.144287109375,157.71694946289062,0.4587866961956024
158,1022.322265625,69.58876037597656,0.9961114525794983,1005.8671875,122.11012268066406,0.9940721392631531,1040.087890625,109.13324737548828,0.9976540207862854,1054.85546875,112.4078598022461,0.9983294606208801,1077.138671875,121.13475799560547,0.9992682337760925,1100.6353759765625,128.065185546875,0.9948074221611023,1035.697265625,86.11939239501953,0.9906426072120667,1089.8009033203125,90.56722259521484,0.9981170892715454,1098.904052734375,95.0807876586914,0.9836093187332153,1043.798095703125,129.56324768066406,0.9664203524589539,1046.7418212890625,151.62896728515625,0.9994032382965088,1107.144287109375,157.58201599121094,0.4035639464855194
159,1021.2062377929688,69.90298461914062,0.9949386119842529,1009.4285888671875,122.7751235961914,0.9940821528434753,1039.9271240234375,109.09306335449219,0.9977269768714905,1054.729736328125,112.33396911621094,0.9985515475273132,1076.5416259765625,120.9960708618164,0.9992848038673401,1100.4627685546875,128.065185546875,0.99400395154953,1035.6800537109375,86.14582061767578,0.9884613752365112,1089.2786865234375,89.5833740234375,0.9978371262550354,1099.9578857421875,94.90676879882812,0.9735134840011597,1041.7265625,130.06494140625,0.9719516038894653,1046.673828125,151.841552734375,0.9992561936378479,1107.0328369140625,157.5503692626953,0.2993885576725006
160,1020.6534423828125,70.25302124023438,0.9943419694900513,1009.5980224609375,122.95816040039062,0.9921849370002747,1039.9271240234375,109.02118682861328,0.9978551268577576,1054.6162109375,112.24031066894531,0.9983378648757935,1076.306640625,120.96975708007812,0.9991432428359985,1100.11669921875,127.99274444580078,0.9938609600067139,1035.6800537109375,86.19512176513672,0.9894053339958191,1089.2786865234375,89.5833740234375,0.9975268244743347,1099.9578857421875,94.90676879882812,0.9724756479263306,1041.1458740234375,130.06494140625,0.9755164980888367,1046.6348876953125,151.841552734375,0.9990484118461609,1107.004150390625,157.2176513671875,0.19824916124343872
161,1019.8388061523438,70.95722961425781,0.9929956793785095,1009.5980224609375,123.39480590820312,0.9919130802154541,1039.328369140625,108.96533203125,0.9985083937644958,1054.1180419921875,112.19908142089844,0.9984422326087952,1075.61865234375,120.65133666992188,0.9988685846328735,1099.7158203125,127.94233703613281,0.9903982877731323,1034.9793701171875,86.6308822631836,0.9900884032249451,1089.2786865234375,89.5833740234375,0.9971851706504822,1099.9578857421875,94.87150573730469,0.9714055061340332,1040.106689453125,130.06494140625,0.974600076675415,1046.6348876953125,152.17308044433594,0.9987425208091736,1105.90869140625,154.12908935546875,0.2175012230873108
162,1019.1350708007812,72.49188232421875,0.9923737645149231,1009.4285888671875,122.95816040039062,0.9909890294075012,1038.8411865234375,108.94319152832031,0.9986478686332703,1053.4427490234375,112.17735290527344,0.9982149600982666,1075.1719970703125,120.51016235351562,0.9984532594680786,1099.36181640625,127.38162994384766,0.9898968935012817,1034.9793701171875,87.1504135131836,0.9907291531562805,1088.196044921875,90.77389526367188,0.9959374666213989,1099.4393310546875,94.87150573730469,0.9846983551979065,1036.3931884765625,129.9556884765625,0.9726108312606812,1046.6348876953125,152.17308044433594,0.9981011748313904,1105.871337890625,152.48451232910156,0.43468618392944336
163,1018.4664916992188,72.49188232421875,0.9935139417648315,1008.2168579101562,122.7751235961914,0.9879488945007324,1038.4569091796875,108.77165222167969,0.9989544153213501,1052.8885498046875,112.00343322753906,0.9980785846710205,1074.990478515625,120.20698547363281,0.9981244206428528,1098.8359375,127.21968078613281,0.9881405830383301,1034.9793701171875,87.48458862304688,0.9897468090057373,1083.120849609375,90.9797592163086,0.9964543581008911,1099.298583984375,94.64004516601562,0.9903126955032349,1032.9061279296875,129.22288513183594,0.9783071279525757,1046.6348876953125,152.4361114501953,0.9965099692344666,1105.8399658203125,151.47474670410156,0.4647068977355957
164,1018.2991333007812,72.49188232421875,0.9924107789993286,1008.0572509765625,121.99159240722656,0.9863123297691345,1038.3663330078125,108.63636779785156,0.9989297986030579,1051.7110595703125,111.95928955078125,0.9975855350494385,1073.744140625,119.76177978515625,0.9971875548362732,1097.1639404296875,126.98655700683594,0.9678066372871399,1035.0428466796875,88.02034759521484,0.9896412491798401,1078.7315673828125,90.9797592163086,0.9941558837890625,1098.501953125,94.64004516601562,0.9805011749267578,1029.8404541015625,127.88343811035156,0.9933732748031616,1046.6348876953125,153.07284545898438,0.9939338564872742,1103.829833984375,151.42391967773438,0.411968857049942
165,1018.2105102539062,71.11776733398438,0.9931017160415649,1006.6304321289062,121.556396484375,0.9872114062309265,1037.4967041015625,108.2501220703125,0.9987412095069885,1050.732177734375,111.90351867675781,0.9972049593925476,1072.0478515625,119.73030853271484,0.9981903433799744,1094.89404296875,126.6170425415039,0.9908584952354431,1035.8621826171875,88.6912612915039,0.9882671236991882,1073.925048828125,90.9797592163086,0.9866361021995544,1098.501953125,94.62792205810547,0.9724581837654114,1026.708740234375,126.11048126220703,0.9949690699577332,1046.5311279296875,153.26895141601562,0.995844304561615,1101.1795654296875,151.12771606445312,0.454567015171051
166,1018.0950317382812,69.65460205078125,0.9963182210922241,1004.9954833984375,121.19853210449219,0.9928724765777588,1035.66162109375,107.23896026611328,0.9981003403663635,1049.430908203125,111.72554016113281,0.9974563717842102,1072.0343017578125,119.58998107910156,0.9992189407348633,1093.567138671875,126.60980987548828,0.9981493949890137,1036.67919921875,88.6912612915039,0.9922961592674255,1066.81396484375,87.70091247558594,0.9901494979858398,1099.095458984375,94.61381530761719,0.984782874584198,1024.66845703125,124.46968078613281,0.9933979511260986,1046.21435546875,153.61477661132812,0.9966249465942383,1092.543212890625,151.05029296875,0.7900922298431396
167,1017.9132080078125,67.61754608154297,0.9974879026412964,1003.87548828125,121.11100006103516,0.9904569983482361,1034.43798828125,105.41218566894531,0.9975287318229675,1049.08154296875,111.0338363647461,0.9989185333251953,1070.6759033203125,119.43025970458984,0.9996960163116455,1091.85986328125,126.42363739013672,0.9987614154815674,1036.67919921875,88.6912612915039,0.9947235584259033,1062.5869140625,84.6579360961914,0.9959408044815063,1099.095458984375,94.62792205810547,0.9874710440635681,1022.9277954101562,123.28412628173828,0.9887716174125671,1044.68115234375,154.28750610351562,0.9968467354774475,1087.1419677734375,149.21636962890625,0.9764474034309387
168,1017.314208984375,65.98451232910156,0.9969147443771362,1001.9287109375,120.64044189453125,0.9913821816444397,1031.779296875,103.68851470947266,0.9987816214561462,1047.1143798828125,110.35182189941406,0.9991507530212402,1068.972900390625,119.3613052368164,0.9996793270111084,1089.579833984375,126.42363739013672,0.998363196849823,1035.8621826171875,88.46841430664062,0.9911932349205017,1058.9171142578125,81.44225311279297,0.9971516728401184,1099.095458984375,94.66962432861328,0.9858347773551941,1021.4824829101562,119.85823059082031,0.9807090759277344,1044.348388671875,154.52056884765625,0.9978621602058411,1081.00390625,149.02041625976562,0.9892210364341736
169,1016.8737182617188,64.98040008544922,0.9968896508216858,1000.0957641601562,119.0542984008789,0.9930480122566223,1029.248046875,102.70947265625,0.9990180730819702,1044.7965087890625,108.79291534423828,0.9990813732147217,1066.3482666015625,118.50835418701172,0.9996263980865479,1086.4822998046875,126.19075775146484,0.9970306158065796,1035.4951171875,88.25139617919922,0.9839194416999817,1055.9537353515625,80.98274230957031,0.9965130686759949,1099.095458984375,94.72270965576172,0.9793771505355835,1019.0056762695312,117.96400451660156,0.9806878566741943,1044.268310546875,154.6761016845703,0.9977631568908691,1076.1343994140625,148.60263061523438,0.9820443391799927
170,1015.36865234375,64.00731658935547,0.9968259334564209,996.4390258789062,118.48944854736328,0.9972130656242371,1027.2314453125,101.60020446777344,0.9981614947319031,1041.625732421875,108.06117248535156,0.9985809326171875,1063.6279296875,118.2144546508789,0.9991477727890015,1084.62353515625,125.78657531738281,0.9972913861274719,1034.9796142578125,87.13277435302734,0.9820498824119568,1053.7130126953125,79.01068878173828,0.9965100884437561,1098.7794189453125,94.72270965576172,0.9716550707817078,1017.3479614257812,115.80915069580078,0.9813915491104126,1044.268310546875,154.6761016845703,0.997916042804718,1072.51025390625,147.77874755859375,0.9858712553977966
171,1013.4735717773438,63.935977935791016,0.99819415807724,993.8704223632812,118.09329223632812,0.9961004257202148,1025.0615234375,101.35475158691406,0.9960803389549255,1039.724853515625,107.79991149902344,0.9976849555969238,1062.4710693359375,117.68164825439453,0.9994692206382751,1082.5511474609375,124.9288330078125,0.9966681599617004,1034.499267578125,84.62227630615234,0.9755786657333374,1047.8507080078125,77.4693374633789,0.9941325783729553,1098.252685546875,94.72270965576172,0.9514130353927612,1016.58837890625,114.64259338378906,0.9875922799110413,1044.268310546875,154.52056884765625,0.9976001381874084,1069.3863525390625,146.76768493652344,0.9921801090240479
172,1010.4614868164062,63.33441925048828,0.9970048069953918,991.02490234375,118.0693588256836,0.9956957101821899,1023.8687133789062,101.03927612304688,0.9945393204689026,1037.044921875,107.63232421875,0.9968564510345459,1059.5157470703125,117.14045715332031,0.9996626377105713,1079.2108154296875,124.71701049804688,0.9980111122131348,1034.380859375,84.06317138671875,0.9804220795631409,1045.8304443359375,77.13988494873047,0.9973784685134888,1096.185546875,93.98047637939453,0.9577639102935791,1013.8917236328125,113.84422302246094,0.9949042797088623,1044.268310546875,154.27272033691406,0.9980949759483337,1068.18408203125,146.76768493652344,0.9942512512207031
173,1006.2929077148438,63.1041145324707,0.9959306120872498,987.2852783203125,118.0693588256836,0.9977192282676697,1020.8328247070312,100.45603942871094,0.9971557855606079,1034.9532470703125,106.67999267578125,0.997139573097229,1056.818115234375,115.81365966796875,0.9992918968200684,1076.768310546875,123.91644287109375,0.9987720847129822,1033.7108154296875,84.06317138671875,0.9830178022384644,1044.4752197265625,76.74424743652344,0.9980980753898621,1096.185546875,93.98047637939453,0.9617419838905334,1009.8865356445312,113.58206176757812,0.9949786067008972,1044.2374267578125,153.4407501220703,0.9981492757797241,1067.714599609375,146.76768493652344,0.9951229691505432
174,1002.540283203125,62.688743591308594,0.9946154952049255,983.643798828125,117.78754425048828,0.9978122711181641,1017.5628662109375,99.61859130859375,0.996638298034668,1034.129638671875,105.59477233886719,0.9966742992401123,1056.287109375,115.70042419433594,0.9996670484542847,1074.8265380859375,123.09463500976562,0.9989194869995117,1032.171875,84.06317138671875,0.977730929851532,1043.2562255859375,75.42234802246094,0.998552143573761,1096.185546875,93.98047637939453,0.9502595067024231,1004.9613647460938,113.48777770996094,0.9884246587753296,1043.5430908203125,153.4407501220703,0.9988941550254822,1067.0732421875,148.1582794189453,0.9956995248794556
175,999.818115234375,62.423561096191406,0.9957265853881836,978.678955078125,117.68376922607422,0.998891294002533,1014.5853271484375,99.2313232421875,0.9984105825424194,1031.2965087890625,105.40081787109375,0.997614860534668,1054.8909912109375,115.38807678222656,0.9998475313186646,1072.7593994140625,122.29923248291016,0.9984073042869568,1029.472900390625,84.43782043457031,0.9768979549407959,1043.1949462890625,75.07772064208984,0.999049723148346,1096.2733154296875,94.22798156738281,0.9447446465492249,1003.573486328125,112.65399932861328,0.9918007254600525,1043.2281494140625,153.43368530273438,0.9991894364356995,1066.8897705078125,148.38766479492188,0.9956566095352173
176,997.2704467773438,61.640586853027344,0.9983977675437927,972.9118041992188,117.68376922607422,0.999049961566925,1011.3109130859375,98.0087661743164,0.9990416169166565,1026.9051513671875,105.05072784423828,0.9982315897941589,1052.0538330078125,114.29690551757812,0.9998632669448853,1071.7874755859375,121.78866577148438,0.9962045550346375,1026.3402099609375,84.50601196289062,0.9766538739204407,1042.47119140625,74.181396484375,0.9989674091339111,1096.5146484375,94.22798156738281,0.9193931221961975,1002.4282836914062,112.57977294921875,0.9941114783287048,1042.4884033203125,153.43368530273438,0.9991281628608704,1066.8897705078125,148.38766479492188,0.9937357306480408
177,995.38623046875,61.30363464355469,0.9986364245414734,970.9968872070312,117.68376922607422,0.999099850654602,1008.4908447265625,97.88475799560547,0.9991021156311035,1024.3153076171875,104.70991516113281,0.9980518817901611,1050.4168701171875,113.93190002441406,0.9997972846031189,1070.650146484375,121.0786361694336,0.994678258895874,1024.935791015625,84.50601196289062,0.9676398038864136,1042.421875,73.66461181640625,0.9987514019012451,1098.3841552734375,94.22798156738281,0.8656933307647705,1001.4993286132812,112.40177154541016,0.9928717017173767,1041.6636962890625,152.58995056152344,0.9985873699188232,1066.742919921875,148.38766479492188,0.9902545809745789
178,994.2955932617188,60.44973373413086,0.9988258481025696,969.0156860351562,117.68376922607422,0.9991638660430908,1006.9624633789062,97.88475799560547,0.9984816908836365,1024.1807861328125,103.32081604003906,0.9978592991828918,1048.0838623046875,113.8564682006836,0.9989228844642639,1068.9039306640625,119.44467163085938,0.9786747694015503,1020.9476318359375,84.43782043457031,0.9795913696289062,1042.421875,73.66461181640625,0.9987325072288513,1098.3841552734375,91.6962661743164,0.797852635383606,999.9951171875,112.40177154541016,0.9865806102752686,1036.267578125,147.1336669921875,0.9993971586227417,1066.742919921875,147.74403381347656,0.8831998109817505
179,993.5086669921875,59.41823196411133,0.9986733198165894,967.4752197265625,116.76905822753906,0.9990466237068176,1006.6123046875,97.81880950927734,0.9970880150794983,1022.3719482421875,102.32950592041016,0.9991359114646912,1046.0753173828125,112.52885437011719,0.9981253743171692,1066.9093017578125,119.04548645019531,0.9323979616165161,1017.0459594726562,83.60984802246094,0.9716963768005371,1042.345458984375,73.66461181640625,0.9983887672424316,1098.3841552734375,91.1272201538086,0.7744783163070679,997.5452270507812,112.40177154541016,0.9784374237060547,1027.9283447265625,145.6871795654297,0.9996346235275269,1064.908447265625,146.6049041748047,0.6142166256904602
180,992.04345703125,57.575469970703125,0.9974550604820251,966.9539184570312,114.12954711914062,0.9991806149482727,1004.4796142578125,97.00936126708984,0.9982220530509949,1020.5559692382812,101.79853820800781,0.999257504940033,1042.8046875,110.48650360107422,0.9972113966941833,1065.1380615234375,118.22510528564453,0.9435659646987915,1010.7781982421875,79.26243591308594,0.992355227470398,1042.1258544921875,74.72737121582031,0.9985079169273376,1091.706298828125,90.69755554199219,0.8510282635688782,995.2974853515625,114.85505676269531,0.9637159705162048,1022.1679077148438,141.21238708496094,0.9991335272789001,1064.59765625,145.77406311035156,0.5539403557777405
181,990.0252075195312,55.766937255859375,0.9969425797462463,965.7110595703125,113.1309814453125,0.9990994930267334,1003.0339965820312,96.99254608154297,0.9985438585281372,1019.1102294921875,101.69961547851562,0.999038815498352,1040.0345458984375,110.38523864746094,0.9963909983634949,1064.700927734375,117.96441650390625,0.9821081757545471,1010.4273681640625,77.11467742919922,0.9913010001182556,1042.1258544921875,74.83322143554688,0.998422384262085,1083.2078857421875,88.2032470703125,0.9198902249336243,995.2974853515625,114.86517333984375,0.9492961168289185,1018.6563110351562,139.88270568847656,0.9982386827468872,1064.510498046875,145.37098693847656,0.6295240521430969
182,988.6854858398438,55.08453369140625,0.9980109333992004,963.8613891601562,112.6950912475586,0.9991828799247742,1001.2548217773438,95.80677795410156,0.9981010556221008,1018.0728759765625,100.88903045654297,0.9990900754928589,1039.8427734375,110.1949462890625,0.9984889030456543,1063.1319580078125,117.69295501708984,0.9979288578033447,1006.481689453125,76.0786361694336,0.9962500929832458,1042.134521484375,74.83322143554688,0.9986056685447693,1077.511962890625,87.93791961669922,0.9576625823974609,995.2974853515625,114.86517333984375,0.9319021701812744,1010.7315063476562,139.3620147705078,0.9993583559989929,1064.264892578125,144.87078857421875,0.741135835647583
183,986.8783569335938,53.807456970214844,0.9987826943397522,962.8007202148438,112.30513000488281,0.9991451501846313,1000.1535034179688,94.41605377197266,0.9989614486694336,1016.0989379882812,100.62861633300781,0.9997007846832275,1037.5966796875,109.4368896484375,0.999128520488739,1060.8848876953125,116.27639770507812,0.9982016086578369,1002.1526489257812,74.5384521484375,0.995284378528595,1041.9998779296875,74.72737121582031,0.9985187649726868,1074.4244384765625,84.87257385253906,0.9576700925827026,996.056396484375,114.86517333984375,0.9574341177940369,1007.6998901367188,136.76171875,0.9985619187355042,1064.008544921875,144.11215209960938,0.8295888900756836
184,985.76416015625,52.81260681152344,0.9989877343177795,961.10791015625,112.16363525390625,0.9988308548927307,998.2839965820312,93.44551849365234,0.9995542168617249,1014.3414306640625,99.64859008789062,0.9998334646224976,1036.368896484375,107.94499969482422,0.9991983771324158,1059.0758056640625,115.34110260009766,0.9984374642372131,998.04931640625,72.81382751464844,0.9954437017440796,1041.9998779296875,74.5208969116211,0.9986181259155273,1068.0426025390625,82.38093566894531,0.9866650104522705,996.056396484375,114.4243392944336,0.983034074306488,1005.111083984375,135.40921020507812,0.9984343647956848,1063.6485595703125,143.5738067626953,0.9051437377929688
185,984.9630737304688,52.672882080078125,0.9990624785423279,959.3629150390625,111.75997924804688,0.9972196817398071,995.7986450195312,92.61268615722656,0.9995917677879333,1011.5111694335938,98.19086456298828,0.9997877478599548,1033.5445556640625,107.05291748046875,0.9981870055198669,1055.5111083984375,113.2206802368164,0.9976153373718262,992.1699829101562,71.9826431274414,0.994670569896698,1042.134521484375,73.93690490722656,0.9978741407394409,1060.9951171875,80.0652084350586,0.97339928150177,996.056396484375,113.5470962524414,0.9925172328948975,998.5589599609375,134.91415405273438,0.9993557333946228,1063.40673828125,143.56288146972656,0.8743935227394104
186,983.9260864257812,52.11663818359375,0.9988278746604919,955.04736328125,109.92335510253906,0.9969868063926697,992.9581909179688,91.92719268798828,0.9993395209312439,1008.6710815429688,97.21586608886719,0.999423623085022,1031.166748046875,105.2145767211914,0.9985578656196594,1054.193115234375,113.08647918701172,0.9986141920089722,989.3701782226562,68.67601776123047,0.996575653553009,1042.1383056640625,73.88358306884766,0.9978165626525879,1054.032958984375,79.15824890136719,0.9696453213691711,993.7700805664062,112.85458374023438,0.9940845370292664,994.1953735351562,134.58316040039062,0.9994217157363892,1062.6158447265625,142.98110961914062,0.8606522679328918
187,982.4586181640625,51.72749710083008,0.9985610842704773,952.6910400390625,109.67295837402344,0.9966917037963867,990.7981567382812,90.86333465576172,0.9983248114585876,1006.7628173828125,95.90420532226562,0.9979357719421387,1029.6212158203125,104.73072052001953,0.9990960359573364,1052.8115234375,112.71296691894531,0.9980657696723938,985.786376953125,66.8547592163086,0.9955849647521973,1041.618408203125,73.8204345703125,0.9977753758430481,1050.0697021484375,79.0560073852539,0.9830406308174133,992.9608764648438,112.21736907958984,0.9922873973846436,991.9171142578125,133.90528869628906,0.9992644190788269,1059.892333984375,142.60568237304688,0.7989550828933716
188,981.972412109375,51.43037414550781,0.9982784986495972,950.5460815429688,109.12179565429688,0.9989364743232727,989.9467163085938,90.53001403808594,0.9986686706542969,1006.1300659179688,95.8499755859375,0.9974059462547302,1028.588134765625,104.294921875,0.9992455244064331,1051.8760986328125,112.71088409423828,0.9963801503181458,985.786376953125,66.39628601074219,0.9934759736061096,1041.618408203125,73.77295684814453,0.9970458149909973,1048.7857666015625,79.0560073852539,0.9834887385368347,991.6730346679688,111.7420425415039,0.9907013177871704,990.4067993164062,133.86473083496094,0.9994693398475647,1059.7122802734375,142.60568237304688,0.6979294419288635
189,981.972412109375,50.28339767456055,0.9981644749641418,950.5460815429688,107.64908599853516,0.9984539747238159,989.7189331054688,89.94564819335938,0.9987136125564575,1005.2132568359375,95.11036682128906,0.9978965520858765,1027.740478515625,103.879150390625,0.9992637038230896,1051.3204345703125,112.08129119873047,0.9971354007720947,985.786376953125,66.25581359863281,0.9937739372253418,1041.618408203125,73.76246643066406,0.9966891407966614,1048.3145751953125,79.00286102294922,0.9809955954551697,990.5816040039062,111.34136962890625,0.9906442165374756,990.1149291992188,133.8512725830078,0.9993906021118164,1059.7056884765625,142.57830810546875,0.7048635482788086
190,981.972412109375,47.921260833740234,0.9974474906921387,950.5460815429688,106.80110931396484,0.9978182315826416,989.4652709960938,89.30381774902344,0.998530387878418,1004.4544677734375,94.27610778808594,0.9981935620307922,1026.7598876953125,103.00157928466797,0.999271810054779,1050.68798828125,111.31492614746094,0.9967665672302246,986.7620849609375,64.8939437866211,0.9938417673110962,1041.618408203125,73.33319091796875,0.995996356010437,1047.806884765625,79.0560073852539,0.9778998494148254,990.569091796875,110.73348236083984,0.9898713231086731,990.1149291992188,133.72459411621094,0.999327540397644,1059.5506591796875,142.57830810546875,0.6577161550521851
191,983.21923828125,45.14044952392578,0.9974551796913147,950.580322265625,104.52185821533203,0.9974080920219421,989.37939453125,86.45792388916016,0.9985275268554688,1003.9517822265625,93.25033569335938,0.9982920289039612,1026.174072265625,102.24586486816406,0.9993815422058105,1050.267822265625,110.38670349121094,0.99703049659729,986.7620849609375,64.8939437866211,0.9930768013000488,1040.8389892578125,73.1911849975586,0.996124804019928,1047.6656494140625,79.0560073852539,0.9873610734939575,990.5394897460938,109.68926239013672,0.9901941418647766,990.1149291992188,133.72341918945312,0.9991869330406189,1059.283447265625,142.57574462890625,0.6757887601852417
192,984.55810546875,43.78947448730469,0.9977390766143799,950.580322265625,102.25625610351562,0.9986562728881836,989.2985229492188,85.56170654296875,0.9988538026809692,1003.5886840820312,92.43360900878906,0.9982590079307556,1025.7216796875,101.84149169921875,0.9993743300437927,1049.6029052734375,109.66543579101562,0.9964184761047363,987.7576293945312,64.83846282958984,0.9917622804641724,1040.3997802734375,72.80980682373047,0.9940179586410522,1047.6656494140625,79.05309295654297,0.9849094748497009,990.5394897460938,108.93402862548828,0.991489827632904,990.1149291992188,133.56881713867188,0.9992098808288574,1059.2437744140625,142.227294921875,0.6852477192878723
193,985.1082153320312,43.381038665771484,0.9975923895835876,950.580322265625,99.2068099975586,0.9985772371292114,989.2749633789062,84.95574951171875,0.9990284442901611,1003.4953002929688,91.59172821044922,0.9980351328849792,1025.498046875,101.49952697753906,0.9992725253105164,1048.35205078125,109.26874542236328,0.9971832633018494,988.762939453125,64.65554809570312,0.9899941086769104,1040.3887939453125,72.74932098388672,0.9918941855430603,1047.806884765625,78.84100341796875,0.9848692417144775,990.5394897460938,108.19415283203125,0.9905665516853333,989.9172973632812,133.4895477294922,0.9989859461784363,1057.591796875,137.87513732910156,0.7278957962989807
194,985.4193725585938,42.5804443359375,0.9978825449943542,950.5421142578125,96.59087371826172,0.9982150793075562,989.0960693359375,84.10808563232422,0.9991194605827332,1003.1578369140625,90.512939453125,0.9978524446487427,1024.8504638671875,101.38680267333984,0.9991310238838196,1047.1982421875,108.88074493408203,0.9983903169631958,989.3900146484375,64.2298812866211,0.9900395274162292,1040.35986328125,72.59625244140625,0.9924295544624329,1048.749267578125,78.34848022460938,0.9849358201026917,990.5394897460938,106.5092544555664,0.9891194105148315,989.9172973632812,133.39759826660156,0.9984917640686035,1056.4830322265625,135.98202514648438,0.89310222864151
195,985.6317138671875,42.10675811767578,0.9974006414413452,948.3194580078125,95.73011779785156,0.997529923915863,988.4417114257812,83.66765594482422,0.9990668892860413,1002.7963256835938,90.11029815673828,0.9980547428131104,1024.15576171875,101.24633026123047,0.9993351101875305,1046.314453125,108.30438995361328,0.9986912608146667,989.8253173828125,64.09920501708984,0.9891226887702942,1039.58740234375,72.59625244140625,0.9963818788528442,1048.8106689453125,78.31132507324219,0.9865317940711975,990.4752197265625,104.5739517211914,0.9873189330101013,989.9149169921875,133.38397216796875,0.9980456829071045,1055.63330078125,134.9793243408203,0.9193164110183716
196,985.8448486328125,41.60722732543945,0.9973143935203552,947.7915649414062,94.443115234375,0.9979900121688843,987.443603515625,83.26140594482422,0.9991264939308167,1002.2968139648438,89.83123016357422,0.9980015158653259,1023.9151611328125,101.15621185302734,0.9994006156921387,1044.4847412109375,107.35979461669922,0.9979203343391418,990.4486083984375,64.02924346923828,0.9896833896636963,1035.2606201171875,72.0039291381836,0.991958737373352,1049.002685546875,77.7004165649414,0.9904431700706482,985.6466064453125,104.27146911621094,0.9865618348121643,989.9149169921875,133.38397216796875,0.997062623500824,1052.7230224609375,132.9508819580078,0.7566814422607422
197,985.8448486328125,41.247764587402344,0.996396005153656,947.3841552734375,92.77442932128906,0.9973701238632202,986.5700073242188,82.74761199951172,0.9991125464439392,1001.5596313476562,89.55915832519531,0.9975570440292358,1022.5184326171875,100.57601928710938,0.9995768666267395,1042.9263916015625,106.86651611328125,0.9977266192436218,990.5448608398438,64.02924346923828,0.9933236241340637,1030.22705078125,71.5470962524414,0.992143988609314,1049.114990234375,77.5877685546875,0.992628812789917,981.925537109375,103.83457946777344,0.9893646240234375,989.9172973632812,133.3049774169922,0.9963488578796387,1046.9969482421875,131.7923583984375,0.9211647510528564
198,985.8448486328125,39.67640686035156,0.9966615438461304,946.8746948242188,90.83557891845703,0.9954891800880432,985.1200561523438,81.75365447998047,0.9988048076629639,1001.5509643554688,89.04493713378906,0.9960044026374817,1021.20703125,99.76647186279297,0.9996507167816162,1041.1685791015625,106.63661193847656,0.9973065853118896,990.6431884765625,64.00232696533203,0.9941009879112244,1027.0982666015625,69.73383331298828,0.9952899217605591,1050.0299072265625,77.30126190185547,0.9914201498031616,980.054931640625,103.43231201171875,0.9952249526977539,989.9210815429688,133.3049774169922,0.9969592094421387,1040.67919921875,130.9892578125,0.9772939085960388
199,984.3952026367188,39.60436248779297,0.9973767995834351,946.6650390625,87.31482696533203,0.9921327233314514,984.573486328125,81.17972564697266,0.99875807762146,998.5576171875,88.42949676513672,0.998028576374054,1019.43359375,99.34849548339844,0.9996845722198486,1039.634521484375,106.5612564086914,0.996809184551239,991.6414794921875,64.02924346923828,0.9922020435333252,1022.3798828125,64.939453125,0.990420401096344,1050.23779296875,77.30126190185547,0.9912220239639282,977.229736328125,100.44203186035156,0.9932035207748413,989.9404296875,133.3049774169922,0.9976282715797424,1036.984375,130.1796112060547,0.9606241583824158
200,982.9234008789062,38.59503173828125,0.9978203773498535,943.4353637695312,85.5489501953125,0.991230845451355,984.2603149414062,78.76934051513672,0.9991593360900879,997.561767578125,86.85387420654297,0.9985836744308472,1017.7864379882812,98.33840942382812,0.999329686164856,1038.1834716796875,105.84847259521484,0.9973760843276978,991.6629028320312,64.0296630859375,0.9827119708061218,1020.9528198242188,63.27594757080078,0.9964262843132019,1050.710693359375,77.30126190185547,0.9886506795883179,972.9730224609375,96.66142272949219,0.9821316003799438,990.3493041992188,133.41757202148438,0.9967619180679321,1028.4107666015625,128.4479217529297,0.9304890036582947
201,981.5569458007812,38.21036911010742,0.9977598190307617,941.4794921875,84.77849578857422,0.9947037100791931,983.7655639648438,77.10611724853516,0.9991562366485596,996.8162231445312,84.74751281738281,0.9986428618431091,1015.4346313476562,97.11165618896484,0.9968444108963013,1036.628662109375,105.28079986572266,0.9970930814743042,991.6923828125,64.0296630859375,0.9565695524215698,1015.7396240234375,57.48648452758789,0.9937090873718262,1050.710693359375,77.52545928955078,0.9907842874526978,969.5794677734375,94.42943572998047,0.989827036857605,990.3968505859375,133.5557861328125,0.9937435984611511,1023.1918334960938,122.65034484863281,0.9460285305976868
202,980.320556640625,37.43330764770508,0.997844934463501,940.3199462890625,83.57880401611328,0.9939186573028564,981.706787109375,75.249755859375,0.9981867671012878,993.837890625,83.53826904296875,0.9970759153366089,1014.6806030273438,96.20235443115234,0.994460940361023,1034.5821533203125,103.75237274169922,0.9978446960449219,992.0906372070312,63.62588882446289,0.9593368172645569,1013.7319946289062,56.718318939208984,0.9970883727073669,1050.710693359375,77.52545928955078,0.99053555727005,966.3757934570312,91.57965087890625,0.9895645380020142,990.3493041992188,133.5557861328125,0.9882643222808838,1022.2221069335938,121.37565612792969,0.9349603056907654
203,978.6651000976562,36.820884704589844,0.9975541234016418,939.1290893554688,81.6480484008789,0.9899407029151917,979.8361206054688,74.01380920410156,0.9960916638374329,991.8712158203125,83.04108428955078,0.9930341243743896,1011.466796875,93.81204986572266,0.9964369535446167,1033.24169921875,103.06822967529297,0.9970471262931824,993.9916381835938,63.10751724243164,0.9706721305847168,1011.0675048828125,56.42251968383789,0.9975727200508118,1050.693603515625,77.54129791259766,0.9891812205314636,965.126220703125,87.09107208251953,0.9885430335998535,990.3493041992188,133.5557861328125,0.9899700284004211,1021.827880859375,119.51585388183594,0.7373704314231873
204,976.9129638671875,33.96245574951172,0.9953625202178955,936.8116455078125,79.6777572631836,0.988064706325531,976.5582275390625,72.92899322509766,0.9868301749229431,990.3637084960938,83.01284790039062,0.9963884353637695,1009.8136596679688,92.4684066772461,0.9976073503494263,1032.60302734375,103.03250122070312,0.997734546661377,993.9916381835938,62.20944595336914,0.9864075183868408,1007.9579467773438,53.43964767456055,0.9954896569252014,1050.3756103515625,77.63416290283203,0.9902348518371582,961.4191284179688,85.49635314941406,0.9928547739982605,990.3493041992188,133.118896484375,0.9946333169937134,1021.3320922851562,118.19488525390625,0.6818639636039734
205,974.6739501953125,33.080596923828125,0.9954130053520203,932.8002319335938,78.37176513671875,0.9906737208366394,974.3005981445312,71.72911834716797,0.9911045432090759,987.4365844726562,82.30696868896484,0.9978594183921814,1007.7938842773438,92.41285705566406,0.9976922273635864,1029.98291015625,101.66011810302734,0.9989367127418518,993.9916381835938,60.384517669677734,0.9836716055870056,1006.6022338867188,48.01045227050781,0.993638813495636,1050.3438720703125,77.68365478515625,0.9854279160499573,959.65380859375,84.1405029296875,0.9891630411148071,990.2935180664062,132.79171752929688,0.9944580793380737,1020.9805908203125,117.9676513671875,0.5716680884361267
206,972.1358642578125,32.843711853027344,0.9959657192230225,931.70947265625,78.18563842773438,0.9952988028526306,973.1931762695312,70.80455780029297,0.9919179081916809,985.4055786132812,80.67947387695312,0.9970176219940186,1005.8750610351562,91.15505981445312,0.9989631175994873,1026.9403076171875,99.86254119873047,0.9990045428276062,992.344970703125,60.3284797668457,0.9832262396812439,1005.2342529296875,48.00690460205078,0.9960029721260071,1050.0438232421875,77.89332580566406,0.9730405807495117,957.4061279296875,82.8129653930664,0.9931400418281555,990.21484375,132.29490661621094,0.9933280944824219,1018.275146484375,117.96649932861328,0.5669814348220825
207,969.8406372070312,32.843711853027344,0.9953296184539795,930.5537109375,78.07483673095703,0.9958947896957397,971.31884765625,70.19673156738281,0.9939019680023193,984.9166259765625,79.45936584472656,0.9963678121566772,1004.7301635742188,90.3454818725586,0.9990336894989014,1025.0089111328125,98.41506958007812,0.9975716471672058,989.5473022460938,60.09520721435547,0.9781997799873352,1004.6882934570312,47.416053771972656,0.9964115023612976,1050.0003662109375,77.97594451904297,0.962574303150177,955.2867431640625,81.7819595336914,0.9945157170295715,990.21484375,131.8147735595703,0.9922438263893127,1010.5465087890625,117.96649932861328,0.7002875208854675
208,969.0762939453125,32.843711853027344,0.9942839741706848,930.0623168945312,78.07483673095703,0.9956299066543579,970.2807006835938,68.83922576904297,0.995046854019165,984.0963134765625,77.95735168457031,0.9968001842498779,1003.6862182617188,89.36327362060547,0.9984723925590515,1023.0460205078125,97.91365814208984,0.9984666109085083,988.0623779296875,59.565277099609375,0.9722715020179749,1004.2035522460938,47.416053771972656,0.9971862435340881,1049.6759033203125,77.9977035522461,0.9370216727256775,954.3275146484375,80.6238021850586,0.9952002763748169,990.21142578125,131.66725158691406,0.9955182671546936,1008.3739624023438,117.9676513671875,0.7646026015281677
209,967.8721313476562,33.8891487121582,0.9968255758285522,929.27880859375,77.2396469116211,0.992909848690033,969.0348510742188,68.19305419921875,0.9967324733734131,983.7318115234375,75.88568115234375,0.9972500205039978,1002.7026977539062,88.69388580322266,0.9983223080635071,1021.9061279296875,97.65192413330078,0.9984278678894043,984.076416015625,58.02153778076172,0.9574679136276245,1004.05810546875,47.76607894897461,0.9972018003463745,1049.593017578125,78.11273956298828,0.8896209001541138,953.5903930664062,80.6238021850586,0.9952353835105896,990.132568359375,131.35812377929688,0.9958989024162292,1002.6756591796875,118.82032775878906,0.8523054122924805
210,967.6754150390625,34.25643539428711,0.9975741505622864,925.58447265625,75.7625961303711,0.9877915382385254,967.687255859375,67.3313980102539,0.9972654581069946,982.2444458007812,74.7011947631836,0.9971939325332642,1000.7352294921875,88.35638427734375,0.9978169202804565,1020.7996215820312,96.93094635009766,0.9981460571289062,983.171875,57.50481033325195,0.9557138085365295,1003.841064453125,47.765655517578125,0.9968155026435852,1049.4168701171875,78.15312194824219,0.8837391138076782,952.6111450195312,79.32449340820312,0.9941217303276062,989.7108154296875,130.7803955078125,0.9967300891876221,1002.6756591796875,118.91546630859375,0.9300705790519714
211,967.47265625,34.317317962646484,0.9974017143249512,924.4440307617188,75.3299560546875,0.9881604909896851,966.3719482421875,66.4805908203125,0.9971798658370972,980.8412475585938,73.90504455566406,0.9969377517700195,1000.1357421875,87.78933715820312,0.996436357498169,1019.9393920898438,96.10826110839844,0.997035026550293,981.9780883789062,57.43073272705078,0.9606035947799683,1003.3237915039062,47.765655517578125,0.9963343143463135,1049.3720703125,78.37125396728516,0.8944971561431885,952.3324584960938,79.32449340820312,0.994002640247345,989.4567260742188,130.0751190185547,0.9949878454208374,1002.6756591796875,119.02705383300781,0.9736595749855042
212,967.2857666015625,34.3517951965332,0.9976307153701782,924.0986328125,74.65707397460938,0.9878202676773071,965.0796508789062,65.58711242675781,0.9967694282531738,979.8558349609375,73.90504455566406,0.9967145919799805,998.7731323242188,86.00334167480469,0.9970995187759399,1017.4443359375,95.18872833251953,0.995941162109375,981.0001831054688,57.42268371582031,0.9641945362091064,1002.9126586914062,47.765655517578125,0.9960137605667114,1048.6429443359375,78.37125396728516,0.8736882209777832,951.3684692382812,80.26407623291016,0.9947609305381775,986.6181030273438,129.09332275390625,0.995860755443573,1003.650146484375,119.02705383300781,0.9818949103355408
213,967.1776733398438,34.3517951965332,0.9973734617233276,923.50830078125,73.6673355102539,0.9882314801216125,964.1921997070312,65.30510711669922,0.9957160353660583,978.5607299804688,73.8232421875,0.9962904453277588,998.7647705078125,85.09317016601562,0.9982566237449646,1016.8931274414062,94.75589752197266,0.9950437545776367,979.0543823242188,56.735530853271484,0.9719047546386719,1000.6819458007812,47.71469497680664,0.9957132339477539,1046.3890380859375,78.37125396728516,0.9270501732826233,951.2151489257812,80.26407623291016,0.9957470297813416,985.9451904296875,123.1900863647461,0.9964147806167603,1003.650146484375,118.91546630859375,0.9819667339324951
214,966.8167724609375,34.3517951965332,0.9974289536476135,923.3667602539062,72.0119857788086,0.9912078380584717,962.9332275390625,65.1220932006836,0.9944618344306946,977.0529174804688,73.59618377685547,0.9945317506790161,997.5411987304688,84.62226867675781,0.998944103717804,1016.6612548828125,94.5826644897461,0.9952622652053833,978.0386352539062,56.40972900390625,0.9632053971290588,1000.6819458007812,47.71469497680664,0.9967862367630005,1045.0181884765625,78.32636260986328,0.9604025483131409,950.7056274414062,80.26407623291016,0.9953475594520569,983.8827514648438,117.794921875,0.9909340143203735,1003.650146484375,118.91546630859375,0.9797313809394836
215,966.7164306640625,33.93812942504883,0.99741530418396,922.58154296875,71.40827178955078,0.9917588829994202,961.568359375,64.75110626220703,0.9907429814338684,975.4840087890625,73.59618377685547,0.9921781420707703,996.3099365234375,83.95720672607422,0.9989840388298035,1015.7850341796875,94.47264862060547,0.9978516101837158,975.357177734375,55.707435607910156,0.9687925577163696,1000.6819458007812,47.71469497680664,0.9969647526741028,1042.4385986328125,76.15535736083984,0.9728911519050598,949.0457763671875,80.91707611083984,0.9963411688804626,979.0006713867188,116.22246551513672,0.9957668781280518,1003.650146484375,118.5711669921875,0.9835294485092163
216,966.5751953125,32.85451889038086,0.9969066977500916,921.850341796875,70.99837493896484,0.9924013614654541,960.7688598632812,64.75110626220703,0.985260009765625,974.2469482421875,72.73292541503906,0.9919488430023193,994.1106567382812,83.95720672607422,0.9988096952438354,1014.5755615234375,94.2634048461914,0.998462438583374,973.5188598632812,54.478790283203125,0.9741625189781189,1001.0330200195312,47.86499786376953,0.9957953691482544,1040.900390625,73.80972290039062,0.9699792861938477,947.84521484375,80.91707611083984,0.9946205615997314,975.5460205078125,114.31922912597656,0.9976735711097717,1003.650146484375,118.36717987060547,0.9757928252220154
217,966.5751953125,32.74007797241211,0.9970809817314148,920.9898681640625,70.95817565917969,0.9931278228759766,960.3140258789062,64.75110626220703,0.9808624982833862,973.91357421875,72.57608032226562,0.9936302304267883,992.5354614257812,83.95720672607422,0.9984470009803772,1013.4921875,94.2634048461914,0.9987217783927917,972.5733032226562,53.5676383972168,0.9780831933021545,1001.0330200195312,47.984928131103516,0.9949487447738647,1037.92822265625,70.28524780273438,0.9709421396255493,947.330810546875,81.165771484375,0.9944232106208801,969.3330078125,111.44410705566406,0.9926302433013916,1003.9417724609375,118.00873565673828,0.9663931727409363
218,966.5521850585938,32.7171516418457,0.9971676468849182,920.6841430664062,70.20179748535156,0.9904714822769165,960.001708984375,65.022705078125,0.9824328422546387,973.1893920898438,72.49740600585938,0.9955552220344543,992.3225708007812,84.32879638671875,0.9984075427055359,1012.2628784179688,94.2634048461914,0.9989039897918701,970.2288818359375,52.16767883300781,0.9763349294662476,1001.0330200195312,48.44398498535156,0.9950357675552368,1035.1129150390625,69.60615539550781,0.9688134789466858,947.0614624023438,81.34868621826172,0.9954026937484741,966.0013427734375,107.60908508300781,0.9976325035095215,1003.9417724609375,118.00858306884766,0.9673361778259277
219,966.5521850585938,32.74007797241211,0.9969304203987122,920.6261596679688,66.3785400390625,0.9837680459022522,958.9240112304688,65.022705078125,0.9801969528198242,972.066650390625,72.42903137207031,0.9950986504554749,991.7218627929688,84.43527221679688,0.998852014541626,1011.4405517578125,94.28897857666016,0.9988572597503662,968.664794921875,51.44987106323242,0.9757969379425049,999.818359375,51.038814544677734,0.995276927947998,1032.3367919921875,67.63864135742188,0.982187807559967,946.3867797851562,81.5669174194336,0.9951190948486328,959.0108642578125,107.01237487792969,0.9905789494514465,1003.9417724609375,117.95355224609375,0.9753395915031433
220,966.5001831054688,32.49150466918945,0.9969846606254578,919.994384765625,65.16773223876953,0.9782357215881348,957.1749877929688,65.022705078125,0.9845359921455383,971.8937377929688,72.09239196777344,0.994253933429718,990.7247924804688,84.43527221679688,0.9988672733306885,1010.3289184570312,94.28897857666016,0.9986655712127686,968.2693481445312,51.054447174072266,0.9677216410636902,999.72900390625,51.52587127685547,0.9964356422424316,1029.876708984375,67.63190460205078,0.9922229647636414,945.8402709960938,81.5669174194336,0.9939380884170532,956.5039672851562,106.0783462524414,0.9912791848182678,1003.525390625,117.920166015625,0.9765200614929199
221,966.1783447265625,32.49150466918945,0.996452808380127,919.4974975585938,63.94032669067383,0.976884663105011,955.1904296875,64.79994201660156,0.9862261414527893,970.4395141601562,71.79464721679688,0.9950308799743652,989.9138793945312,84.43527221679688,0.9990047812461853,1009.2025146484375,94.28897857666016,0.9984822869300842,965.283935546875,47.47199249267578,0.9896107912063599,999.72900390625,51.52587127685547,0.9960685968399048,1026.07958984375,66.83710479736328,0.9925792813301086,945.8397827148438,81.5669174194336,0.9947498440742493,955.39990234375,105.9149169921875,0.9956111311912537,1003.2116088867188,117.8160400390625,0.9812102913856506
222,965.53369140625,32.52350616455078,0.9949330687522888,917.1713256835938,63.94032669067383,0.977466881275177,954.9402465820312,63.24581527709961,0.9846819639205933,969.3326416015625,70.943359375,0.9948434829711914,988.9978637695312,83.45894622802734,0.9988860487937927,1008.5886840820312,94.12032318115234,0.9979597330093384,962.1565551757812,45.510738372802734,0.9912221431732178,999.72900390625,52.246124267578125,0.995564877986908,1022.1149291992188,64.04981231689453,0.9921374917030334,945.3407592773438,81.5669174194336,0.9944049119949341,954.702880859375,104.75968933105469,0.9981239438056946,1003.029296875,117.920166015625,0.9656458497047424
223,963.5953979492188,32.52350616455078,0.9906944036483765,915.5440673828125,63.94032669067383,0.9792537689208984,953.4420166015625,62.554534912109375,0.9940440058708191,968.754638671875,69.83470153808594,0.9955814480781555,987.4931640625,82.76827239990234,0.9990134239196777,1007.7403564453125,93.31832122802734,0.9978329539299011,958.621337890625,43.951725006103516,0.9852452874183655,999.72900390625,52.246124267578125,0.9936079978942871,1018.3905639648438,63.10123825073242,0.9925189018249512,944.7396240234375,81.5669174194336,0.9921208620071411,951.7324829101562,104.2184066772461,0.9989487528800964,1002.8603515625,117.935546875,0.9557531476020813
224,961.9378051757812,32.52350616455078,0.9859474897384644,913.0946044921875,64.48770141601562,0.9839823842048645,952.1919555664062,61.72621536254883,0.995895504951477,966.2261962890625,69.71084594726562,0.9983071088790894,986.0113525390625,81.82675170898438,0.9990739822387695,1007.3417358398438,91.77940368652344,0.9988172650337219,957.4526977539062,41.97303771972656,0.985032856464386,1000.1343994140625,51.098995208740234,0.9934552311897278,1014.7162475585938,60.761661529541016,0.9775341749191284,943.5302124023438,81.3096694946289,0.9908708930015564,948.6727294921875,104.15032196044922,0.9995424747467041,1002.7368774414062,117.935546875,0.9707829356193542
225,960.1535034179688,33.08976364135742,0.9719650149345398,910.1265869140625,67.21095275878906,0.9915788173675537,950.414306640625,60.53831481933594,0.9981020092964172,964.1033325195312,69.17877960205078,0.999002993106842,983.88037109375,81.2472152709961,0.9987263083457947,1006.307861328125,90.87969970703125,0.9991403818130493,955.4087524414062,41.97303771972656,0.9862399697303772,1000.3005981445312,51.052276611328125,0.9951521158218384,1009.025390625,55.26310348510742,0.967091977596283,943.267578125,81.3096694946289,0.9875212907791138,945.1044921875,103.95924377441406,0.999281108379364,1002.6975708007812,118.06297302246094,0.9670385718345642
226,951.9431762695312,36.94873809814453,0.9260847568511963,908.8889770507812,70.29861450195312,0.9945383667945862,948.0150146484375,60.24809265136719,0.9982314705848694,962.2327270507812,68.77003479003906,0.99910968542099,982.212890625,80.98552703857422,0.9981027245521545,1005.7237548828125,90.8115005493164,0.9992700219154358,951.6973266601562,41.97303771972656,0.9878160357475281,1000.3005981445312,51.052276611328125,0.9881399869918823,1007.9373168945312,54.54450988769531,0.9820919632911682,942.7782592773438,81.84275817871094,0.9872812628746033,943.1293334960938,103.42683410644531,0.9988600015640259,1002.5746459960938,118.12554168701172,0.9717912673950195
227,948.8602294921875,37.46925354003906,0.9151996970176697,907.91015625,73.0413589477539,0.9894772171974182,945.5968627929688,60.1091194152832,0.9980560541152954,961.3185424804688,68.55035400390625,0.998661994934082,980.8388671875,80.59220123291016,0.9969115853309631,1004.7880859375,90.59720611572266,0.9990832805633545,950.2203369140625,42.444358825683594,0.9876915812492371,1000.3005981445312,50.624549865722656,0.9804819226264954,1005.7671508789062,53.75474548339844,0.9841184616088867,942.7782592773438,80.22566223144531,0.986742377281189,941.5324096679688,103.42683410644531,0.9979695677757263,1002.1333618164062,118.12554168701172,0.9522839188575745
228,942.0009765625,37.46925354003906,0.9413443207740784,907.7115478515625,74.01776123046875,0.9820746779441833,944.527099609375,60.1091194152832,0.9976009726524353,960.4786987304688,68.3233871459961,0.9979301691055298,980.5703735351562,78.56763458251953,0.9973577857017517,1003.7926635742188,89.8237533569336,0.9992414712905884,949.6673583984375,43.40735626220703,0.9841606020927429,1000.3005981445312,48.99960708618164,0.9613291621208191,1004.7760009765625,52.617916107177734,0.9909349083900452,942.7782592773438,80.12867736816406,0.9815815687179565,940.3378295898438,103.42683410644531,0.9968474507331848,1000.2028198242188,118.15419006347656,0.9598029851913452
229,936.80029296875,37.46925354003906,0.9502343535423279,907.54638671875,74.25687408447266,0.9825665354728699,943.7810668945312,60.24809265136719,0.9968830943107605,959.9641723632812,68.21973419189453,0.9969645142555237,979.8185424804688,78.45568084716797,0.9976615905761719,1003.2291259765625,89.43390655517578,0.9992801547050476,948.9172973632812,43.52084732055664,0.9741686582565308,999.9448852539062,48.96890640258789,0.9637814164161682,1004.3875122070312,52.617916107177734,0.99104905128479,942.4808959960938,80.12867736816406,0.9830498099327087,939.4564208984375,102.17686462402344,0.9966493248939514,999.865478515625,118.15419006347656,0.9501804113388062
230,936.074462890625,37.30060577392578,0.9697011113166809,906.6731567382812,74.396728515625,0.9851716756820679,942.3177490234375,60.7625617980957,0.9959242343902588,959.7364501953125,67.95193481445312,0.9957998394966125,978.9034423828125,77.9289779663086,0.998211145401001,1002.5263671875,88.87035369873047,0.9993694424629211,947.3057250976562,43.52084732055664,0.9694052934646606,999.7431640625,48.96890640258789,0.9477248191833496,1003.9432373046875,52.617916107177734,0.9929416179656982,942.3197631835938,79.95982360839844,0.978224515914917,938.39404296875,101.82828521728516,0.9952367544174194,999.8065795898438,118.21857452392578,0.9582217931747437
231,936.074462890625,36.80201721191406,0.9575098752975464,905.8992309570312,74.68260192871094,0.9885320663452148,941.4222412109375,60.7625617980957,0.996099591255188,958.5684204101562,67.77425384521484,0.9972490668296814,977.9007568359375,77.68289184570312,0.9979846477508545,1001.6087036132812,88.5451889038086,0.9993243217468262,947.0365600585938,43.52084732055664,0.9776405096054077,999.6809692382812,48.96890640258789,0.9298480153083801,1003.7186889648438,52.6331787109375,0.9939042925834656,942.4493408203125,79.94735717773438,0.9819705486297607,938.2639770507812,101.67691802978516,0.9964500665664673,999.7830200195312,118.21857452392578,0.9683710336685181
232,936.074462890625,36.76704788208008,0.959741473197937,905.6914672851562,74.75315856933594,0.9895976185798645,940.430419921875,60.7625617980957,0.9963648915290833,957.3114624023438,67.77425384521484,0.9983819723129272,977.1653442382812,77.68289184570312,0.9983123540878296,1001.03369140625,88.2691421508789,0.9993196725845337,945.7671508789062,43.461910247802734,0.9815300107002258,999.6563110351562,49.14952087402344,0.9281165599822998,1003.5484008789062,52.94807434082031,0.9944597482681274,942.4493408203125,79.74824523925781,0.978783369064331,937.3046264648438,101.67691802978516,0.996333122253418,999.576904296875,118.21857452392578,0.9817655086517334
233,947.7387084960938,33.78638458251953,0.9704556465148926,905.3026733398438,74.76531219482422,0.9912039041519165,939.5420532226562,60.472293853759766,0.9961726069450378,956.2115478515625,67.80765533447266,0.9986979961395264,976.8903198242188,77.6356430053711,0.9974192380905151,1000.6874389648438,88.10157775878906,0.9993888139724731,944.5308227539062,42.36122131347656,0.9856268763542175,999.5742797851562,49.52544403076172,0.9342523813247681,1003.0783081054688,53.36018753051758,0.9940654039382935,942.4808959960938,79.46558380126953,0.9782891273498535,936.9652709960938,101.67691802978516,0.9974579215049744,999.421142578125,118.04448699951172,0.9781704545021057
234,948.2816162109375,32.34111785888672,0.9802467823028564,904.5477905273438,76.07759094238281,0.9934279322624207,938.9431762695312,60.2003059387207,0.9965954422950745,955.029052734375,67.80765533447266,0.9988512992858887,976.3173217773438,77.47966003417969,0.9979395270347595,999.447265625,87.6733627319336,0.9996119141578674,944.3947143554688,41.52920913696289,0.9892746806144714,999.0655517578125,50.0029296875,0.9414528012275696,1001.8958129882812,53.7292366027832,0.9946290850639343,942.4493408203125,79.42071533203125,0.971885621547699,936.3890380859375,102.13388061523438,0.9984695315361023,999.3590087890625,117.85578155517578,0.980801522731781
235,948.2816162109375,32.34111785888672,0.9803572297096252,903.998046875,77.08048248291016,0.9937558174133301,938.2811889648438,60.2003059387207,0.9963143467903137,954.7620239257812,67.77425384521484,0.9988231062889099,976.1484375,77.32357025146484,0.9986332058906555,997.8541259765625,87.14459991455078,0.9997723698616028,943.1043701171875,40.217159271240234,0.9884417057037354,997.3159790039062,50.041507720947266,0.9424101710319519,1001.626708984375,53.83403778076172,0.9941934943199158,942.4493408203125,79.01129913330078,0.9648995399475098,935.87109375,103.14555358886719,0.9988916516304016,999.2965698242188,117.5710220336914,0.9740403890609741
236,948.2816162109375,32.34111785888672,0.9860516786575317,902.9149169921875,80.5710220336914,0.9979674220085144,937.2299194335938,60.2003059387207,0.9964873790740967,954.5082397460938,67.01360321044922,0.9986571073532104,975.33837890625,77.11261749267578,0.9989114999771118,995.5783081054688,86.71134948730469,0.9997614026069641,942.2203979492188,40.12947082519531,0.9920414090156555,995.4213256835938,50.14649963378906,0.937285304069519,1001.626708984375,54.529727935791016,0.9928480386734009,942.1199340820312,78.97652435302734,0.9579142928123474,935.494384765625,104.38883972167969,0.999515175819397,999.2215576171875,117.5710220336914,0.9728375673294067
237,944.901123046875,32.34111785888672,0.9690370559692383,901.6260375976562,81.24565124511719,0.9991322159767151,936.972900390625,60.2003059387207,0.9970167875289917,954.1002197265625,66.69536590576172,0.9989745616912842,974.1114501953125,76.73866271972656,0.9990555644035339,994.3876953125,86.27964782714844,0.9997120499610901,940.154052734375,40.217159271240234,0.9946316480636597,990.0211791992188,50.47060012817383,0.9615126848220825,1001.626708984375,55.47478103637695,0.9919792413711548,941.0867309570312,78.66313171386719,0.9349654316902161,935.3587646484375,104.79633331298828,0.9996035695075989,999.0249633789062,117.53011322021484,0.9623330235481262
238,940.1776733398438,31.66977310180664,0.9640374779701233,900.727294921875,81.24565124511719,0.9991878867149353,936.3916015625,60.2003059387207,0.9976792931556702,954.1002197265625,66.64688873291016,0.9989715814590454,973.4112548828125,76.39804077148438,0.998969554901123,993.2261352539062,86.11258697509766,0.9995794892311096,938.5384521484375,40.59342575073242,0.9949865341186523,988.1716918945312,50.47060012817383,0.9786417484283447,1001.626708984375,55.581275939941406,0.9924619793891907,940.74658203125,78.11769104003906,0.931242048740387,935.0906372070312,104.79633331298828,0.9996490478515625,998.6361083984375,117.470458984375,0.9543161392211914
239,938.6057739257812,31.486522674560547,0.9721413850784302,900.2134399414062,81.24565124511719,0.9991216063499451,935.6401977539062,60.18096923828125,0.9985358715057373,953.410400390625,66.219482421875,0.9991589784622192,972.3248291015625,76.17942810058594,0.9988430738449097,992.3540649414062,85.70681762695312,0.9993891716003418,938.2442626953125,40.59342575073242,0.9948191046714783,984.986083984375,50.47060012817383,0.9348310232162476,1001.53076171875,55.581275939941406,0.9954647421836853,939.7566528320312,78.11769104003906,0.9195088744163513,934.9307250976562,104.79633331298828,0.9996508359909058,998.6361083984375,117.36994934082031,0.9486598372459412
240,938.26513671875,31.486522674560547,0.9780433177947998,899.4793701171875,79.92111206054688,0.9987983703613281,935.201904296875,59.80223846435547,0.9988489151000977,952.584228515625,66.09539794921875,0.9993354678153992,971.830078125,76.0278091430664,0.9986714124679565,991.6181640625,83.61463928222656,0.9991713762283325,937.6639404296875,40.760284423828125,0.9944761395454407,981.6547241210938,49.073089599609375,0.980408787727356,1001.7576904296875,55.581275939941406,0.9955600500106812,937.75732421875,78.11769104003906,0.9555515050888062,934.8958129882812,104.57463073730469,0.999643087387085,998.6361083984375,115.298095703125,0.9338410496711731
241,937.359375,31.486522674560547,0.9809999465942383,898.8900756835938,79.92111206054688,0.9987335801124573,934.490966796875,59.34819030761719,0.9991241097450256,950.7130126953125,65.81627655029297,0.9994547963142395,971.4093627929688,76.02579498291016,0.9985993504524231,990.7532348632812,83.20278930664062,0.9992058873176575,937.6639404296875,41.232730865478516,0.9938260912895203,978.6599731445312,47.99950408935547,0.9909868836402893,1001.690673828125,55.54876708984375,0.9962782263755798,936.7826538085938,77.53778076171875,0.9839353561401367,934.72802734375,104.2356185913086,0.9997040629386902,997.98583984375,111.66446685791016,0.9764609336853027
242,936.99267578125,31.220903396606445,0.9811280965805054,898.3942260742188,79.82353973388672,0.9984555244445801,933.7039184570312,58.87079620361328,0.9992684721946716,949.7797241210938,65.81627655029297,0.9994031190872192,971.1773681640625,75.8440933227539,0.9984079003334045,990.0504150390625,82.5924072265625,0.9990781545639038,937.6639404296875,42.064395904541016,0.994739830493927,975.7545776367188,45.06071853637695,0.9945970773696899,1001.690673828125,55.37830352783203,0.9968416690826416,933.5175170898438,77.53778076171875,0.993858277797699,934.52392578125,104.20960998535156,0.999765932559967,997.18896484375,109.75629425048828,0.984281063079834
243,936.5562133789062,31.559688568115234,0.9849987626075745,897.2105712890625,79.72318267822266,0.9978926777839661,932.6459350585938,58.87079620361328,0.9993821382522583,948.3310546875,65.81627655029297,0.9990635514259338,970.1126098632812,75.79077911376953,0.9973670840263367,989.3486328125,82.23649597167969,0.9991094470024109,939.01318359375,43.354557037353516,0.9952296018600464,972.1316528320312,45.040626525878906,0.9948470592498779,1001.7576904296875,55.374385833740234,0.996347963809967,930.234130859375,78.08650207519531,0.9948548078536987,934.39599609375,104.20960998535156,0.9997296929359436,996.6073608398438,107.71271514892578,0.9904454946517944
244,935.8419799804688,31.872859954833984,0.9883081316947937,896.3643798828125,79.6950454711914,0.9961093068122864,930.90576171875,58.87079620361328,0.9992107152938843,946.6238403320312,65.94798278808594,0.9987257122993469,969.1376342773438,75.55742645263672,0.9963656663894653,988.8145751953125,82.23649597167969,0.9990901947021484,939.3729248046875,43.827354431152344,0.9947191476821899,968.2137451171875,44.8017578125,0.9893201589584351,1001.851318359375,55.11172866821289,0.9953908920288086,926.4799194335938,78.08650207519531,0.9864681959152222,934.2618408203125,104.2356185913086,0.9996932744979858,993.9146118164062,106.51900482177734,0.9871633052825928
245,935.4006958007812,32.26076126098633,0.9938644766807556,892.8447265625,78.91297149658203,0.9941733479499817,929.3423461914062,58.98258972167969,0.9988551139831543,944.9625854492188,66.123046875,0.9982523322105408,966.63671875,74.35517120361328,0.9968757629394531,987.824462890625,82.23649597167969,0.9991583824157715,939.3729248046875,44.95275115966797,0.9892753958702087,967.1251220703125,43.86148452758789,0.9961159229278564,1001.851318359375,54.9453239440918,0.9956183433532715,926.3541259765625,78.08650207519531,0.9804347157478333,933.7518920898438,104.2356185913086,0.9996944665908813,991.7888793945312,106.43164825439453,0.9927102327346802
246,934.6196899414062,32.52149200439453,0.9964158535003662,890.7283935546875,78.1000747680664,0.9946660995483398,928.0563354492188,59.19654083251953,0.997848629951477,943.3798828125,66.5804443359375,0.997366726398468,965.6910400390625,74.35517120361328,0.998044490814209,986.9793701171875,82.44805908203125,0.9992330074310303,939.3729248046875,44.96154022216797,0.9841556549072266,963.970458984375,43.50878143310547,0.9976198077201843,1001.851318359375,54.926082611083984,0.9949048757553101,924.36669921875,78.85356140136719,0.9739601612091064,933.3416137695312,104.2195816040039,0.9996269941329956,986.7543334960938,105.83915710449219,0.9758862853050232
247,933.55078125,34.33709716796875,0.9979519248008728,889.7138061523438,78.03370666503906,0.9941509366035461,927.0135498046875,60.8326301574707,0.9980813264846802,943.3638305664062,67.01531982421875,0.9979098439216614,964.5862426757812,74.32978820800781,0.9985108971595764,986.196044921875,82.51689910888672,0.9991024732589722,935.8199462890625,45.46500778198242,0.9803304076194763,961.1220092773438,43.320865631103516,0.996841549873352,1001.5366821289062,54.926082611083984,0.9948639273643494,923.1307983398438,79.3455581665039,0.9617736339569092,932.7371215820312,104.2195816040039,0.9995935559272766,980.7893676757812,105.36685180664062,0.9599769711494446
248,932.494140625,34.33709716796875,0.9975320100784302,889.1594848632812,77.62293243408203,0.9937374591827393,925.646484375,60.8326301574707,0.9985080361366272,941.6470947265625,67.30781555175781,0.9987071752548218,962.8265991210938,74.32978820800781,0.9985185265541077,984.259521484375,82.8257064819336,0.9978997707366943,933.7880859375,45.46500778198242,0.9867335557937622,960.0169677734375,43.320865631103516,0.9980942606925964,1001.4638671875,54.9453239440918,0.9941248297691345,921.2210693359375,79.3455581665039,0.9658747911453247,932.6693115234375,104.21707153320312,0.9995587468147278,975.4264526367188,103.43335723876953,0.941849946975708
249,931.6290893554688,34.33709716796875,0.9970757961273193,888.3773193359375,77.3613052368164,0.9932352900505066,924.8970947265625,60.8326301574707,0.9986302852630615,940.7665405273438,67.30781555175781,0.998783528804779,961.4122924804688,74.35517120361328,0.9981656670570374,983.091552734375,83.1541748046875,0.9987049102783203,933.7880859375,45.57590103149414,0.9888694286346436,958.0418701171875,43.12598419189453,0.9981597065925598,1000.6907958984375,55.04534912109375,0.9927855730056763,919.2135009765625,79.3455581665039,0.9827316403388977,932.2442016601562,104.21707153320312,0.9995362758636475,970.8756713867188,103.2603759765625,0.9866095185279846
250,929.9221801757812,33.85658264160156,0.9935959577560425,887.8867797851562,77.31765747070312,0.9944561123847961,924.1383666992188,60.56122970581055,0.9986993074417114,940.2059326171875,67.30781555175781,0.9988023042678833,960.4623413085938,74.35598754882812,0.9974339604377747,981.9481201171875,83.1541748046875,0.9993027448654175,933.7880859375,45.57590103149414,0.9907564520835876,956.380859375,42.618186950683594,0.9967010617256165,1000.6907958984375,55.179847717285156,0.9930453896522522,917.3331298828125,79.0885238647461,0.987211287021637,932.17236328125,104.21707153320312,0.999495267868042,969.278076171875,102.79596710205078,0.9838860034942627
251,928.7340698242188,33.67728042602539,0.986336350440979,887.224853515625,76.63999938964844,0.9955202341079712,923.6808471679688,60.28658676147461,0.9984900951385498,939.6298217773438,67.1546630859375,0.9986394047737122,960.4186401367188,75.37740325927734,0.9968295693397522,980.4886474609375,83.1541748046875,0.9992497563362122,933.3860473632812,45.57590103149414,0.9885652661323547,953.916748046875,42.42801284790039,0.9923363327980042,1000.6290283203125,55.41948318481445,0.9905676245689392,914.5208740234375,77.7460708618164,0.987466037273407,932.17236328125,104.25369262695312,0.999320387840271,968.3722534179688,101.9596939086914,0.9753992557525635
252,925.5728759765625,33.08287048339844,0.9851040244102478,885.6473388671875,76.28529357910156,0.9971283078193665,923.180419921875,59.995216369628906,0.9983017444610596,938.7584228515625,67.03784942626953,0.9984679818153381,959.1793212890625,75.57649230957031,0.998167872428894,979.1571655273438,82.22529602050781,0.9989221096038818,933.3860473632812,45.364013671875,0.9871349930763245,951.4738159179688,42.10844421386719,0.9844946265220642,1000.6533203125,55.51622772216797,0.9899560213088989,913.647216796875,76.87784576416016,0.9779226779937744,932.17236328125,104.25369262695312,0.9991760849952698,964.32421875,101.03590393066406,0.9593976140022278
253,923.7322998046875,33.08287048339844,0.986312210559845,885.0277099609375,76.28175354003906,0.9973703622817993,922.1185913085938,59.981868743896484,0.9970566034317017,937.3157958984375,66.9407730102539,0.9976757168769836,958.1953125,75.57649230957031,0.9985321760177612,977.9669189453125,81.65657043457031,0.9983148574829102,933.3860473632812,45.171852111816406,0.9921896457672119,951.2503662109375,41.521995544433594,0.9877974390983582,1000.6533203125,55.84114074707031,0.9879639148712158,911.40576171875,75.95903015136719,0.9520436525344849,932.7330932617188,104.25369262695312,0.9990605711936951,962.6774291992188,100.64436340332031,0.9441090226173401
254,923.504638671875,33.08287048339844,0.9887688159942627,884.8076782226562,76.22698211669922,0.9974192380905151,921.7752685546875,59.93505859375,0.9972308278083801,935.3103637695312,66.51990509033203,0.9981665015220642,957.3425903320312,75.57649230957031,0.9989525079727173,976.1433715820312,80.2055892944336,0.9966256618499756,930.480712890625,44.788978576660156,0.993170976638794,950.3726196289062,40.58153533935547,0.9891046285629272,1000.7023315429688,55.97584915161133,0.9867269396781921,910.238037109375,74.5340805053711,0.9288617372512817,934.2171020507812,104.11640930175781,0.9983822107315063,960.2960205078125,100.33245086669922,0.9168592095375061
255,922.0664672851562,33.08287048339844,0.9859490394592285,884.36669921875,76.28175354003906,0.9973636269569397,920.5726318359375,59.40654754638672,0.9982450008392334,933.761962890625,65.89599609375,0.998379111289978,956.3529052734375,75.112548828125,0.998529314994812,975.2008056640625,79.9530258178711,0.9957283139228821,929.8639526367188,44.494632720947266,0.991791844367981,947.7106323242188,40.58153533935547,0.9924869537353516,1001.0618286132812,56.028812408447266,0.983590304851532,909.8546142578125,74.09264373779297,0.9157429337501526,934.2171020507812,104.11640930175781,0.9979656934738159,959.4217529296875,99.77539825439453,0.8830872178077698
256,921.2955932617188,33.27284240722656,0.983064591884613,883.60205078125,76.28175354003906,0.9971994161605835,918.8890991210938,58.695892333984375,0.99808669090271,932.3629760742188,65.40030670166016,0.9979540109634399,954.3995361328125,74.1383285522461,0.9970489144325256,973.1340942382812,78.42889404296875,0.9960684776306152,929.4007568359375,44.30005645751953,0.9875742793083191,946.2269287109375,39.62639236450195,0.9920360445976257,1001.6149291992188,56.16349411010742,0.9778264760971069,908.8988037109375,73.90494537353516,0.9318798184394836,934.2171020507812,104.04727935791016,0.9966785907745361,958.53466796875,99.77539825439453,0.8916555643081665
257,921.0740966796875,33.53219223022461,0.9819775223731995,883.5098876953125,76.22698211669922,0.9973210692405701,918.03271484375,57.960018157958984,0.9978888630867004,932.0038452148438,64.69696807861328,0.9974341988563538,952.77197265625,73.07472229003906,0.9966044425964355,972.0682983398438,77.63310241699219,0.9965529441833496,928.4246215820312,43.87644577026367,0.9830020070075989,945.8644409179688,39.61505889892578,0.9927494525909424,1001.6149291992188,56.18682098388672,0.9705789685249329,908.3203735351562,73.41373443603516,0.9435737133026123,933.9406127929688,103.9533920288086,0.9965751767158508,957.9105834960938,99.77539825439453,0.9070872664451599
258,921.0740966796875,33.53219223022461,0.9761199355125427,883.2655029296875,75.65335083007812,0.997230589389801,917.5242919921875,56.93703842163086,0.9972034692764282,931.614013671875,64.52364349365234,0.9961953163146973,952.4493408203125,71.39911651611328,0.9968910813331604,970.9823608398438,77.19493865966797,0.9952957034111023,928.1268310546875,43.42230987548828,0.9813545346260071,945.63623046875,39.61505889892578,0.9925705790519714,1001.6149291992188,56.2591667175293,0.9657284617424011,907.6474609375,72.35254669189453,0.9595934748649597,933.9406127929688,103.9502944946289,0.9962916374206543,957.0838623046875,100.15451049804688,0.9060817360877991
259,921.0740966796875,33.53219223022461,0.9669634103775024,881.8675537109375,74.42010498046875,0.9961058497428894,916.7181396484375,55.895938873291016,0.9947892427444458,931.2914428710938,63.59653854370117,0.9956918358802795,951.8973388671875,70.82875061035156,0.9975696206092834,969.8368530273438,76.72673797607422,0.9934218525886536,928.0176391601562,42.730133056640625,0.9819689393043518,945.621826171875,39.61505889892578,0.9913219809532166,1001.445068359375,56.37982177734375,0.9574957489967346,907.6474609375,71.02767181396484,0.98208087682724,933.9406127929688,103.6299057006836,0.9958900809288025,956.4562377929688,100.22671508789062,0.9066623449325562
260,921.5132446289062,33.7043571472168,0.9615844488143921,881.3252563476562,71.58078002929688,0.9963590502738953,915.7724609375,55.412803649902344,0.9934602975845337,930.9404907226562,63.131961822509766,0.9948933124542236,951.3379516601562,70.35321807861328,0.9978194236755371,969.1819458007812,76.09912109375,0.9921147227287292,927.859130859375,42.145721435546875,0.9806548357009888,945.3045043945312,41.832191467285156,0.9907941222190857,1001.25146484375,56.37982177734375,0.9396548271179199,906.9786376953125,70.57537841796875,0.9905351996421814,934.472412109375,103.21907043457031,0.9962300658226013,956.056640625,100.24657440185547,0.8996052742004395
261,922.714111328125,34.11518096923828,0.9773889780044556,880.585693359375,69.76068115234375,0.9967129230499268,914.6292114257812,54.81352996826172,0.9946174025535583,930.9404907226562,62.46980667114258,0.9955450296401978,951.3138427734375,70.0245361328125,0.9977008700370789,968.871826171875,75.61373901367188,0.9907801747322083,927.2838745117188,41.95564651489258,0.9738131761550903,945.3045043945312,41.85865020751953,0.9925083518028259,1000.8084716796875,56.37982177734375,0.9640856981277466,905.3710327148438,69.92862701416016,0.9941038489341736,934.6359252929688,103.14527893066406,0.9953023195266724,955.5448608398438,100.24657440185547,0.9011009335517883
262,923.2925415039062,34.11518096923828,0.9675472974777222,880.0552978515625,66.06379699707031,0.9962369203567505,914.5138549804688,53.880367279052734,0.9945617318153381,930.92626953125,62.02828598022461,0.9936177730560303,950.8711547851562,69.85006713867188,0.9973992109298706,968.70947265625,75.33761596679688,0.9907958507537842,927.1939697265625,41.94457244873047,0.9686911702156067,945.1792602539062,41.88652038574219,0.9919816851615906,1000.3465576171875,56.25545883178711,0.971886932849884,904.705078125,68.96849822998047,0.9947620034217834,934.6359252929688,102.54345703125,0.9948192238807678,955.416748046875,100.24657440185547,0.8682225346565247
263,923.2925415039062,34.11518096923828,0.9680187106132507,879.2973022460938,65.36962890625,0.9935144186019897,914.3820190429688,53.5298957824707,0.9950383305549622,930.8306274414062,61.47883987426758,0.9934123158454895,950.8630981445312,69.33573150634766,0.9975029826164246,968.67578125,75.2341079711914,0.9908747673034668,925.9609985351562,41.94457244873047,0.9705190658569336,945.1792602539062,41.85865020751953,0.9897683262825012,997.6024169921875,55.47622299194336,0.9856138825416565,904.5077514648438,68.88368225097656,0.9965985417366028,934.6359252929688,101.06668853759766,0.9934476017951965,955.416748046875,100.07707977294922,0.8801434636116028
264,923.4266967773438,34.11518096923828,0.95224928855896,879.2297973632812,64.50851440429688,0.9912761449813843,914.2078247070312,53.38056564331055,0.9947426319122314,930.7576293945312,61.462677001953125,0.9918481111526489,950.4470825195312,68.98152160644531,0.9974188804626465,968.4144287109375,75.2341079711914,0.989619791507721,925.556884765625,41.94457244873047,0.9736575484275818,945.3045043945312,41.832191467285156,0.9832466244697571,993.8302612304688,54.75659942626953,0.9862411022186279,904.5077514648438,68.7140884399414,0.996399998664856,934.5874633789062,100.0678939819336,0.9934375882148743,955.416748046875,99.5276107788086,0.8370792269706726
265,923.4266967773438,34.46489334106445,0.9569310545921326,878.9739379882812,64.4769287109375,0.9916947484016418,914.1131591796875,53.336769104003906,0.9941565990447998,930.5338745117188,61.39800262451172,0.9911804795265198,950.2533569335938,68.66141510009766,0.997564435005188,968.3914794921875,75.2341079711914,0.9882875084877014,924.8554077148438,41.94457244873047,0.974321722984314,945.8209228515625,41.8272819519043,0.9817792773246765,991.019287109375,52.44075393676758,0.982164740562439,904.5504760742188,68.7140884399414,0.9964375495910645,934.125244140625,98.84674835205078,0.991911768913269,955.5438842773438,99.22288513183594,0.8447232842445374
266,923.256103515625,34.729496002197266,0.957571268081665,878.9415283203125,64.44729614257812,0.9906654357910156,914.0795288085938,53.336769104003906,0.9943763017654419,930.3523559570312,61.04701232910156,0.9918963313102722,950.163818359375,68.51190948486328,0.9975219368934631,968.02587890625,75.14737701416016,0.988690197467804,923.6942138671875,41.5755729675293,0.975898265838623,946.3463134765625,40.819252014160156,0.9753354787826538,985.0269165039062,50.2684211730957,0.9856206178665161,904.5504760742188,68.7140884399414,0.9957935810089111,933.9591674804688,97.53140258789062,0.9866247177124023,955.6891479492188,98.90821838378906,0.8889500498771667
267,922.9989624023438,34.53484344482422,0.9374096393585205,878.4602661132812,64.33026123046875,0.9908491373062134,913.800537109375,53.30757522583008,0.9938826560974121,930.1634521484375,60.88096618652344,0.9923101663589478,950.0818481445312,68.2643051147461,0.9976848363876343,967.5164794921875,75.14737701416016,0.9900985360145569,922.6896362304688,41.529273986816406,0.9765812158584595,946.3662719726562,40.21290588378906,0.9652152061462402,980.5155029296875,49.21886444091797,0.9951480031013489,904.804931640625,68.61805725097656,0.9952526092529297,932.8247680664062,97.53140258789062,0.9809665679931641,955.7843627929688,98.84454345703125,0.886500895023346
268,922.2742309570312,34.53484344482422,0.9134679436683655,878.3761596679688,63.73601150512695,0.9892237186431885,913.1541137695312,53.17134475708008,0.991945207118988,929.4205932617188,60.831817626953125,0.990199625492096,949.7171020507812,68.20034790039062,0.9979693293571472,967.5164794921875,74.9337387084961,0.9929805397987366,919.9297485351562,40.852352142333984,0.9772101044654846,946.7860717773438,40.09447479248047,0.9467899203300476,976.5471801757812,47.874393463134766,0.9864380359649658,904.804931640625,68.73336791992188,0.9925105571746826,929.5787353515625,97.53140258789062,0.9403073787689209,955.7843627929688,98.84454345703125,0.8529380559921265
269,922.0701904296875,34.53484344482422,0.9063223600387573,878.1658325195312,61.899620056152344,0.9717296957969666,912.8146362304688,53.09009552001953,0.9910098314285278,929.167236328125,60.82078552246094,0.9892460703849792,949.664306640625,67.64434814453125,0.9980912804603577,967.5164794921875,74.44178009033203,0.9923807978630066,918.6800537109375,40.78765869140625,0.9871542453765869,946.7860717773438,40.141090393066406,0.9054155349731445,972.6752319335938,45.84661865234375,0.9939479827880859,904.9361572265625,68.81282806396484,0.986370861530304,926.554931640625,99.38592529296875,0.9382117986679077,955.6891479492188,98.90821838378906,0.7963371872901917
270,919.1079711914062,34.2296257019043,0.9021161198616028,876.9966430664062,61.53578567504883,0.9712474346160889,912.23779296875,53.09009552001953,0.9902886152267456,928.7955322265625,60.41740417480469,0.9885748028755188,948.4723510742188,66.86473846435547,0.9978312849998474,967.4664916992188,73.98136901855469,0.9954760670661926,918.0670776367188,40.467132568359375,0.9883409142494202,946.8822631835938,40.141090393066406,0.9359874725341797,971.4910888671875,44.82693862915039,0.9952012300491333,904.9361572265625,68.86724090576172,0.9872806668281555,924.9078979492188,101.49169921875,0.9694483876228333,955.6178588867188,99.14301300048828,0.8544691205024719
271,917.8529052734375,34.2296257019043,0.966018795967102,876.2625732421875,61.53578567504883,0.9729414582252502,911.67333984375,53.09009552001953,0.9867817759513855,928.19970703125,60.37111282348633,0.9869164228439331,947.7523193359375,66.40351867675781,0.998062789440155,967.4664916992188,73.08070373535156,0.99764084815979,914.8751831054688,39.91231155395508,0.9929705262184143,946.8822631835938,40.141090393066406,0.9650241136550903,969.9019775390625,44.73600387573242,0.9946479201316833,904.9361572265625,70.36531829833984,0.9805922508239746,920.60986328125,101.49169921875,0.9815188646316528,955.5530395507812,99.22686004638672,0.8581309914588928
272,914.784912109375,34.2296257019043,0.9761847257614136,875.67919921875,61.53578567504883,0.9785417914390564,911.0176391601562,53.16469955444336,0.9881336092948914,927.5540771484375,60.20607376098633,0.9835180044174194,946.3284301757812,66.36039733886719,0.9974222183227539,967.0755004882812,72.57475280761719,0.9988190531730652,912.1338500976562,39.7523307800293,0.9881872534751892,946.8822631835938,40.22179412841797,0.9728005528450012,967.2222900390625,44.187164306640625,0.988654375076294,905.7596435546875,70.94430541992188,0.9781786799430847,918.020751953125,101.49169921875,0.9912673830986023,955.5530395507812,99.2444839477539,0.8655009865760803
273,911.1608276367188,34.58218765258789,0.9459591507911682,874.2139282226562,64.18402099609375,0.9938592314720154,910.3831787109375,53.843692779541016,0.9888764023780823,926.5640869140625,60.173622131347656,0.9884402751922607,944.807861328125,66.12615203857422,0.9967882633209229,966.3878173828125,71.75826263427734,0.9993688464164734,909.7693481445312,39.7523307800293,0.9884002208709717,946.4954833984375,41.71478271484375,0.9710341691970825,965.86767578125,41.5038948059082,0.9912616014480591,906.6243286132812,70.94430541992188,0.9685636758804321,914.7626342773438,101.48390197753906,0.9930885434150696,955.5530395507812,99.35209655761719,0.8872884511947632
274,904.4313354492188,34.848655700683594,0.9517098069190979,872.2554321289062,66.26814270019531,0.9960124492645264,910.1713256835938,54.935218811035156,0.991289496421814,925.4493408203125,60.173622131347656,0.9932552576065063,944.2958984375,65.7281494140625,0.9969556331634521,965.1573486328125,71.51821899414062,0.9993361830711365,907.421875,39.7523307800293,0.9902395009994507,946.2922973632812,41.71478271484375,0.9781452417373657,965.3493041992188,41.16033935546875,0.9924131035804749,906.9595947265625,70.99186706542969,0.9587181210517883,912.9238891601562,101.3902816772461,0.9934758543968201,955.5639038085938,99.89134979248047,0.9168936610221863
275,900.5162353515625,35.851593017578125,0.9023644328117371,871.96484375,66.62108612060547,0.9970961809158325,907.90673828125,55.33647918701172,0.9939029216766357,923.4534912109375,59.879520416259766,0.9943252205848694,943.1683349609375,65.65692138671875,0.9989588260650635,964.1722412109375,71.51821899414062,0.9992863535881042,905.2086791992188,39.7523307800293,0.9931788444519043,946.2223510742188,41.71478271484375,0.9733672142028809,964.4841918945312,40.75926971435547,0.9933225512504578,907.7373657226562,70.94430541992188,0.9560834169387817,912.3338623046875,99.8148422241211,0.9971112012863159,955.5639038085938,100.34466552734375,0.952999472618103
276,891.4115600585938,36.947513580322266,0.92659991979599,868.9476318359375,69.16426849365234,0.9973512887954712,906.0863647460938,55.33647918701172,0.9951830506324768,922.3905029296875,59.75466537475586,0.99703049659729,942.327392578125,65.64399719238281,0.9995900988578796,963.5823974609375,71.51821899414062,0.9992352724075317,903.701904296875,39.7523307800293,0.9918704032897949,943.9739990234375,40.657413482666016,0.9810702800750732,963.7979736328125,39.88093185424805,0.9940453767776489,907.7373657226562,70.94430541992188,0.9628044366836548,911.8099365234375,99.22815704345703,0.9985068440437317,955.5639038085938,100.77822875976562,0.9698571562767029
277,886.7152709960938,36.947513580322266,0.9589765667915344,866.8113403320312,70.74942779541016,0.9956249594688416,902.97509765625,54.935218811035156,0.9955417513847351,920.2393188476562,59.70893478393555,0.9985104203224182,940.9584350585938,65.65692138671875,0.9997367262840271,962.3386840820312,71.42784118652344,0.9990290403366089,901.0978393554688,39.25164794921875,0.9906557202339172,941.60107421875,37.907958984375,0.9867324233055115,963.4630737304688,39.66158676147461,0.9936628341674805,907.7373657226562,70.99186706542969,0.9491939544677734,911.8099365234375,99.02378845214844,0.9984449744224548,955.2568969726562,101.37818908691406,0.9727737903594971
278,886.7152709960938,36.947513580322266,0.943320631980896,861.6014404296875,71.00557708740234,0.9954343438148499,900.1568603515625,55.043922424316406,0.9976831674575806,917.2720947265625,59.879520416259766,0.9982520937919617,938.994873046875,65.7281494140625,0.9997722506523132,960.9240112304688,71.53626251220703,0.9983646273612976,897.2263793945312,38.04194641113281,0.9950639605522156,941.3421020507812,37.433841705322266,0.988422691822052,962.9935913085938,39.430580139160156,0.9942253232002258,903.5872802734375,72.48539733886719,0.9445834159851074,911.5140991210938,99.02378845214844,0.9987329840660095,955.076171875,101.54931640625,0.9755768775939941
279,886.7152709960938,35.739715576171875,0.9178761839866638,858.4638061523438,71.02924346923828,0.9986491799354553,897.1890869140625,55.043922424316406,0.9968760013580322,914.3867797851562,59.879520416259766,0.9970954656600952,936.87841796875,65.9232406616211,0.9997108578681946,958.8628540039062,71.6489028930664,0.9988370537757874,893.7503662109375,37.8220329284668,0.9963366985321045,941.0369262695312,37.42142105102539,0.9926618337631226,962.6513671875,39.430580139160156,0.9954764246940613,902.025390625,73.51266479492188,0.9709152579307556,911.5018310546875,99.02378845214844,0.9992557168006897,954.8272705078125,102.50091552734375,0.9854904413223267
280,887.7200317382812,34.67937088012695,0.9064638614654541,856.2481689453125,72.95539855957031,0.9978688955307007,894.6632080078125,55.043922424316406,0.993123471736908,911.6513671875,60.63167190551758,0.9946085214614868,934.8399047851562,66.17601776123047,0.9990634322166443,956.7093505859375,71.8746109008789,0.9994057416915894,892.4303588867188,37.69953536987305,0.9974658489227295,939.290283203125,37.4119873046875,0.9957041144371033,962.6513671875,39.430580139160156,0.995025098323822,900.3621826171875,74.35237121582031,0.971095085144043,911.104248046875,100.1958236694336,0.9993060827255249,954.7490234375,102.50091552734375,0.9827289581298828
281,890.4406127929688,30.95000457763672,0.9270000457763672,855.9237060546875,74.16101837158203,0.9979593753814697,892.7708129882812,55.957000732421875,0.9945808053016663,909.53125,60.785362243652344,0.9966591596603394,931.7128295898438,66.80306243896484,0.9993773102760315,954.6036376953125,72.5513916015625,0.9993388056755066,889.4161376953125,37.69953536987305,0.9973159432411194,938.297119140625,37.39578628540039,0.997225284576416,959.5723266601562,39.430580139160156,0.9951937794685364,900.2216796875,75.08014678955078,0.9650896191596985,910.8031005859375,101.23129272460938,0.9993288516998291,954.4332885742188,102.50091552734375,0.9756774306297302
282,890.7147216796875,29.868896484375,0.9531616568565369,854.92138671875,74.91790771484375,0.9987977743148804,890.7343139648438,56.299224853515625,0.9938479065895081,907.0831909179688,61.14900207519531,0.9966760873794556,929.2451782226562,67.14471435546875,0.9992151260375977,952.9848022460938,72.86125946044922,0.9987019300460815,888.10791015625,37.69953536987305,0.9966846108436584,937.170654296875,37.39578628540039,0.9977815747261047,959.3970336914062,39.53818893432617,0.9941721558570862,899.858642578125,75.66352081298828,0.9671337604522705,910.4387817382812,101.71282958984375,0.9993102550506592,952.6481323242188,102.42967987060547,0.9814631938934326
283,890.7581176757812,29.80173110961914,0.9726062417030334,854.3269653320312,75.56890869140625,0.9990665316581726,889.2440795898438,57.22636413574219,0.9937788844108582,906.9100952148438,62.37471389770508,0.9984666109085083,929.101806640625,67.38623046875,0.999451220035553,951.8758544921875,72.86125946044922,0.9990826845169067,887.759033203125,37.8220329284668,0.9965895414352417,935.95751953125,37.4119873046875,0.9966524243354797,959.2342529296875,39.66440963745117,0.9926996827125549,899.605712890625,75.76502227783203,0.9626972675323486,910.2323608398438,102.5302963256836,0.9991476535797119,952.4541625976562,102.42967987060547,0.9838152527809143
284,890.7147216796875,29.662830352783203,0.981151282787323,853.2338256835938,76.64966583251953,0.9991970658302307,887.656982421875,57.776588439941406,0.9976378679275513,905.5309448242188,63.23521423339844,0.9990822076797485,927.5391845703125,67.89385986328125,0.9997777342796326,949.3073120117188,73.28022766113281,0.999329686164856,887.4149780273438,37.917320251464844,0.9948561191558838,935.8516235351562,39.507408142089844,0.9965733289718628,959.2342529296875,39.66440963745117,0.9903295040130615,896.7513427734375,76.03533935546875,0.9482199549674988,910.1375732421875,103.0540771484375,0.9988620281219482,952.21875,102.34477233886719,0.9817609190940857
285,890.4406127929688,29.37449073791504,0.9805017113685608,851.977783203125,77.6866683959961,0.9993158578872681,886.121337890625,57.776588439941406,0.9985982775688171,903.886962890625,63.23521423339844,0.9992097616195679,925.9605712890625,68.2158432006836,0.9998396635055542,946.4293212890625,73.3380355834961,0.9993682503700256,886.6992797851562,37.917320251464844,0.9952231049537659,935.7211303710938,39.59144592285156,0.9957942962646484,959.2342529296875,39.81591033935547,0.9885121583938599,894.651123046875,76.64340209960938,0.9039533734321594,910.0768432617188,103.0540771484375,0.9989247918128967,952.1136474609375,102.42967987060547,0.9818258285522461
286,889.9761352539062,29.37449073791504,0.9852554798126221,850.9293212890625,77.6866683959961,0.9992675185203552,885.0689697265625,57.776588439941406,0.9989521503448486,902.5325927734375,63.29450988769531,0.999022364616394,924.7546997070312,68.78894805908203,0.9998388290405273,944.815185546875,73.3380355834961,0.9990701079368591,886.3850708007812,38.05310821533203,0.995238184928894,934.7662353515625,39.766422271728516,0.9960915446281433,959.4379272460938,40.158138275146484,0.987357497215271,888.8948364257812,76.64340209960938,0.9675659537315369,909.7874755859375,103.0540771484375,0.9991011619567871,951.8311157226562,102.42967987060547,0.9841474294662476
287,889.1301879882812,29.254018783569336,0.9915210008621216,850.5921630859375,77.6866683959961,0.9991602897644043,883.809326171875,57.58351135253906,0.9989792108535767,901.663330078125,63.543697357177734,0.9991204142570496,923.6470336914062,69.11978149414062,0.9997925162315369,943.6900634765625,72.9937973022461,0.9986549615859985,885.6873168945312,38.05310821533203,0.9966337084770203,933.9828491210938,39.766422271728516,0.9961511492729187,959.636962890625,40.310054779052734,0.9863743782043457,886.8806762695312,76.11956787109375,0.9842656850814819,909.7420043945312,102.99505615234375,0.9991231560707092,951.4962768554688,102.32422637939453,0.9811398983001709
288,888.486572265625,29.254018783569336,0.9940130114555359,850.5829467773438,76.96705627441406,0.9989575147628784,882.9229125976562,57.54740905761719,0.998867392539978,900.7557373046875,63.29450988769531,0.9990583062171936,922.848388671875,69.11978149414062,0.9997555613517761,943.6286010742188,72.9937973022461,0.9982491731643677,884.6351928710938,37.7215690612793,0.9966346621513367,931.6282348632812,39.766422271728516,0.9950359463691711,959.9374389648438,40.82980728149414,0.9832084774971008,884.785400390625,76.09606170654297,0.9866365790367126,909.603759765625,102.82223510742188,0.9989925026893616,951.4690551757812,101.86585235595703,0.980943500995636
289,887.4964599609375,29.254018783569336,0.9890724420547485,850.4577026367188,75.70912170410156,0.9985024929046631,882.1047973632812,57.54740905761719,0.998431384563446,899.49462890625,63.19630432128906,0.9987412095069885,922.1444091796875,69.11978149414062,0.9997637867927551,943.458251953125,72.15753173828125,0.9984367489814758,882.2695922851562,37.69060134887695,0.9973461627960205,929.21875,39.50589370727539,0.9964773058891296,960.5219116210938,40.82980728149414,0.9791977405548096,882.16162109375,76.09606170654297,0.9898146390914917,909.3650512695312,102.67576599121094,0.999007523059845,951.1908569335938,101.77686309814453,0.9743752479553223
290,884.8245849609375,31.7468318939209,0.9835009574890137,850.163330078125,74.27900695800781,0.9972732663154602,881.3613891601562,57.58351135253906,0.9980645775794983,898.352294921875,63.19630432128906,0.9975528120994568,921.4949340820312,68.88756561279297,0.9997207522392273,943.25830078125,71.61236572265625,0.9988769888877869,879.5841674804688,37.7215690612793,0.9975876808166504,926.5997924804688,37.956703186035156,0.9956744313240051,960.558837890625,40.82980728149414,0.9794127941131592,879.7410278320312,75.48078918457031,0.9908700585365295,908.7843017578125,102.12027740478516,0.9992765784263611,950.9925537109375,101.50611877441406,0.9759944677352905
291,883.3423461914062,31.7737979888916,0.9717046618461609,849.5767211914062,74.27900695800781,0.9953722357749939,880.9752197265625,57.5917854309082,0.9970322847366333,897.0816040039062,63.01760482788086,0.9962949156761169,920.8554077148438,68.55061340332031,0.9996682405471802,942.9356689453125,71.28484344482422,0.9990981817245483,878.83056640625,37.7215690612793,0.9971350431442261,924.062255859375,37.956703186035156,0.995794415473938,960.6181030273438,40.76044845581055,0.9823723435401917,876.7866821289062,75.48078918457031,0.9914615154266357,908.7742919921875,101.8830337524414,0.9992620348930359,950.952880859375,101.28496551513672,0.9730701446533203
292,881.6903686523438,31.7737979888916,0.9544158577919006,848.404296875,74.27900695800781,0.9949368238449097,880.5584106445312,58.83107376098633,0.9968615770339966,896.4066772460938,63.01087951660156,0.9964409470558167,920.8418579101562,68.55061340332031,0.9995564818382263,942.5023193359375,70.97553253173828,0.9991590976715088,878.83056640625,38.67192840576172,0.9963622689247131,920.9180908203125,37.956703186035156,0.992980420589447,960.65673828125,40.748809814453125,0.9850319623947144,874.6678466796875,75.48078918457031,0.9906681180000305,908.7028198242188,101.55379486083984,0.9993119239807129,950.922607421875,101.1103744506836,0.963018536567688
293,878.3939819335938,31.7468318939209,0.9429096579551697,845.7056274414062,74.8914566040039,0.996650755405426,880.035888671875,59.03512191772461,0.9978359341621399,895.4148559570312,63.01087951660156,0.9946156144142151,920.6026611328125,68.54217529296875,0.9994829893112183,942.141845703125,70.95497131347656,0.9990894794464111,878.83056640625,39.903602600097656,0.9949217438697815,916.4426879882812,40.16001510620117,0.9950634837150574,960.65673828125,40.748809814453125,0.9884338974952698,873.3123779296875,75.87101745605469,0.9886206984519958,908.7742919921875,101.36518096923828,0.9993140697479248,950.8619384765625,100.60370635986328,0.9689480662345886
294,874.2478637695312,31.7468318939209,0.9572482705116272,845.7056274414062,77.4413070678711,0.9970518350601196,879.2384643554688,59.27861785888672,0.9981958270072937,894.9021606445312,63.01760482788086,0.9949809908866882,920.51904296875,68.50604248046875,0.9996243715286255,941.611328125,70.90628814697266,0.9991395473480225,879.7421264648438,40.030250549316406,0.9948957562446594,913.7919311523438,40.16001510620117,0.9940047860145569,962.8236083984375,40.625240325927734,0.9900258779525757,873.0817260742188,79.1871109008789,0.9853376746177673,908.7742919921875,101.36518096923828,0.9993243217468262,950.60791015625,100.1246337890625,0.9732776284217834
295,872.6253662109375,31.926761627197266,0.9769256114959717,845.7056274414062,81.90055847167969,0.9988019466400146,878.8729858398438,59.63978958129883,0.9984839558601379,894.6349487304688,63.3143310546875,0.996384859085083,920.4859008789062,68.50604248046875,0.9997021555900574,941.24560546875,70.60487365722656,0.9992639422416687,880.2631225585938,40.126914978027344,0.9936302304267883,911.695556640625,40.16001510620117,0.9926114678382874,963.0467529296875,40.56068420410156,0.9895426034927368,871.81005859375,79.18759155273438,0.9737843871116638,908.7028198242188,101.31171417236328,0.9993414282798767,950.5731201171875,99.79591369628906,0.9700703024864197
296,871.897216796875,31.926761627197266,0.9873008728027344,846.4784545898438,84.00617980957031,0.9988590478897095,878.34716796875,59.69835662841797,0.9987422823905945,894.5592041015625,63.3890495300293,0.9971950054168701,919.73974609375,68.50604248046875,0.999733030796051,940.6004028320312,70.2886962890625,0.9992517828941345,881.7811889648438,41.269004821777344,0.9939365983009338,909.2222290039062,37.31639099121094,0.9949232935905457,963.0467529296875,40.699554443359375,0.9900597333908081,871.7538452148438,79.35518646240234,0.9735788106918335,908.7017211914062,101.30635833740234,0.9993730187416077,950.4069213867188,98.52391815185547,0.9736402630805969
297,870.8880004882812,32.007911682128906,0.9939696788787842,846.6856689453125,86.24874877929688,0.9984261989593506,877.8471069335938,59.703453063964844,0.998782217502594,894.3369750976562,63.44364929199219,0.9972848892211914,919.3887329101562,68.3837661743164,0.999748170375824,940.0968017578125,69.93389892578125,0.9992901086807251,881.8908081054688,41.82773971557617,0.9932383298873901,907.5437622070312,37.31639099121094,0.99681156873703,962.9639282226562,40.699554443359375,0.9887179136276245,869.6973266601562,79.35518646240234,0.9809731245040894,908.6472778320312,101.25505065917969,0.9995375871658325,949.9164428710938,97.56610107421875,0.9767938852310181
298,869.9866333007812,32.65300369262695,0.9961668848991394,846.823974609375,86.3578109741211,0.9980558156967163,877.1901245117188,59.866031646728516,0.9988030195236206,893.7745361328125,63.44364929199219,0.9976715445518494,918.6187133789062,68.3837661743164,0.999763548374176,939.4501342773438,69.58629608154297,0.999311089515686,883.2604370117188,42.55714416503906,0.9939299821853638,904.8529663085938,37.3087043762207,0.996141254901886,962.9691162109375,40.699554443359375,0.9883466362953186,868.6876831054688,79.35518646240234,0.9828310012817383,908.5946044921875,101.11153411865234,0.9995812773704529,949.0664672851562,96.77391815185547,0.9788364768028259
299,869.9866333007812,32.89624786376953,0.9967384934425354,846.823974609375,86.3578109741211,0.9976205229759216,876.7197875976562,59.92069625854492,0.9986284971237183,893.1549682617188,63.46345520019531,0.997867226600647,917.5696411132812,68.3837661743164,0.9997629523277283,938.993896484375,69.58629608154297,0.9992949962615967,883.3018798828125,43.051021575927734,0.9924885034561157,902.6817626953125,37.3087043762207,0.9965685606002808,962.9639282226562,40.79911804199219,0.9883909225463867,867.7440795898438,79.21577453613281,0.9827638864517212,908.5143432617188,100.92701721191406,0.9995879530906677,946.9617309570312,96.66661071777344,0.9793484210968018
300,869.9866333007812,32.98628234863281,0.9966828227043152,846.6856689453125,86.3578109741211,0.9976615905761719,876.197998046875,59.92069625854492,0.9982942938804626,892.6431274414062,63.659393310546875,0.9977059364318848,916.8355712890625,68.51221466064453,0.9997513890266418,938.5125732421875,69.58629608154297,0.9992314577102661,883.3018798828125,43.051021575927734,0.9930618405342102,900.9765014648438,37.46453094482422,0.9979745745658875,962.9025268554688,40.86870193481445,0.9903333783149719,867.3502807617188,78.69631958007812,0.9851515889167786,908.3408813476562,100.3660659790039,0.999653697013855,943.62353515625,96.45892333984375,0.9634753465652466
301,870.31005859375,33.04127502441406,0.9963076114654541,846.6363525390625,86.27986145019531,0.9972540736198425,875.2488403320312,60.08027267456055,0.9979252815246582,892.2963256835938,63.659393310546875,0.9976897239685059,916.2045288085938,68.51221466064453,0.999728262424469,938.1331176757812,70.05343627929688,0.9993165731430054,883.2604370117188,43.051021575927734,0.9927040338516235,899.6827392578125,37.487831115722656,0.9986832737922668,962.7618408203125,40.99525833129883,0.9917267560958862,866.3953247070312,77.99591827392578,0.9831722974777222,908.2933349609375,100.3660659790039,0.9996379613876343,939.06494140625,95.9905014038086,0.9525185227394104
302,870.9421997070312,33.16525650024414,0.9927632212638855,846.5065307617188,86.11419677734375,0.99737548828125,874.61083984375,60.15802764892578,0.9959678649902344,890.2130126953125,63.659393310546875,0.9973551034927368,915.38330078125,68.51221466064453,0.9996392726898193,937.6528930664062,70.15654754638672,0.9991804957389832,881.6764526367188,42.61441421508789,0.9918739199638367,896.4823608398438,37.46453094482422,0.998115062713623,962.7618408203125,41.040645599365234,0.9927423000335693,863.8447265625,77.09932708740234,0.9801205992698669,908.2933349609375,100.3660659790039,0.999622106552124,933.774658203125,95.76387786865234,0.9827318787574768
303,871.0321655273438,33.16525650024414,0.9875491857528687,846.4215698242188,85.63446807861328,0.9966552257537842,874.1770629882812,60.580379486083984,0.9944263696670532,890.0660400390625,63.41477966308594,0.9958029389381409,914.3802490234375,68.46273040771484,0.9995182752609253,936.8109130859375,71.8357925415039,0.9992478489875793,881.4984130859375,42.419097900390625,0.988153874874115,894.8267822265625,37.71312713623047,0.9973680377006531,962.7618408203125,41.21207046508789,0.9899660348892212,862.4395751953125,77.0481948852539,0.9673448204994202,908.3408813476562,100.57792663574219,0.9993206262588501,923.9100952148438,93.24742126464844,0.9919478297233582
304,871.46240234375,33.16525650024414,0.9815929532051086,845.32958984375,85.63446807861328,0.9975001215934753,873.736328125,60.72068405151367,0.9953629970550537,889.4840698242188,63.41477966308594,0.9966818690299988,913.3871459960938,67.97947692871094,0.9994144439697266,935.3505859375,72.1432876586914,0.9994670748710632,880.9677124023438,42.36745834350586,0.9846893548965454,894.8267822265625,38.123687744140625,0.9974194765090942,962.7618408203125,41.416316986083984,0.9880742430686951,862.376708984375,77.0481948852539,0.9693084955215454,908.3698120117188,100.71165466308594,0.9991229176521301,922.0155029296875,93.24742126464844,0.9869128465652466
305,872.7796630859375,33.116336822509766,0.9755639433860779,844.176025390625,85.63446807861328,0.9981175661087036,873.2723388671875,60.72175979614258,0.9962273836135864,889.0276489257812,63.41477966308594,0.9971725344657898,912.5130615234375,67.97947692871094,0.9995848536491394,933.658935546875,72.1557388305664,0.9994686245918274,880.5602416992188,42.36745834350586,0.9838117957115173,894.8267822265625,38.31977462768555,0.9977791905403137,962.7071533203125,41.425907135009766,0.9872920513153076,862.2030639648438,77.0481948852539,0.9808411002159119,908.5215454101562,101.0671615600586,0.998663067817688,921.2582397460938,93.24742126464844,0.9806330800056458
306,872.7796630859375,33.116336822509766,0.9823656678199768,842.0733032226562,87.29708862304688,0.9983952641487122,872.8939819335938,60.72068405151367,0.9973057508468628,888.6620483398438,63.27080535888672,0.997821569442749,911.5776977539062,67.92874145507812,0.99972003698349,932.21826171875,72.22796630859375,0.999221682548523,880.2304077148438,42.419097900390625,0.9839441776275635,894.8267822265625,38.453773498535156,0.9981096982955933,961.2357177734375,41.49505615234375,0.9851034283638,861.717041015625,76.83332824707031,0.9821600317955017,908.5215454101562,101.6938247680664,0.9981054067611694,921.2488403320312,93.4829330444336,0.9788815975189209
307,872.7796630859375,33.116336822509766,0.9793607592582703,841.281494140625,88.61439514160156,0.9980624318122864,872.3649291992188,60.580379486083984,0.9975965619087219,888.3599243164062,63.27080535888672,0.9979856014251709,911.1231079101562,67.97947692871094,0.9997299313545227,931.7322998046875,72.22796630859375,0.9990507960319519,879.872314453125,42.752811431884766,0.9846678376197815,894.8941650390625,38.454437255859375,0.9982507824897766,960.8524780273438,41.82484436035156,0.9853042960166931,861.6453247070312,76.79298400878906,0.9832014441490173,908.5215454101562,101.81336212158203,0.9978736639022827,921.2110595703125,93.84127044677734,0.9798527956008911
308,872.129638671875,33.116336822509766,0.9797986745834351,840.1464233398438,88.61439514160156,0.9963899254798889,871.4164428710938,60.44003677368164,0.9977164268493652,887.8033447265625,63.27080535888672,0.9981074333190918,910.6719360351562,67.9869384765625,0.9997654557228088,931.1683959960938,72.22796630859375,0.9989689588546753,879.8377075195312,42.977027893066406,0.9812406897544861,894.8941650390625,38.736572265625,0.9980862140655518,960.7590942382812,42.379173278808594,0.9853951930999756,861.03759765625,76.6279525756836,0.9813318252563477,908.3617553710938,102.00383758544922,0.9975711703300476,921.2110595703125,94.47130584716797,0.9847748875617981
309,871.4519653320312,33.116336822509766,0.9849846363067627,839.451416015625,88.61439514160156,0.9964889287948608,870.5418701171875,59.8653678894043,0.9980921149253845,887.19140625,63.27080535888672,0.9984898567199707,909.8840942382812,68.05231475830078,0.9997764229774475,930.3866577148438,72.1698226928711,0.9988780617713928,879.621337890625,43.3228759765625,0.9810880422592163,894.8941650390625,38.736572265625,0.9978972673416138,960.6627807617188,42.83213424682617,0.9863075613975525,861.03759765625,76.46754455566406,0.978417158126831,908.0426025390625,102.17082214355469,0.9969574213027954,920.90234375,94.6526870727539,0.985109806060791
310,871.399658203125,32.6875,0.990500807762146,839.32080078125,86.80555725097656,0.9982078075408936,870.0657348632812,59.76776123046875,0.9984404444694519,886.4511108398438,63.27080535888672,0.9985184073448181,908.6731567382812,68.08484649658203,0.9998119473457336,929.3141479492188,72.0819091796875,0.9983685612678528,879.26806640625,44.3923454284668,0.9753609895706177,894.8941650390625,38.83943176269531,0.99826979637146,959.5047607421875,43.898223876953125,0.9852278232574463,861.03759765625,75.5294189453125,0.9763853549957275,907.6031494140625,102.22716522216797,0.9955739974975586,920.0723876953125,94.6727066040039,0.986213207244873
311,871.3134155273438,32.082305908203125,0.9943912625312805,838.025146484375,86.47933959960938,0.9990934133529663,869.4153442382812,59.76776123046875,0.998828113079071,885.5985717773438,63.69658660888672,0.998675525188446,907.6307983398438,68.27069854736328,0.9998296499252319,929.2967529296875,71.5374526977539,0.9976162910461426,879.26806640625,45.28926467895508,0.9798577427864075,895.1229858398438,38.736572265625,0.9984040856361389,957.4440307617188,44.23202133178711,0.9880236387252808,860.9528198242188,75.5294189453125,0.980488657951355,907.250244140625,102.31692504882812,0.9949586987495422,919.6817016601562,94.98055267333984,0.9875673055648804
312,870.6795043945312,32.082305908203125,0.9956405162811279,836.7699584960938,86.47933959960938,0.9992183446884155,868.7412719726562,59.76776123046875,0.9991325736045837,885.2142333984375,63.98081588745117,0.9985571503639221,906.7393188476562,68.60215759277344,0.9997666478157043,928.603271484375,71.38455200195312,0.9982276558876038,879.26806640625,45.91964340209961,0.9726566076278687,895.1229858398438,38.736572265625,0.9982265830039978,955.763671875,44.342594146728516,0.9893426895141602,860.9528198242188,75.5294189453125,0.9784932732582092,907.0346069335938,102.61151885986328,0.9931755661964417,919.1331787109375,95.16525268554688,0.9850587844848633
313,868.1339721679688,31.881362915039062,0.9957969188690186,835.4720458984375,86.47933959960938,0.9992071986198425,867.4917602539062,59.886653900146484,0.9990863800048828,883.4192504882812,65.34281158447266,0.9982380867004395,906.232421875,68.86410522460938,0.9997432827949524,928.0388793945312,71.36441040039062,0.9981259703636169,878.3853149414062,45.91964340209961,0.9760627150535583,895.1229858398438,38.85051727294922,0.9975513815879822,954.9733276367188,44.53194808959961,0.9891771674156189,860.9528198242188,76.1475601196289,0.9762159585952759,906.4426879882812,102.61151885986328,0.9867250919342041,917.3258056640625,96.44815826416016,0.9849609136581421
314,866.8749389648438,31.768802642822266,0.9948325157165527,834.9021606445312,88.0250244140625,0.9990301132202148,866.3643798828125,60.046409606933594,0.9988111257553101,882.4088745117188,65.42167663574219,0.9983392953872681,905.6959838867188,68.97846221923828,0.9996979236602783,927.327880859375,71.2945327758789,0.9980973601341248,877.3983154296875,45.91964340209961,0.9809752702713013,895.057861328125,38.85051727294922,0.9968523383140564,954.12158203125,44.342594146728516,0.9887118339538574,859.9885864257812,76.1475601196289,0.983635663986206,906.030517578125,102.61151885986328,0.9864896535873413,917.2341918945312,96.50198364257812,0.9873641133308411
315,866.1654052734375,31.70646858215332,0.9966402053833008,834.7094116210938,88.6731185913086,0.9986740350723267,864.6162109375,60.13805389404297,0.9981753826141357,881.2794189453125,65.42167663574219,0.9980664849281311,905.602294921875,68.97846221923828,0.9996253252029419,925.940673828125,70.97930145263672,0.9981340765953064,872.4080810546875,45.6619987487793,0.9790068864822388,894.758544921875,38.64012145996094,0.9971557855606079,953.3670043945312,44.342594146728516,0.9873666763305664,859.4244384765625,76.1475601196289,0.9851953983306885,900.6749877929688,100.29585266113281,0.9963448643684387,917.2341918945312,96.62010192871094,0.9908044338226318
316,864.900146484375,31.768802642822266,0.9949967861175537,834.0377807617188,90.103271484375,0.9984814524650574,864.513427734375,60.445858001708984,0.9987896084785461,880.3909912109375,65.42167663574219,0.996895432472229,904.4771118164062,68.97846221923828,0.9993067979812622,924.69287109375,70.79576110839844,0.9983787536621094,870.2738647460938,45.6619987487793,0.9923050999641418,894.4579467773438,37.2723274230957,0.9957917928695679,947.4725952148438,44.09157943725586,0.9932250380516052,859.0882568359375,75.71027374267578,0.9850381016731262,897.064208984375,99.44947052001953,0.9959763884544373,917.3258056640625,96.8995590209961,0.9901512861251831
317,864.7020263671875,31.768802642822266,0.9943966865539551,833.7943115234375,90.86663055419922,0.9982388019561768,862.9204711914062,60.47644805908203,0.9990973472595215,878.967529296875,64.93943786621094,0.9976987242698669,902.7105102539062,68.25847625732422,0.9993401169776917,922.673583984375,70.42003631591797,0.9983603358268738,868.504638671875,45.6619987487793,0.9939443469047546,893.7900390625,36.99543762207031,0.9955185651779175,941.0775756835938,43.081298828125,0.9795445799827576,857.7584838867188,75.48082733154297,0.9778919219970703,893.809814453125,97.60472106933594,0.9979370832443237,917.5677490234375,96.93099975585938,0.9778826832771301
318,864.2422485351562,31.94782257080078,0.9963253140449524,833.1284790039062,90.99605560302734,0.9978762865066528,861.0240478515625,60.59845733642578,0.9992204904556274,878.3990478515625,64.93943786621094,0.9985040426254272,900.9920654296875,67.66585540771484,0.9994344115257263,921.366455078125,70.346435546875,0.9985675811767578,865.7705688476562,45.6619987487793,0.9900858402252197,893.7900390625,36.773284912109375,0.9960229396820068,934.1824340820312,42.0473518371582,0.9889257550239563,857.4391479492188,75.48082733154297,0.9573782682418823,888.330322265625,97.60472106933594,0.9974902868270874,917.94873046875,96.96693420410156,0.977035641670227
319,863.0381469726562,32.58869934082031,0.9942502975463867,832.084228515625,91.23835754394531,0.9969285130500793,859.4076538085938,61.01167678833008,0.9988092184066772,877.6055908203125,64.93943786621094,0.9983105659484863,899.2314453125,67.24832153320312,0.9993021488189697,921.3583374023438,70.12327575683594,0.9984291195869446,862.7154541015625,45.47036361694336,0.9859545826911926,893.7900390625,36.773284912109375,0.995213508605957,927.0306396484375,40.288631439208984,0.984373927116394,857.0790405273438,75.48082733154297,0.9428462982177734,884.1773071289062,97.60472106933594,0.9994373917579651,918.0194091796875,97.45350646972656,0.9864128828048706
320,861.7865600585938,35.49437713623047,0.9942032694816589,829.2716064453125,91.34898376464844,0.995881199836731,858.0866088867188,61.57219314575195,0.9983927607536316,876.6431884765625,65.02009582519531,0.9980862140655518,897.4805297851562,67.20520782470703,0.998855471611023,919.8584594726562,69.65155792236328,0.9993252754211426,862.4732055664062,45.220821380615234,0.9889938235282898,894.45556640625,36.736419677734375,0.9929831027984619,921.2326049804688,40.21442794799805,0.9887294173240662,856.7705078125,76.68770599365234,0.9379343390464783,880.4486694335938,98.60965728759766,0.9989275336265564,918.5074462890625,97.45350646972656,0.9909918308258057
321,859.8394165039062,35.51205062866211,0.9958274960517883,827.791748046875,91.61511993408203,0.996801495552063,857.5239868164062,63.09521484375,0.9969490170478821,875.87744140625,65.18546295166016,0.9979396462440491,896.52734375,67.0223617553711,0.9987831711769104,917.9229736328125,68.98388671875,0.9995349645614624,859.982421875,45.03730010986328,0.9876251816749573,894.45556640625,35.95541000366211,0.9951038360595703,918.9340209960938,38.83942794799805,0.9896635413169861,856.7705078125,78.68592834472656,0.9297271966934204,879.3445434570312,99.75830841064453,0.9986503720283508,918.517578125,97.45350646972656,0.9927049279212952
322,856.2247314453125,37.12627029418945,0.9929043650627136,826.2966918945312,91.80680084228516,0.9960827827453613,855.46435546875,63.63053512573242,0.9975970387458801,873.777099609375,65.74295806884766,0.9986128807067871,894.913330078125,66.99349212646484,0.9993626475334167,916.0901489257812,68.0506820678711,0.999447762966156,856.824462890625,44.55072021484375,0.9897498488426208,894.45556640625,35.30036163330078,0.9945052266120911,914.9295654296875,37.91365432739258,0.9849356412887573,856.7705078125,80.08392333984375,0.9393055438995361,875.35888671875,100.1030044555664,0.9949127435684204,918.517578125,97.28489685058594,0.9930557608604431
323,853.3836059570312,37.12627029418945,0.9966673254966736,823.9107666015625,92.21066284179688,0.9951142072677612,853.22998046875,63.78127670288086,0.9981162548065186,871.6336669921875,66.0035400390625,0.9992305040359497,892.5980224609375,66.4161605834961,0.9996219873428345,914.301025390625,67.57378387451172,0.9991044402122498,852.3184204101562,44.173973083496094,0.9928395748138428,894.3040161132812,35.235595703125,0.9925933480262756,910.4984130859375,36.858642578125,0.9771801829338074,856.6203002929688,80.08392333984375,0.9622937440872192,869.4663696289062,101.02271270751953,0.9979614019393921,918.517578125,97.13738250732422,0.9918345212936401
324,850.5532836914062,37.160640716552734,0.9937149882316589,823.4611206054688,92.21066284179688,0.9974712133407593,850.9632568359375,63.78127670288086,0.9983275532722473,869.7507934570312,66.0035400390625,0.9990345239639282,890.8246459960938,65.89728546142578,0.9996321201324463,912.9547729492188,67.40190887451172,0.9977128505706787,847.7626342773438,44.149749755859375,0.9917412996292114,894.2640991210938,35.185665130615234,0.9924280047416687,907.6441040039062,36.44481658935547,0.9799286723136902,856.1953735351562,80.08392333984375,0.9726584553718567,865.385498046875,101.80235290527344,0.9979118704795837,918.3807373046875,96.78966522216797,0.993704617023468
325,844.6900634765625,37.724727630615234,0.9689656496047974,821.7481079101562,92.24687194824219,0.9985393285751343,849.8496704101562,63.73328399658203,0.9974737763404846,867.7871704101562,66.0035400390625,0.998205304145813,889.5188598632812,65.88170623779297,0.9995501637458801,910.0440673828125,66.00326538085938,0.9984062314033508,846.23388671875,42.811988830566406,0.9909632802009583,894.0423583984375,34.58401107788086,0.9925103187561035,905.2696533203125,35.53717803955078,0.9834860563278198,854.1843872070312,79.22557830810547,0.9910566806793213,860.65869140625,103.69276428222656,0.9968407154083252,918.1967163085938,96.73697662353516,0.9953588843345642
326,832.1700439453125,37.724727630615234,0.9815042614936829,819.7718505859375,92.24687194824219,0.9983056783676147,848.0205078125,63.73328399658203,0.9954192638397217,865.2769775390625,64.60293579101562,0.9968256950378418,888.1063842773438,65.7616195678711,0.9991316199302673,908.9046020507812,66.00326538085938,0.9984850287437439,842.9988403320312,42.74451446533203,0.99553382396698,893.123779296875,34.32325744628906,0.9948950409889221,903.2132568359375,35.373355865478516,0.9801602959632874,852.9942016601562,78.31602478027344,0.9930434226989746,855.31494140625,104.28292083740234,0.9971750974655151,917.7372436523438,96.69075775146484,0.9958966970443726
327,830.3558349609375,36.62842559814453,0.984062671661377,817.4512329101562,92.10604095458984,0.9983130693435669,846.2012939453125,63.73328399658203,0.9965948462486267,863.4856567382812,64.60293579101562,0.9983789920806885,886.4041137695312,65.41547393798828,0.9993516802787781,907.4186401367188,66.00326538085938,0.9986321330070496,838.125732421875,42.35916519165039,0.9883325695991516,892.9696044921875,34.109554290771484,0.9962822794914246,903.1421508789062,35.373355865478516,0.9707989692687988,852.206787109375,77.88604736328125,0.9947921633720398,853.214599609375,105.24134063720703,0.9976512789726257,917.212890625,96.50735473632812,0.9946809411048889
328,829.8695068359375,35.97397232055664,0.9872947335243225,815.4371948242188,92.08110809326172,0.9968523383140564,844.2958984375,63.727874755859375,0.9957020878791809,861.4869384765625,64.5145263671875,0.9983032941818237,884.2011108398438,65.41547393798828,0.9994344115257263,906.01708984375,66.28658294677734,0.9986293315887451,832.4130859375,42.266117095947266,0.9899932742118835,892.7836303710938,33.94047927856445,0.9963517189025879,902.3186645507812,35.373355865478516,0.9797000288963318,851.908447265625,77.1833267211914,0.9946664571762085,852.027587890625,105.5291748046875,0.9985311031341553,916.7696533203125,96.3755111694336,0.9938433170318604
329,829.6786499023438,33.991416931152344,0.9909194707870483,811.7247924804688,90.25979614257812,0.9972021579742432,842.6259765625,63.533267974853516,0.9938827753067017,860.0833740234375,64.5145263671875,0.9981460571289062,882.6716918945312,65.41547393798828,0.9991998076438904,904.647705078125,66.29459381103516,0.9984344840049744,830.4605102539062,42.12083435058594,0.9901139736175537,892.7463989257812,33.73807144165039,0.9965956807136536,902.0800170898438,35.73055648803711,0.9874333739280701,851.0689697265625,77.1833267211914,0.9954169988632202,851.814453125,105.66588592529297,0.998806357383728,916.2855834960938,96.3755111694336,0.9926953315734863
330,828.2425537109375,32.54090881347656,0.9878126978874207,809.09521484375,90.13362121582031,0.9973502159118652,841.0813598632812,63.32046890258789,0.9937922358512878,859.123046875,64.5145263671875,0.9983015060424805,881.0455322265625,65.6633071899414,0.9987541437149048,904.6226196289062,66.6388168334961,0.9992604851722717,829.6248168945312,42.02480697631836,0.9937440752983093,892.60546875,33.73807144165039,0.9973198771476746,901.3673095703125,35.75249099731445,0.9904322028160095,850.9866943359375,77.1833267211914,0.9962548017501831,851.6715087890625,106.18663024902344,0.9992572665214539,916.1259765625,96.3755111694336,0.9940153956413269
331,827.7288208007812,31.665626525878906,0.9844833016395569,808.327880859375,90.13362121582031,0.9977217316627502,839.6480712890625,63.32046890258789,0.9964422583580017,857.3567504882812,64.58673095703125,0.9989264607429504,879.2885131835938,65.87776184082031,0.9990383386611938,902.8203735351562,66.74002838134766,0.9995465874671936,829.2332153320312,41.77140808105469,0.9933422207832336,892.60546875,33.94047927856445,0.9960195422172546,900.3191528320312,36.09500503540039,0.9935810565948486,850.5809936523438,77.29401397705078,0.9957103729248047,851.4656372070312,106.73545837402344,0.9993652701377869,915.2338256835938,96.61631774902344,0.9937331080436707
332,827.4329223632812,30.752342224121094,0.979904055595398,806.6820678710938,90.13362121582031,0.999016523361206,838.16357421875,63.32046890258789,0.9973648190498352,856.1163330078125,64.58673095703125,0.9993114471435547,877.6370849609375,66.16570281982422,0.999492883682251,901.3877563476562,66.9842300415039,0.9996343851089478,828.8521118164062,41.77140808105469,0.9943714737892151,892.1875,34.485755920410156,0.996275782585144,899.2048950195312,36.19792175292969,0.9939720034599304,850.8079833984375,77.60507202148438,0.9957152009010315,851.445556640625,107.38429260253906,0.9993739724159241,914.6678466796875,96.6778793334961,0.9919588565826416
333,826.2030029296875,28.82221031188965,0.986486554145813,805.7326049804688,90.69847869873047,0.9993877410888672,836.5269775390625,63.32046890258789,0.9982422590255737,854.5632934570312,65.08856201171875,0.9995457530021667,876.2162475585938,66.3405990600586,0.9996127486228943,899.8071899414062,67.4343490600586,0.9995262622833252,828.73388671875,41.77140808105469,0.9940598011016846,890.6312255859375,34.74427795410156,0.9967448711395264,897.9669799804688,36.373233795166016,0.9929845333099365,850.8079833984375,78.60736846923828,0.9934870004653931,851.445556640625,107.6817398071289,0.9994446635246277,914.4442138671875,96.6778793334961,0.9860803484916687
334,825.2377319335938,28.358381271362305,0.9910898208618164,804.7763061523438,91.17584991455078,0.9994950294494629,834.7719116210938,63.32046890258789,0.9986349940299988,852.850341796875,65.325927734375,0.9995993971824646,874.65234375,66.7163314819336,0.9995342493057251,898.2948608398438,67.4343490600586,0.9993645548820496,828.4824829101562,42.12703323364258,0.9948832988739014,889.0323486328125,35.078243255615234,0.9961951971054077,897.2112426757812,36.461307525634766,0.9922244548797607,850.5809936523438,78.60877227783203,0.9893743395805359,851.4656372070312,108.54080963134766,0.9994953870773315,914.2639770507812,96.6778793334961,0.9885614514350891
335,825.0963134765625,27.93436050415039,0.9943313598632812,803.6259155273438,91.35751342773438,0.9995841383934021,833.1262817382812,63.32955551147461,0.9984908103942871,851.583740234375,65.325927734375,0.9995597004890442,873.5792236328125,66.9225082397461,0.9994471669197083,896.9716186523438,67.4343490600586,0.998932421207428,828.3552856445312,42.12703323364258,0.9948240518569946,888.4003295898438,35.44334411621094,0.9948614239692688,896.2094116210938,36.461307525634766,0.9915205836296082,850.4202880859375,78.66670989990234,0.9858796000480652,851.5172119140625,108.591796875,0.9995266199111938,913.9271240234375,96.47943115234375,0.9871307015419006
336,825.0963134765625,27.380090713500977,0.995417594909668,802.1686401367188,91.4942855834961,0.9996128678321838,831.6837158203125,63.32955551147461,0.9976932406425476,850.564697265625,65.35929107666016,0.9993120431900024,873.4887084960938,66.9254150390625,0.9992513060569763,894.2554321289062,66.17219543457031,0.9985225796699524,828.34619140625,42.12703323364258,0.9952126741409302,885.5405883789062,36.224979400634766,0.9919251799583435,895.3215942382812,36.461307525634766,0.9908376336097717,849.8436889648438,79.23809051513672,0.9829658269882202,851.5172119140625,108.591796875,0.9994255304336548,913.5482177734375,94.9485092163086,0.9803416728973389
337,824.9302368164062,27.22985076904297,0.995640754699707,801.5047607421875,91.58899688720703,0.9994389414787292,831.3500366210938,63.605079650878906,0.997344434261322,849.1956176757812,65.34889221191406,0.998370349407196,872.7321166992188,66.9254150390625,0.9990110397338867,893.0400390625,66.16499328613281,0.9987995624542236,827.7349243164062,42.07218551635742,0.9956569671630859,881.2943115234375,37.0435905456543,0.9847188591957092,894.73779296875,35.195404052734375,0.9925938248634338,846.0224609375,79.49569702148438,0.9500834345817566,851.5172119140625,108.591796875,0.999262273311615,912.4937744140625,92.85456848144531,0.9899011254310608
338,824.9124145507812,27.22985076904297,0.9957073926925659,800.5370483398438,91.66799926757812,0.9990687966346741,829.62255859375,63.605079650878906,0.9985087513923645,848.06689453125,65.34889221191406,0.9981164932250977,871.6368408203125,66.9225082397461,0.9994354844093323,891.5580444335938,66.12964630126953,0.9988837838172913,827.1719360351562,42.07218551635742,0.9952921867370605,873.8936767578125,38.90141296386719,0.9760093688964844,892.917724609375,34.34139633178711,0.9927184581756592,839.1513061523438,81.8418197631836,0.9541191458702087,851.5419921875,108.33828735351562,0.9991901516914368,909.8336791992188,89.95057678222656,0.9943467974662781
339,824.59619140625,27.22985076904297,0.9960498213768005,799.9331665039062,91.66799926757812,0.9988859295845032,828.4664306640625,63.605079650878906,0.9987194538116455,846.7576904296875,65.28962707519531,0.9985560774803162,870.0491333007812,66.7660903930664,0.999618649482727,890.5645141601562,66.07959747314453,0.9988964796066284,827.1719360351562,42.07218551635742,0.9955682158470154,867.9429321289062,38.90141296386719,0.9890645742416382,892.749267578125,34.19746398925781,0.9900205135345459,835.931884765625,81.8418197631836,0.9480230212211609,851.5107421875,108.3117904663086,0.9991746544837952,909.1550903320312,88.8550796508789,0.9943978786468506
340,824.56396484375,27.917020797729492,0.9963005781173706,799.9239501953125,91.66799926757812,0.9985918402671814,827.986328125,63.391387939453125,0.9980959296226501,845.8529663085938,65.34889221191406,0.9986888766288757,869.3197631835938,66.41461944580078,0.9997255206108093,889.3406372070312,66.07959747314453,0.9987275004386902,827.1719360351562,43.44169235229492,0.9959477782249451,862.7485961914062,39.19041061401367,0.9878807067871094,892.749267578125,34.19746398925781,0.9868428111076355,829.1437377929688,81.97299194335938,0.9169477820396423,851.4450073242188,108.2517318725586,0.9989818930625916,907.462890625,88.8550796508789,0.9925282001495361
341,824.4201049804688,28.542827606201172,0.9962418079376221,799.8781127929688,91.93901824951172,0.9981441497802734,827.2728881835938,63.391387939453125,0.9984681010246277,845.055908203125,65.34889221191406,0.9987454414367676,868.3278198242188,66.34203338623047,0.999648928642273,889.3225708007812,66.12964630126953,0.9981539845466614,827.1719360351562,44.43486022949219,0.9939427971839905,858.8533935546875,39.887271881103516,0.9962459206581116,892.6224975585938,34.19746398925781,0.9851493835449219,825.8853149414062,81.97299194335938,0.8848682045936584,851.3243408203125,108.0716552734375,0.9989469647407532,902.8126831054688,88.8550796508789,0.9967572093009949
342,824.017822265625,29.312854766845703,0.9955911636352539,797.8543090820312,92.14219665527344,0.9970449805259705,825.9639892578125,63.391387939453125,0.9973194003105164,843.567138671875,65.37911987304688,0.998565137386322,866.7398071289062,66.22923278808594,0.9995125532150269,888.0510864257812,66.22555541992188,0.9987769722938538,827.1719360351562,44.89597702026367,0.9944924116134644,853.4209594726562,39.19041061401367,0.9952709078788757,892.6224975585938,34.329742431640625,0.9861189126968384,822.5724487304688,81.97299194335938,0.9620287418365479,850.8819580078125,107.9944076538086,0.9991055130958557,897.8612060546875,89.01998901367188,0.9902808666229248
343,823.4330444335938,32.16756820678711,0.996747612953186,796.7123413085938,92.18951416015625,0.9979444146156311,824.9076538085938,64.27377319335938,0.9965770840644836,842.4259033203125,66.22675323486328,0.9979652166366577,865.477783203125,66.13724517822266,0.9992803931236267,887.9203491210938,66.71477508544922,0.9992702603340149,827.0863037109375,45.55952072143555,0.9922090768814087,848.838134765625,38.87689208984375,0.996249258518219,892.6224975585938,34.99473571777344,0.9886361956596375,819.4513549804688,82.17227172851562,0.9784135818481445,850.8538208007812,107.99053955078125,0.9992939233779907,889.2537841796875,89.01998901367188,0.9884287714958191
344,820.3607177734375,34.81583023071289,0.9969860911369324,795.0841064453125,92.21115112304688,0.9981961846351624,822.8724975585938,64.39326477050781,0.998519241809845,840.1044311523438,66.76387786865234,0.9986874461174011,864.4998168945312,66.13724517822266,0.9995400905609131,886.2697143554688,67.57413482666016,0.9995701909065247,824.8143310546875,46.298377990722656,0.9845555424690247,846.082763671875,39.887271881103516,0.9947235584259033,892.34326171875,35.26006317138672,0.9884882569313049,818.8294067382812,82.17227172851562,0.9755292534828186,850.8538208007812,107.9696273803711,0.9993206262588501,880.7753295898438,89.58136749267578,0.9810907244682312
345,815.0963134765625,34.81583023071289,0.9945161938667297,793.4320678710938,92.56017303466797,0.9980399012565613,821.1148681640625,64.64602661132812,0.9988699555397034,838.5736694335938,66.80768585205078,0.9990850687026978,863.2319946289062,66.13724517822266,0.9997504353523254,884.2033081054688,68.08861541748047,0.9993410706520081,824.748291015625,46.298377990722656,0.9751930832862854,842.8816528320312,40.25263595581055,0.9968165755271912,891.3504638671875,35.96443176269531,0.9897540211677551,815.1921997070312,82.17227172851562,0.9655904769897461,850.8538208007812,107.49359130859375,0.9992266893386841,874.012939453125,90.34974670410156,0.9906362891197205
346,811.4745483398438,34.81583023071289,0.9971290230751038,791.9850463867188,93.43384552001953,0.9980136156082153,819.2205810546875,64.64602661132812,0.9990090131759644,836.9109497070312,67.19426727294922,0.999314546585083,861.6610717773438,66.78996276855469,0.9997500777244568,882.330078125,68.08861541748047,0.999351441860199,824.2838134765625,46.4224967956543,0.9760117530822754,838.4801025390625,40.25263595581055,0.9916476011276245,890.9462280273438,36.310176849365234,0.9909951090812683,812.5607299804688,81.2868423461914,0.9583138823509216,851.0182495117188,107.15706634521484,0.9992637038230896,873.3955078125,89.75270080566406,0.9870354533195496
347,809.271240234375,34.451560974121094,0.9968963861465454,791.7177124023438,94.96846008300781,0.9988486766815186,817.4638671875,64.64602661132812,0.9986059069633484,835.1182250976562,67.29109954833984,0.9992178678512573,859.9398803710938,67.8885498046875,0.9997363686561584,880.5849609375,68.08861541748047,0.998664379119873,824.2838134765625,46.4224967956543,0.9633880257606506,834.4559326171875,40.410484313964844,0.9983699917793274,890.4508056640625,36.310176849365234,0.9916068315505981,809.8453369140625,81.20101165771484,0.9491198658943176,851.1801147460938,106.2676010131836,0.9988141059875488,870.5545654296875,90.49076080322266,0.9770718216896057
348,807.1685791015625,34.451560974121094,0.9983707070350647,790.4758911132812,94.96846008300781,0.9992921352386475,816.64111328125,65.50707244873047,0.997346043586731,833.5020141601562,67.35350036621094,0.9988502264022827,857.8749389648438,68.46797943115234,0.9994211196899414,878.0625,67.5682373046875,0.9991638660430908,824.2088012695312,46.278663635253906,0.970798671245575,832.0152587890625,40.410484313964844,0.9985218644142151,890.2730712890625,36.310176849365234,0.9922267198562622,807.2058715820312,80.68248748779297,0.969286322593689,851.1801147460938,105.92538452148438,0.9986677169799805,867.1691284179688,90.49076080322266,0.9268046617507935
349,805.077392578125,34.432472229003906,0.9989339709281921,789.56005859375,94.96846008300781,0.9991249442100525,816.1039428710938,65.70120239257812,0.9941171407699585,831.3826904296875,67.69989776611328,0.9981163740158081,856.6005859375,68.51148223876953,0.9994175434112549,876.0975952148438,67.5682373046875,0.9994316697120667,824.2088012695312,46.136322021484375,0.9722404479980469,830.174560546875,40.25263595581055,0.997850775718689,890.2730712890625,36.25404357910156,0.9920008182525635,804.3814697265625,80.68248748779297,0.9697662591934204,851.1801147460938,105.92538452148438,0.9981957077980042,865.5301513671875,90.49076080322266,0.8963015675544739
350,801.8858032226562,33.798561096191406,0.9982485771179199,786.5777587890625,95.08517456054688,0.999053418636322,813.7026977539062,65.7878189086914,0.9952621459960938,830.37109375,67.93312072753906,0.9987590312957764,854.19970703125,68.6435775756836,0.9996857643127441,874.116943359375,67.5682373046875,0.9995192289352417,822.5270385742188,45.766265869140625,0.9879240989685059,829.523681640625,38.692115783691406,0.9984985589981079,890.3093872070312,36.25404357910156,0.992403507232666,802.242431640625,80.68248748779297,0.981564462184906,850.6946411132812,105.88220977783203,0.9978833794593811,864.7412109375,90.49076080322266,0.928888201713562
351,799.7317504882812,33.86831283569336,0.9982866644859314,783.13671875,95.08517456054688,0.9985533356666565,811.0391235351562,65.93885803222656,0.9946767091751099,828.4124145507812,68.23875427246094,0.9986951947212219,852.5725708007812,68.6435775756836,0.999692440032959,872.939453125,67.85257720947266,0.9994527697563171,822.000244140625,45.453025817871094,0.9885828495025635,828.897705078125,38.33600997924805,0.9987913966178894,890.4417724609375,36.23390197753906,0.9922128319740295,796.7643432617188,80.99552917480469,0.9766165614128113,850.167724609375,105.88220977783203,0.9977351427078247,863.841796875,91.19403076171875,0.9545725584030151
352,798.9701538085938,33.604103088378906,0.9981718063354492,782.2724609375,96.02230834960938,0.9987710118293762,809.9530639648438,66.69390869140625,0.9932958483695984,827.2854614257812,68.33840942382812,0.9979422688484192,850.8853149414062,68.6435775756836,0.9995465874671936,872.8153076171875,68.14529418945312,0.9995321035385132,821.9927978515625,45.386661529541016,0.9850441217422485,827.6843872070312,38.0643196105957,0.9989510774612427,890.4417724609375,36.23390197753906,0.9924996495246887,795.396728515625,81.63189697265625,0.9855859875679016,849.7822875976562,105.95252990722656,0.9976970553398132,863.0004272460938,91.48636627197266,0.9696730971336365
353,797.1195068359375,33.604103088378906,0.9983445405960083,781.8311767578125,98.42154693603516,0.9994091987609863,808.6571655273438,66.8651351928711,0.9957675933837891,826.119384765625,68.39657592773438,0.9971272349357605,849.2109985351562,68.5748062133789,0.9992625117301941,871.002197265625,68.14529418945312,0.9997053742408752,821.7571411132812,45.230098724365234,0.9819865226745605,827.4141845703125,38.0643196105957,0.9989651441574097,890.4417724609375,36.273014068603516,0.9907370209693909,795.396728515625,81.63189697265625,0.9869906306266785,849.7822875976562,105.95252990722656,0.9973026514053345,862.3858032226562,92.64155578613281,0.9817146062850952
354,795.6182250976562,33.838382720947266,0.9984133243560791,781.611328125,100.99308013916016,0.9994760155677795,807.3081665039062,66.8795394897461,0.9973056316375732,824.7572021484375,69.27436065673828,0.9973956346511841,848.0054931640625,68.1053695678711,0.999258816242218,869.5429077148438,68.14529418945312,0.9997023940086365,821.098876953125,45.230098724365234,0.9843251705169678,826.60302734375,38.0643196105957,0.9989499449729919,890.3093872070312,36.29705810546875,0.9902510643005371,795.396728515625,81.63189697265625,0.9853411316871643,849.4638061523438,105.95252990722656,0.9968350529670715,861.9945678710938,93.56029510498047,0.9851875305175781
355,794.1922607421875,33.86831283569336,0.998390793800354,781.611328125,103.02733612060547,0.9992842078208923,805.813232421875,66.8795394897461,0.9982365369796753,823.11181640625,69.30907440185547,0.9983009696006775,847.0609130859375,68.1053695678711,0.9996473789215088,868.1954345703125,67.9135513305664,0.9997155070304871,820.2156982421875,45.230098724365234,0.9807870388031006,826.3181762695312,38.09491729736328,0.9987986087799072,889.7670288085938,36.33562469482422,0.9907816052436829,795.4345092773438,81.0689926147461,0.9791101813316345,849.3260498046875,105.95252990722656,0.9961286783218384,861.5977783203125,94.38485717773438,0.9882053136825562
356,793.4446411132812,34.676063537597656,0.9982298016548157,781.611328125,104.6791763305664,0.9986938834190369,804.5545043945312,67.14918518066406,0.9987621307373047,821.8218383789062,69.505859375,0.9990901947021484,846.2097778320312,68.1053695678711,0.9997571110725403,867.30615234375,67.84345245361328,0.9997069239616394,818.8138427734375,46.29900360107422,0.9698923826217651,826.0977783203125,38.2094841003418,0.9986373782157898,889.3939208984375,36.517940521240234,0.9899033308029175,795.4345092773438,81.0689926147461,0.9773442149162292,849.1519775390625,105.88184356689453,0.997007429599762,861.5977783203125,94.38485717773438,0.9864615797996521
357,791.7318725585938,35.692626953125,0.9990662932395935,781.3637084960938,105.87256622314453,0.9981040954589844,803.6588745117188,68.65745544433594,0.9992498755455017,821.34130859375,70.13722229003906,0.9996421337127686,845.8958129882812,68.1053695678711,0.9997839331626892,866.6079711914062,67.669677734375,0.9994903802871704,813.876953125,48.339839935302734,0.9773030281066895,825.3226928710938,38.3492317199707,0.9980348944664001,888.0016479492188,36.78850555419922,0.9925703406333923,795.4345092773438,81.0689926147461,0.9706135392189026,847.539794921875,104.61380004882812,0.9990010857582092,861.5977783203125,94.54981994628906,0.9925302863121033
358,787.2896118164062,36.03168487548828,0.9993815422058105,781.3637084960938,106.45952606201172,0.9981912970542908,802.936767578125,69.40262603759766,0.9992282390594482,820.7567749023438,70.55201721191406,0.999749481678009,845.56494140625,68.1053695678711,0.9997519850730896,866.2890625,67.64544677734375,0.9991668462753296,811.5720825195312,48.6456184387207,0.9827127456665039,825.3226928710938,38.564002990722656,0.9981274008750916,885.5928955078125,37.40309143066406,0.9943927526473999,795.06103515625,81.79901885986328,0.9710366725921631,844.2360229492188,104.43338775634766,0.9991996884346008,861.82421875,94.67212677001953,0.9902712106704712
359,784.5186767578125,36.494468688964844,0.9981892704963684,781.3637084960938,106.4981460571289,0.997995138168335,801.8235473632812,69.91749572753906,0.9992963075637817,819.7821655273438,70.79325866699219,0.9998014569282532,844.857177734375,68.10874938964844,0.9997923970222473,865.0623168945312,67.53134155273438,0.9983660578727722,807.1990966796875,48.69536590576172,0.9799806475639343,825.3226928710938,38.62144470214844,0.9979372024536133,880.6038208007812,37.482601165771484,0.9862059950828552,794.9890747070312,82.54749298095703,0.9460527300834656,839.5189208984375,104.01982116699219,0.9987455606460571,861.82421875,94.67212677001953,0.9886041879653931
360,782.514892578125,36.494468688964844,0.9983934760093689,780.0908813476562,107.09297943115234,0.9986373782157898,799.9509887695312,70.30126190185547,0.9987016916275024,818.2147827148438,70.79325866699219,0.9997778534889221,843.468017578125,68.10874938964844,0.9997746348381042,862.4586181640625,66.51589965820312,0.9986914992332458,802.2369384765625,49.46136474609375,0.9913803935050964,825.5631713867188,38.623634338378906,0.9971761703491211,873.2957153320312,37.62736892700195,0.9913967251777649,794.9890747070312,83.85653686523438,0.8496783971786499,834.1965942382812,103.48702239990234,0.9993395209312439,861.865234375,95.6920166015625,0.990362286567688
361,782.173095703125,36.494468688964844,0.9981788396835327,778.26611328125,107.09297943115234,0.998779833316803,798.7423095703125,70.56598663330078,0.9986671209335327,817.1282958984375,70.79325866699219,0.9995555281639099,841.685791015625,68.10874938964844,0.9997193217277527,861.727294921875,66.51589965820312,0.9988914132118225,798.852294921875,51.25132751464844,0.9959425330162048,826.0467529296875,38.59059143066406,0.9959022402763367,870.030029296875,37.71575927734375,0.9909808039665222,794.9890747070312,84.09122467041016,0.8134899735450745,831.1616821289062,103.22831726074219,0.999234676361084,862.0154418945312,96.12911224365234,0.9872403740882874
362,781.089111328125,36.494468688964844,0.9985200762748718,776.202392578125,107.09297943115234,0.9988566637039185,796.7586059570312,70.74727630615234,0.9992700219154358,815.0521240234375,70.92312622070312,0.9996459484100342,840.7665405273438,68.10874938964844,0.9995598196983337,860.3861083984375,66.46649169921875,0.9992350339889526,794.8099975585938,51.269710540771484,0.9968756437301636,826.7365112304688,38.59059143066406,0.9968370199203491,866.8610229492188,37.71575927734375,0.9905691146850586,796.420166015625,84.29403686523438,0.7422575950622559,830.2011108398438,103.22831726074219,0.9994437098503113,862.2396240234375,96.53553771972656,0.9857786893844604
363,779.731689453125,36.60588455200195,0.9987587928771973,772.768798828125,107.09297943115234,0.9995470643043518,795.0735473632812,70.56598663330078,0.999218225479126,812.91552734375,70.92312622070312,0.9996806383132935,837.8350219726562,68.16329956054688,0.9998257756233215,858.4935302734375,66.51589965820312,0.9993904829025269,789.7019653320312,51.688358306884766,0.9939560294151306,827.4541015625,38.59059143066406,0.9970979690551758,859.9625854492188,37.75700759887695,0.9911681413650513,801.6670532226562,84.91121673583984,0.7879296541213989,824.0396728515625,103.22831726074219,0.9983819723129272,862.4966430664062,97.04723358154297,0.9928467869758606
364,777.1585693359375,36.89373779296875,0.9980574250221252,769.4296264648438,106.76213073730469,0.9993665814399719,792.6219482421875,70.55589294433594,0.9983699917793274,810.778564453125,70.93923950195312,0.9993240833282471,833.7156982421875,68.31427764892578,0.9996151924133301,856.140625,67.04757690429688,0.999180018901825,784.5447998046875,51.688358306884766,0.9957755208015442,828.2723999023438,38.47428512573242,0.9980401396751404,856.1240234375,37.75700759887695,0.9897054433822632,801.6670532226562,84.91121673583984,0.9438158869743347,816.0901489257812,104.96326446533203,0.9943699240684509,862.6240844726562,97.32804107666016,0.9942728877067566
365,771.4005737304688,38.17129135131836,0.9980072379112244,764.922119140625,104.46661376953125,0.9981334805488586,789.944091796875,70.56598663330078,0.9996064305305481,809.3609619140625,71.02167510986328,0.9997604489326477,830.783447265625,68.77281951904297,0.9995094537734985,855.5555419921875,67.17423248291016,0.9997153878211975,780.694091796875,52.79777908325195,0.9944085478782654,828.8742065429688,38.076385498046875,0.9988532066345215,851.9413452148438,38.655357360839844,0.989764928817749,801.6670532226562,84.91121673583984,0.9918838739395142,805.0377197265625,110.48066711425781,0.9982245564460754,862.6290283203125,97.45542907714844,0.9959270358085632
366,767.084228515625,40.52904510498047,0.9943726062774658,761.5062866210938,103.06755828857422,0.9992371797561646,787.7296142578125,70.74727630615234,0.9995266199111938,806.9876708984375,71.19679260253906,0.9997716546058655,827.9298095703125,68.77281951904297,0.9995476603507996,852.5353393554688,67.17423248291016,0.999699592590332,775.3817749023438,52.91131591796875,0.993544340133667,828.8742065429688,38.0097770690918,0.9990045428276062,847.9393920898438,37.93545913696289,0.958945095539093,799.4517211914062,82.14100646972656,0.9939444661140442,798.103515625,110.6803970336914,0.995647132396698,862.6240844726562,97.47001647949219,0.9977756142616272
367,763.0391845703125,40.59987258911133,0.9961382746696472,758.3624267578125,102.29283905029297,0.99861741065979,785.1412353515625,70.93681335449219,0.9985731840133667,804.3090209960938,71.36827850341797,0.9995778203010559,825.9781494140625,68.91844940185547,0.9996215105056763,850.0188598632812,67.17423248291016,0.9993792772293091,772.3929443359375,53.27861404418945,0.9971405267715454,828.8742065429688,37.11235046386719,0.9992451667785645,843.7571411132812,39.00969696044922,0.9300445914268494,799.2913818359375,81.7027359008789,0.9917405843734741,792.59521484375,111.64031982421875,0.9920462369918823,862.6240844726562,97.47001647949219,0.9982469081878662
368,761.518310546875,40.59987258911133,0.997086226940155,756.291015625,101.52139282226562,0.9993144273757935,783.0084228515625,72.40042877197266,0.9957306981086731,801.3898315429688,71.61151123046875,0.9986920952796936,823.9136962890625,68.91844940185547,0.9994550347328186,846.9073486328125,67.3109130859375,0.9986028075218201,768.3475952148438,53.29336166381836,0.9962171912193298,828.8220825195312,36.9990348815918,0.9993076324462891,840.4599609375,39.256507873535156,0.9542881846427917,797.3876342773438,81.52096557617188,0.9946540594100952,792.2848510742188,112.30472564697266,0.9982923865318298,862.5001831054688,97.45542907714844,0.9982522130012512
369,758.337890625,40.59987258911133,0.9981415271759033,753.6566162109375,101.40701293945312,0.9992287158966064,780.4910888671875,72.40042877197266,0.9955818057060242,798.12548828125,71.61151123046875,0.9986960291862488,822.272216796875,70.02830505371094,0.9996459484100342,844.2001342773438,67.3109130859375,0.9991897940635681,765.75830078125,53.29336166381836,0.9930544495582581,828.7617797851562,36.864959716796875,0.9992127418518066,837.7136840820312,39.0451774597168,0.9684886336326599,796.4169921875,81.52096557617188,0.9925674200057983,791.8991088867188,113.15443420410156,0.9991157650947571,861.6201171875,97.45542907714844,0.9979400038719177
370,756.3093872070312,39.99416732788086,0.9977983832359314,750.9089965820312,101.40701293945312,0.99874347448349,778.3117065429688,72.40042877197266,0.9949167966842651,795.310546875,71.79936218261719,0.9975183010101318,819.188232421875,70.3554458618164,0.9995654225349426,842.0224609375,67.3109130859375,0.9994291663169861,765.509521484375,53.29336166381836,0.9937521815299988,827.988037109375,36.864959716796875,0.9991707801818848,835.5191650390625,39.0451774597168,0.9745138883590698,795.4363403320312,81.52096557617188,0.991603672504425,791.542724609375,113.87459564208984,0.9995087385177612,861.4963989257812,97.42560577392578,0.9978530406951904
371,754.4119873046875,39.02382278442383,0.9963920712471008,747.6966552734375,101.52139282226562,0.9994344115257263,777.3195190429688,71.2835693359375,0.9975560903549194,795.160888671875,72.07833862304688,0.9987840056419373,817.1226196289062,70.47795104980469,0.9993473887443542,841.63232421875,69.20301818847656,0.9994688630104065,764.964599609375,53.02798080444336,0.9951406717300415,827.6822509765625,36.9990348815918,0.9991207718849182,834.76708984375,39.256507873535156,0.9825031757354736,793.302978515625,81.81031036376953,0.9866049885749817,790.7569580078125,114.73355865478516,0.9997410178184509,861.40087890625,97.36990356445312,0.9980219602584839
372,753.7257690429688,37.34367370605469,0.9975417852401733,745.0802001953125,101.62237548828125,0.9995293617248535,775.354248046875,71.2835693359375,0.999016523361206,793.2037963867188,72.0039291381836,0.9995284080505371,814.7451782226562,71.1966323852539,0.9994599223136902,839.7594604492188,69.4820785522461,0.9997425675392151,764.416748046875,52.464115142822266,0.9957075119018555,827.2042236328125,37.1749153137207,0.9987723231315613,833.7989501953125,39.85383224487305,0.9812842011451721,792.5629272460938,85.058349609375,0.9869716763496399,790.4525756835938,115.64993286132812,0.9998165965080261,860.7537841796875,97.36695098876953,0.9972341656684875
373,753.4072265625,35.90726852416992,0.9982901215553284,742.903076171875,101.67431640625,0.999393105506897,773.5781860351562,71.23970794677734,0.9992862343788147,791.6419677734375,71.79936218261719,0.9996943473815918,813.5557861328125,71.63053131103516,0.9996129870414734,837.88134765625,69.6264877319336,0.9997580647468567,763.28662109375,52.16409683227539,0.9965535402297974,826.4866943359375,37.32017517089844,0.9981284737586975,832.9808959960938,40.19502258300781,0.9818273186683655,792.207275390625,85.0772705078125,0.9882330298423767,790.3902587890625,115.86225128173828,0.9998490810394287,859.9143676757812,97.07645416259766,0.9969056248664856
374,753.4072265625,35.0489501953125,0.9985538125038147,741.4738159179688,102.7092056274414,0.9995248317718506,771.9296875,71.10628509521484,0.9993313550949097,790.333740234375,71.79936218261719,0.9997661709785461,812.4815063476562,71.77191162109375,0.9995429515838623,836.0475463867188,70.25883483886719,0.999670147895813,763.1727294921875,52.098995208740234,0.9969382286071777,825.6784057617188,37.7441291809082,0.9970681071281433,831.27978515625,40.32114791870117,0.9803152084350586,790.7091674804688,85.25811767578125,0.9851537942886353,790.265869140625,115.86225128173828,0.9998630285263062,859.1438598632812,96.72096252441406,0.9953253269195557
375,753.3795166015625,34.12287139892578,0.9986860156059265,740.6336059570312,102.7092056274414,0.9996163845062256,770.5647583007812,70.73247528076172,0.9992121458053589,788.5980224609375,71.78327941894531,0.9997051358222961,811.1827392578125,71.77191162109375,0.9993491768836975,834.0405883789062,70.25883483886719,0.9992526173591614,762.9729614257812,51.85426330566406,0.9968640804290771,824.3094482421875,40.52728271484375,0.9895328283309937,830.8639526367188,40.32114791870117,0.9874150156974792,789.8892211914062,85.56787872314453,0.9757038354873657,790.1528930664062,115.86225128173828,0.9998658895492554,858.3328857421875,96.69758605957031,0.9937484264373779
376,753.3795166015625,32.92439270019531,0.9984739422798157,739.3128051757812,102.7092056274414,0.999691367149353,768.8558349609375,70.21199035644531,0.9990585446357727,787.3112182617188,71.76261901855469,0.999670147895813,810.382568359375,71.77191162109375,0.9993473887443542,832.9991455078125,70.25883483886719,0.9986647367477417,761.8379516601562,51.1686897277832,0.9961967468261719,818.120849609375,40.72099304199219,0.9926659464836121,830.4059448242188,40.32114791870117,0.990111768245697,784.9085083007812,86.83151245117188,0.9448713064193726,790.0902099609375,115.76043701171875,0.9997925162315369,855.491943359375,94.06880950927734,0.9947925209999084
377,753.3346557617188,30.967205047607422,0.9980212450027466,737.6385498046875,102.05923461914062,0.9997898936271667,767.138671875,70.04354095458984,0.9989006519317627,785.24462890625,71.6534652709961,0.9992942810058594,808.7830200195312,71.62709045410156,0.9989311099052429,829.5941162109375,68.05525207519531,0.9988287091255188,761.1620483398438,51.1686897277832,0.9960488677024841,809.5557250976562,41.05414581298828,0.994105339050293,828.407470703125,39.272987365722656,0.9964577555656433,776.521728515625,88.4224853515625,0.9462862610816956,790.0902099609375,115.39944458007812,0.9996761083602905,853.3156127929688,92.663818359375,0.9961066842079163
378,753.2372436523438,30.825321197509766,0.9970754384994507,736.176513671875,100.9547119140625,0.9997922778129578,765.4359741210938,70.04354095458984,0.9992457628250122,783.1875,71.3654556274414,0.9993131160736084,808.140625,70.79300689697266,0.9993778467178345,828.4636840820312,68.05525207519531,0.9991164803504944,760.7680053710938,51.1686897277832,0.9965282082557678,803.4697875976562,41.32597732543945,0.9941404461860657,827.9267578125,38.88886260986328,0.994364857673645,773.6585083007812,88.4224853515625,0.9480961561203003,790.0902099609375,114.8526382446289,0.9996280670166016,850.8667602539062,91.85192108154297,0.9956626296043396
379,751.9252319335938,30.825321197509766,0.9966727495193481,735.08837890625,100.9547119140625,0.9996981620788574,763.644775390625,69.92414093017578,0.9992972612380981,781.177978515625,71.02499389648438,0.9995070695877075,807.0628051757812,69.92656707763672,0.9996920824050903,826.4705200195312,68.05525207519531,0.9993440508842468,760.745361328125,51.27095413208008,0.9965768456459045,798.1524047851562,41.32597732543945,0.9940763711929321,827.91650390625,38.637203216552734,0.992453396320343,764.295654296875,88.4224853515625,0.8193802833557129,790.2785034179688,114.37812805175781,0.9994233846664429,845.6742553710938,91.85192108154297,0.9942132830619812
380,750.567138671875,30.70949935913086,0.9970136880874634,733.280517578125,100.91094970703125,0.9995144605636597,761.8036499023438,69.91363525390625,0.9987471103668213,779.1622314453125,70.71712493896484,0.999363124370575,804.7901000976562,69.82630920410156,0.9996899366378784,825.125,68.47240447998047,0.9991768002510071,760.5285034179688,52.79330825805664,0.9952090382575989,793.4496459960938,41.32597732543945,0.9927502870559692,827.91650390625,38.56707763671875,0.994320273399353,758.5194091796875,88.31890869140625,0.9459093809127808,790.2785034179688,113.6688232421875,0.999218225479126,841.6326904296875,91.85192108154297,0.9907743334770203
381,749.3215942382812,30.70949935913086,0.9972090125083923,731.961181640625,100.89469909667969,0.9996135830879211,760.495361328125,69.90158081054688,0.9987908005714417,777.3070678710938,70.11687469482422,0.9993152618408203,802.9248046875,69.57991790771484,0.9996262788772583,824.6832885742188,69.22123718261719,0.9993274211883545,760.5285034179688,52.79330825805664,0.9941376447677612,788.1453247070312,41.05414581298828,0.9977839589118958,827.7998657226562,38.47389602661133,0.9953403472900391,755.9249267578125,87.60696411132812,0.9644309878349304,790.2785034179688,113.2768325805664,0.9993091821670532,836.8980102539062,92.9367904663086,0.9971662163734436
382,748.6013793945312,30.70949935913086,0.9956977367401123,729.7305908203125,100.75627136230469,0.9996398687362671,758.92578125,69.18213653564453,0.9989970326423645,776.2661743164062,70.04461669921875,0.9995856881141663,801.2750244140625,69.57991790771484,0.9993581175804138,823.603759765625,70.00956726074219,0.9996471405029297,760.5285034179688,52.79330825805664,0.991239607334137,783.8389282226562,40.80379867553711,0.9963787198066711,827.6935424804688,38.47389602661133,0.9959719777107239,752.7412719726562,86.28553771972656,0.9621737599372864,790.3961181640625,113.25697326660156,0.9995352029800415,832.1447143554688,94.8777084350586,0.9899725914001465
383,748.3211059570312,30.812225341796875,0.995431661605835,726.4143676757812,98.91984558105469,0.9993599057197571,756.6113891601562,68.3519287109375,0.9991002082824707,774.381103515625,69.46958923339844,0.999722421169281,799.9515380859375,69.57991790771484,0.9996790885925293,821.9110107421875,70.50916290283203,0.9996436834335327,761.0009765625,51.95047378540039,0.9850667715072632,779.854248046875,38.11485290527344,0.9974727034568787,827.6935424804688,38.47389602661133,0.9953445792198181,749.3907470703125,84.4145736694336,0.9746779799461365,790.3961181640625,112.88272857666016,0.9996700286865234,817.0016479492188,95.07105255126953,0.9857242703437805
384,748.0289306640625,30.812225341796875,0.9945322275161743,724.8843383789062,96.88790893554688,0.9996494054794312,754.4466552734375,67.1666259765625,0.9984939098358154,772.566650390625,68.91181945800781,0.9996417760848999,797.439208984375,70.39403533935547,0.999810516834259,819.1331176757812,70.6065444946289,0.9993501305580139,761.0009765625,51.16151809692383,0.9736136198043823,776.8523559570312,35.67377471923828,0.9976274371147156,827.3301391601562,39.05229187011719,0.9949268102645874,745.8197631835938,83.11097717285156,0.978529691696167,790.3961181640625,112.88272857666016,0.9994070529937744,810.7998657226562,95.13223266601562,0.982767641544342
385,747.196533203125,30.812225341796875,0.9937753677368164,721.6555786132812,94.51829528808594,0.9993031024932861,752.3614501953125,66.1080551147461,0.9960408210754395,769.937255859375,68.69336700439453,0.9994206428527832,795.6015014648438,70.86515045166016,0.9998227953910828,816.384033203125,70.95497131347656,0.9985587000846863,761.0009765625,51.16151809692383,0.967117965221405,775.5844116210938,35.629547119140625,0.9971206188201904,827.131103515625,39.19799041748047,0.995162844657898,743.1769409179688,81.57992553710938,0.9866939187049866,790.596435546875,112.88272857666016,0.9992126226425171,807.2695922851562,96.94400024414062,0.9679741263389587
386,747.1857299804688,30.680004119873047,0.9939517378807068,719.3577880859375,92.57435607910156,0.9985044002532959,752.2996215820312,65.83577728271484,0.988895058631897,766.7545776367188,68.671142578125,0.9983454942703247,793.5762939453125,70.89576721191406,0.9996347427368164,814.3948364257812,71.06061553955078,0.9991931319236755,759.7255249023438,51.16151809692383,0.9644336104393005,774.9892578125,34.98872756958008,0.9958876967430115,826.7640380859375,39.319541931152344,0.995196521282196,742.1220092773438,80.06187438964844,0.9868696331977844,790.596435546875,113.07597351074219,0.9988762736320496,802.7340698242188,97.87828063964844,0.943686842918396
387,747.0509033203125,30.680004119873047,0.9933417439460754,715.5731811523438,90.00994873046875,0.9975831508636475,751.0358276367188,64.64695739746094,0.9953892230987549,765.76416015625,68.46428680419922,0.9991058707237244,790.7327270507812,70.89576721191406,0.9998301267623901,811.5718383789062,71.67422485351562,0.9991006851196289,759.0623779296875,51.16151809692383,0.9614753723144531,773.5333862304688,34.44245910644531,0.9968276619911194,826.716552734375,39.5062255859375,0.9951867461204529,737.0960693359375,79.9752426147461,0.9881504774093628,790.596435546875,113.18344116210938,0.9964884519577026,798.6984252929688,99.35072326660156,0.8567249774932861
388,746.70849609375,30.450109481811523,0.9934636950492859,712.3689575195312,89.05792999267578,0.9980449676513672,748.36669921875,63.26922607421875,0.9973316192626953,763.3776245117188,67.75247955322266,0.9993277788162231,787.5780639648438,70.89576721191406,0.9997779726982117,810.5554809570312,73.18485260009766,0.9984667897224426,756.0283203125,51.16151809692383,0.9732409715652466,772.601806640625,34.44245910644531,0.9975550770759583,826.6735229492188,39.63212203979492,0.9952803254127502,735.349365234375,78.86768341064453,0.9937829375267029,789.9674682617188,113.26639556884766,0.9912121891975403,798.6328125,100.42570495605469,0.936196506023407
389,746.259765625,30.413131713867188,0.9926877021789551,710.9417724609375,87.90979766845703,0.9981354475021362,746.1715087890625,62.46605682373047,0.9971827268600464,761.2785034179688,67.43573760986328,0.9989790916442871,785.05615234375,70.68675231933594,0.99952232837677,807.7500610351562,73.65208435058594,0.9988493919372559,754.9364624023438,50.500579833984375,0.9838893413543701,772.2293701171875,34.44245910644531,0.9977287650108337,826.6217041015625,39.70985412597656,0.9952717423439026,735.094970703125,77.71795654296875,0.9930919408798218,789.0823974609375,113.40330505371094,0.9839444756507874,796.7420654296875,101.51052856445312,0.9693506360054016
390,745.8828735351562,30.413131713867188,0.9924443364143372,710.2772216796875,87.18567657470703,0.9987717270851135,745.3045043945312,62.02853775024414,0.9966784715652466,760.090087890625,67.43573760986328,0.9983839988708496,783.8081665039062,69.98531341552734,0.9994414448738098,806.3944702148438,73.65208435058594,0.9993894100189209,754.122802734375,50.175106048583984,0.9823827147483826,771.8709716796875,34.10248947143555,0.9980393052101135,826.6217041015625,39.734375,0.9950487017631531,734.6182250976562,76.8553695678711,0.9946914315223694,788.7665405273438,113.40330505371094,0.9823346138000488,796.1725463867188,102.13230895996094,0.9698612093925476
391,745.56103515625,30.450109481811523,0.9931896328926086,708.9331665039062,86.82749938964844,0.9992874264717102,744.8143310546875,62.02853775024414,0.9980556964874268,759.0136108398438,67.43573760986328,0.9986978769302368,782.2766723632812,69.95362854003906,0.999620795249939,805.3644409179688,73.65208435058594,0.9995682835578918,753.6143188476562,49.859928131103516,0.9849503040313721,771.5040893554688,34.10248947143555,0.9973130822181702,826.6735229492188,39.92036437988281,0.9949727058410645,733.9430541992188,76.46937561035156,0.9941979646682739,788.0370483398438,113.40330505371094,0.9723561406135559,794.9608154296875,102.13230895996094,0.9804232120513916
392,743.7081909179688,30.715831756591797,0.9948595762252808,707.939453125,86.40306854248047,0.999462902545929,743.5603637695312,62.02853775024414,0.998551070690155,757.6138305664062,67.58949279785156,0.9988532066345215,781.1273803710938,69.87822723388672,0.9997664093971252,804.2505493164062,73.58541107177734,0.9995706677436829,752.7059936523438,49.859928131103516,0.9888737201690674,770.347900390625,34.546363830566406,0.9979115128517151,826.6735229492188,41.62378692626953,0.9947813153266907,733.7420043945312,76.46937561035156,0.9934238195419312,787.19482421875,110.45545959472656,0.972722053527832,794.3372802734375,102.13230895996094,0.9827834367752075
393,739.4161376953125,33.926883697509766,0.9976086616516113,707.2326049804688,85.28590393066406,0.9995673298835754,741.4248046875,62.10429763793945,0.9990794658660889,755.7139892578125,67.58949279785156,0.9989199638366699,779.8872680664062,69.79167938232422,0.9998065829277039,803.2501220703125,73.19034576416016,0.9994986057281494,750.3453369140625,49.859928131103516,0.9783132672309875,769.822265625,35.6254768371582,0.9985224604606628,826.5162353515625,41.83218002319336,0.9942243695259094,733.7420043945312,76.46937561035156,0.9912273287773132,786.0147094726562,109.48503112792969,0.9832762479782104,793.9636840820312,102.11865997314453,0.986242949962616
394,735.5753173828125,35.17245101928711,0.9929036498069763,706.313232421875,85.02562713623047,0.9995110034942627,739.139404296875,62.42594528198242,0.9990262985229492,754.5822143554688,67.62615203857422,0.9988325238227844,779.1918334960938,69.79167938232422,0.9998031258583069,801.9721069335938,72.82450866699219,0.9989989399909973,749.992431640625,50.47981262207031,0.9800083637237549,769.4654541015625,36.49802017211914,0.9978044629096985,825.4317626953125,41.8836669921875,0.993399977684021,733.636474609375,76.47074890136719,0.9902026653289795,783.9302978515625,106.69629669189453,0.9876569509506226,793.9556274414062,100.5013198852539,0.991479754447937
395,731.3283081054688,37.5088996887207,0.9914426207542419,705.2184448242188,85.02562713623047,0.9991164803504944,737.0576171875,62.63505935668945,0.9987938404083252,753.308837890625,67.58949279785156,0.9991084933280945,778.5372314453125,69.82870483398438,0.9998307228088379,800.5624389648438,72.47637176513672,0.9973065853118896,746.248046875,50.85292434692383,0.9800946712493896,769.30810546875,36.72774887084961,0.9965400695800781,821.20849609375,41.8836669921875,0.9949979782104492,733.636474609375,77.08527374267578,0.9910790324211121,778.8261108398438,106.69629669189453,0.9933638572692871,793.9556274414062,100.5013198852539,0.9928175210952759
396,727.3480224609375,39.05484390258789,0.9909225106239319,704.33984375,85.02562713623047,0.9985542893409729,735.927490234375,63.49337387084961,0.9972648620605469,753.0233764648438,67.58949279785156,0.9991162419319153,778.1844482421875,69.87822723388672,0.9998282194137573,800.4555053710938,71.35181427001953,0.9983298182487488,739.2010498046875,50.85292434692383,0.9636463522911072,769.30810546875,37.59403991699219,0.9961846470832825,817.2418823242188,41.8836669921875,0.993850827217102,733.3986206054688,78.68383026123047,0.9850591421127319,773.83349609375,104.5399169921875,0.9979786276817322,793.7864990234375,100.36917114257812,0.9944885969161987
397,723.8728637695312,40.17097473144531,0.9955612421035767,702.5504150390625,86.91421508789062,0.9975457787513733,735.1741333007812,64.90892791748047,0.9976512789726257,752.2430419921875,68.01090240478516,0.9989966750144958,777.8701171875,70.04564666748047,0.9998180270195007,799.7986450195312,71.1324691772461,0.9990124702453613,735.2611083984375,50.82991409301758,0.9735151529312134,769.30810546875,37.65871047973633,0.9959484934806824,813.0656127929688,41.83218002319336,0.992712676525116,731.5525512695312,78.76874542236328,0.978358268737793,770.1130981445312,104.5399169921875,0.9988394379615784,793.9556274414062,100.36917114257812,0.995710015296936
398,720.8609619140625,40.17097473144531,0.9940811991691589,701.9351196289062,88.14434814453125,0.9969702959060669,734.4718627929688,65.35054016113281,0.9981154203414917,751.5057983398438,68.083984375,0.9991913437843323,777.3049926757812,70.14308166503906,0.999779999256134,798.8319091796875,71.1324691772461,0.9990697503089905,734.6943359375,50.794498443603516,0.978585958480835,769.30810546875,37.76646423339844,0.9964731335639954,811.1471557617188,41.810455322265625,0.9951562881469727,731.42041015625,79.29655456542969,0.9719268083572388,769.0636596679688,105.67718505859375,0.9985072016716003,794.2243041992188,100.48790740966797,0.991953432559967
399,720.0509643554688,40.17097473144531,0.9918909072875977,700.8943481445312,88.27139282226562,0.9975231289863586,734.3284301757812,66.22628784179688,0.9985594153404236,750.8528442382812,68.92144012451172,0.9993652701377869,776.2138671875,70.2281723022461,0.9996415376663208,797.9907836914062,71.1324691772461,0.9990869760513306,733.8306274414062,50.794498443603516,0.9881151914596558,769.1311645507812,38.165771484375,0.9973613619804382,808.55126953125,41.806724548339844,0.9931777715682983,730.89208984375,79.64454650878906,0.9411499500274658,763.43017578125,105.67718505859375,0.9971789121627808,794.5432739257812,100.62239837646484,0.989548921585083
400,717.8715209960938,39.45494842529297,0.9963299632072449,699.6998291015625,88.27139282226562,0.998221218585968,733.4661254882812,66.3538589477539,0.9989049434661865,750.0084228515625,69.52318572998047,0.9994090795516968,776.1481323242188,70.43679809570312,0.999724805355072,797.3198852539062,71.40914916992188,0.9990736246109009,733.29443359375,50.146949768066406,0.9940338730812073,769.0797119140625,38.294464111328125,0.9976801872253418,805.9373168945312,41.08032989501953,0.9927722811698914,729.9033203125,81.99798583984375,0.9327170252799988,760.8097534179688,105.67718505859375,0.9945238828659058,794.7061767578125,100.62239837646484,0.9890655279159546
401,714.2897338867188,39.246856689453125,0.9951854348182678,698.9869384765625,88.27139282226562,0.9983271956443787,733.0100708007812,66.3716812133789,0.9988518953323364,749.5202026367188,69.538818359375,0.9995216131210327,775.228515625,70.44864654541016,0.999757707118988,796.4249267578125,71.861083984375,0.9989839196205139,732.9431762695312,50.03884506225586,0.9934212565422058,768.7590942382812,38.294464111328125,0.9978171586990356,803.5591430664062,40.79121780395508,0.9944238066673279,728.8333129882812,81.99798583984375,0.946490466594696,759.0712890625,106.53905487060547,0.9967657327651978,795.2572631835938,100.62239837646484,0.9906260967254639
402,711.8779296875,38.96472930908203,0.9966447353363037,698.3877563476562,87.79415893554688,0.9986754059791565,732.2642211914062,66.43183898925781,0.9991723299026489,749.1466064453125,69.76934814453125,0.999672532081604,774.2799072265625,70.64846801757812,0.9997724890708923,795.5023193359375,72.12224578857422,0.9989468455314636,732.276123046875,50.03884506225586,0.994702160358429,768.7439575195312,38.294464111328125,0.9984148740768433,801.5266723632812,40.79121780395508,0.9943082928657532,728.8333129882812,82.1268081665039,0.9488868117332458,756.1221313476562,107.2918930053711,0.9980379939079285,795.3347778320312,100.62239837646484,0.9934066534042358
403,710.2044677734375,38.96472930908203,0.9982503056526184,697.4728393554688,87.79415893554688,0.9986093044281006,732.07568359375,66.43183898925781,0.9991645812988281,748.8145751953125,69.86759948730469,0.9997273087501526,773.4003295898438,70.70985412597656,0.9997559189796448,794.7689208984375,72.27730560302734,0.9989776611328125,732.1403198242188,50.03884506225586,0.9955797791481018,768.6751708984375,38.22355651855469,0.9984489679336548,800.1971435546875,40.82121276855469,0.9934635162353516,728.8333129882812,81.99909210205078,0.9413528442382812,754.2835083007812,109.08040618896484,0.998329222202301,795.3544311523438,100.5931396484375,0.995064914226532
404,708.18310546875,38.945594787597656,0.9991235136985779,696.989990234375,87.79415893554688,0.9986047148704529,731.3213500976562,66.51449584960938,0.9992972612380981,748.3347778320312,69.87716674804688,0.9997125267982483,772.5707397460938,70.85131072998047,0.9997460246086121,794.4783935546875,72.3182601928711,0.9988685846328735,730.1168212890625,50.38618850708008,0.9953931570053101,768.6751708984375,38.22355651855469,0.998482882976532,798.4119873046875,41.08032989501953,0.9907740950584412,728.8403930664062,81.99909210205078,0.8998374938964844,752.710205078125,110.26791381835938,0.9979398846626282,795.5638427734375,100.58799743652344,0.9951320886611938
405,707.7074584960938,38.945594787597656,0.9990196228027344,695.8812866210938,88.07069396972656,0.9982016086578369,730.7211303710938,66.53810119628906,0.9992902278900146,747.5847778320312,69.97657775878906,0.9996570348739624,771.7586669921875,70.94895935058594,0.9996908903121948,794.2974243164062,72.3182601928711,0.9987947940826416,727.7283935546875,50.65167999267578,0.9929909706115723,768.6751708984375,38.22355651855469,0.9983270764350891,796.6788940429688,41.13966751098633,0.9960979223251343,734.4544067382812,82.1268081665039,0.8867424726486206,751.099853515625,112.89208221435547,0.9973959922790527,795.6525268554688,100.58799743652344,0.9955164790153503
406,707.7074584960938,38.945594787597656,0.9988219141960144,695.8812866210938,88.50553894042969,0.9976397752761841,730.408203125,66.86880493164062,0.9992551207542419,747.3933715820312,69.98031616210938,0.9995742440223694,771.15283203125,71.11248779296875,0.9995983242988586,793.7252807617188,72.3182601928711,0.9979597330093384,726.5224609375,50.65167999267578,0.9914669990539551,769.0906372070312,38.4814338684082,0.99808669090271,794.5437622070312,42.25377655029297,0.9978371262550354,735.1383666992188,82.1268081665039,0.8997524380683899,751.0782470703125,113.24525451660156,0.9971926808357239,795.6525268554688,100.54351043701172,0.9955472946166992
407,707.7074584960938,38.838539123535156,0.998875081539154,695.8812866210938,89.11178588867188,0.9965002536773682,730.134521484375,67.26530456542969,0.9992985725402832,747.1044311523438,70.0327377319336,0.9995513558387756,770.9432983398438,71.11917114257812,0.9995484948158264,793.319091796875,72.11471557617188,0.9975447058677673,726.4553833007812,50.65167999267578,0.9931290149688721,769.0906372070312,38.4814338684082,0.9982452392578125,792.623291015625,43.004310607910156,0.9978055357933044,735.151611328125,81.99909210205078,0.8943008184432983,750.2238159179688,113.37276458740234,0.9974272847175598,795.5638427734375,100.50946044921875,0.9957548379898071
408,709.6242065429688,37.847740173339844,0.9991525411605835,696.3865356445312,89.80311584472656,0.9970596432685852,729.513916015625,67.91571807861328,0.9992833733558655,746.9539794921875,70.33326721191406,0.9994944334030151,770.4508666992188,71.2906723022461,0.9994111061096191,793.001708984375,72.10843658447266,0.9968177080154419,726.2412109375,50.4950065612793,0.9921445250511169,769.1737060546875,38.4814338684082,0.9981281161308289,792.3630981445312,43.004310607910156,0.9977216124534607,738.5111694335938,81.86327362060547,0.9050594568252563,749.029052734375,113.26482391357422,0.9970699548721313,795.5560302734375,100.4019775390625,0.9955337047576904
409,710.885986328125,36.79214096069336,0.9992594122886658,696.3865356445312,90.81452178955078,0.9977027773857117,729.4956665039062,68.15963745117188,0.9993669390678406,746.9512939453125,70.33326721191406,0.999466598033905,770.38720703125,71.37641906738281,0.9993676543235779,792.9749145507812,72.10843658447266,0.9969087243080139,725.8695678710938,50.49441146850586,0.9909769296646118,769.313720703125,38.41556167602539,0.9981001019477844,792.3098754882812,43.004310607910156,0.9976782202720642,739.0704345703125,81.82234954833984,0.923884391784668,748.3272705078125,113.37276458740234,0.9974170923233032,795.516845703125,100.38870239257812,0.995596706867218
410,710.885986328125,36.744956970214844,0.9991493225097656,696.3865356445312,91.58744812011719,0.9980911612510681,729.437255859375,68.15963745117188,0.9993834495544434,746.9129028320312,70.33326721191406,0.999459445476532,770.3509521484375,71.40962219238281,0.9993448853492737,792.9749145507812,72.0932388305664,0.9970874190330505,725.8539428710938,50.0587272644043,0.9900162816047668,769.313720703125,38.40170669555664,0.9983953833580017,792.2384643554688,42.7208366394043,0.997361958026886,739.4194946289062,81.75444793701172,0.9247444272041321,748.3218994140625,113.37276458740234,0.9974706172943115,795.516845703125,100.38870239257812,0.9957402944564819
411,710.885986328125,36.744956970214844,0.9992678761482239,696.074951171875,91.88616943359375,0.9983513355255127,729.4234619140625,68.15963745117188,0.9993689656257629,746.8426513671875,70.3008804321289,0.9994520545005798,770.3509521484375,71.40962219238281,0.9993109703063965,792.9749145507812,72.0932388305664,0.9971315860748291,725.8338623046875,50.0587272644043,0.9899396300315857,769.4765014648438,38.34173583984375,0.9983223080635071,792.1939086914062,42.46882247924805,0.9973280429840088,739.4194946289062,81.75444793701172,0.9273571968078613,746.8510131835938,113.61113739013672,0.9976111650466919,795.5560302734375,100.38870239257812,0.9956836700439453
412,710.6473999023438,36.744956970214844,0.9992523789405823,696.074951171875,92.2173843383789,0.9985021352767944,729.4013061523438,68.12434387207031,0.9993718266487122,746.838623046875,70.19606018066406,0.999438464641571,770.3509521484375,71.40962219238281,0.9993212223052979,793.01220703125,72.0932388305664,0.9974108338356018,725.8338623046875,50.0587272644043,0.989642322063446,769.4765014648438,38.31576156616211,0.9984061121940613,792.1939086914062,42.294532775878906,0.9973316192626953,739.4198608398438,81.72782135009766,0.9292680025100708,746.8510131835938,113.61113739013672,0.9974587559700012,795.6588745117188,100.5122299194336,0.9957132339477539
413,710.4815673828125,36.87174606323242,0.9992840886116028,696.074951171875,92.34745025634766,0.9984676241874695,729.3424072265625,68.00006103515625,0.9993531107902527,746.8279418945312,70.01891326904297,0.9994543194770813,770.3509521484375,71.32025146484375,0.9993509650230408,793.070556640625,72.0932388305664,0.9975666999816895,725.8034057617188,50.24638748168945,0.99055016040802,769.4765014648438,38.30097198486328,0.9984421133995056,792.2384643554688,42.294532775878906,0.9972769618034363,739.4198608398438,81.71308898925781,0.9300229549407959,746.7574462890625,113.61113739013672,0.9975588321685791,795.7295532226562,100.53020477294922,0.9956114888191223
414,709.9681396484375,37.02820587158203,0.9992673993110657,696.1433715820312,92.85665130615234,0.9983720183372498,729.2775268554688,67.98855590820312,0.9993307590484619,746.8279418945312,69.91744232177734,0.9994403719902039,770.36083984375,71.28620147705078,0.9993579983711243,793.1433715820312,72.09036254882812,0.9975231289863586,725.8034057617188,50.24638748168945,0.9896486401557922,769.5372924804688,38.284690856933594,0.998441755771637,792.4468994140625,42.294532775878906,0.9974589943885803,739.4483642578125,81.63798522949219,0.9282473921775818,746.5703735351562,113.40121459960938,0.9975246787071228,795.7509155273438,100.53416442871094,0.9957150816917419
415,709.6896362304688,37.02820587158203,0.999263346195221,696.2796630859375,93.27582550048828,0.998285710811615,729.2775268554688,67.8728256225586,0.999316930770874,746.8279418945312,69.7625503540039,0.9994205236434937,770.3681640625,71.22272491455078,0.9993563294410706,793.1451416015625,72.07839965820312,0.9975626468658447,725.8034057617188,50.24638748168945,0.9898242354393005,769.5543823242188,38.27863693237305,0.9984477758407593,792.5072021484375,42.290592193603516,0.9974797368049622,739.526611328125,81.62236022949219,0.936171293258667,746.5703735351562,113.26737213134766,0.997409999370575,795.799072265625,100.5378189086914,0.9956925511360168
416,709.656982421875,37.02820587158203,0.9993126392364502,696.2796630859375,93.42523956298828,0.9982549548149109,729.2709350585938,67.7874755859375,0.999312162399292,746.7863159179688,69.63286590576172,0.999387264251709,770.3861083984375,71.20455932617188,0.999382495880127,793.1451416015625,72.0435791015625,0.9976121187210083,726.0529174804688,49.929588317871094,0.991326630115509,769.5545043945312,38.23919677734375,0.9984380602836609,792.5072021484375,42.290592193603516,0.997574508190155,739.526611328125,81.59568786621094,0.9331961870193481,746.692138671875,113.26737213134766,0.9971883893013,795.799072265625,100.56047821044922,0.9956880211830139
417,709.6165771484375,37.066287994384766,0.9993228912353516,696.2796630859375,93.73054504394531,0.9982041120529175,729.2775268554688,67.71514129638672,0.9992535710334778,746.7863159179688,69.53199005126953,0.9993370175361633,770.3861083984375,71.15896606445312,0.9993645548820496,793.1433715820312,72.03502655029297,0.9976092576980591,726.50341796875,49.3303108215332,0.9934448003768921,769.556640625,38.12687683105469,0.9984239339828491,792.4468994140625,42.26264572143555,0.9974139928817749,739.5806884765625,81.59568786621094,0.9148180484771729,746.692138671875,113.26737213134766,0.9971645474433899,795.7955322265625,100.5378189086914,0.9954283237457275
418,709.6165771484375,37.066287994384766,0.9993170499801636,696.1882934570312,93.9813232421875,0.9980596899986267,729.2826538085938,67.67951202392578,0.9992735981941223,746.6273803710938,69.33240509033203,0.9993996620178223,770.3861083984375,71.13565063476562,0.9993416666984558,793.0420532226562,72.01693725585938,0.9976301193237305,726.50341796875,49.29466247558594,0.9929274916648865,769.6218872070312,38.12687683105469,0.9982755184173584,792.465087890625,42.26264572143555,0.9975634813308716,739.526611328125,81.59568786621094,0.9139935374259949,748.1472778320312,113.01787567138672,0.9969576597213745,795.7955322265625,100.5378189086914,0.9955374002456665
419,709.195068359375,37.117530822753906,0.9993355870246887,696.1882934570312,94.06803894042969,0.9981208443641663,729.5634155273438,67.67951202392578,0.999233603477478,746.5400390625,69.31182861328125,0.9994617104530334,770.2311401367188,70.99361419677734,0.9993463158607483,793.0420532226562,72.01693725585938,0.9977005124092102,726.50341796875,49.29466247558594,0.9926769733428955,769.669189453125,38.12687683105469,0.9982366561889648,792.428466796875,42.26264572143555,0.9975458979606628,739.4400024414062,81.68477630615234,0.9137967824935913,748.1493530273438,113.01787567138672,0.9971022009849548,795.6983642578125,100.52863311767578,0.9954238533973694
420,708.9097290039062,38.316707611083984,0.9990389347076416,696.1882934570312,94.72981262207031,0.9978718757629395,729.5634155273438,67.71514129638672,0.9993069171905518,746.2919311523438,69.31182861328125,0.9994889497756958,769.8251342773438,70.94400024414062,0.9992650151252747,792.973388671875,72.01693725585938,0.9975385665893555,725.9483032226562,49.316505432128906,0.9890168905258179,769.924560546875,38.233158111572266,0.9981406927108765,792.3419189453125,42.30609130859375,0.9975430965423584,737.0431518554688,81.68477630615234,0.9016261696815491,748.1472778320312,113.01787567138672,0.997194766998291,795.6983642578125,100.41213989257812,0.9949913620948792
421,706.8104248046875,38.54867935180664,0.9984080195426941,697.8251953125,95.78929138183594,0.9983375072479248,729.5634155273438,67.71922302246094,0.999588668346405,745.8876953125,69.31182861328125,0.9996222257614136,769.3883666992188,70.63134002685547,0.9991694688796997,792.9649047851562,72.17453002929688,0.9979735016822815,724.0298461914062,49.316505432128906,0.990035355091095,769.924560546875,38.233158111572266,0.9982666969299316,792.2232055664062,42.32225036621094,0.9974510073661804,737.0431518554688,81.68477630615234,0.9201276898384094,748.1472778320312,112.7927017211914,0.9975666999816895,795.4857788085938,100.32775115966797,0.9946267008781433
422,705.1658935546875,39.218875885009766,0.9971047043800354,697.8251953125,95.78929138183594,0.9986176490783691,728.59423828125,67.74113464355469,0.9997254014015198,745.5781860351562,69.43976593017578,0.9996862411499023,768.6175537109375,70.38024139404297,0.9992430210113525,792.3806762695312,72.32659912109375,0.9986388087272644,722.3839111328125,49.316505432128906,0.9896818995475769,769.9453735351562,38.233158111572266,0.9983183145523071,791.366943359375,42.32225036621094,0.997022807598114,737.0431518554688,81.66329193115234,0.9393322467803955,747.991943359375,112.7927017211914,0.9973282814025879,795.4437255859375,100.25804901123047,0.9954818487167358
423,703.5850219726562,39.669471740722656,0.9942867159843445,697.8251953125,95.78929138183594,0.9985253214836121,727.4533081054688,67.76471710205078,0.9998189806938171,744.9273071289062,69.46553039550781,0.9997847676277161,767.4931030273438,70.16107940673828,0.9995371103286743,791.3914184570312,72.32659912109375,0.9991256594657898,719.8324584960938,49.46828842163086,0.9869090914726257,770.0880737304688,37.8895378112793,0.9983975291252136,791.0234985351562,42.30609130859375,0.9963751435279846,737.0431518554688,81.22540283203125,0.9552432298660278,745.1461791992188,111.72208404541016,0.9958513975143433,795.4437255859375,100.25804901123047,0.9951574206352234
424,703.2482299804688,39.75892639160156,0.9950449466705322,697.5128784179688,96.21746826171875,0.9980917572975159,726.3370361328125,67.82686614990234,0.9998468160629272,743.7532348632812,69.46553039550781,0.9998250603675842,766.3350830078125,70.00242614746094,0.9995622038841248,790.447265625,72.32659912109375,0.9992994070053101,716.2034912109375,49.46828842163086,0.9932075142860413,769.924560546875,36.94256591796875,0.99861741065979,790.5186767578125,39.15047836303711,0.9904686808586121,737.0431518554688,79.41587829589844,0.9749904274940491,742.3204345703125,108.90412902832031,0.9980831146240234,795.5350341796875,100.32775115966797,0.9954577684402466
425,701.6170043945312,39.75892639160156,0.9962390661239624,696.427978515625,96.21746826171875,0.9977626800537109,724.906005859375,67.98847198486328,0.9998418092727661,742.6732788085938,69.46553039550781,0.9998629093170166,765.0070190429688,69.83659362792969,0.9996131062507629,789.0322265625,71.9902572631836,0.9994897842407227,713.45654296875,49.46828842163086,0.9955357313156128,769.9216918945312,36.52685546875,0.9988625049591064,788.3316650390625,38.960758209228516,0.9888756275177002,736.1940307617188,79.11639404296875,0.9866302013397217,738.6767578125,108.90412902832031,0.9975011944770813,795.4297485351562,100.33850860595703,0.9968749284744263
426,701.0017700195312,39.75892639160156,0.9960357546806335,695.2046508789062,97.87162017822266,0.9985426664352417,723.4296264648438,67.83238983154297,0.9997257590293884,740.9716796875,69.4593505859375,0.9998536109924316,763.4329223632812,69.83659362792969,0.9996631145477295,787.188232421875,71.9099349975586,0.9993939399719238,710.9923095703125,48.99884033203125,0.9935510158538818,769.9216918945312,36.34359359741211,0.9989398121833801,784.0856323242188,38.54894256591797,0.9672877788543701,734.1035766601562,78.56263732910156,0.9841967225074768,732.943603515625,108.90412902832031,0.9931870698928833,795.3265991210938,100.33850860595703,0.9975556135177612
427,700.9146728515625,37.23662185668945,0.9977309107780457,694.7593994140625,100.96118927001953,0.998894989490509,720.643310546875,68.03839111328125,0.9989213943481445,738.5480346679688,69.4593505859375,0.9997095465660095,761.4164428710938,69.8094482421875,0.999660849571228,785.3410034179688,71.0263671875,0.998921275138855,708.86083984375,48.128318786621094,0.9937466382980347,769.420166015625,35.91089630126953,0.9991067051887512,781.6825561523438,37.58385467529297,0.9636661410331726,733.0836181640625,78.28154754638672,0.9855155944824219,726.307373046875,108.95268249511719,0.9974276423454285,795.2955932617188,100.33850860595703,0.9977591037750244
428,700.8378295898438,35.3438606262207,0.9982362985610962,694.5960083007812,101.53144836425781,0.9987425208091736,719.097900390625,68.03839111328125,0.9968871474266052,736.6928100585938,69.4593505859375,0.9992181062698364,760.9458618164062,69.83659362792969,0.999382495880127,782.4962768554688,70.13699340820312,0.9990598559379578,705.5216674804688,48.112178802490234,0.9912671446800232,769.404052734375,35.49712371826172,0.9989320635795593,778.1998901367188,37.58385467529297,0.9637901782989502,730.5125122070312,78.05651092529297,0.985353946685791,723.30712890625,109.08294677734375,0.9984055161476135,795.1787719726562,100.33660888671875,0.9977719187736511
429,700.254638671875,34.546783447265625,0.9978874325752258,694.220947265625,101.53144836425781,0.9988283514976501,716.8800048828125,68.03839111328125,0.9975322484970093,735.5471801757812,69.7845687866211,0.9991807341575623,758.7884521484375,69.86035919189453,0.9996777772903442,780.4973754882812,70.13699340820312,0.9993391633033752,702.9918823242188,47.99002456665039,0.9904194474220276,768.7000732421875,35.272010803222656,0.9983775615692139,776.1542358398438,37.58385467529297,0.9809984564781189,729.5050048828125,78.05651092529297,0.9846930503845215,721.67333984375,109.66104888916016,0.9985910058021545,794.7929077148438,100.25450897216797,0.9976577758789062
430,698.1455688476562,34.40863037109375,0.9967869520187378,690.0709228515625,101.53144836425781,0.9992589354515076,714.610107421875,68.03839111328125,0.9975969195365906,733.0553588867188,69.90669250488281,0.9990960359573364,756.0425415039062,69.91213989257812,0.9996505975723267,778.1196899414062,70.13699340820312,0.9992544054985046,702.248779296875,47.99002456665039,0.9900020360946655,766.899658203125,35.19705581665039,0.9978333115577698,774.9368896484375,37.638484954833984,0.9910247325897217,728.7454833984375,78.05651092529297,0.9850857257843018,721.5555419921875,110.23560333251953,0.9989216327667236,794.64404296875,100.25450897216797,0.9970093369483948
431,695.9835205078125,34.29773712158203,0.9984810948371887,684.5551147460938,101.20206451416016,0.9991084933280945,714.054931640625,68.06539154052734,0.997814416885376,731.18359375,70.087158203125,0.998836100101471,753.7318725585938,70.63378143310547,0.9993409514427185,776.36279296875,70.88408660888672,0.9987323880195618,702.248779296875,47.81003189086914,0.9909563660621643,766.6034545898438,35.19705581665039,0.9979845285415649,774.0957641601562,37.98709487915039,0.9933132529258728,728.3046264648438,78.78095245361328,0.9852590560913086,720.9729614257812,112.18795013427734,0.9977617263793945,794.439697265625,100.25450897216797,0.9966591596603394
432,694.9074096679688,34.28571701049805,0.9987407326698303,681.410400390625,101.05887603759766,0.9995018243789673,712.3414916992188,68.06539154052734,0.9988006353378296,729.349853515625,70.087158203125,0.9994732737541199,751.6328735351562,70.97123718261719,0.999104917049408,776.224609375,72.02336120605469,0.9991402626037598,702.248779296875,47.81003189086914,0.9920564293861389,765.9443359375,35.19705581665039,0.9979233145713806,772.9280395507812,38.19894790649414,0.9945344924926758,727.2371826171875,79.47007751464844,0.9868387579917908,720.7479248046875,112.71051788330078,0.9977105855941772,794.4156494140625,100.3218765258789,0.9964918494224548
433,693.82861328125,33.63064193725586,0.9990447163581848,679.216552734375,97.64043426513672,0.9986414313316345,711.0894165039062,68.06539154052734,0.9993501305580139,728.3995971679688,70.087158203125,0.9997319579124451,750.802001953125,71.34767150878906,0.9993674159049988,775.2435302734375,72.30980682373047,0.9993770718574524,702.7022094726562,47.76043701171875,0.992180347442627,765.1354370117188,35.46529006958008,0.9983717799186707,772.1846923828125,38.39316940307617,0.9943608641624451,726.157470703125,79.47007751464844,0.985395610332489,720.1948852539062,113.67321014404297,0.9981282353401184,794.3887329101562,100.3326644897461,0.9961625337600708
434,693.0108642578125,33.38903045654297,0.9991198182106018,677.46484375,95.59762573242188,0.9992508292198181,710.2278442382812,67.36421966552734,0.9994558691978455,727.517822265625,69.982666015625,0.999809205532074,749.9497680664062,71.47450256347656,0.9995543360710144,774.1401977539062,72.40792846679688,0.9995149374008179,702.7022094726562,47.585472106933594,0.9932841062545776,764.525390625,35.54653549194336,0.9981620907783508,771.6616821289062,38.68583297729492,0.9938479065895081,725.6312866210938,79.47007751464844,0.9819546937942505,720.0490112304688,113.88836669921875,0.9979214072227478,794.3887329101562,100.3326644897461,0.9962084293365479
435,691.8137817382812,33.25297164916992,0.9987459182739258,675.7505493164062,94.17051696777344,0.9995251893997192,708.9480590820312,66.79307556152344,0.9995241165161133,726.4237060546875,69.982666015625,0.9998430013656616,748.763671875,71.87120056152344,0.9995083808898926,773.3735961914062,72.687255859375,0.9994667172431946,702.7022094726562,46.88902282714844,0.9951901435852051,761.7489013671875,37.234161376953125,0.9979093670845032,770.3174438476562,38.79689025878906,0.9906774759292603,724.861328125,79.37397766113281,0.9804352521896362,720.0490112304688,114.32540130615234,0.9986522793769836,793.9035034179688,100.3326644897461,0.9955779314041138
436,688.0891723632812,33.25297164916992,0.9970182180404663,674.5125122070312,92.37909698486328,0.9994677901268005,708.1231689453125,66.71672058105469,0.9995241165161133,725.5386962890625,69.9423599243164,0.9998339414596558,747.7020874023438,71.87120056152344,0.9993044137954712,772.3810424804688,72.687255859375,0.9992990493774414,701.3217163085938,46.88902282714844,0.9970166683197021,758.2709350585938,38.861961364746094,0.998254120349884,770.2717895507812,38.79689025878906,0.993349015712738,723.3656616210938,79.37397766113281,0.9813000559806824,720.1948852539062,114.32540130615234,0.9989053010940552,792.3460083007812,98.82488250732422,0.9952660799026489
437,685.9548950195312,33.38903045654297,0.9981574416160583,672.6178588867188,92.1417236328125,0.9992795586585999,706.8749389648438,66.65354919433594,0.9995538592338562,724.258056640625,69.9063720703125,0.9998155236244202,746.5497436523438,71.87120056152344,0.9992826581001282,770.7354736328125,72.687255859375,0.9988386034965515,699.199462890625,46.88902282714844,0.9971248507499695,754.7466430664062,40.22871017456055,0.9936243295669556,770.0740966796875,38.79689025878906,0.9955561757087708,720.254638671875,79.37397766113281,0.97513347864151,720.0490112304688,114.37037658691406,0.9989573955535889,790.585205078125,97.72697448730469,0.9957090616226196
438,683.82373046875,33.489707946777344,0.998439610004425,671.967529296875,91.3908920288086,0.9988647699356079,705.27294921875,66.65354919433594,0.9995425939559937,723.2057495117188,69.9063720703125,0.9997972846031189,745.8726196289062,71.5793685913086,0.9994640946388245,769.6812744140625,72.43614196777344,0.9985485672950745,698.3108520507812,47.3518180847168,0.9954036474227905,745.8933715820312,40.6666259765625,0.9938786625862122,770.0740966796875,37.65483856201172,0.99710613489151,714.916259765625,83.45672607421875,0.9783403277397156,720.22607421875,114.37037658691406,0.999128520488739,788.90087890625,97.61689758300781,0.9958940744400024
439,682.5985717773438,33.66395950317383,0.9981811046600342,667.5653076171875,88.8263931274414,0.9980204105377197,703.1609497070312,66.71672058105469,0.9988706707954407,721.334228515625,69.65355682373047,0.9994266033172607,744.84765625,71.5517578125,0.9993946552276611,767.64892578125,70.1750259399414,0.998136043548584,698.3108520507812,47.990081787109375,0.9943915009498596,741.0669555664062,41.207767486572266,0.9981518387794495,770.0740966796875,37.65483856201172,0.9968613386154175,707.4389038085938,86.15353393554688,0.9779426455497742,720.5606689453125,112.73930358886719,0.9989287257194519,785.6619873046875,97.4490737915039,0.9945068955421448
440,682.041015625,33.680625915527344,0.9980641007423401,665.9526977539062,88.67132568359375,0.9981241822242737,702.5614624023438,66.71672058105469,0.9991433620452881,719.3706665039062,68.8827133178711,0.9994844198226929,744.5130004882812,71.2336654663086,0.9995250701904297,765.7943725585938,70.1750259399414,0.998863935470581,698.3108520507812,48.52836227416992,0.9944972395896912,736.0502319335938,41.207767486572266,0.9972134232521057,770.6234741210938,37.65483856201172,0.9961191415786743,701.64794921875,86.15353393554688,0.9681563377380371,720.5606689453125,112.73930358886719,0.9988088607788086,781.8997192382812,96.9411849975586,0.9958957433700562
441,681.2205200195312,33.680625915527344,0.9986649751663208,664.8602294921875,88.03482055664062,0.9980181455612183,701.1224975585938,66.64006805419922,0.9990624785423279,717.203369140625,68.80867004394531,0.9995303153991699,743.1250610351562,70.9599838256836,0.9997192025184631,763.9102783203125,70.1750259399414,0.9984275102615356,699.665283203125,48.52836227416992,0.9947527647018433,732.1246337890625,41.340545654296875,0.9970138072967529,770.6234741210938,38.09751510620117,0.9949368238449097,695.2984619140625,86.15353393554688,0.9807557463645935,719.6163330078125,113.18600463867188,0.9987344145774841,776.8455810546875,95.6018295288086,0.9933424592018127
442,680.4898681640625,33.66395950317383,0.9988377690315247,662.7832641601562,87.6004409790039,0.9973599314689636,699.7376098632812,66.64006805419922,0.9989237189292908,715.6723022460938,68.80867004394531,0.999448835849762,741.6497192382812,70.48353576660156,0.9997373223304749,761.931396484375,70.49885559082031,0.9985830783843994,700.1078491210938,48.52836227416992,0.9943073391914368,723.9262084960938,41.340545654296875,0.994576096534729,770.6234741210938,38.22550964355469,0.9967588782310486,691.1455078125,85.73193359375,0.9886894822120667,719.7781982421875,112.73930358886719,0.9984623193740845,770.30029296875,94.87477111816406,0.9908967614173889
443,679.4927978515625,32.64802551269531,0.9988000392913818,662.68505859375,87.6004409790039,0.9980989098548889,696.9714965820312,65.80946350097656,0.9972398281097412,713.8714599609375,68.80867004394531,0.9982841610908508,739.1795043945312,70.08953094482422,0.999542236328125,760.9649658203125,70.55855560302734,0.9988459348678589,700.2651977539062,47.933624267578125,0.989719808101654,719.3501586914062,41.340545654296875,0.9928441643714905,770.3155517578125,38.22550964355469,0.9964808821678162,685.6331787109375,84.60250091552734,0.9864438772201538,719.354736328125,112.52465057373047,0.9988096952438354,759.75146484375,94.72055053710938,0.9871897101402283
444,678.8591918945312,30.906517028808594,0.9980280995368958,661.0656127929688,87.36724853515625,0.9987837672233582,694.956787109375,65.14730834960938,0.9972955584526062,711.6591186523438,68.80867004394531,0.9991851449012756,737.3992919921875,70.08953094482422,0.9988915324211121,760.529296875,70.75711822509766,0.9989703893661499,700.4424438476562,45.120853424072266,0.9801347851753235,713.2464599609375,38.583984375,0.9934060573577881,770.2807006835938,38.22550964355469,0.9944567680358887,684.2621459960938,82.14446258544922,0.9849832653999329,719.354736328125,112.21660614013672,0.9983918070793152,753.021240234375,94.19684600830078,0.9858617782592773
445,678.3060913085938,30.754878997802734,0.9971185922622681,659.6818237304688,87.2599868774414,0.9989736080169678,692.5751953125,64.58732604980469,0.9964315891265869,709.7379760742188,68.29736328125,0.9994105100631714,735.6868286132812,70.08953094482422,0.999497652053833,757.787109375,70.75711822509766,0.9994296431541443,700.4424438476562,43.10615921020508,0.9781926870346069,708.0579223632812,38.55841827392578,0.9973475933074951,769.6800537109375,38.22550964355469,0.9926831126213074,682.6410522460938,80.7750473022461,0.9681363105773926,719.4751586914062,112.00200653076172,0.9975928664207458,747.89599609375,94.19684600830078,0.9927597045898438
446,675.7703857421875,30.686342239379883,0.9979988932609558,656.6148071289062,87.2599868774414,0.9987624883651733,690.145263671875,64.10225677490234,0.9902039766311646,707.2242431640625,67.99937438964844,0.9988856911659241,732.7359619140625,69.95436096191406,0.9996293783187866,754.0369262695312,70.75711822509766,0.9992437362670898,700.4424438476562,43.10615921020508,0.9751625061035156,705.57421875,37.947044372558594,0.9983912110328674,769.6800537109375,38.22550964355469,0.993187427520752,678.677001953125,80.05996704101562,0.9649552702903748,719.4751586914062,109.9913558959961,0.9971611499786377,742.9287109375,94.19684600830078,0.9922173023223877
447,673.6451416015625,30.440099716186523,0.9972690939903259,653.3228759765625,85.27132415771484,0.9990122318267822,687.5642700195312,63.41336441040039,0.9944915771484375,704.3639526367188,67.33032989501953,0.9980883002281189,729.1488647460938,69.95436096191406,0.9995008707046509,751.8447265625,69.60723876953125,0.9992570281028748,698.3704833984375,43.10615921020508,0.9613562226295471,703.8469848632812,37.78997802734375,0.9987468719482422,769.6800537109375,38.19007873535156,0.9950730204582214,676.7947998046875,79.95864868164062,0.9678449034690857,719.3032836914062,109.44850158691406,0.9969221949577332,740.3993530273438,94.21278381347656,0.9848757386207581
448,672.8658447265625,29.926475524902344,0.9968858361244202,649.5730590820312,84.80485534667969,0.9991773962974548,685.1870727539062,63.395530700683594,0.99583899974823,702.4593505859375,67.0687255859375,0.9988377690315247,726.610595703125,69.29359436035156,0.9997965693473816,749.3583984375,69.24964904785156,0.9997077584266663,696.2711181640625,44.017486572265625,0.9511513710021973,703.4346313476562,37.13616180419922,0.9987708926200867,770.15673828125,38.114288330078125,0.9958913326263428,671.6726684570312,79.66506958007812,0.9872952103614807,719.3032836914062,109.32492065429688,0.9982147216796875,738.94482421875,95.49500274658203,0.9809473156929016
449,671.5057983398438,29.87904930114746,0.9948770403862,647.8853759765625,84.31904602050781,0.9990023970603943,683.735107421875,63.374961853027344,0.9967589974403381,700.5350341796875,67.0535659790039,0.9989445805549622,724.7947998046875,68.84418487548828,0.9998177886009216,747.367919921875,68.76776885986328,0.9997890591621399,694.7131958007812,44.68623352050781,0.9734326004981995,702.17041015625,34.7084846496582,0.9972930550575256,770.2333984375,38.114288330078125,0.9964544773101807,671.6497192382812,79.02580261230469,0.990760326385498,719.29833984375,109.31753540039062,0.9983807802200317,737.4208984375,96.08790588378906,0.9785866141319275
450,671.0375366210938,29.834672927856445,0.9947404265403748,646.894775390625,83.46287536621094,0.9993533492088318,682.0145874023438,63.13078308105469,0.9966365098953247,699.2208251953125,67.05040740966797,0.9990666508674622,723.30810546875,68.45105743408203,0.999847412109375,746.3599853515625,68.76776885986328,0.9997541308403015,693.1137084960938,45.34596633911133,0.9823498129844666,701.4002075195312,34.51943588256836,0.9979093670845032,770.2333984375,38.114288330078125,0.9965795874595642,671.6207885742188,77.9295654296875,0.9921119213104248,719.2540283203125,109.29434204101562,0.9986206293106079,737.084228515625,96.52789306640625,0.9776212573051453
451,670.6299438476562,29.87904930114746,0.9946858882904053,644.847412109375,81.64547729492188,0.9993855953216553,681.8494873046875,63.09590148925781,0.9962367415428162,697.7503051757812,66.91651916503906,0.9986234903335571,721.8644409179688,68.42040252685547,0.9997979998588562,745.1331787109375,68.76776885986328,0.999601423740387,692.0504760742188,45.36310958862305,0.9871596097946167,700.7545166015625,34.507144927978516,0.9981149435043335,770.2333984375,38.25885772705078,0.9960269927978516,671.2791748046875,77.27933502197266,0.9913303852081299,718.9937133789062,109.21629333496094,0.9987597465515137,737.0804443359375,97.2626953125,0.9777081608772278
452,670.5264892578125,29.926475524902344,0.9946081638336182,642.3053588867188,79.8885498046875,0.9990271329879761,680.1990356445312,62.56967544555664,0.9981938004493713,695.3982543945312,66.8978500366211,0.998795747756958,720.4889526367188,67.45513153076172,0.9997214674949646,744.6691284179688,68.79122161865234,0.9996787309646606,691.2052612304688,45.69363784790039,0.98647540807724,700.672607421875,34.507144927978516,0.9981973767280579,769.8705444335938,38.25885772705078,0.9959535598754883,669.4842529296875,76.8924789428711,0.9889653921127319,718.7343139648438,109.1083755493164,0.9985606074333191,736.9772338867188,97.59972381591797,0.9789507985115051
453,669.718994140625,30.427053451538086,0.9932377338409424,642.0921630859375,78.1092529296875,0.997724711894989,678.0239868164062,62.193748474121094,0.9986112117767334,693.2288818359375,66.89161682128906,0.9987455606460571,718.8942260742188,67.3647689819336,0.999824583530426,743.2202758789062,68.79122161865234,0.9998148083686829,690.479736328125,45.873497009277344,0.9840651154518127,700.650146484375,34.51943588256836,0.9978561997413635,768.59765625,38.25885772705078,0.993992269039154,668.2716064453125,76.8924789428711,0.9833211898803711,718.4924926757812,108.86804962158203,0.9980512857437134,736.9772338867188,97.86650085449219,0.9848794341087341
454,667.7882080078125,30.470050811767578,0.989639401435852,640.8428344726562,77.95855712890625,0.994565486907959,676.5175170898438,62.193748474121094,0.9987187385559082,692.1320190429688,66.89701080322266,0.99892657995224,717.9979248046875,67.3647689819336,0.9998548030853271,741.6358642578125,68.79122161865234,0.9998654127120972,686.7718505859375,49.223533630371094,0.9772751331329346,700.1820678710938,34.68074035644531,0.9976390600204468,764.1015014648438,38.38672637939453,0.9925397038459778,667.5567016601562,76.8924789428711,0.986346423625946,717.7371826171875,108.75802612304688,0.9977709054946899,736.9772338867188,97.77637481689453,0.9892750382423401
455,665.3207397460938,30.825031280517578,0.9928070306777954,637.6986694335938,77.95855712890625,0.9953668117523193,674.758544921875,62.193748474121094,0.998752236366272,691.3047485351562,66.89701080322266,0.999173104763031,717.4932861328125,67.45513153076172,0.9998928308486938,739.9649658203125,68.79122161865234,0.9997716546058655,683.2003173828125,49.394405364990234,0.9856999516487122,700.1820678710938,35.1538200378418,0.9979361295700073,761.3114624023438,38.38672637939453,0.9905894994735718,666.3679809570312,77.18893432617188,0.9857112765312195,714.4639892578125,107.17440032958984,0.9971354007720947,737.0650024414062,97.77637481689453,0.9924651384353638
456,665.1663208007812,31.626768112182617,0.9904627203941345,637.2315673828125,77.95855712890625,0.9942605495452881,672.6070556640625,62.73447799682617,0.9968204498291016,690.44091796875,66.8978500366211,0.9990540146827698,716.7252807617188,67.67733764648438,0.9998292922973633,738.1570434570312,68.67243957519531,0.9993341565132141,677.6295166015625,49.394405364990234,0.9877610206604004,700.1820678710938,35.92997360229492,0.9966775178909302,756.5537109375,38.38672637939453,0.9935581088066101,665.8658447265625,77.3343734741211,0.9765920042991638,707.035888671875,103.69438934326172,0.9992521405220032,738.4794921875,97.77637481689453,0.9954866766929626
457,663.8880004882812,32.05024719238281,0.9955286383628845,635.1459350585938,80.93937683105469,0.99735426902771,672.3013916015625,64.10111999511719,0.9946488738059998,688.343017578125,67.025634765625,0.9985692501068115,715.2470703125,68.3017578125,0.999729335308075,736.5908203125,68.60066986083984,0.9985259175300598,673.4041748046875,49.223533630371094,0.9809185862541199,700.3165283203125,36.3662109375,0.9966084957122803,747.83154296875,38.38672637939453,0.9829375147819519,664.4911499023438,78.66323852539062,0.9585210084915161,703.6329345703125,103.07861328125,0.9985414743423462,738.941162109375,97.70682525634766,0.9961240887641907
458,662.637451171875,33.942928314208984,0.9969111084938049,633.081298828125,82.66259002685547,0.9986771941184998,669.8378295898438,64.5430908203125,0.9971628785133362,686.8991088867188,67.78168487548828,0.9991903901100159,713.3766479492188,68.7330322265625,0.9994988441467285,733.589111328125,68.28280639648438,0.9988967180252075,669.1909790039062,48.01771545410156,0.9898986220359802,700.3395385742188,36.42934036254883,0.9951909780502319,740.2341918945312,38.38672637939453,0.9934717416763306,664.4911499023438,80.9916000366211,0.953968346118927,699.1724853515625,103.07861328125,0.9969731569290161,738.941162109375,97.70682525634766,0.9949865341186523
459,658.5819091796875,34.9884033203125,0.9970959424972534,631.69091796875,84.07865142822266,0.9991808533668518,667.4639892578125,65.18055725097656,0.9981655478477478,685.3550415039062,67.95179748535156,0.9994534850120544,710.7138671875,68.80088806152344,0.9997379183769226,730.9234619140625,68.28280639648438,0.9992159605026245,665.0731811523438,48.01771545410156,0.9912930130958557,700.8569946289062,36.48725891113281,0.9955951571464539,738.96435546875,38.43281555175781,0.9929172992706299,664.4911499023438,80.9916000366211,0.8309416174888611,691.0694580078125,103.20428466796875,0.9994755387306213,738.941162109375,97.70682525634766,0.9940219521522522
460,654.2316284179688,35.04924011230469,0.9960314631462097,630.12158203125,84.08755493164062,0.9991902709007263,665.3783569335938,65.4676513671875,0.9982366561889648,683.3511962890625,68.17364501953125,0.9994059801101685,706.734375,68.89129638671875,0.999584972858429,728.9320068359375,68.28280639648438,0.9992258548736572,661.4647827148438,47.8472900390625,0.9908071160316467,701.5083618164062,36.42934036254883,0.9968484044075012,730.1729125976562,38.30348587036133,0.9956943988800049,670.6632080078125,80.9916000366211,0.8995991349220276,685.9685668945312,103.69438934326172,0.9960839748382568,738.782958984375,97.80827331542969,0.9959180951118469
461,649.064453125,35.11698532104492,0.9957790374755859,627.2899780273438,85.24433135986328,0.9992566704750061,663.0004272460938,66.17450714111328,0.999159574508667,680.7591552734375,68.17364501953125,0.999733030796051,703.6487426757812,68.80088806152344,0.9994100332260132,728.5677490234375,68.3892593383789,0.9995417594909668,656.3148193359375,47.8472900390625,0.9892154335975647,701.5083618164062,36.3662109375,0.9971714615821838,728.0980834960938,38.04071044921875,0.9807506203651428,670.6632080078125,80.58185577392578,0.956493616104126,683.933349609375,104.86004638671875,0.9971217513084412,737.8672485351562,97.80827331542969,0.9947709441184998
462,643.400390625,36.193382263183594,0.9958428740501404,624.7843017578125,87.26312255859375,0.9983810186386108,660.34130859375,66.19339752197266,0.999617338180542,677.7411499023438,68.55126953125,0.9997894167900085,700.2764892578125,68.80088806152344,0.9995318651199341,725.3676147460938,68.3892593383789,0.9996699094772339,650.9236450195312,48.176246643066406,0.9950047135353088,701.6007080078125,36.331111907958984,0.9980736970901489,722.8519897460938,37.65041732788086,0.9543597102165222,670.6632080078125,80.5412826538086,0.9741766452789307,673.89599609375,105.75128936767578,0.997280478477478,737.6790161132812,97.80827331542969,0.9950472116470337
463,636.970947265625,37.62485122680664,0.9944156408309937,624.4869384765625,90.91490936279297,0.9974379539489746,656.7100219726562,66.7681884765625,0.9989005327224731,674.5642700195312,68.58079528808594,0.999447762966156,697.6563720703125,68.73224639892578,0.999651312828064,722.2144775390625,68.3892593383789,0.9991389513015747,646.9072875976562,49.25948715209961,0.9931992888450623,701.6007080078125,35.81605911254883,0.997694194316864,713.4090576171875,36.96561813354492,0.8865712881088257,668.11572265625,78.38217163085938,0.9743831753730774,663.68896484375,105.75128936767578,0.9982092380523682,737.3123779296875,97.41047668457031,0.9933872818946838
464,629.5408325195312,39.13947677612305,0.9961940050125122,620.4359130859375,94.2909927368164,0.9970605969429016,653.5857543945312,67.28224182128906,0.9983270764350891,671.41943359375,69.87090301513672,0.9990826845169067,695.7496948242188,68.73224639892578,0.9996030926704407,717.806884765625,66.0014877319336,0.9984667301177979,644.1055297851562,50.108455657958984,0.9950096607208252,701.2750854492188,35.60579299926758,0.998713493347168,712.1536865234375,36.0174446105957,0.9342423677444458,667.5170288085938,78.38217163085938,0.9771320223808289,660.7911376953125,106.30178833007812,0.999305009841919,736.7756958007812,97.28467559814453,0.9919031262397766
465,626.0420532226562,40.7086296081543,0.9958200454711914,619.33642578125,99.2070541381836,0.9992073178291321,651.2800903320312,69.08721160888672,0.9983308911323547,668.6835327148438,70.00086212158203,0.998892605304718,692.8082275390625,68.73224639892578,0.9997571110725403,715.411376953125,66.0014877319336,0.99850994348526,637.7640380859375,51.8839225769043,0.9934773445129395,700.09521484375,35.33371353149414,0.9983081817626953,707.7857055664062,36.0174446105957,0.9790233373641968,666.2608032226562,78.38217163085938,0.983992874622345,659.6387329101562,107.2593994140625,0.9996799230575562,736.7361450195312,97.05113983154297,0.9904553294181824
466,623.4320068359375,40.7086296081543,0.994030237197876,618.2217407226562,101.07755279541016,0.9995170831680298,649.6383056640625,69.76748657226562,0.9981221556663513,666.8746948242188,70.42559814453125,0.9991986155509949,689.9173583984375,69.24673461914062,0.99955815076828,712.9111328125,66.0014877319336,0.9988131523132324,634.5291137695312,52.31460189819336,0.9954374432563782,699.2898559570312,35.33371353149414,0.9986515641212463,706.62353515625,36.64372253417969,0.9866105914115906,664.510009765625,78.52568054199219,0.9854118227958679,658.5618286132812,108.87062072753906,0.9996181726455688,736.2772827148438,96.13416290283203,0.9906457662582397
467,621.0624389648438,40.7086296081543,0.9959230422973633,617.10888671875,101.07755279541016,0.9994401335716248,647.3334350585938,69.76748657226562,0.9992333650588989,664.7728271484375,70.42559814453125,0.999737560749054,686.876220703125,69.6844711303711,0.9993116855621338,712.867431640625,66.98463439941406,0.9993709921836853,632.3736572265625,52.31460189819336,0.9957140684127808,698.6595458984375,35.33371353149414,0.9987012147903442,705.54541015625,36.64372253417969,0.9901567697525024,662.9561767578125,79.66090393066406,0.9940086603164673,658.4534912109375,110.37962341308594,0.999316930770874,735.89794921875,96.0838851928711,0.9903530478477478
468,620.6561889648438,38.85417938232422,0.9970760345458984,615.046875,101.07755279541016,0.9992024302482605,644.94580078125,69.76748657226562,0.9993879795074463,662.8630981445312,70.42559814453125,0.9998101592063904,685.2023315429688,70.25587463378906,0.9995296001434326,710.45751953125,68.05338287353516,0.9996668100357056,632.093017578125,52.31460189819336,0.9943927526473999,697.5078125,35.921775817871094,0.9984608888626099,704.4957275390625,37.589080810546875,0.9860763549804688,660.665771484375,79.66090393066406,0.9945449829101562,658.2586669921875,112.39129638671875,0.9992581009864807,734.6998901367188,95.6932144165039,0.9899987578392029
469,620.5756225585938,35.5719108581543,0.9987063407897949,614.2528686523438,99.45392608642578,0.9993410706520081,642.940185546875,69.75353240966797,0.9994049072265625,660.8567504882812,70.41465759277344,0.9998156428337097,683.5477905273438,70.4433364868164,0.9993721842765808,708.4041137695312,68.05338287353516,0.9995967745780945,632.0609741210938,51.66949462890625,0.9941650032997131,694.6513061523438,38.77051544189453,0.9981333613395691,703.4259643554688,37.61005783081055,0.9862844944000244,660.0979614257812,80.52190399169922,0.9879977703094482,658.15185546875,112.7184066772461,0.9994876384735107,733.1397705078125,94.95426940917969,0.9907446503639221
470,620.3123779296875,33.617618560791016,0.9987950325012207,611.220458984375,96.97581481933594,0.9992641806602478,640.3944702148438,68.87037658691406,0.9987273812294006,658.6292114257812,70.41465759277344,0.9996539354324341,681.7903442382812,70.55058288574219,0.9993751645088196,706.2592163085938,68.05338287353516,0.9991748929023743,632.0609741210938,51.65838623046875,0.9927420616149902,688.2828979492188,39.87055587768555,0.9976365566253662,702.2820434570312,37.61005783081055,0.9917491674423218,659.6177978515625,80.5569076538086,0.9773847460746765,658.15185546875,112.7184066772461,0.9995158910751343,729.5861206054688,94.92311096191406,0.9894383549690247
471,619.66357421875,32.85186004638672,0.9988266825675964,608.5946655273438,96.8055191040039,0.9987431168556213,638.6446533203125,68.4161376953125,0.9986742734909058,656.7501220703125,70.24905395507812,0.9992871880531311,681.5385131835938,70.55058288574219,0.9986783862113953,702.2023315429688,68.61546325683594,0.9981649518013,632.093017578125,51.2817268371582,0.9906697273254395,679.7119140625,40.846370697021484,0.994742751121521,699.2949829101562,37.939571380615234,0.9959285855293274,654.9656982421875,83.94407653808594,0.9514719843864441,657.9570922851562,112.7184066772461,0.9993791580200195,726.4992065429688,94.90062713623047,0.9944823980331421
472,617.952880859375,32.72101593017578,0.9988465309143066,604.8433837890625,95.37702178955078,0.9983945488929749,636.2125854492188,68.27019500732422,0.9994493126869202,653.8448486328125,69.991455078125,0.9995788931846619,679.4185180664062,70.4433364868164,0.9997352957725525,700.317138671875,68.72581481933594,0.9987825751304626,632.49365234375,51.1890754699707,0.9926988482475281,670.9925537109375,40.956199645996094,0.9956269264221191,699.2949829101562,37.61005783081055,0.994650661945343,642.7401123046875,86.44683837890625,0.8826300501823425,657.83935546875,112.5341567993164,0.9993630051612854,724.33935546875,94.55326080322266,0.9952425956726074
473,617.3956909179688,32.100406646728516,0.9987391829490662,602.4110107421875,95.2485122680664,0.9987066984176636,633.3521118164062,67.74325561523438,0.9995507597923279,650.8131713867188,69.93790435791016,0.9995272159576416,676.994384765625,70.19988250732422,0.9998168349266052,698.4493408203125,68.72581481933594,0.9989824891090393,632.511962890625,50.917991638183594,0.9855366349220276,665.0863037109375,40.956199645996094,0.995928943157196,699.2587280273438,37.405086517333984,0.9956821203231812,635.4655151367188,86.44683837890625,0.9084653258323669,657.7858276367188,112.44049072265625,0.9991899132728577,721.0225219726562,94.19697570800781,0.9853766560554504
474,616.2098999023438,31.18250846862793,0.9982522130012512,599.9258422851562,94.03463745117188,0.9985092282295227,632.3251953125,66.44052124023438,0.9990418553352356,648.39892578125,68.6709976196289,0.9995418787002563,675.1989135742188,69.65682220458984,0.999671220779419,697.4258422851562,68.72581481933594,0.9991098046302795,634.143310546875,50.796024322509766,0.9736387729644775,660.0642700195312,40.846370697021484,0.9973289966583252,699.2185668945312,37.405086517333984,0.9960965514183044,628.0582885742188,86.44683837890625,0.9895534515380859,657.7639770507812,111.69995880126953,0.9989898800849915,716.5972290039062,94.19697570800781,0.9921884536743164
475,614.6353759765625,30.71354103088379,0.9981417655944824,599.0084228515625,94.03463745117188,0.9989550113677979,629.3085327148438,66.15943145751953,0.9991236329078674,646.9550170898438,68.65399932861328,0.999631404876709,673.41943359375,68.96054077148438,0.9991182684898376,694.957763671875,69.17945098876953,0.9996296167373657,636.03173828125,49.84395217895508,0.9521542191505432,655.7052612304688,38.7511100769043,0.9960391521453857,699.093994140625,37.87942123413086,0.9956164360046387,623.8509521484375,84.78768920898438,0.9864126443862915,657.4051513671875,111.23458099365234,0.9990243911743164,710.3709106445312,94.19697570800781,0.9953109622001648
476,612.3184814453125,30.47435188293457,0.9980429410934448,596.0311889648438,94.00526428222656,0.9995219707489014,626.5952758789062,65.41925811767578,0.9983165264129639,644.7573852539062,67.86952209472656,0.9995513558387756,671.07861328125,68.96054077148438,0.9996926784515381,692.2481689453125,69.17945098876953,0.9996299743652344,636.03173828125,46.128448486328125,0.962630569934845,650.6205444335938,36.450653076171875,0.997685432434082,698.2898559570312,37.87942123413086,0.9958546161651611,620.2529296875,83.65963745117188,0.9878451228141785,656.9066162109375,110.09202575683594,0.9993239641189575,703.2069091796875,94.36395263671875,0.9933362007141113
477,610.8417358398438,30.359067916870117,0.9981970191001892,593.1687622070312,92.45709991455078,0.9992469549179077,624.255615234375,64.42698669433594,0.9927371144294739,641.8726806640625,66.99686431884766,0.9988564252853394,669.0188598632812,68.84697723388672,0.9997556805610657,690.5283813476562,68.60334777832031,0.9994403719902039,636.03173828125,45.83901596069336,0.975543737411499,646.7632446289062,36.11076736450195,0.9961047172546387,697.8344116210938,38.303611755371094,0.9964849948883057,616.67919921875,82.25088500976562,0.9836091995239258,656.9066162109375,110.06644439697266,0.9993020296096802,696.251953125,94.36395263671875,0.9946556091308594
478,607.6358642578125,30.222373962402344,0.9958009123802185,588.1453247070312,89.94978332519531,0.9985894560813904,621.6956176757812,64.01853942871094,0.9961328506469727,638.7858276367188,66.41973876953125,0.9981250166893005,664.9083862304688,68.60820007324219,0.9995884299278259,686.4703979492188,68.49720764160156,0.9994301199913025,633.9601440429688,45.83901596069336,0.9702402353286743,642.84228515625,35.781620025634766,0.9984097480773926,697.4188842773438,38.43498992919922,0.9967101812362671,611.4951171875,80.7696533203125,0.987240731716156,656.9066162109375,109.4089126586914,0.9991084933280945,687.8786010742188,94.55304718017578,0.9883362650871277
479,605.7342529296875,29.488506317138672,0.9941370487213135,583.7938232421875,88.7988052368164,0.9985431432723999,619.2232666015625,62.88512420654297,0.9972719550132751,635.7901000976562,66.28047943115234,0.9990807771682739,660.8258666992188,68.60820007324219,0.9998750686645508,683.6302490234375,68.49720764160156,0.9997689127922058,631.6173706054688,45.83901596069336,0.9641908407211304,641.0621337890625,35.20846939086914,0.9976809024810791,697.4097900390625,38.510562896728516,0.9968394041061401,607.55419921875,78.95463562011719,0.9911501407623291,656.9066162109375,107.91218566894531,0.997611403465271,672.9120483398438,94.68053436279297,0.9124927520751953
480,604.6930541992188,29.294496536254883,0.9948709011077881,581.2389526367188,86.05146789550781,0.9995037317276001,617.9681396484375,61.37699890136719,0.9966946840286255,632.9825439453125,65.68313598632812,0.9984098672866821,657.5572509765625,67.9240493774414,0.9997900128364563,681.0949096679688,68.49720764160156,0.9995623230934143,629.8026123046875,46.2603874206543,0.9749600291252136,640.729248046875,34.96812438964844,0.9965594410896301,697.3916015625,38.676116943359375,0.9963682889938354,605.2398071289062,75.66226196289062,0.9799982905387878,656.9066162109375,107.6441650390625,0.9963339567184448,669.80859375,95.05797576904297,0.9400022029876709
481,603.5740356445312,29.278799057006836,0.9951866269111633,578.345458984375,83.20027923583984,0.9994215965270996,615.4290771484375,59.71329116821289,0.9976413249969482,630.4439697265625,64.65898132324219,0.9980068802833557,654.6293334960938,67.41242980957031,0.9998775720596313,678.9236450195312,70.08203887939453,0.9997596144676208,625.8753662109375,46.2603874206543,0.9819464087486267,640.2587890625,33.590087890625,0.9939117431640625,697.357421875,38.968692779541016,0.9964224100112915,603.1683959960938,74.74698638916016,0.9660811424255371,656.5111694335938,107.57074737548828,0.9956647753715515,665.6716918945312,96.44955444335938,0.9568094611167908
482,601.79736328125,29.278799057006836,0.9934089183807373,573.9017333984375,80.68604278564453,0.9978780746459961,611.8203125,59.71329116821289,0.9976316690444946,627.39013671875,64.44783020019531,0.9978805780410767,652.2506713867188,67.23932647705078,0.9998986721038818,676.3014526367188,70.08203887939453,0.9997569918632507,625.0210571289062,46.84284973144531,0.9821991324424744,640.0304565429688,33.590087890625,0.9945386052131653,697.2216796875,39.20370864868164,0.9959707856178284,600.9129028320312,74.74698638916016,0.9796016216278076,655.7510986328125,107.57074737548828,0.9923816323280334,662.4561767578125,97.60232543945312,0.9731051325798035
483,601.6048583984375,29.278799057006836,0.993062436580658,571.1048583984375,78.88310241699219,0.9973459243774414,608.3782348632812,59.71329116821289,0.9963433146476746,624.7420043945312,64.44783020019531,0.9969640374183655,650.5951538085938,67.23932647705078,0.9998606443405151,673.7660522460938,70.08203887939453,0.99941086769104,623.4623413085938,46.84284973144531,0.9713494777679443,639.3449096679688,32.32474899291992,0.9942625164985657,697.0108032226562,39.542396545410156,0.9956129789352417,600.7959594726562,74.6805191040039,0.982212245464325,655.1239013671875,107.57074737548828,0.9910405278205872,662.20458984375,98.52676391601562,0.9888866543769836
484,601.5991821289062,29.96321678161621,0.992885410785675,569.6509399414062,76.76951599121094,0.9964898228645325,608.2050170898438,59.394203186035156,0.9972450733184814,623.2332763671875,64.44783020019531,0.9958617091178894,649.0479736328125,67.23932647705078,0.999798595905304,672.5563354492188,69.14595031738281,0.9993535876274109,622.8665161132812,47.42891311645508,0.9560115933418274,638.9647216796875,32.32474899291992,0.9947192668914795,696.9960327148438,39.80266189575195,0.9948012828826904,600.2074584960938,74.6805191040039,0.9900937676429749,654.4703369140625,107.68326568603516,0.9900842905044556,662.1988525390625,99.65248107910156,0.9906800389289856
485,601.3599853515625,29.96321678161621,0.9910079836845398,568.4278564453125,76.42017364501953,0.9963917136192322,606.56201171875,59.394203186035156,0.998117208480835,621.56787109375,64.74417114257812,0.9955371618270874,648.195556640625,67.23932647705078,0.9997468590736389,671.3976440429688,68.99173736572266,0.9995725750923157,621.4244384765625,47.42891311645508,0.962185263633728,638.644775390625,32.41885757446289,0.9958857893943787,696.7882080078125,40.072792053222656,0.9938653111457825,598.6474609375,74.31095886230469,0.9932793974876404,654.0701293945312,107.68326568603516,0.9867542386054993,661.9797973632812,100.52677154541016,0.9914079308509827
486,598.9781494140625,29.96321678161621,0.9963023662567139,567.4036254882812,76.30712890625,0.9967984557151794,604.9443359375,59.2701530456543,0.9985387325286865,619.7910766601562,64.74417114257812,0.9957615733146667,645.9683227539062,67.21806335449219,0.9998441934585571,670.0880126953125,68.44255065917969,0.9996546506881714,615.5057373046875,47.42891311645508,0.9762881994247437,638.2029418945312,32.5882682800293,0.9957504272460938,696.7550659179688,40.54499435424805,0.9922398328781128,596.7254638671875,73.66804504394531,0.99517822265625,652.7138061523438,107.68326568603516,0.9820187091827393,661.6428833007812,100.52677154541016,0.9933290481567383
487,594.2491455078125,29.7678279876709,0.9974191188812256,566.5519409179688,75.98033905029297,0.9977980852127075,602.983642578125,59.2701530456543,0.9984785914421082,618.6866455078125,64.74417114257812,0.9969800114631653,643.95703125,67.21806335449219,0.9998562335968018,668.1430053710938,68.44255065917969,0.9995697140693665,611.7545776367188,45.99464416503906,0.9916015267372131,637.3052978515625,32.5882682800293,0.9960259199142456,696.5310668945312,41.8945198059082,0.9893090724945068,595.1087646484375,73.43238067626953,0.9956361651420593,649.6220092773438,103.7370376586914,0.9805623292922974,661.6428833007812,100.52677154541016,0.9922502636909485
488,590.9803466796875,28.831987380981445,0.9952284097671509,565.7523193359375,75.33866882324219,0.998340368270874,601.4551391601562,59.2701530456543,0.9975546002388,618.5513916015625,64.35676574707031,0.996519923210144,642.3575439453125,67.19900512695312,0.9997482895851135,666.2103881835938,68.44255065917969,0.9992744326591492,608.8016357421875,45.506553649902344,0.9908673763275146,637.3052978515625,32.966514587402344,0.9970853924751282,693.4069213867188,43.31507873535156,0.9942256808280945,593.609130859375,73.22467041015625,0.9948175549507141,644.1763916015625,101.34300994873047,0.9946847558021545,661.6428833007812,99.62637329101562,0.9895195960998535
489,590.1297607421875,28.086896896362305,0.9941598176956177,564.49853515625,75.33866882324219,0.9984996318817139,601.33642578125,59.2701530456543,0.9984176158905029,617.2952270507812,63.54842758178711,0.9978463649749756,640.8300170898438,66.4898910522461,0.999612033367157,665.1116943359375,67.94654083251953,0.998336136341095,605.2369995117188,45.465240478515625,0.9919227957725525,637.5200805664062,33.34199905395508,0.9969236254692078,690.174560546875,44.58625411987305,0.9937286376953125,591.6259765625,73.22467041015625,0.9949026107788086,639.25341796875,101.12222290039062,0.9987002611160278,661.6561279296875,99.24825286865234,0.9806969165802002
490,589.7118530273438,27.83231544494629,0.9940107464790344,563.4901733398438,75.33866882324219,0.9984176158905029,599.4310302734375,59.43128967285156,0.9988927245140076,615.7601318359375,63.54842758178711,0.9988638162612915,640.3084106445312,66.14956665039062,0.9995573163032532,663.6554565429688,67.83757019042969,0.9989234805107117,599.0421752929688,44.36713409423828,0.9930572509765625,637.0401611328125,33.435447692871094,0.9968373775482178,688.2718505859375,44.58625411987305,0.9900093078613281,590.666015625,73.22467041015625,0.9873418211936951,630.6541748046875,101.12222290039062,0.9994183778762817,662.7074584960938,98.040283203125,0.9921573400497437
491,588.4482421875,26.91558074951172,0.9937219023704529,562.3472900390625,75.50605773925781,0.9978487491607666,597.1044921875,59.43128967285156,0.9992032647132874,613.9129638671875,63.538352966308594,0.9990683197975159,638.828369140625,65.6921615600586,0.9996119141578674,661.7007446289062,68.58633422851562,0.9991801381111145,595.3939208984375,43.10606384277344,0.9954462051391602,637.1929931640625,33.87687683105469,0.995498538017273,684.2120971679688,44.58625411987305,0.9823472499847412,589.7289428710938,74.23487091064453,0.9792796969413757,625.2466430664062,97.89566040039062,0.9991087317466736,662.81396484375,97.36184692382812,0.989927351474762
492,585.8292236328125,26.697778701782227,0.9915003776550293,560.368408203125,76.5276870727539,0.9960739612579346,595.10888671875,59.600955963134766,0.999068558216095,612.5606689453125,63.299041748046875,0.998992383480072,636.8737182617188,65.6650390625,0.9996780157089233,660.2242431640625,68.57777404785156,0.9994127750396729,592.319580078125,42.25056457519531,0.9936692118644714,637.360595703125,34.41469955444336,0.9966559410095215,677.7859497070312,42.5728645324707,0.987176239490509,589.7289428710938,75.55850219726562,0.9693204760551453,621.9517822265625,99.5614242553711,0.9987679123878479,662.81396484375,97.31159210205078,0.9933487772941589
493,585.0355224609375,26.36328887939453,0.9952951073646545,555.93701171875,76.77932739257812,0.9958099126815796,592.8958129882812,59.96229934692383,0.998437225818634,610.5614013671875,63.299041748046875,0.9984291195869446,634.9984130859375,65.65933990478516,0.9995624423027039,658.1683959960938,67.83757019042969,0.9994478821754456,591.9700927734375,41.89540100097656,0.9925145506858826,637.1929931640625,34.41469955444336,0.9970049262046814,671.5512084960938,41.10630416870117,0.9795672297477722,589.7289428710938,76.27085876464844,0.9697027802467346,615.2189331054688,99.5614242553711,0.9975202679634094,663.2726440429688,96.99909973144531,0.9939039349555969
494,582.6248779296875,26.36328887939453,0.9971805810928345,554.632080078125,79.03730010986328,0.9971478581428528,591.7620239257812,60.089115142822266,0.9984867572784424,608.6478881835938,63.22416305541992,0.9981361627578735,632.7643432617188,65.26017761230469,0.9995012283325195,657.0799560546875,67.553955078125,0.9993476271629333,589.113037109375,41.506622314453125,0.9960941672325134,636.937255859375,34.41469955444336,0.998302698135376,663.2252807617188,38.90801239013672,0.9796286225318909,591.837158203125,77.00804901123047,0.9787681698799133,608.3067016601562,101.34964752197266,0.9990160465240479,663.2726440429688,96.87081909179688,0.9956814050674438
495,577.0851440429688,26.36328887939453,0.9943013191223145,552.6359252929688,80.68053436279297,0.9984651803970337,588.97412109375,60.089115142822266,0.9983161687850952,606.46630859375,62.78335952758789,0.9944071769714355,631.3416137695312,64.95488739013672,0.9989480376243591,653.0062255859375,66.6259536743164,0.9990556836128235,584.4642333984375,40.93882369995117,0.9954297542572021,636.937255859375,34.163272857666016,0.9985805749893188,653.6209716796875,37.44206619262695,0.9823498129844666,593.7229614257812,77.00804901123047,0.9812535643577576,605.48193359375,100.1114730834961,0.9991461038589478,663.2726440429688,96.70046997070312,0.9961326122283936
496,572.810302734375,27.2755184173584,0.9942774176597595,552.1941528320312,82.47957611083984,0.9988859295845032,587.3604125976562,60.089115142822266,0.9981223940849304,604.479736328125,62.64179992675781,0.994520902633667,628.7192993164062,64.8486557006836,0.9990824460983276,651.3726806640625,66.46138000488281,0.9992190599441528,583.531494140625,41.13623046875,0.9944878220558167,636.3952026367188,32.739654541015625,0.9985154271125793,652.4959716796875,36.13090515136719,0.9921693205833435,593.7229614257812,77.00804901123047,0.9946240186691284,597.6683349609375,101.34964752197266,0.9996776580810547,663.017333984375,96.40619659423828,0.9967576861381531
497,569.29345703125,27.558513641357422,0.9906153678894043,551.447265625,84.48925018310547,0.998788058757782,585.3084106445312,59.907432556152344,0.9970481991767883,603.4452514648438,62.64179992675781,0.9977333545684814,626.3607177734375,64.60689544677734,0.9988901019096375,649.6309814453125,66.46138000488281,0.9992038607597351,579.1856689453125,41.13623046875,0.9968745708465576,635.6015014648438,32.739654541015625,0.997982382774353,648.4482421875,34.328887939453125,0.9892075657844543,593.7229614257812,75.41173553466797,0.9966962337493896,593.7652587890625,101.6011734008789,0.9995090961456299,662.8363037109375,96.1680679321289,0.9970545768737793
498,567.739013671875,27.56821060180664,0.9954062700271606,550.9419555664062,86.27945709228516,0.9982118606567383,583.4534301757812,59.5880241394043,0.9983077049255371,602.0643310546875,62.64179992675781,0.9990129470825195,624.9841918945312,64.58113861083984,0.9984377026557922,648.794921875,66.6259536743164,0.9989954829216003,575.9252319335938,41.13623046875,0.9948029518127441,635.307861328125,32.11211395263672,0.9974587559700012,646.7650756835938,34.280208587646484,0.9908279180526733,592.8287963867188,74.49321746826172,0.9976264834403992,592.044921875,102.20284271240234,0.9996060729026794,662.8004150390625,95.43572235107422,0.997328519821167
499,563.0507202148438,27.56821060180664,0.9957836866378784,550.8004760742188,86.27945709228516,0.9982855916023254,582.1383666992188,59.5034065246582,0.9992570281028748,600.1915893554688,62.48101043701172,0.9994077682495117,623.6985473632812,64.56106567382812,0.9975812435150146,648.6768188476562,66.55418395996094,0.9991430044174194,573.253173828125,41.227210998535156,0.9897220730781555,635.0540161132812,31.996227264404297,0.99832683801651,645.6397705078125,33.543453216552734,0.9936056137084961,592.3300170898438,74.32279968261719,0.9973605275154114,591.3543701171875,103.41570281982422,0.9994903802871704,662.255859375,95.33344268798828,0.997443437576294
500,560.135986328125,27.56821060180664,0.9918208122253418,550.4381103515625,86.27945709228516,0.9984815716743469,581.0844116210938,59.483516693115234,0.9993973970413208,598.7573852539062,62.48101043701172,0.9994682669639587,622.0123291015625,64.20636749267578,0.9984840750694275,647.02978515625,66.55418395996094,0.9995015859603882,571.4026489257812,41.227210998535156,0.9936257600784302,635.0095825195312,31.996227264404297,0.9971368312835693,643.5633544921875,33.493499755859375,0.9947813153266907,591.2313842773438,74.28961944580078,0.9969214797019958,591.3533325195312,104.08930969238281,0.9992119073867798,661.473388671875,95.24129486083984,0.9968274235725403
501,558.7518310546875,27.260595321655273,0.9923257827758789,549.7753295898438,86.06124877929688,0.9987168312072754,579.6935424804688,59.14849853515625,0.9992865920066833,597.2067260742188,61.64106369018555,0.9994816184043884,620.710693359375,64.20636749267578,0.9983271956443787,645.7785034179688,66.58391571044922,0.9995799660682678,569.9136962890625,41.227210998535156,0.9946042895317078,634.1577758789062,32.11211395263672,0.9966917037963867,643.0232543945312,33.543453216552734,0.9957684278488159,590.8209228515625,74.1676254272461,0.995578944683075,590.9378051757812,104.66718292236328,0.9988253712654114,661.1435546875,95.12501525878906,0.9966369867324829
502,558.1695556640625,26.406076431274414,0.9942827224731445,547.6632080078125,86.06124877929688,0.999174177646637,578.1002197265625,58.7755126953125,0.9987416863441467,595.2964477539062,61.5223503112793,0.9994552731513977,619.1092529296875,64.20636749267578,0.9982802867889404,644.261962890625,66.58391571044922,0.9994878768920898,569.8869018554688,40.600914001464844,0.9950063228607178,633.9427490234375,32.11211395263672,0.9946744441986084,641.8505859375,33.543453216552734,0.9957491159439087,590.8209228515625,73.972412109375,0.9947744011878967,590.4818725585938,104.91876220703125,0.9987170696258545,660.4586181640625,95.0682373046875,0.9955052137374878
503,556.7286987304688,26.104406356811523,0.9952255487442017,546.9038696289062,86.06124877929688,0.9990696310997009,575.8651123046875,58.73793029785156,0.9966057538986206,592.9456787109375,61.38534164428711,0.9989469647407532,617.2588500976562,64.20636749267578,0.9979044198989868,642.5220947265625,66.55418395996094,0.9992080330848694,568.1854858398438,39.79026412963867,0.995140790939331,633.756591796875,32.35309982299805,0.9936368465423584,641.3062744140625,34.058319091796875,0.9957255125045776,590.8209228515625,73.35186767578125,0.9942406415939331,590.2357177734375,104.92632293701172,0.9979379773139954,659.9916381835938,94.95836639404297,0.9934367537498474
504,555.8789672851562,25.610637664794922,0.9961479902267456,545.9284057617188,87.25244140625,0.9987695813179016,573.7552490234375,58.55791473388672,0.996353030204773,591.575927734375,61.105743408203125,0.9974990487098694,615.398193359375,64.20636749267578,0.9968108534812927,641.0840454101562,66.32596588134766,0.9983845949172974,567.9873046875,39.67019271850586,0.9930099248886108,632.8064575195312,32.723175048828125,0.9915938377380371,640.89501953125,34.792884826660156,0.9950490593910217,591.2584228515625,72.89178466796875,0.9948700666427612,587.8904418945312,105.00801849365234,0.9980970025062561,659.4061889648438,94.8927993774414,0.9930054545402527
505,554.7962646484375,25.419925689697266,0.995751142501831,545.8687744140625,89.34776306152344,0.998615026473999,572.2579956054688,58.24967956542969,0.9951131939888,590.051513671875,60.850486755371094,0.9970905780792236,613.85595703125,63.93567657470703,0.9966723918914795,637.6591796875,64.86678314208984,0.9979655742645264,567.9188842773438,38.70911407470703,0.9956398010253906,630.18017578125,34.357765197753906,0.9950506091117859,639.41455078125,34.817481994628906,0.9950992465019226,591.2584228515625,72.43773651123047,0.9911638498306274,587.77587890625,105.15347290039062,0.998080849647522,658.84716796875,94.76393127441406,0.9901222586631775
506,554.231689453125,25.419925689697266,0.9943040013313293,545.6309814453125,90.3763427734375,0.9987230896949768,570.95556640625,58.125789642333984,0.9954764246940613,588.5376586914062,60.670379638671875,0.9962950348854065,611.6448974609375,63.55152893066406,0.9966350197792053,636.1380004882812,64.84323120117188,0.9979146122932434,565.9620971679688,38.664241790771484,0.9967472553253174,626.1803588867188,34.357765197753906,0.9928724765777588,639.2803955078125,34.817481994628906,0.9945151805877686,591.2584228515625,72.11892700195312,0.9933116436004639,587.6689453125,105.15347290039062,0.9982181191444397,657.8781127929688,94.23127746582031,0.9855387210845947
507,554.231689453125,25.419925689697266,0.9940748810768127,541.0746459960938,90.3763427734375,0.9981472492218018,569.9437866210938,57.94879913330078,0.9946402907371521,587.3164672851562,60.59589385986328,0.9972965121269226,608.118408203125,62.51105880737305,0.99739670753479,634.5919189453125,64.82853698730469,0.9976822137832642,564.2900390625,38.664241790771484,0.9972297549247742,621.0016479492188,34.623111724853516,0.9951184988021851,638.1376342773438,34.817481994628906,0.9964029788970947,589.5494384765625,72.11892700195312,0.9921263456344604,587.4807739257812,105.15347290039062,0.9982554316520691,655.2286987304688,91.76815032958984,0.993645191192627
508,553.9769287109375,25.419925689697266,0.9927181005477905,539.047119140625,90.3763427734375,0.9985867738723755,568.8853149414062,57.933223724365234,0.9943984150886536,586.1212158203125,60.58536911010742,0.9987626075744629,607.8681640625,62.163143157958984,0.9967983365058899,632.8680419921875,64.54631042480469,0.9974790215492249,563.1805419921875,38.533817291259766,0.9972578883171082,616.665283203125,34.623111724853516,0.9964104294776917,636.9984741210938,34.3757438659668,0.9970743656158447,587.5419921875,72.11892700195312,0.9867570400238037,587.3768920898438,105.15347290039062,0.9985170960426331,651.3539428710938,89.22947692871094,0.9958107471466064
509,553.4832763671875,25.512542724609375,0.9920182824134827,536.4962158203125,86.84266662597656,0.9991402626037598,567.296142578125,56.3802490234375,0.9982168078422546,585.0894165039062,60.381561279296875,0.9992175102233887,607.2386474609375,61.83600616455078,0.9964953064918518,632.8666381835938,64.16205596923828,0.9951199293136597,563.1727905273438,38.664241790771484,0.9969311952590942,614.0187377929688,33.7338752746582,0.9968032836914062,636.9984741210938,34.13404846191406,0.9964699745178223,577.981201171875,74.58438110351562,0.970285952091217,587.3768920898438,104.83457946777344,0.9975504279136658,645.0239868164062,89.22947692871094,0.9980427026748657
510,552.9100952148438,25.75375747680664,0.9928610920906067,534.8865966796875,83.7155532836914,0.9992897510528564,566.68701171875,55.80241012573242,0.9993714690208435,584.613037109375,60.06306076049805,0.9990963935852051,606.637451171875,61.83600616455078,0.9979498982429504,632.1251220703125,64.05206298828125,0.9970075488090515,561.794677734375,38.778228759765625,0.9969887137413025,611.2963256835938,32.81694793701172,0.9949063062667847,636.9984741210938,34.13404846191406,0.9963693618774414,569.296142578125,75.298583984375,0.9857897162437439,586.44921875,104.82164764404297,0.9964046478271484,641.2694702148438,89.22947692871094,0.9922369122505188
511,552.2111206054688,25.75375747680664,0.9960845708847046,533.3690795898438,83.7155532836914,0.9994827508926392,565.8571166992188,55.80241012573242,0.9996083378791809,583.61376953125,59.592674255371094,0.9991425275802612,606.637451171875,61.83600616455078,0.9989515542984009,632.0235595703125,64.05206298828125,0.9978171586990356,560.354248046875,39.15066909790039,0.9963704347610474,610.7293701171875,32.81694793701172,0.9866477251052856,637.040283203125,34.09157180786133,0.9960452914237976,565.6581420898438,75.53265380859375,0.9933445453643799,586.4197998046875,104.52637481689453,0.9952561259269714,635.0846557617188,90.02735900878906,0.992916464805603
512,549.464599609375,27.793712615966797,0.9954350590705872,532.1577758789062,83.7155532836914,0.9995226860046387,563.8630981445312,55.80241012573242,0.9994625449180603,581.6997680664062,59.592674255371094,0.9990050196647644,605.4542846679688,61.91799545288086,0.9991601705551147,630.7498779296875,64.05206298828125,0.9989185333251953,560.354248046875,40.276397705078125,0.9946593642234802,605.995361328125,32.81694793701172,0.9913001656532288,637.3729858398438,34.13404846191406,0.9955588579177856,560.5985717773438,75.82640838623047,0.9931232333183289,586.2437744140625,104.52637481689453,0.9956167936325073,630.669921875,90.02735900878906,0.9910390973091125
513,546.1651000976562,29.115432739257812,0.9919123649597168,530.9310913085938,84.3621826171875,0.9994847774505615,561.1997680664062,56.18614196777344,0.998676598072052,579.2225341796875,59.592674255371094,0.998544454574585,603.9368896484375,62.10659408569336,0.9991158843040466,628.590087890625,64.05206298828125,0.9988667964935303,560.354248046875,40.40069580078125,0.989488422870636,597.7296752929688,34.17477035522461,0.99183589220047,637.5579833984375,34.13404846191406,0.993134617805481,557.1959228515625,75.82640838623047,0.980695903301239,586.1017456054688,104.44551849365234,0.9957375526428223,623.7581176757812,90.02735900878906,0.9850690960884094
514,542.6143188476562,32.31319808959961,0.9956358075141907,529.1914672851562,85.198486328125,0.9992617964744568,560.444091796875,57.850608825683594,0.9976945519447327,577.4703369140625,59.85426712036133,0.9978765249252319,602.6370239257812,62.10659408569336,0.9986623525619507,627.02001953125,64.05206298828125,0.9985040426254272,561.6224975585938,40.40069580078125,0.9876304268836975,593.8192138671875,34.17477035522461,0.9883890151977539,637.5579833984375,34.047935485839844,0.991775631904602,554.7560424804688,76.83091735839844,0.9780666828155518,586.1017456054688,104.26460266113281,0.9956547021865845,617.0289916992188,89.73699188232422,0.9854357838630676
515,540.6429443359375,32.31319808959961,0.9979749321937561,527.4379272460938,86.0604476928711,0.9989804625511169,558.916259765625,58.22216796875,0.9982115030288696,575.0284423828125,60.4342041015625,0.9959666728973389,601.22412109375,62.10659408569336,0.9979198575019836,624.2432861328125,63.273616790771484,0.9972953200340271,561.6224975585938,40.276397705078125,0.9914335012435913,590.2645263671875,34.474754333496094,0.9772046208381653,637.5579833984375,34.047935485839844,0.9911016225814819,553.2520751953125,77.1694107055664,0.9686456322669983,586.1928100585938,104.06729888916016,0.9965918064117432,614.1048583984375,88.53459930419922,0.9765716791152954
516,537.8968505859375,32.31319808959961,0.9980840682983398,525.0819702148438,86.0604476928711,0.9989902377128601,556.7208862304688,58.402618408203125,0.998818576335907,572.5501708984375,60.43425750732422,0.9958943128585815,597.722412109375,62.339393615722656,0.9991851449012756,622.408203125,63.273616790771484,0.9970023036003113,561.6224975585938,40.267967224121094,0.9936657547950745,588.1234130859375,34.474754333496094,0.9877467155456543,637.4589233398438,34.13953399658203,0.9908187985420227,548.6820068359375,77.1694107055664,0.9831777215003967,586.2437744140625,104.00981903076172,0.9968210458755493,607.398193359375,87.92703247070312,0.962439775466919
517,535.8109741210938,31.244205474853516,0.9955109357833862,523.0343627929688,86.0604476928711,0.9992165565490723,555.4545288085938,58.59531021118164,0.9986991882324219,571.1292114257812,60.94070053100586,0.9962051510810852,596.201904296875,62.339393615722656,0.9995369911193848,621.5123901367188,63.273616790771484,0.9982561469078064,561.6224975585938,40.244598388671875,0.9929683804512024,579.8978271484375,34.17477035522461,0.9880250096321106,637.4393310546875,34.2907829284668,0.9906085729598999,546.4834594726562,77.1694107055664,0.9871712327003479,586.9686889648438,103.73484802246094,0.9979754090309143,606.7548217773438,87.92703247070312,0.9058825969696045
518,534.7471313476562,29.88296890258789,0.9959801435470581,520.9521484375,85.26668548583984,0.9992731213569641,554.0787963867188,58.59531021118164,0.9979269504547119,570.8878784179688,60.941932678222656,0.9949754476547241,594.8845825195312,62.651092529296875,0.9994688630104065,618.8865966796875,64.78372192382812,0.9988129138946533,561.6224975585938,40.156341552734375,0.9889623522758484,575.9963989257812,32.719207763671875,0.991558313369751,637.0850830078125,34.58189392089844,0.9918226599693298,544.4614868164062,76.0750503540039,0.9838252663612366,587.6077270507812,103.6594009399414,0.9990828037261963,606.50537109375,87.92703247070312,0.9182953834533691
519,533.6830444335938,29.443899154663086,0.9974169731140137,518.9861450195312,84.74760437011719,0.9988403916358948,553.8923950195312,58.59531021118164,0.9978551268577576,569.67529296875,60.941932678222656,0.9978170394897461,593.5340576171875,63.45036697387695,0.999333918094635,617.724853515625,65.00359344482422,0.9991726279258728,561.8364868164062,40.103004455566406,0.9894142150878906,572.6351928710938,32.91756820678711,0.9894283413887024,636.7911987304688,34.74504470825195,0.9923232793807983,542.46484375,74.94526672363281,0.9727630019187927,587.8945922851562,103.6594009399414,0.9990136623382568,603.8272094726562,88.57561492919922,0.8122752904891968
520,533.0166625976562,29.443899154663086,0.9978423118591309,518.4024047851562,84.74760437011719,0.9993358254432678,552.0484619140625,57.82905578613281,0.99741131067276,568.55712890625,60.941932678222656,0.9987481832504272,591.5127563476562,63.45036697387695,0.9983868598937988,616.9585571289062,65.39469146728516,0.9989385008811951,561.8364868164062,39.55634307861328,0.9871971607208252,571.6636352539062,32.90058898925781,0.9942259192466736,636.6553955078125,35.03756332397461,0.9934682846069336,539.0083618164062,73.82938385009766,0.9630022048950195,587.8945922851562,102.91548919677734,0.998985230922699,602.452880859375,89.61853790283203,0.8250775337219238
521,531.1731567382812,29.358081817626953,0.9983943104743958,516.4486083984375,84.74760437011719,0.9995300769805908,549.5318603515625,57.380836486816406,0.9965469241142273,565.8690795898438,60.59165954589844,0.9986671209335327,590.7410278320312,63.45036697387695,0.9982482194900513,614.5551147460938,65.39469146728516,0.999596893787384,561.8364868164062,38.74909591674805,0.9916636943817139,571.1161499023438,32.719207763671875,0.9939788579940796,636.4612426757812,35.04991149902344,0.9923077821731567,537.918701171875,72.1900863647461,0.9701976180076599,587.8945922851562,102.54755401611328,0.9990617632865906,601.3143310546875,90.45760345458984,0.8639435768127441
522,529.0697021484375,29.358081817626953,0.9971311092376709,514.871826171875,85.28932189941406,0.999580442905426,546.7918701171875,57.09435272216797,0.9961103796958923,563.2341918945312,60.366092681884766,0.9986140727996826,589.7554931640625,63.171958923339844,0.998755931854248,612.1766357421875,65.39469146728516,0.9996463060379028,560.967041015625,38.74909591674805,0.9886152744293213,570.2717895507812,32.71017837524414,0.9950775504112244,636.254150390625,35.23582458496094,0.9921948909759521,537.0091552734375,71.72726440429688,0.9667040109634399,587.6336059570312,102.26449584960938,0.9986030459403992,600.365966796875,90.51580047607422,0.9140509963035583
523,525.235595703125,29.358081817626953,0.995612621307373,513.593994140625,86.5780029296875,0.9995216131210327,544.7622680664062,57.09435272216797,0.9950107336044312,560.8865356445312,60.13854217529297,0.9974785447120667,587.602294921875,63.132511138916016,0.9980990290641785,610.1284790039062,65.18972778320312,0.9994227886199951,559.3831787109375,38.74909591674805,0.9830797910690308,570.1603393554688,32.71017837524414,0.9955486059188843,636.1866455078125,35.61847686767578,0.9918493032455444,535.573974609375,71.72726440429688,0.9654189348220825,586.5746459960938,102.26449584960938,0.9977092742919922,598.7908935546875,90.59471130371094,0.950442910194397
524,524.6541748046875,29.358081817626953,0.9968081116676331,513.4248046875,87.67308807373047,0.999342143535614,543.0695190429688,57.09435272216797,0.9965720176696777,559.3759155273438,59.8209228515625,0.9964283108711243,586.1630249023438,62.869686126708984,0.9972387552261353,607.7047119140625,64.53312683105469,0.9989575147628784,559.2661743164062,38.77037811279297,0.9771136045455933,570.0748901367188,32.10946273803711,0.9958667755126953,635.9191284179688,35.81865310668945,0.9920587539672852,534.5978393554688,71.72726440429688,0.9685353636741638,585.9633178710938,102.2472152709961,0.9975168704986572,598.2347412109375,90.95364379882812,0.9664645791053772
525,524.6541748046875,29.237812042236328,0.9964653253555298,513.3881225585938,88.80878448486328,0.9988632202148438,541.9730224609375,57.06819534301758,0.9973137974739075,558.5261840820312,59.752506256103516,0.9952404499053955,581.9925537109375,62.00675582885742,0.9981009364128113,607.0632934570312,64.13079071044922,0.998941957950592,558.01025390625,39.3145637512207,0.9735461473464966,570.0479125976562,31.875873565673828,0.9958456158638,635.6625366210938,36.17948532104492,0.9925796389579773,534.5978393554688,71.51882934570312,0.9694483876228333,585.0239868164062,102.2472152709961,0.9980267882347107,598.2068481445312,91.53092956542969,0.9821245670318604
526,524.6541748046875,28.57428741455078,0.9956110119819641,513.2637329101562,88.80878448486328,0.99860018491745,541.03466796875,57.02702331542969,0.9968840479850769,558.217041015625,59.51730728149414,0.9923182725906372,581.94384765625,61.84703063964844,0.9981510043144226,606.4840087890625,63.75090789794922,0.9983636736869812,556.2672119140625,39.3145637512207,0.9808494448661804,569.9967041015625,31.274314880371094,0.9951262474060059,635.0552368164062,36.77113723754883,0.9923041462898254,534.5978393554688,71.88919067382812,0.9727236032485962,581.0695190429688,100.05570220947266,0.9975265860557556,597.3919677734375,91.53092956542969,0.9881547689437866
527,525.9014282226562,28.471172332763672,0.9958047270774841,511.7393493652344,88.80878448486328,0.9987861514091492,540.8095092773438,55.09370422363281,0.9961791038513184,556.7218017578125,58.45741653442383,0.9903098940849304,581.3264770507812,61.37141036987305,0.9985436201095581,605.8041381835938,62.716575622558594,0.997843861579895,554.7559814453125,39.452552795410156,0.986042857170105,569.9967041015625,30.816537857055664,0.9940914511680603,634.18359375,37.778839111328125,0.9930726885795593,534.5978393554688,71.88919067382812,0.9783896207809448,577.4745483398438,92.289306640625,0.9908355474472046,596.3621215820312,91.53092956542969,0.9797664880752563
528,526.1756591796875,26.923425674438477,0.9966937303543091,509.268310546875,86.49071502685547,0.999229907989502,540.5902099609375,55.025108337402344,0.9972761273384094,556.13037109375,58.24049758911133,0.992328941822052,581.0798950195312,60.831661224365234,0.9989081621170044,604.9630126953125,61.96370315551758,0.9976288676261902,551.4934692382812,39.3145637512207,0.9872179627418518,569.9967041015625,30.816537857055664,0.992990255355835,633.095947265625,38.02399444580078,0.9937846660614014,534.5978393554688,71.41617584228516,0.9775183796882629,571.9117431640625,91.61756134033203,0.9972816705703735,595.5546875,91.5160903930664,0.9554970860481262
529,526.8841552734375,26.398204803466797,0.9959316849708557,508.96844482421875,83.86396789550781,0.9992831349372864,540.092529296875,54.883949279785156,0.9977013468742371,555.38037109375,58.217498779296875,0.9944513440132141,580.4339599609375,60.403011322021484,0.99910968542099,604.718505859375,61.80801010131836,0.9975242018699646,550.2312622070312,38.92923355102539,0.9880317449569702,570.4109497070312,30.816537857055664,0.9941632151603699,630.1881713867188,38.02399444580078,0.9956138134002686,535.2365112304688,71.16621398925781,0.986622154712677,566.40087890625,91.30717468261719,0.9973537921905518,594.4899291992188,91.5160903930664,0.9544367790222168
530,529.3908081054688,25.110790252685547,0.9954806566238403,507.10333251953125,82.00811004638672,0.9991456270217896,539.2806396484375,54.74924087524414,0.9979301691055298,555.26708984375,57.98902893066406,0.9957237243652344,579.5555419921875,59.729061126708984,0.99933260679245,603.9852905273438,61.48506164550781,0.9975070357322693,545.5997924804688,38.86631774902344,0.9880203604698181,571.08349609375,31.234899520874023,0.9940069913864136,627.9121704101562,38.02399444580078,0.9957985281944275,535.2365112304688,71.1640625,0.9879748821258545,562.4216918945312,91.06407165527344,0.9976218342781067,594.441162109375,91.5160903930664,0.963926374912262
531,529.3908081054688,25.110790252685547,0.9948550462722778,505.3028564453125,79.90930938720703,0.9980637431144714,538.0885620117188,54.562835693359375,0.9985163807868958,554.415283203125,57.76368713378906,0.9966642260551453,578.0372924804688,59.33452606201172,0.9994749426841736,603.2831420898438,61.42416000366211,0.9978861212730408,542.2868041992188,38.48713684082031,0.9953881502151489,571.4845581054688,31.932905197143555,0.9933366775512695,624.7367553710938,37.27614974975586,0.9781473278999329,535.8671264648438,70.53258514404297,0.968235433101654,559.7636108398438,91.06407165527344,0.9956749081611633,594.441162109375,91.69976043701172,0.9662448167800903
532,529.3908081054688,25.110790252685547,0.9927794337272644,504.1430969238281,78.27629089355469,0.9973024129867554,537.3723754882812,53.54228591918945,0.9985201954841614,553.1782836914062,57.51235580444336,0.9965084195137024,577.2034912109375,59.29142379760742,0.9992305040359497,602.16357421875,61.39130401611328,0.9976601600646973,540.4151000976562,37.38169479370117,0.995786726474762,571.4845581054688,32.02500915527344,0.9913369417190552,613.53759765625,35.034881591796875,0.985914945602417,536.6362915039062,70.53258514404297,0.967298150062561,552.7313232421875,91.06407165527344,0.9926621913909912,594.4899291992188,92.13387298583984,0.9682388305664062
533,526.3524169921875,26.04880714416504,0.9855396747589111,503.1496887207031,76.21406555175781,0.998372495174408,536.85009765625,52.70652389526367,0.9985153079032898,553.1782836914062,56.847930908203125,0.9980423450469971,576.1320190429688,58.87431335449219,0.9988043308258057,601.3373413085938,61.03577423095703,0.9971351623535156,538.61083984375,36.405399322509766,0.9945295453071594,571.6533813476562,32.041568756103516,0.9867766499519348,607.5932006835938,33.5714111328125,0.9897580146789551,536.6362915039062,69.03684997558594,0.9814493060112,548.06396484375,92.62769317626953,0.9958042502403259,594.6893920898438,92.64051818847656,0.9732059240341187
534,521.850341796875,26.04880714416504,0.9855438470840454,502.417236328125,75.59075927734375,0.9981808662414551,536.7965698242188,52.50367736816406,0.999148964881897,553.1320190429688,56.71038818359375,0.9984472393989563,576.1320190429688,58.58940887451172,0.9984009861946106,600.4295654296875,61.023231506347656,0.9963873624801636,537.053466796875,35.75053787231445,0.9908149838447571,571.6533813476562,32.02500915527344,0.976740300655365,600.3209228515625,33.3034553527832,0.9962008595466614,536.9757080078125,68.58679962158203,0.9780988693237305,545.7184448242188,94.83782958984375,0.9887678027153015,594.8839721679688,92.64051818847656,0.9699810147285461
535,521.0362548828125,26.04880714416504,0.9810107350349426,502.1234436035156,75.59075927734375,0.9982553124427795,536.577880859375,52.24174499511719,0.9992116689682007,553.0338134765625,56.4837532043457,0.998745322227478,575.4476318359375,58.2666015625,0.9977280497550964,599.7518920898438,59.99843978881836,0.9969011545181274,534.2334594726562,35.75053787231445,0.9845243096351624,571.6533813476562,31.932905197143555,0.9815349578857422,600.2575073242188,32.283546447753906,0.9918327331542969,537.0040893554688,68.58679962158203,0.987179696559906,544.9605102539062,96.44798278808594,0.9935483336448669,594.9229125976562,92.64051818847656,0.9797062277793884
536,520.857177734375,26.279991149902344,0.9838300347328186,502.0577392578125,75.59075927734375,0.9985702037811279,536.0264892578125,52.02065658569336,0.999377429485321,553.001953125,56.22551727294922,0.9990575909614563,575.3037719726562,58.25160217285156,0.9978652596473694,599.2437744140625,58.989234924316406,0.997175931930542,531.3914184570312,35.590782165527344,0.9904447197914124,573.1388549804688,31.10992431640625,0.9859066009521484,599.685302734375,31.550579071044922,0.9854522347450256,537.2959594726562,68.10496520996094,0.9882914423942566,544.6398315429688,96.44798278808594,0.9935970306396484,594.9229125976562,92.67330932617188,0.9784720540046692
537,519.8650512695312,26.620309829711914,0.9870139360427856,501.9176330566406,76.32061767578125,0.9987660646438599,534.861328125,51.97089767456055,0.9996165037155151,552.2363891601562,55.644805908203125,0.9994255304336548,574.9872436523438,57.849143981933594,0.9982998967170715,598.5598754882812,58.72881317138672,0.9981038570404053,527.2190551757812,35.50150680541992,0.9922433495521545,573.8125610351562,30.997407913208008,0.9857242703437805,598.6202392578125,31.012928009033203,0.9845770001411438,537.2959594726562,66.92822265625,0.990378737449646,544.1333618164062,96.44798278808594,0.992087185382843,594.8946533203125,92.67330932617188,0.9803991913795471
538,518.44580078125,26.920764923095703,0.9838529825210571,501.5234375,76.37577056884766,0.9988144636154175,533.1605224609375,51.912567138671875,0.999603807926178,550.9981079101562,55.5712890625,0.9994001388549805,574.184326171875,57.454856872558594,0.9986893534660339,597.8182983398438,58.25503921508789,0.9983569979667664,526.1926879882812,35.590782165527344,0.9942448735237122,573.947509765625,30.995668411254883,0.9879353046417236,598.6202392578125,30.59402847290039,0.9744497537612915,537.2959594726562,65.84385681152344,0.9931164979934692,543.87890625,95.1506576538086,0.9903421401977539,594.8839721679688,92.67330932617188,0.9830052256584167
539,518.3982543945312,26.920764923095703,0.9811617136001587,500.4688720703125,76.43694305419922,0.9988259673118591,531.6425170898438,51.88510513305664,0.9995096921920776,549.75927734375,55.297481536865234,0.9994065761566162,573.0113525390625,56.8964958190918,0.9987648725509644,596.28759765625,57.66883850097656,0.9987447261810303,524.3180541992188,35.33672332763672,0.9937317967414856,573.947509765625,30.603124618530273,0.9906250238418579,597.2559814453125,30.59402847290039,0.9711653590202332,537.5482177734375,65.84385681152344,0.991415798664093,541.4478759765625,93.58708953857422,0.989762008190155,594.8104248046875,93.1387939453125,0.9843856692314148
540,518.1981811523438,26.920764923095703,0.9508748054504395,497.6999206542969,76.43694305419922,0.9989301562309265,529.642333984375,51.88510513305664,0.9987595081329346,547.986083984375,55.297481536865234,0.9992178678512573,571.9305419921875,56.8964958190918,0.9987248778343201,595.2594604492188,57.66560363769531,0.9991058707237244,522.6864013671875,35.058292388916016,0.9949129819869995,573.8125610351562,30.288272857666016,0.9896044731140137,595.2777099609375,30.54604721069336,0.978585958480835,537.2809448242188,65.84385681152344,0.9884815216064453,540.6860961914062,93.42414855957031,0.9911181330680847,594.7697143554688,93.58094024658203,0.9846062660217285
541,514.5711059570312,26.785934448242188,0.9610925316810608,495.6950378417969,76.32061767578125,0.9984101057052612,527.4330444335938,51.912567138671875,0.9978389143943787,545.2842407226562,55.297481536865234,0.9986593723297119,570.1006469726562,56.8964958190918,0.9981180429458618,594.2298583984375,57.52495574951172,0.9992579817771912,519.5247192382812,35.01350784301758,0.9954180717468262,573.575927734375,30.084228515625,0.9919643402099609,591.822021484375,30.054494857788086,0.977944016456604,534.9646606445312,67.88494110107422,0.9918900728225708,540.644775390625,92.97267150878906,0.9945421814918518,594.6898193359375,93.70176696777344,0.9852892756462097
542,512.2265014648438,26.785934448242188,0.9774495363235474,491.47137451171875,76.43694305419922,0.9978935122489929,525.92578125,52.16942596435547,0.9979497790336609,543.7605590820312,55.30066680908203,0.9983324408531189,566.8873291015625,56.962181091308594,0.9984858632087708,592.7691650390625,57.52495574951172,0.9991810917854309,516.9017944335938,35.01350784301758,0.9969845414161682,573.3082275390625,29.974910736083984,0.9925716519355774,590.5357055664062,30.054494857788086,0.9881986379623413,534.8958129882812,69.27409362792969,0.9930538535118103,540.0889892578125,92.97267150878906,0.9950798749923706,594.5924682617188,93.74056243896484,0.9889070987701416
543,510.04217529296875,26.785934448242188,0.9797592759132385,489.45654296875,76.43694305419922,0.9978759288787842,523.9493408203125,52.55384063720703,0.998786985874176,541.3190307617188,55.912445068359375,0.9977917671203613,564.9332885742188,56.967750549316406,0.9994127750396729,590.7853393554688,57.52495574951172,0.998975396156311,516.248291015625,35.01350784301758,0.997337281703949,572.3536376953125,29.974910736083984,0.9923794269561768,588.0953369140625,30.054494857788086,0.9956135749816895,530.2181396484375,69.88513946533203,0.9938393235206604,539.8329467773438,92.97267150878906,0.9947821497917175,594.5924682617188,93.87349700927734,0.990628182888031
544,505.52764892578125,27.6064395904541,0.9789867997169495,488.3719787597656,77.26688385009766,0.9971410036087036,522.6285400390625,53.7953987121582,0.9990648627281189,539.0758056640625,55.936363220214844,0.9974855184555054,563.54541015625,56.968605041503906,0.9994576573371887,589.6426391601562,58.21019744873047,0.9987096786499023,516.14892578125,36.318058013916016,0.9967182278633118,570.521728515625,29.974910736083984,0.9923017024993896,586.0938720703125,30.535625457763672,0.9957951307296753,527.5816650390625,70.23114013671875,0.9837717413902283,539.6400146484375,94.56089782714844,0.9944257736206055,594.130126953125,93.90534210205078,0.9868825078010559
545,501.0762939453125,28.818836212158203,0.9947380423545837,487.4788818359375,78.85908508300781,0.9974011182785034,520.6038208007812,54.9017448425293,0.9988449811935425,537.3018798828125,57.22273635864258,0.9984521865844727,561.623291015625,57.839168548583984,0.9993190765380859,587.5355224609375,58.788970947265625,0.9988328814506531,516.14892578125,38.75331497192383,0.9951539039611816,569.3326416015625,31.061126708984375,0.9931408762931824,584.5433959960938,30.980504989624023,0.9956091046333313,523.1764526367188,72.56541442871094,0.9881781935691833,539.4901733398438,96.63468933105469,0.9980250597000122,594.130126953125,94.03246307373047,0.9892106056213379
546,495.582275390625,31.721603393554688,0.9923279881477356,486.7876892089844,80.9891586303711,0.998954176902771,519.3646240234375,55.259849548339844,0.9993709921836853,536.36181640625,58.412681579589844,0.9985315799713135,560.18310546875,58.88621139526367,0.9989784955978394,586.456298828125,59.54235076904297,0.9988940358161926,516.248291015625,39.048362731933594,0.9959560036659241,569.2722778320312,31.365585327148438,0.9924489259719849,583.4274291992188,31.130535125732422,0.9939680099487305,520.2769775390625,76.02666473388672,0.9919375777244568,539.5065307617188,96.95148468017578,0.9984903335571289,594.130126953125,94.31221771240234,0.9906634092330933
547,493.35498046875,34.51130676269531,0.9969412684440613,486.3419189453125,82.09243774414062,0.9990372657775879,518.8804321289062,55.347232818603516,0.9993963241577148,535.6375732421875,58.57249069213867,0.9990218877792358,559.8206787109375,59.502662658691406,0.9985528588294983,585.9931030273438,60.080135345458984,0.99894779920578,516.4834594726562,39.323543548583984,0.9965732097625732,568.5210571289062,31.608041763305664,0.991723358631134,582.7581787109375,31.25621795654297,0.9925217032432556,517.1333618164062,76.07659912109375,0.9965617060661316,539.5305786132812,97.30412292480469,0.998816728591919,594.213623046875,94.4402084350586,0.9915012121200562
548,492.51025390625,34.583187103271484,0.9971609115600586,485.7940979003906,82.65765380859375,0.9991987347602844,518.812255859375,55.691036224365234,0.9992244243621826,535.0543823242188,58.85506820678711,0.9991024732589722,559.4894409179688,60.25261306762695,0.9984228610992432,585.6460571289062,60.41758728027344,0.9986540079116821,516.5535888671875,39.33338928222656,0.9965272545814514,568.0625610351562,31.676090240478516,0.99224454164505,582.5178833007812,31.25621795654297,0.9919130802154541,516.4456176757812,76.16621398925781,0.9967595934867859,539.5305786132812,97.47762298583984,0.9988915324211121,594.2422485351562,94.57843780517578,0.9906406402587891
549,492.1954040527344,34.583187103271484,0.9975540041923523,485.51348876953125,84.41480255126953,0.9993009567260742,518.708740234375,56.165889739990234,0.9989977478981018,534.9837036132812,58.987796783447266,0.9991699457168579,559.2955932617188,60.25261306762695,0.9986360669136047,585.3428344726562,60.41758728027344,0.9987348914146423,516.6884155273438,39.33338928222656,0.9965290427207947,566.1201171875,31.723934173583984,0.9919256567955017,581.9638061523438,31.22728729248047,0.9925048351287842,514.943115234375,76.16621398925781,0.9946262240409851,539.5065307617188,98.0191879272461,0.9989585876464844,594.2606201171875,94.57843780517578,0.9902904629707336
550,492.1954040527344,34.583187103271484,0.9980131387710571,485.51348876953125,85.09950256347656,0.9992399215698242,518.6249389648438,56.45355224609375,0.9988054037094116,534.9118041992188,59.01148986816406,0.9992475509643555,559.2955932617188,60.25261306762695,0.9987659454345703,584.8889770507812,60.41758728027344,0.9983491897583008,516.9014892578125,39.323543548583984,0.9962745904922485,566.0136108398438,31.723934173583984,0.9902066588401794,581.8585205078125,31.22728729248047,0.9929307699203491,514.6153564453125,76.16621398925781,0.9908129572868347,539.5305786132812,98.10821533203125,0.9990264177322388,594.27001953125,94.57843780517578,0.9903136491775513
551,492.1954040527344,32.66690444946289,0.9981681108474731,485.51348876953125,85.48241424560547,0.9992364645004272,518.27392578125,56.45355224609375,0.9988480806350708,534.7731323242188,59.09780502319336,0.999221920967102,559.07666015625,60.0418586730957,0.9988189339637756,584.1763916015625,59.448909759521484,0.9981192946434021,516.9688720703125,38.79703903198242,0.996796190738678,565.889404296875,31.72784996032715,0.9895676970481873,581.602294921875,31.22728729248047,0.9930769205093384,513.8925170898438,76.15010070800781,0.9764752388000488,539.5870971679688,98.13783264160156,0.9989946484565735,594.27001953125,94.57843780517578,0.9902125000953674
552,492.1954040527344,31.606536865234375,0.9978519678115845,485.8029479980469,85.7483139038086,0.9991996884346008,517.973876953125,56.46174621582031,0.9987524747848511,534.7603149414062,59.11063766479492,0.9991831183433533,558.7931518554688,59.96662139892578,0.9988390803337097,583.8120727539062,59.448909759521484,0.9984099864959717,516.9014892578125,38.70838928222656,0.9972583055496216,565.784423828125,31.72784996032715,0.9893290400505066,581.5927734375,31.173585891723633,0.9934023022651672,513.8925170898438,76.15010070800781,0.9645580649375916,539.5870971679688,98.18965911865234,0.9989838004112244,594.27001953125,94.57843780517578,0.9906328916549683
553,492.1954040527344,31.230382919311523,0.9977728724479675,486.50396728515625,86.94974517822266,0.9988189339637756,517.792724609375,56.46682357788086,0.9988943934440613,534.7603149414062,59.11907196044922,0.9992064833641052,558.7931518554688,59.96662139892578,0.998889148235321,583.8120727539062,59.448909759521484,0.9985577464103699,516.9688720703125,38.07361602783203,0.9973479509353638,565.7411499023438,31.72784996032715,0.9891997575759888,581.5927734375,31.15478515625,0.9936680197715759,513.7633056640625,76.15010070800781,0.9738115072250366,539.5759887695312,98.30463409423828,0.9990969896316528,594.31591796875,94.61676788330078,0.9910783171653748
554,492.26568603515625,30.792089462280273,0.9980200529098511,487.4670715332031,88.34349822998047,0.9981374740600586,517.5957641601562,56.7671012878418,0.9987762570381165,534.7603149414062,59.283477783203125,0.999251663684845,558.7931518554688,59.96662139892578,0.9989396929740906,583.7504272460938,59.5992431640625,0.998556911945343,517.2301635742188,37.93604278564453,0.9974201917648315,565.7411499023438,31.615713119506836,0.9904118180274963,581.5927734375,31.147668838500977,0.9933335185050964,513.6416015625,76.63687896728516,0.9809619784355164,539.5936279296875,98.30463409423828,0.9990391731262207,594.3267822265625,94.64449310302734,0.9912420511245728
555,492.26568603515625,30.75945281982422,0.9980672001838684,488.28643798828125,89.49800872802734,0.997681736946106,517.5957641601562,56.91626739501953,0.9987490177154541,534.765625,59.53395462036133,0.9993263483047485,558.8963623046875,60.20686340332031,0.998955488204956,583.7101440429688,59.751373291015625,0.9984002709388733,517.2301635742188,37.71488571166992,0.9973940849304199,565.784423828125,31.603078842163086,0.9906133413314819,581.7918701171875,31.147668838500977,0.9933843016624451,513.6416015625,76.68333435058594,0.9842208623886108,539.6587524414062,98.36668395996094,0.9990992546081543,594.3607177734375,94.68651580810547,0.9928900003433228
556,492.2812194824219,30.046518325805664,0.9976859092712402,488.5301818847656,89.5210952758789,0.9970178604125977,517.5957641601562,56.93754577636719,0.9988042116165161,534.8215942382812,59.564544677734375,0.9993365406990051,558.9700317382812,60.30618667602539,0.9989330172538757,583.7504272460938,59.94565963745117,0.9985287189483643,517.5322265625,37.53013610839844,0.9974276423454285,565.7845458984375,31.570388793945312,0.9896524548530579,581.7918701171875,31.149185180664062,0.9935891628265381,513.5503540039062,76.68333435058594,0.9816017746925354,539.6587524414062,98.36668395996094,0.9990513920783997,594.40869140625,94.72571563720703,0.9921634197235107
557,492.457763671875,29.62751007080078,0.9972600936889648,489.673583984375,89.61275482177734,0.9976939558982849,517.7461547851562,56.93754577636719,0.9987061023712158,534.91015625,59.60547637939453,0.9993017911911011,558.98828125,60.329532623291016,0.9989321827888489,583.8446655273438,60.057220458984375,0.9984744191169739,517.5322265625,37.51173782348633,0.9974588751792908,565.8902587890625,31.564701080322266,0.9900575280189514,581.7918701171875,31.149185180664062,0.9935812950134277,513.4074096679688,76.68333435058594,0.9811729788780212,539.7540283203125,98.45425415039062,0.9989840388298035,594.41357421875,94.73542785644531,0.9923918843269348
558,492.5303039550781,29.299793243408203,0.9967843294143677,490.2839660644531,90.33901977539062,0.9979702830314636,517.7461547851562,56.93794631958008,0.9985978007316589,535.0003662109375,59.670997619628906,0.9993166923522949,558.9957275390625,60.33450698852539,0.9989594221115112,583.7679443359375,60.068450927734375,0.9984753727912903,517.5322265625,37.20777893066406,0.9973811507225037,565.8902587890625,31.564701080322266,0.9907211065292358,581.7860717773438,31.280925750732422,0.9930374026298523,513.4074096679688,76.52790832519531,0.9760033488273621,539.7540283203125,98.45425415039062,0.9989125728607178,594.4163208007812,94.73932647705078,0.9923228025436401
559,492.5895080566406,28.574745178222656,0.9963095784187317,491.1011962890625,91.05003356933594,0.9979819059371948,517.7461547851562,56.93794631958008,0.9987635612487793,535.0633544921875,59.69891357421875,0.9993482232093811,558.9957275390625,60.33450698852539,0.9988945126533508,583.86181640625,60.14834976196289,0.9984158277511597,517.29833984375,37.200355529785156,0.9977325201034546,565.8818359375,31.570388793945312,0.9917650818824768,581.723876953125,31.306396484375,0.9925482869148254,513.5503540039062,75.81708526611328,0.9621496796607971,539.7540283203125,98.53471374511719,0.9989975094795227,594.435791015625,94.7789306640625,0.992803156375885
560,493.3037109375,28.312957763671875,0.996620774269104,491.2326354980469,92.29405212402344,0.9980100989341736,517.474365234375,56.93794631958008,0.9987911581993103,535.0736694335938,59.69891357421875,0.9993770718574524,558.98828125,60.329532623291016,0.9989018440246582,583.86181640625,60.17667007446289,0.9985371828079224,517.1653442382812,37.197044372558594,0.9977520108222961,565.7845458984375,31.570388793945312,0.9917014241218567,581.723876953125,31.306396484375,0.9927425384521484,513.8778686523438,75.54391479492188,0.9375159740447998,539.6691284179688,98.72639465332031,0.9989882111549377,594.4406127929688,94.83589935302734,0.9934298396110535
561,493.30767822265625,28.132610321044922,0.9966731071472168,491.3199157714844,93.82818603515625,0.9977866411209106,517.4586791992188,56.96513748168945,0.9988307356834412,535.075439453125,59.68663787841797,0.9993929862976074,558.9561767578125,60.308841705322266,0.9989142417907715,583.8775024414062,60.17667007446289,0.9984744191169739,517.1653442382812,36.958717346191406,0.9974614381790161,565.689208984375,31.465370178222656,0.9924625158309937,581.7860717773438,31.306396484375,0.9925264120101929,514.0191650390625,75.4078369140625,0.927426815032959,539.6691284179688,98.72639465332031,0.9990241527557373,594.4658813476562,94.8426284790039,0.9931398034095764
562,493.39398193359375,28.051422119140625,0.9970006346702576,492.21136474609375,93.85901641845703,0.9976104497909546,517.322509765625,56.96722412109375,0.9988914132118225,535.1529541015625,59.75537109375,0.9993793964385986,558.92626953125,60.28895568847656,0.9989394545555115,583.8775024414062,60.19600296020508,0.9985034465789795,517.1653442382812,36.732261657714844,0.9976709485054016,565.689208984375,31.465370178222656,0.9926334023475647,581.8243408203125,31.234182357788086,0.9924200177192688,514.0191650390625,75.08596801757812,0.9306991100311279,539.627197265625,98.75090789794922,0.9990708827972412,594.4658813476562,94.8426284790039,0.993196964263916
563,494.4415283203125,28.051422119140625,0.9968456625938416,493.1173400878906,95.8773193359375,0.9978086352348328,517.2908935546875,57.04298782348633,0.9987718462944031,535.2272338867188,59.75537109375,0.9993958473205566,558.8894653320312,60.28694152832031,0.9989450573921204,583.894775390625,60.208553314208984,0.9984966516494751,517.372802734375,36.658546447753906,0.9972910284996033,565.689208984375,31.45815086364746,0.9928079843521118,581.9349975585938,31.220609664916992,0.9926272034645081,514.0191650390625,75.08596801757812,0.8985583186149597,539.5272216796875,98.80366516113281,0.9990542531013489,594.4406127929688,94.84374237060547,0.993319034576416
564,494.964111328125,27.93567657470703,0.9958553910255432,494.2413330078125,96.04230499267578,0.9974210262298584,517.268798828125,57.18617630004883,0.9984760880470276,535.1848754882812,59.75537109375,0.9994019269943237,558.8663330078125,60.28694152832031,0.9989402890205383,583.998779296875,60.214664459228516,0.9983593821525574,517.5532836914062,36.658546447753906,0.9972997307777405,567.9009399414062,31.45815086364746,0.9920823574066162,581.9523315429688,31.173385620117188,0.9925140738487244,513.416015625,75.07276153564453,0.883010745048523,539.5252075195312,98.80366516113281,0.9990440011024475,594.2656860351562,94.85186767578125,0.9934387803077698
565,494.964111328125,27.93567657470703,0.9956676959991455,494.2413330078125,96.51786041259766,0.9982618689537048,517.2503662109375,57.18617630004883,0.998332679271698,535.1848754882812,59.75537109375,0.9993836879730225,558.8629760742188,60.308841705322266,0.9989223480224609,583.998779296875,60.22598648071289,0.9983901977539062,517.5532836914062,36.654441833496094,0.9972877502441406,567.9009399414062,31.43148422241211,0.9921338558197021,581.9349975585938,31.173385620117188,0.9924538731575012,512.27490234375,75.08596801757812,0.900528073310852,539.5252075195312,98.68966674804688,0.9991163611412048,594.2383422851562,94.84374237060547,0.9927070736885071
566,494.964111328125,27.93567657470703,0.9957901835441589,494.2413330078125,96.51786041259766,0.9983780384063721,517.2492065429688,57.18617630004883,0.9984523057937622,535.1848754882812,59.75537109375,0.9993651509284973,558.8051147460938,60.33095169067383,0.9989218711853027,583.998779296875,60.23560333251953,0.9984216690063477,517.5532836914062,36.654441833496094,0.9972975850105286,567.9009399414062,31.42656707763672,0.9926097989082336,581.954833984375,31.126943588256836,0.9920756816864014,511.82733154296875,75.1797103881836,0.9133028388023376,539.5252075195312,98.7969741821289,0.999049961566925,594.2180786132812,94.75863647460938,0.9933375120162964
567,494.8461608886719,27.717710494995117,0.9958869814872742,493.51983642578125,96.51786041259766,0.9974709749221802,516.727294921875,57.03313064575195,0.9984554052352905,534.6956176757812,59.68446350097656,0.9993402361869812,558.4409790039062,60.333961486816406,0.9989991784095764,583.5526123046875,60.3523063659668,0.9987198114395142,517.4108276367188,36.56706619262695,0.9974498152732849,565.8240966796875,31.43148422241211,0.9931246638298035,581.9349975585938,31.126943588256836,0.9921690821647644,511.0938415527344,75.18250274658203,0.9221887588500977,539.6205444335938,98.68966674804688,0.9989976286888123,594.2383422851562,94.84374237060547,0.993212103843689
568,494.670166015625,27.661869049072266,0.9962182641029358,491.15374755859375,93.73323822021484,0.9973270893096924,516.26611328125,56.7691650390625,0.9981499910354614,533.9771118164062,59.445274353027344,0.9992490410804749,558.0465087890625,60.333961486816406,0.9990642666816711,583.2251586914062,60.409202575683594,0.9988101720809937,517.1975708007812,36.33651351928711,0.9974135756492615,565.7642211914062,31.527788162231445,0.9914219975471497,581.85791015625,29.495895385742188,0.9931975603103638,508.99267578125,75.69403839111328,0.9384403824806213,539.6405029296875,98.54895782470703,0.9991195797920227,594.2383422851562,94.86028289794922,0.9922494888305664
569,494.12432861328125,27.02083969116211,0.9958380460739136,489.7506103515625,91.0080795288086,0.9978370070457458,515.3746337890625,56.269683837890625,0.9978641867637634,533.0377807617188,59.21511459350586,0.9990430474281311,557.5377807617188,60.33095169067383,0.9989680051803589,582.3778686523438,60.65069580078125,0.9990445971488953,516.238525390625,36.1219596862793,0.9978458881378174,564.2381591796875,31.32553482055664,0.9910126328468323,581.8272705078125,29.495895385742188,0.9942315816879272,507.986572265625,76.07454681396484,0.9076535701751709,539.6405029296875,98.51612854003906,0.999147891998291,594.2180786132812,94.86028289794922,0.9910112619400024
570,493.773681640625,26.986711502075195,0.9959166646003723,487.1785583496094,89.13616943359375,0.998288094997406,514.2567138671875,56.14187240600586,0.997094988822937,531.6568603515625,58.99234390258789,0.9987767338752747,556.5709838867188,60.12004470825195,0.9989053010940552,580.9988403320312,60.6839485168457,0.9992204904556274,516.1137084960938,35.891380310058594,0.9978610873222351,564.1678466796875,31.33405876159668,0.9893186688423157,581.5093383789062,29.495895385742188,0.9931881427764893,506.6225280761719,76.07454681396484,0.8653741478919983,539.6405029296875,98.21810913085938,0.9991911053657532,592.7904663085938,95.68998718261719,0.9896883368492126
571,493.1553039550781,26.873327255249023,0.9956375956535339,482.3331298828125,87.70553588867188,0.9992146492004395,512.1835327148438,55.66721725463867,0.993984043598175,529.6981811523438,58.91651916503906,0.9978998899459839,555.6835327148438,60.09072494506836,0.9986988306045532,579.185791015625,61.00830078125,0.9992265701293945,515.96923828125,35.46210861206055,0.9975714087486267,559.9718017578125,31.57430076599121,0.9788314700126648,581.1741333007812,29.696369171142578,0.9952705502510071,500.9719543457031,76.07454681396484,0.9272617697715759,539.396728515625,97.91162872314453,0.9991918206214905,591.8409423828125,95.68998718261719,0.9796258807182312
572,492.5421447753906,26.873327255249023,0.9958674907684326,478.8440246582031,85.01050567626953,0.999195396900177,512.0032958984375,53.55633544921875,0.9948421120643616,527.7824096679688,58.504425048828125,0.9958372116088867,554.4874267578125,60.058773040771484,0.9983066320419312,578.0846557617188,61.44483184814453,0.9992524981498718,515.898193359375,35.46210861206055,0.9970859885215759,554.7393188476562,31.57430076599121,0.9725640416145325,581.0161743164062,29.696369171142578,0.9950804710388184,500.1510009765625,73.03553009033203,0.9704013466835022,538.8152465820312,96.48831939697266,0.99899822473526,587.3848876953125,95.68998718261719,0.9823336601257324
573,490.9718933105469,26.873327255249023,0.9957906603813171,476.1902160644531,81.54938507080078,0.9989940524101257,510.01800537109375,53.306819915771484,0.9963318705558777,526.4375610351562,57.923805236816406,0.9912616014480591,552.7420654296875,59.9051399230957,0.9977707862854004,576.8572387695312,61.62371063232422,0.9989232420921326,515.898193359375,35.46210861206055,0.9966597557067871,551.3289794921875,31.57430076599121,0.9890289306640625,580.5999145507812,29.900697708129883,0.9934145212173462,497.4182434082031,71.7055892944336,0.9862058758735657,538.1605224609375,95.67780303955078,0.9989610910415649,581.6561889648438,94.40128326416016,0.992510199546814
574,489.435791015625,27.42172622680664,0.994636595249176,472.41546630859375,79.6960220336914,0.9979023933410645,508.2781677246094,53.003231048583984,0.9969623684883118,524.4659423828125,57.923805236816406,0.9951409101486206,549.6676635742188,60.058773040771484,0.9989473223686218,575.0067138671875,61.97028732299805,0.9983135461807251,515.96923828125,36.13863754272461,0.9954804182052612,547.7670288085938,31.646404266357422,0.9793615937232971,580.5999145507812,29.900697708129883,0.9926667809486389,496.7823486328125,71.7055892944336,0.98863285779953,538.1605224609375,94.88945007324219,0.9985247254371643,576.2723388671875,94.09087371826172,0.9868263006210327
575,487.37396240234375,27.715293884277344,0.9959158301353455,470.9079895019531,78.65364074707031,0.998386025428772,506.56536865234375,52.86177062988281,0.9968363046646118,521.6403198242188,57.893829345703125,0.9928090572357178,547.908203125,60.09072494506836,0.9994460940361023,573.5475463867188,61.97028732299805,0.9985947012901306,516.0684204101562,36.70500564575195,0.9966482520103455,541.053955078125,31.646404266357422,0.9452415704727173,580.5999145507812,29.950395584106445,0.9933754801750183,495.6976318359375,71.35247802734375,0.9915202260017395,538.1605224609375,94.81807708740234,0.9985118508338928,570.5225219726562,93.2964096069336,0.9635143280029297
576,484.5970458984375,28.376060485839844,0.9980508089065552,469.5153503417969,78.1858139038086,0.9989479184150696,505.54296875,52.169063568115234,0.9955266118049622,521.63623046875,57.893829345703125,0.995135486125946,545.697021484375,60.118289947509766,0.9994695782661438,571.45458984375,61.85799789428711,0.9989449381828308,516.0684204101562,36.71372604370117,0.9960571527481079,531.2632446289062,31.646404266357422,0.9706321954727173,579.8756103515625,30.44544792175293,0.9953181147575378,492.5181884765625,71.18679809570312,0.9920766353607178,538.5819702148438,94.81807708740234,0.9967530369758606,564.9802856445312,91.23461151123047,0.9699203372001648
577,481.3858947753906,28.868350982666016,0.9982298016548157,467.9464416503906,78.1858139038086,0.9991300702095032,502.7704772949219,52.169063568115234,0.9979392886161804,518.9019775390625,57.893829345703125,0.9967061877250671,543.9219360351562,60.405006408691406,0.9989651441574097,569.6493530273438,61.85799789428711,0.9987994432449341,516.0684204101562,36.881805419921875,0.9950005412101746,529.2857055664062,31.875368118286133,0.9856740832328796,579.5940551757812,30.61189842224121,0.995457649230957,491.28143310546875,70.944091796875,0.9941385984420776,538.5819702148438,94.88945007324219,0.9974948167800903,558.1935424804688,89.69549560546875,0.9773856997489929
578,478.2618713378906,29.045963287353516,0.9951978325843811,467.0984802246094,78.1858139038086,0.998982846736908,499.30926513671875,52.169063568115234,0.9978451728820801,517.00048828125,58.05942916870117,0.9971233010292053,542.6381225585938,60.435142517089844,0.9989547729492188,566.6038208007812,61.7193717956543,0.9992870688438416,514.4874877929688,37.05887985229492,0.9933009147644043,526.1553955078125,31.875368118286133,0.9922864437103271,579.0003662109375,30.933393478393555,0.9954237341880798,488.5461120605469,71.18679809570312,0.9940290451049805,538.5819702148438,95.40929412841797,0.9973968267440796,554.60302734375,88.41802978515625,0.9809359312057495
579,475.54119873046875,29.045963287353516,0.9954674243927002,465.2986755371094,78.91792297363281,0.9989042282104492,496.0599670410156,52.467674255371094,0.9968352913856506,514.7562255859375,58.05942916870117,0.997124969959259,540.5769653320312,60.435142517089844,0.9992140531539917,564.2260131835938,61.57503128051758,0.9994889497756958,512.6629028320312,37.61674499511719,0.9859945774078369,524.10888671875,31.875368118286133,0.9945316314697266,578.83154296875,30.98046112060547,0.9946938157081604,487.60693359375,71.18679809570312,0.9928995370864868,538.4616088867188,96.40890502929688,0.9980401396751404,552.923828125,88.09778594970703,0.9841650724411011
580,474.0887451171875,29.045963287353516,0.9953816533088684,463.10235595703125,79.50022888183594,0.9985271692276001,495.7572021484375,53.47548294067383,0.9954250454902649,512.5181274414062,58.05942916870117,0.995572566986084,538.5841064453125,60.435142517089844,0.9989868998527527,562.312255859375,61.15316390991211,0.9994383454322815,512.1348876953125,38.59492111206055,0.9781867861747742,523.7109375,31.932592391967773,0.9950677156448364,578.6621704101562,31.122596740722656,0.9930907487869263,487.11199951171875,72.37567138671875,0.9911400675773621,538.3399658203125,96.40890502929688,0.9964814186096191,549.4193115234375,88.09778594970703,0.9826847910881042
581,472.593994140625,28.46347999572754,0.9945993423461914,461.5382080078125,80.41839599609375,0.9984686970710754,494.3564453125,53.54460906982422,0.9961996674537659,510.9998474121094,58.05942916870117,0.9921267032623291,537.2214965820312,60.38957977294922,0.9985528588294983,560.887451171875,61.15316390991211,0.9991831183433533,510.35101318359375,38.728858947753906,0.9638157486915588,521.9287109375,31.970169067382812,0.9942398071289062,578.535888671875,31.16636085510254,0.9917437434196472,485.9075012207031,72.83988189697266,0.993735134601593,537.9521484375,96.40890502929688,0.9954742789268494,547.9005737304688,88.42350769042969,0.9844719767570496
582,470.47271728515625,28.46347999572754,0.9978245496749878,459.5260009765625,80.41839599609375,0.9990975856781006,492.3197021484375,53.54460906982422,0.9962323307991028,507.66326904296875,58.05769729614258,0.988959550857544,533.7149658203125,59.70085144042969,0.9991588592529297,559.8106689453125,61.15316390991211,0.998988926410675,508.9992370605469,38.728858947753906,0.9550224542617798,521.1657104492188,31.97410011291504,0.9935218691825867,578.496826171875,31.17332649230957,0.9920148849487305,484.5451354980469,72.83988189697266,0.9945889711380005,537.1810913085938,96.31269836425781,0.9943564534187317,546.9922485351562,88.42350769042969,0.9872589707374573
583,468.44061279296875,28.46347999572754,0.9986833930015564,459.04022216796875,80.41839599609375,0.9991014003753662,491.3074645996094,53.54460906982422,0.9959153532981873,506.54718017578125,58.05769729614258,0.9890224933624268,532.4944458007812,59.70085144042969,0.9995577931404114,559.3624267578125,61.21397018432617,0.9983400106430054,507.54052734375,39.61282730102539,0.956784188747406,521.1536865234375,31.970169067382812,0.9916999936103821,578.3464965820312,31.294431686401367,0.9914121627807617,484.170654296875,72.83988189697266,0.9953755140304565,536.9977416992188,96.28353118896484,0.9938386082649231,546.9922485351562,89.1746597290039,0.9866201877593994
584,466.3324279785156,29.327917098999023,0.9982113838195801,458.9115905761719,79.03375244140625,0.9980409741401672,490.8319091796875,53.7257194519043,0.9951564073562622,505.9083557128906,58.05769729614258,0.9877238273620605,531.5692749023438,59.70085144042969,0.99964439868927,558.3512573242188,61.216796875,0.9987778067588806,506.7895812988281,39.34320831298828,0.9595269560813904,519.5393676757812,31.932592391967773,0.9920393228530884,578.4266357421875,31.412050247192383,0.9922019243240356,483.22705078125,72.63546752929688,0.9967629909515381,536.6578979492188,93.68436431884766,0.9936907291412354,546.9922485351562,89.66453552246094,0.9892333745956421
585,465.921875,29.327917098999023,0.9961804151535034,458.85040283203125,78.83670043945312,0.9973159432411194,490.0483093261719,53.7257194519043,0.9956645369529724,505.9053955078125,59.20482635498047,0.9875490665435791,530.8297119140625,59.706748962402344,0.9996685981750488,557.7365112304688,61.249576568603516,0.9989833235740662,504.1846618652344,39.34320831298828,0.9649292826652527,518.324462890625,31.659515380859375,0.9936542510986328,578.4266357421875,31.914535522460938,0.9913808703422546,483.22705078125,72.63546752929688,0.9977160692214966,536.0140380859375,93.6766586303711,0.9952685236930847,550.1537475585938,89.72123718261719,0.9892706871032715
586,465.921875,29.327917098999023,0.9961144924163818,458.1194763183594,78.2989730834961,0.9977458119392395,489.50079345703125,53.7257194519043,0.996347963809967,505.6618347167969,59.52102279663086,0.9921914935112,530.078369140625,59.9939079284668,0.9996329545974731,557.0721435546875,61.56501007080078,0.9989719390869141,502.9241943359375,39.12461471557617,0.9789647459983826,517.3358764648438,31.190269470214844,0.9938941597938538,578.2462768554688,32.2532844543457,0.9918619394302368,483.22705078125,72.63546752929688,0.9969549179077148,534.3155517578125,93.24214935302734,0.9964737296104431,550.1537475585938,90.69499969482422,0.992291271686554
587,465.7083740234375,29.267690658569336,0.9977095127105713,457.4632873535156,77.48651123046875,0.9978209733963013,488.7191162109375,54.65340042114258,0.9951723217964172,505.6618347167969,59.52102279663086,0.9942313432693481,529.728759765625,60.04817199707031,0.999639630317688,556.425048828125,61.71764373779297,0.998840868473053,502.55340576171875,39.12461471557617,0.9856541752815247,517.3358764648438,31.190269470214844,0.9931133389472961,578.1766357421875,34.27196502685547,0.9922910332679749,482.4456481933594,72.43733978271484,0.9958718419075012,528.854736328125,92.71112060546875,0.9929565191268921,550.1537475585938,91.15904998779297,0.988261878490448
588,465.7083740234375,28.429187774658203,0.9978618025779724,457.24530029296875,77.48651123046875,0.9969767332077026,488.05316162109375,54.683536529541016,0.9952076077461243,504.87298583984375,59.52102279663086,0.99657142162323,528.7332153320312,60.097137451171875,0.9995734095573425,554.88623046875,61.71764373779297,0.9989221096038818,501.956787109375,39.12461471557617,0.9937611222267151,517.3358764648438,31.190269470214844,0.9922950267791748,578.1529541015625,34.67556381225586,0.993240237236023,481.18524169921875,72.43733978271484,0.9953910112380981,524.0146484375,92.32955932617188,0.9952741861343384,549.1908569335938,91.17327117919922,0.9851818680763245
589,465.7083740234375,28.380653381347656,0.9979793429374695,456.4910583496094,77.48651123046875,0.9969688057899475,487.138916015625,54.74954605102539,0.9966521859169006,503.69915771484375,59.299774169921875,0.9980902075767517,527.908447265625,60.156002044677734,0.9993769526481628,554.1763305664062,61.71764373779297,0.9986439347267151,499.1838684082031,39.12461471557617,0.9929510354995728,517.4602661132812,31.475505828857422,0.9928072690963745,576.6153564453125,34.67556381225586,0.9914154410362244,480.13909912109375,72.3634033203125,0.9947564601898193,517.6617431640625,91.87891387939453,0.9986234903335571,549.1908569335938,91.46002197265625,0.9899749159812927
590,464.1949768066406,28.21402359008789,0.9980105757713318,454.8183898925781,77.48651123046875,0.998457670211792,486.02593994140625,54.80769729614258,0.9973082542419434,502.3646545410156,59.16405487060547,0.9986510872840881,526.8302612304688,60.22700500488281,0.9989462494850159,553.0284423828125,61.610107421875,0.9983986020088196,497.19244384765625,39.57585906982422,0.9919690489768982,517.7805786132812,31.829565048217773,0.993096649646759,572.7748413085938,34.67556381225586,0.9880177974700928,479.4530029296875,72.3634033203125,0.9922550916671753,514.1822509765625,91.87891387939453,0.9985670447349548,549.1908569335938,91.46002197265625,0.9927492141723633
591,462.50189208984375,28.380653381347656,0.9969426989555359,452.85015869140625,77.7561264038086,0.9987799525260925,484.03497314453125,55.727500915527344,0.9980997443199158,501.2524108886719,59.16405487060547,0.9989629983901978,526.760986328125,60.2593994140625,0.9991400241851807,550.5400390625,61.27033615112305,0.9991137385368347,492.0296936035156,39.57585906982422,0.9913923740386963,518.1423950195312,32.456058502197266,0.9883755445480347,567.836181640625,34.19254684448242,0.9942586421966553,479.4530029296875,72.3634033203125,0.9794858694076538,512.2974853515625,91.87891387939453,0.9972550272941589,549.6085205078125,91.73440551757812,0.993811309337616
592,461.39739990234375,28.429187774658203,0.9961334466934204,450.9324035644531,79.37311553955078,0.9986674785614014,481.9895324707031,55.95276641845703,0.9980446100234985,499.48175048828125,59.16405487060547,0.9986897110939026,524.9397583007812,60.22700500488281,0.9991624355316162,548.2659912109375,61.133914947509766,0.9994727969169617,483.2813415527344,39.57585906982422,0.9928903579711914,518.4668579101562,32.456058502197266,0.9839337468147278,562.04150390625,33.48067092895508,0.9951946139335632,479.4530029296875,73.45425415039062,0.9708065390586853,506.92681884765625,97.09555053710938,0.9978691339492798,550.3111572265625,92.1929702758789,0.9943589568138123
593,459.2434997558594,28.781476974487305,0.9948503375053406,448.6142883300781,80.65596008300781,0.9989058971405029,480.3021545410156,56.172943115234375,0.9981841444969177,498.0472106933594,59.16405487060547,0.9987691044807434,523.6640014648438,60.156002044677734,0.9987156391143799,547.4716796875,61.08124542236328,0.9994239807128906,479.2850036621094,39.57585906982422,0.9932229518890381,518.92236328125,32.456058502197266,0.988714873790741,554.81005859375,32.41592025756836,0.9921200275421143,480.45062255859375,73.5080337524414,0.9714072942733765,500.8473815917969,99.1473159790039,0.9995749592781067,550.334716796875,92.1929702758789,0.995663583278656
594,456.06951904296875,28.792516708374023,0.9963066577911377,447.3252258300781,82.474609375,0.9989607334136963,480.26708984375,57.8084716796875,0.9975308775901794,496.76666259765625,59.16405487060547,0.9982393980026245,522.731689453125,60.10018539428711,0.9985117316246033,546.95556640625,60.56764602661133,0.9993062019348145,475.59552001953125,39.64726638793945,0.9940548539161682,519.7640380859375,32.40718078613281,0.9891379475593567,549.7266235351562,31.425594329833984,0.9953106045722961,481.2554626464844,74.06786346435547,0.9872519969940186,497.3971862792969,100.04082489013672,0.9995672106742859,550.334716796875,92.1929702758789,0.9962838292121887
595,455.18597412109375,29.456783294677734,0.9983643889427185,447.3252258300781,84.93498992919922,0.9987601041793823,478.2311096191406,57.91115951538086,0.9978309273719788,494.6724548339844,59.262325286865234,0.9972785115242004,521.4031982421875,59.93435287475586,0.99820876121521,546.3966674804688,59.675655364990234,0.9992002844810486,472.3677673339844,39.64726638793945,0.9800249934196472,520.3639526367188,32.23216247558594,0.9915552735328674,545.0999755859375,30.664133071899414,0.98939448595047,483.6266784667969,74.06786346435547,0.9938068985939026,496.2024841308594,100.48515319824219,0.9993211030960083,550.334716796875,92.18035125732422,0.9977194666862488
596,453.3782653808594,29.657814025878906,0.9983636736869812,447.3252258300781,88.99119567871094,0.9976353645324707,476.1131591796875,58.25040817260742,0.9971973896026611,492.2732238769531,59.262325286865234,0.9966410398483276,518.0081176757812,58.77058410644531,0.9983893632888794,544.6425170898438,59.53351593017578,0.998928964138031,468.94012451171875,41.42665100097656,0.9884335398674011,520.4994506835938,31.23703956604004,0.9935402274131775,539.9507446289062,30.664133071899414,0.9918578267097473,483.6266784667969,74.06786346435547,0.9954426288604736,490.5251159667969,101.70735931396484,0.9982649683952332,550.2562255859375,92.09054565429688,0.998416543006897
597,450.6581726074219,30.365821838378906,0.9969973564147949,447.3252258300781,91.98097229003906,0.998360812664032,473.8231201171875,58.517555236816406,0.9969281554222107,491.4095153808594,59.262325286865234,0.9972220659255981,515.7545776367188,58.595157623291016,0.9992152452468872,542.98486328125,58.501304626464844,0.9985137581825256,464.3232727050781,41.42665100097656,0.9871805310249329,520.4994506835938,30.599720001220703,0.9956591129302979,537.264404296875,31.306188583374023,0.9903398156166077,483.6266784667969,73.7100830078125,0.9967415928840637,484.5984191894531,103.14852905273438,0.9996705055236816,550.1442260742188,92.03431701660156,0.998989999294281
598,446.6163024902344,30.498035430908203,0.9968699812889099,447.3252258300781,92.91190338134766,0.9975647926330566,472.94451904296875,58.9613037109375,0.9974491000175476,489.95367431640625,59.67058563232422,0.9982447624206543,513.264404296875,58.595157623291016,0.9991130232810974,541.365234375,58.501304626464844,0.9979250431060791,461.337646484375,41.42665100097656,0.9903098940849304,520.9954833984375,30.392494201660156,0.9970273375511169,536.8667602539062,31.425594329833984,0.8452727198600769,482.7486267089844,72.94862365722656,0.9966756105422974,482.2801818847656,103.77061462402344,0.9996715784072876,549.6555786132812,91.88623046875,0.9987316727638245
599,444.9315185546875,30.498035430908203,0.9979494214057922,445.1533508300781,93.90272521972656,0.9973310232162476,471.11602783203125,59.70269775390625,0.9991194605827332,488.221435546875,60.462013244628906,0.9989761114120483,511.45733642578125,58.595157623291016,0.9985865354537964,539.7034912109375,58.474815368652344,0.9981641173362732,458.529052734375,41.32598114013672,0.9922656416893005,520.9954833984375,29.620283126831055,0.9975723624229431,536.6507568359375,31.86308479309082,0.8191463947296143,481.9403991699219,72.13520050048828,0.996712327003479,481.4876403808594,103.87041473388672,0.9996684789657593,549.4517822265625,91.84972381591797,0.9987333416938782
600,443.4263916015625,30.365821838378906,0.9978981018066406,442.96014404296875,93.90272521972656,0.9974533915519714,469.03070068359375,59.70269775390625,0.9994269609451294,486.6328125,60.462013244628906,0.9993405938148499,511.20953369140625,59.270145416259766,0.9978808760643005,537.8829345703125,58.38285827636719,0.9980898499488831,456.9447326660156,40.97676467895508,0.9879595041275024,520.4994506835938,29.05548095703125,0.9977741837501526,531.5113525390625,31.86308479309082,0.8621250987052917,481.8309020996094,71.78731536865234,0.9959601759910583,481.0115966796875,104.40198516845703,0.9996165037155151,547.9425659179688,91.31230163574219,0.9983757734298706
601,442.7590026855469,28.891876220703125,0.9967844486236572,441.6063232421875,93.52400207519531,0.9978277087211609,466.87200927734375,59.70269775390625,0.9992431402206421,484.9512023925781,60.462013244628906,0.9994133710861206,509.4368896484375,59.377010345458984,0.9985942244529724,535.3968505859375,57.48552322387695,0.9982770681381226,456.0746154785156,40.85938262939453,0.993496298789978,520.482177734375,29.05548095703125,0.9975311160087585,529.7786254882812,31.86308479309082,0.9450308680534363,481.5565490722656,71.78731536865234,0.9948225021362305,481.0115966796875,104.40198516845703,0.999595582485199,547.1961669921875,91.30104064941406,0.9979567527770996
602,442.70611572265625,27.36795425415039,0.9943031072616577,440.0502624511719,93.52400207519531,0.9974017143249512,464.63836669921875,58.71425247192383,0.9982752799987793,482.64215087890625,60.25626754760742,0.9993546605110168,507.6936950683594,59.402732849121094,0.9984850287437439,533.367919921875,57.48552322387695,0.9991894364356995,454.4254150390625,39.5025520324707,0.9967818260192871,520.482177734375,29.05548095703125,0.9974504113197327,528.2250366210938,31.845998764038086,0.9416422843933105,481.4710388183594,71.78731536865234,0.993815541267395,481.0115966796875,104.42904663085938,0.9994509816169739,546.7749633789062,91.30104064941406,0.9969701766967773
603,442.6365966796875,25.638952255249023,0.9966502785682678,438.6831970214844,92.98724365234375,0.998755693435669,462.3150939941406,58.71425247192383,0.9960768818855286,480.7042541503906,60.25626754760742,0.9990882873535156,506.19140625,59.402732849121094,0.9974741339683533,531.634521484375,57.48552322387695,0.9993714690208435,454.3680419921875,39.5025520324707,0.9970471262931824,519.968505859375,29.05548095703125,0.9969556331634521,527.1256713867188,31.624065399169922,0.947548508644104,481.4710388183594,72.05415344238281,0.9919111132621765,482.3935546875,104.65766906738281,0.9995028972625732,546.2567749023438,91.31230163574219,0.9961026906967163
604,442.0534973144531,24.85141944885254,0.9964389801025391,435.2612609863281,92.7991714477539,0.9993556141853333,460.88128662109375,58.62654113769531,0.9968544840812683,478.9320373535156,60.25626754760742,0.9979698061943054,504.804931640625,59.402732849121094,0.9962863922119141,530.2109985351562,58.16889572143555,0.9993337988853455,453.5904235839844,39.5025520324707,0.9975795149803162,519.2791137695312,29.06736183166504,0.996746301651001,526.1136474609375,31.392154693603516,0.9435392022132874,481.354736328125,72.17589569091797,0.9917102456092834,482.3935546875,105.19884490966797,0.9992789626121521,546.0747680664062,91.31230163574219,0.9953228831291199
605,441.4810485839844,24.85141944885254,0.9955718517303467,432.9336242675781,92.1551742553711,0.9991998076438904,459.7821960449219,58.50163269042969,0.996867835521698,478.349853515625,60.334983825683594,0.9969428181648254,502.7375793457031,59.402732849121094,0.9979462027549744,528.60400390625,58.74810028076172,0.9990083575248718,453.482421875,40.2064323425293,0.9967915415763855,518.5134887695312,29.11556053161621,0.9966109395027161,525.2020263671875,31.250009536743164,0.9616047143936157,481.354736328125,72.54120635986328,0.991777777671814,482.3935546875,105.31024932861328,0.9991114735603333,545.9968872070312,91.30104064941406,0.9948610663414001
606,440.717041015625,25.173986434936523,0.9973287582397461,431.3520812988281,92.13644409179688,0.9988881945610046,458.85479736328125,58.54652786254883,0.9971740245819092,476.8668518066406,60.501548767089844,0.9964321851730347,500.92010498046875,59.666168212890625,0.9985877275466919,527.149658203125,58.985931396484375,0.9983783960342407,450.6887512207031,40.2064323425293,0.9961808919906616,515.2840576171875,29.678983688354492,0.9956932663917542,524.7421875,31.155229568481445,0.9810360670089722,481.354736328125,72.9172134399414,0.9916483163833618,480.8338623046875,105.4843978881836,0.9991876482963562,545.8375854492188,91.29608917236328,0.9947779178619385
607,440.01495361328125,25.173986434936523,0.9983691573143005,427.2914123535156,88.62518310546875,0.999055802822113,457.1780700683594,58.54652786254883,0.9962150454521179,474.87762451171875,60.501548767089844,0.9985795021057129,498.6695556640625,59.666168212890625,0.9990472197532654,526.1768798828125,59.01088333129883,0.9985688924789429,449.752685546875,40.2064323425293,0.995195209980011,510.9325256347656,29.69738006591797,0.9934127926826477,522.8295288085938,30.931732177734375,0.9930412769317627,479.1941223144531,73.8120346069336,0.9816492199897766,480.7465515136719,105.4843978881836,0.9993224143981934,545.5672607421875,90.65900421142578,0.9952389001846313
608,438.8423767089844,24.987070083618164,0.998616099357605,424.20843505859375,87.59620666503906,0.9994220733642578,455.4833068847656,58.38239669799805,0.9981802701950073,472.7373962402344,60.501548767089844,0.9996077418327332,495.627685546875,59.666168212890625,0.9988407492637634,523.862060546875,59.01088333129883,0.9989598989486694,448.0111083984375,39.9445686340332,0.9945300221443176,507.1575012207031,29.70468521118164,0.9899537563323975,520.5067138671875,29.39512062072754,0.9966526627540588,475.0829772949219,74.62579345703125,0.9687051773071289,480.6835632324219,105.19884490966797,0.9993090629577637,544.7305908203125,90.63121032714844,0.9923740029335022
609,437.1478576660156,25.040115356445312,0.9984343647956848,421.8807067871094,85.39318084716797,0.9995867609977722,453.862060546875,57.805442810058594,0.9988842606544495,471.2283020019531,59.988407135009766,0.9995195865631104,494.67926025390625,59.666168212890625,0.9978466033935547,522.1688842773438,58.985931396484375,0.9990309476852417,446.76641845703125,39.935150146484375,0.9943057894706726,504.4115905761719,30.896244049072266,0.9768937230110168,519.835205078125,29.180339813232422,0.9964691400527954,462.7642517089844,76.05044555664062,0.934238612651825,480.3454284667969,105.10082244873047,0.9992648959159851,542.21923828125,89.35430908203125,0.9952182173728943
610,435.65087890625,25.040115356445312,0.9977217316627502,418.82244873046875,82.47454833984375,0.9996639490127563,452.00958251953125,56.78827667236328,0.9994499087333679,469.64385986328125,59.40935516357422,0.9992283582687378,494.3614807128906,59.56110763549805,0.9982561469078064,520.0307006835938,58.94899368286133,0.9983004927635193,446.76641845703125,39.04432678222656,0.9946243166923523,499.4180603027344,30.896244049072266,0.9703012108802795,518.6202392578125,28.150253295898438,0.9970791339874268,456.2989807128906,76.05044555664062,0.9872295260429382,480.2398376464844,104.51408386230469,0.9994109869003296,534.9520874023438,85.96453094482422,0.9980624318122864
611,433.9356689453125,25.040115356445312,0.9964525699615479,416.681396484375,80.22589111328125,0.9992309808731079,449.92376708984375,55.995750427246094,0.9993950128555298,467.7607421875,59.25012969970703,0.9986820816993713,493.35125732421875,59.56110763549805,0.9986128807067871,517.777587890625,58.60153579711914,0.9991636276245117,446.76641845703125,39.00467300415039,0.9958152174949646,491.59808349609375,30.896244049072266,0.9706295728683472,518.35302734375,27.78755760192871,0.9971966743469238,451.0630187988281,76.05044555664062,0.995642900466919,480.1292724609375,104.05706787109375,0.999610960483551,530.1571655273438,85.53289031982422,0.997168242931366
612,430.82354736328125,27.91494369506836,0.9943707585334778,415.1702575683594,79.14849090576172,0.9971965551376343,447.8459777832031,55.995750427246094,0.998150110244751,465.416748046875,59.19011688232422,0.9969664216041565,492.0289001464844,59.486812591552734,0.9981496334075928,515.4744262695312,58.25531005859375,0.999419093132019,447.76507568359375,39.00467300415039,0.9947682619094849,488.32464599609375,30.722944259643555,0.9892382621765137,517.6854858398438,27.360076904296875,0.9964984655380249,446.1138916015625,76.01898956298828,0.9829447865486145,480.0225830078125,103.88072204589844,0.9995978474617004,523.9489135742188,85.53289031982422,0.9965895414352417
613,427.2808837890625,29.747499465942383,0.9939125776290894,412.3441162109375,79.14849090576172,0.9965026378631592,447.8230895996094,56.78827667236328,0.997850775718689,463.432373046875,59.19011688232422,0.9924179315567017,490.06890869140625,59.486812591552734,0.9978564381599426,513.31201171875,58.25531005859375,0.9992152452468872,448.3504333496094,38.807579040527344,0.9950847029685974,484.9638977050781,30.722944259643555,0.9891065955162048,517.1428833007812,27.360076904296875,0.995537281036377,439.45819091796875,76.01898956298828,0.9899137020111084,480.0225830078125,103.76993560791016,0.9995313882827759,517.3209228515625,85.53289031982422,0.9982524514198303
614,424.1543273925781,30.46949005126953,0.9952554106712341,410.3348693847656,79.14849090576172,0.9956426620483398,444.8397216796875,57.22938537597656,0.9984773993492126,460.1169128417969,59.25012969970703,0.9883949756622314,486.5973815917969,59.2681770324707,0.9984126091003418,511.6991882324219,58.25531005859375,0.9988310933113098,448.3504333496094,38.807579040527344,0.9959035515785217,480.44427490234375,30.722944259643555,0.9789935350418091,517.1426391601562,27.360076904296875,0.9961526989936829,434.9136657714844,76.01898956298828,0.9968018531799316,480.0225830078125,103.42787170410156,0.9994949102401733,512.2269897460938,86.36822509765625,0.9953029155731201
615,422.4366760253906,31.717727661132812,0.9979884624481201,408.5607604980469,79.98695373535156,0.9974119067192078,442.99822998046875,57.41177749633789,0.9978044629096985,459.89581298828125,60.010250091552734,0.9915722608566284,485.1777648925781,59.2681770324707,0.9993200302124023,510.2947692871094,58.661136627197266,0.9986329674720764,448.7020263671875,38.807579040527344,0.9961174726486206,471.0368347167969,31.478256225585938,0.9767372012138367,516.0252075195312,27.861452102661133,0.9966417551040649,432.6573791503906,76.04981994628906,0.9961423277854919,480.6568603515625,101.25220489501953,0.9993847608566284,503.0829162597656,87.4908447265625,0.9821704626083374
616,418.2255859375,32.50685119628906,0.9980061650276184,407.106689453125,82.07390594482422,0.9984548091888428,442.8813781738281,58.90412902832031,0.998013973236084,458.5978088378906,60.06114959716797,0.9966621398925781,483.9342041015625,59.2681770324707,0.999526858329773,508.6978454589844,58.69204330444336,0.9991397857666016,448.70074462890625,38.713706970214844,0.9932855367660522,466.9183654785156,31.698444366455078,0.9857881665229797,515.6072387695312,28.38692283630371,0.9964542388916016,430.7820129394531,76.09264373779297,0.9949984550476074,480.7687072753906,101.25220489501953,0.9993267059326172,503.0540771484375,87.94955444335938,0.9820505380630493
617,413.510986328125,32.50685119628906,0.9974778294563293,407.08795166015625,84.4924087524414,0.9990494847297668,441.29620361328125,58.906524658203125,0.9984422326087952,457.3699645996094,60.1988525390625,0.997882068157196,482.41461181640625,59.784427642822266,0.9994434714317322,507.207275390625,58.83584976196289,0.9992274045944214,448.3504333496094,38.704341888427734,0.9928491115570068,463.0238037109375,31.74367332458496,0.9867029190063477,515.16796875,28.670202255249023,0.9963513612747192,428.84344482421875,76.97904968261719,0.9918308854103088,481.1343994140625,101.25220489501953,0.999344527721405,497.491943359375,88.17919158935547,0.9508313536643982
618,411.6155700683594,32.50685119628906,0.9983287453651428,406.9371032714844,87.31151580810547,0.9987013339996338,438.98309326171875,59.56047058105469,0.9986863732337952,455.7317199707031,60.47236633300781,0.9988364577293396,480.44287109375,60.6763801574707,0.9992281198501587,505.59112548828125,58.991695404052734,0.9990901947021484,448.1334533691406,38.713706970214844,0.9904559254646301,458.6847229003906,32.01641845703125,0.9946503043174744,514.8412475585938,29.01626205444336,0.9963724613189697,426.0585021972656,78.36370849609375,0.9834958910942078,481.1343994140625,101.25220489501953,0.999365508556366,496.4244079589844,88.79164123535156,0.918942928314209
619,410.3558654785156,31.781339645385742,0.9981769323348999,406.8793640136719,89.6778793334961,0.9992062449455261,436.6304931640625,60.245849609375,0.998782217502594,454.6987609863281,60.813560485839844,0.9987952709197998,479.3996276855469,61.164207458496094,0.9985847473144531,503.36248779296875,59.418453216552734,0.9988986253738403,447.8955383300781,38.713706970214844,0.9902869462966919,456.3828430175781,32.363868713378906,0.9919026494026184,514.41552734375,29.471603393554688,0.9961153268814087,423.8931884765625,78.94408416748047,0.9838910698890686,481.1343994140625,101.25220489501953,0.9992320537567139,493.5523986816406,88.79164123535156,0.9139052033424377
620,408.5091552734375,31.781339645385742,0.9973185658454895,406.6820373535156,92.25150299072266,0.9994064569473267,434.2933349609375,61.21806335449219,0.9983412027359009,452.689697265625,61.83968734741211,0.9987209439277649,477.91644287109375,61.77836608886719,0.999188244342804,501.1499328613281,59.42143249511719,0.9994563460350037,447.153076171875,40.382537841796875,0.9862449765205383,453.9302978515625,33.70145797729492,0.9941249489784241,514.1351928710938,29.709497451782227,0.995917022228241,422.8135070800781,81.0097885131836,0.990840494632721,480.5713195800781,101.27586364746094,0.9992498755455017,490.90606689453125,89.20121002197266,0.9324653148651123
621,407.67388916015625,31.781339645385742,0.9989373087882996,406.6575622558594,94.88330841064453,0.9993034601211548,431.9361877441406,61.62071228027344,0.9973227381706238,450.3916320800781,62.73217010498047,0.9982043504714966,476.77545166015625,62.39960861206055,0.9990932941436768,499.4659423828125,60.046905517578125,0.9995808005332947,446.52587890625,40.53892135620117,0.9745246767997742,453.1517639160156,33.726375579833984,0.994383692741394,514.1351928710938,29.767314910888672,0.9956207871437073,422.66455078125,81.58287811279297,0.992641270160675,480.0358581542969,101.27586364746094,0.9991655349731445,490.7691955566406,90.07516479492188,0.9511250257492065
622,406.10015869140625,32.30073928833008,0.9993962049484253,406.40374755859375,98.297119140625,0.9996774196624756,430.890625,63.15334701538086,0.997453510761261,448.019287109375,62.73217010498047,0.9968632459640503,475.00018310546875,62.459285736083984,0.9986989498138428,497.9298095703125,60.48744583129883,0.999478280544281,446.26983642578125,40.54716110229492,0.9610174298286438,453.1517639160156,33.726375579833984,0.9945924878120422,514.0819702148438,29.772493362426758,0.9951253533363342,422.5122985839844,81.98335266113281,0.9940299987792969,479.3896484375,101.1083755493164,0.9989184141159058,490.6692199707031,90.9124755859375,0.9677231907844543
623,403.72991943359375,34.13929748535156,0.9994682669639587,406.2228088378906,99.84302520751953,0.9996860027313232,429.1599426269531,63.267784118652344,0.997967541217804,446.0041198730469,62.73217010498047,0.993550181388855,473.8172912597656,62.80629348754883,0.9982790946960449,496.6383361816406,60.74850845336914,0.9993160963058472,444.66900634765625,40.714969635009766,0.9459951519966125,453.00836181640625,33.726375579833984,0.9959893822669983,514.0819702148438,29.831247329711914,0.9948186278343201,421.6959533691406,81.98335266113281,0.9950087070465088,478.82366943359375,101.1083755493164,0.9989187717437744,490.5448303222656,91.2796630859375,0.9761502742767334
624,400.53704833984375,34.236053466796875,0.9986410737037659,406.12835693359375,101.59059143066406,0.9997203946113586,427.6776123046875,63.281028747558594,0.9981098175048828,444.11053466796875,62.69217300415039,0.9950149655342102,470.18701171875,62.830875396728516,0.9990649819374084,495.2114562988281,60.982669830322266,0.998823344707489,443.973388671875,46.25074768066406,0.9426937103271484,452.9962158203125,33.50495147705078,0.996852695941925,514.0386962890625,29.929044723510742,0.9946364760398865,420.5080871582031,81.98335266113281,0.9962737560272217,478.2204284667969,101.1083755493164,0.998680055141449,490.4944763183594,91.39128875732422,0.978671669960022
625,397.24560546875,34.32682800292969,0.9982013702392578,405.3339538574219,101.8760986328125,0.9997833371162415,426.92083740234375,63.52657699584961,0.9976970553398132,442.976806640625,62.69217300415039,0.9958528280258179,469.288818359375,62.91379165649414,0.9994220733642578,494.7241516113281,60.982704162597656,0.9985471367835999,443.32611083984375,46.25074768066406,0.961581289768219,452.30267333984375,33.18061447143555,0.9976966977119446,513.7906494140625,29.97105598449707,0.9945642948150635,420.40362548828125,81.98335266113281,0.9964549541473389,477.78887939453125,101.08946228027344,0.9983260035514832,490.427001953125,91.50264739990234,0.9738755822181702
626,396.35748291015625,34.32682800292969,0.9982879757881165,405.3339538574219,102.28231811523438,0.9998067021369934,426.2980651855469,63.93673324584961,0.9968340992927551,441.9924621582031,62.69217300415039,0.996207594871521,468.3067932128906,63.086326599121094,0.9995261430740356,494.45172119140625,60.982704162597656,0.998589813709259,442.26177978515625,46.947505950927734,0.9635772705078125,451.7846374511719,32.97635269165039,0.9981460571289062,513.7154541015625,30.079853057861328,0.9944203495979309,419.5042419433594,82.26924896240234,0.9972202777862549,477.2604675292969,100.88294982910156,0.9981531500816345,490.36993408203125,91.70613861083984,0.9791073799133301
627,396.35748291015625,34.260292053222656,0.9984834790229797,405.3339538574219,103.26395416259766,0.999751627445221,426.0384826660156,65.22907257080078,0.9966484904289246,441.4292297363281,62.7705078125,0.9965188503265381,468.0084228515625,63.24818420410156,0.9995623230934143,494.4154052734375,60.982704162597656,0.9987190961837769,441.0453796386719,46.947505950927734,0.9671154022216797,451.25823974609375,32.825504302978516,0.998563826084137,513.6871948242188,30.192790985107422,0.9941446185112,418.8819885253906,82.26924896240234,0.9977243542671204,477.2244567871094,100.88294982910156,0.9980378746986389,490.26055908203125,91.79713439941406,0.9757061004638672
628,396.35748291015625,34.260292053222656,0.9984524250030518,406.341552734375,103.85745239257812,0.9995419979095459,425.7987060546875,65.22907257080078,0.9969266057014465,440.5509033203125,62.9579963684082,0.99644535779953,467.5646667480469,63.397891998291016,0.9996417760848999,494.2872314453125,60.982704162597656,0.9987560510635376,440.1025695800781,44.829891204833984,0.9718837141990662,451.098388671875,32.743408203125,0.9982530474662781,513.6796875,30.204208374023438,0.994086742401123,418.8263854980469,82.4827651977539,0.9975778460502625,477.0106506347656,100.88294982910156,0.9980927109718323,490.06170654296875,91.90569305419922,0.9733851552009583
629,396.5027770996094,34.25586700439453,0.9985230565071106,406.6891174316406,104.92301177978516,0.9989643096923828,425.5390930175781,65.22907257080078,0.9971234202384949,440.3841247558594,63.135498046875,0.9963052272796631,466.9776306152344,63.397891998291016,0.9996671676635742,493.7535095214844,60.982704162597656,0.9988824725151062,439.7556457519531,44.42897033691406,0.9739179015159607,451.060791015625,32.743408203125,0.9979279041290283,513.333740234375,30.313316345214844,0.9941199421882629,418.4257507324219,82.66437530517578,0.9972688555717468,476.9926452636719,101.25265502929688,0.9979676604270935,490.01348876953125,91.98789978027344,0.9724060893058777
630,396.5079040527344,33.87416076660156,0.9987764954566956,407.4682922363281,104.97146606445312,0.9989952445030212,425.4567565917969,64.79743957519531,0.9967467784881592,440.3139343261719,63.478240966796875,0.9966155886650085,466.9720764160156,63.3078498840332,0.999663233757019,493.6863098144531,60.937740325927734,0.998988687992096,439.2959899902344,43.96623229980469,0.9816416501998901,450.55413818359375,32.63917922973633,0.9981745481491089,513.1038208007812,30.385290145874023,0.9942108392715454,418.3576965332031,82.85205841064453,0.9968786239624023,476.98760986328125,101.36084747314453,0.9979304075241089,489.9635925292969,91.98789978027344,0.9705296158790588
631,397.35736083984375,33.46881103515625,0.9987078905105591,407.8526611328125,105.490234375,0.9990185499191284,425.4107971191406,64.79743957519531,0.9961925745010376,440.1396484375,63.568782806396484,0.9963670969009399,466.87884521484375,63.3078498840332,0.9996732473373413,493.4425964355469,60.92417907714844,0.9990384578704834,439.1868896484375,43.16550064086914,0.9866086840629578,450.55413818359375,32.328426361083984,0.9980023503303528,512.6427001953125,30.413312911987305,0.9935868978500366,418.3576965332031,83.33875274658203,0.9965848922729492,476.98760986328125,101.36084747314453,0.9979435801506042,489.74578857421875,91.98789978027344,0.9658796787261963
632,398.52398681640625,32.58941650390625,0.9981846213340759,408.8548278808594,105.85099792480469,0.9992691874504089,425.3795471191406,64.79743957519531,0.9962918758392334,440.23388671875,63.568782806396484,0.9961981177330017,466.810546875,63.171390533447266,0.9996793270111084,493.32342529296875,60.837703704833984,0.9990818500518799,438.8355407714844,42.88527297973633,0.9896538853645325,450.55413818359375,32.317562103271484,0.9977713823318481,512.6187133789062,30.413312911987305,0.9935653805732727,418.3576965332031,83.36166381835938,0.9966059923171997,476.98760986328125,101.36084747314453,0.9979948997497559,489.74578857421875,91.98300170898438,0.9640779495239258
633,400.727783203125,32.58941650390625,0.9984506368637085,409.83465576171875,106.18033599853516,0.9994472861289978,425.3795471191406,64.79743957519531,0.9960596561431885,440.3139343261719,63.568782806396484,0.9959288239479065,466.810546875,63.08563232421875,0.9997000694274902,493.32342529296875,60.78477096557617,0.9990822076797485,438.5775146484375,42.696834564208984,0.9911277294158936,451.560791015625,32.21018981933594,0.9977278113365173,512.6187133789062,30.413312911987305,0.9933335185050964,418.6413269042969,83.36166381835938,0.996282160282135,476.98760986328125,101.31696319580078,0.9979836940765381,489.7275085449219,91.90840148925781,0.9617029428482056
634,400.9877624511719,32.58941650390625,0.9986261129379272,410.4783020019531,106.18580627441406,0.999460756778717,425.3795471191406,64.97734069824219,0.9957327246665955,440.3139343261719,63.47700500488281,0.9955543875694275,466.810546875,62.985313415527344,0.9996949434280396,493.32342529296875,60.78477096557617,0.9990791082382202,438.3645324707031,42.511714935302734,0.9922073483467102,451.5868835449219,32.186527252197266,0.9974886178970337,512.6427001953125,30.41189956665039,0.9934999346733093,418.6536865234375,83.33875274658203,0.9965632557868958,477.055419921875,101.31696319580078,0.9981852173805237,489.7275085449219,91.90840148925781,0.9680661559104919
635,400.9877624511719,32.69239807128906,0.9985950589179993,410.5915222167969,106.39332580566406,0.9994809031486511,425.6067810058594,65.00043487548828,0.9953799247741699,440.5137939453125,63.36001968383789,0.9960903525352478,466.9450378417969,62.845611572265625,0.9997026324272156,493.6127624511719,60.78477096557617,0.9990733861923218,438.2170104980469,42.4672966003418,0.9929272532463074,452.0550231933594,32.186527252197266,0.9977814555168152,512.8832397460938,30.362783432006836,0.9939107894897461,418.98065185546875,83.08031463623047,0.9966559410095215,477.0802001953125,101.31696319580078,0.9982150793075562,489.8939514160156,91.76853942871094,0.9643558859825134
636,400.9877624511719,33.20725631713867,0.9987347722053528,410.63330078125,106.41380310058594,0.9995089769363403,425.7696228027344,64.97734069824219,0.99469393491745,441.0311279296875,63.36001968383789,0.9961756467819214,467.10845947265625,62.81119918823242,0.9996953010559082,493.6925048828125,60.83233642578125,0.999101996421814,437.9774169921875,42.33228302001953,0.9940131306648254,452.0550231933594,32.186527252197266,0.9974713325500488,513.0682983398438,30.23491859436035,0.9937788844108582,419.3251953125,82.9940185546875,0.996549129486084,477.2628479003906,101.5285415649414,0.9980725049972534,489.8939514160156,91.78469848632812,0.9641403555870056
637,400.8376770019531,33.45470428466797,0.9986258745193481,410.7215576171875,106.67977905273438,0.9994801878929138,425.7818603515625,64.88699340820312,0.9948539137840271,441.0311279296875,63.36001968383789,0.9961763620376587,467.10845947265625,62.81119918823242,0.9996898174285889,493.6925048828125,60.854339599609375,0.999138355255127,437.8445739746094,42.182308197021484,0.9943757057189941,452.0550231933594,32.10911178588867,0.9974683523178101,513.106201171875,30.23491859436035,0.9938371777534485,419.38641357421875,82.75208282470703,0.9968007802963257,477.27349853515625,101.6050796508789,0.9980067610740662,489.71295166015625,91.74706268310547,0.9622626900672913
638,400.185546875,34.458988189697266,0.9983541965484619,410.73638916015625,106.67977905273438,0.9994747042655945,425.7818603515625,65.0288314819336,0.9951699376106262,441.0311279296875,63.42325210571289,0.9961684346199036,467.10845947265625,62.82164001464844,0.9997032284736633,493.7030334472656,60.893348693847656,0.9991301894187927,437.50189208984375,42.182308197021484,0.995487630367279,451.95703125,32.10911178588867,0.9973104000091553,513.106201171875,30.23491859436035,0.9937747716903687,419.4066162109375,82.75128936767578,0.9970369338989258,477.2781982421875,101.6050796508789,0.998045802116394,489.71295166015625,91.74706268310547,0.9594342708587646
639,398.39019775390625,35.09636306762695,0.9983110427856445,410.8042297363281,106.67977905273438,0.9994851350784302,425.7696228027344,65.03565979003906,0.9956302642822266,441.0373229980469,63.42325210571289,0.9964684247970581,467.0764465332031,62.81502914428711,0.9997144341468811,493.7179870605469,60.912437438964844,0.9991161227226257,437.384521484375,42.182308197021484,0.9951506853103638,450.20458984375,31.896663665771484,0.9972660541534424,513.1207885742188,30.31337547302246,0.9938597679138184,419.4066162109375,82.5953140258789,0.9972757697105408,477.28936767578125,101.60527801513672,0.9981100559234619,489.71295166015625,91.6584701538086,0.9612143635749817
640,398.39019775390625,36.0040397644043,0.9979128241539001,410.8042297363281,106.45159912109375,0.9994768500328064,425.7696228027344,65.1097412109375,0.9959776997566223,441.0373229980469,63.4364013671875,0.9964897036552429,467.0764465332031,62.82164001464844,0.9997201561927795,493.7276611328125,60.915626525878906,0.9990831613540649,437.384521484375,42.2757453918457,0.9953116774559021,450.20458984375,31.896663665771484,0.9972743391990662,513.1207885742188,30.31337547302246,0.9940444827079773,419.38641357421875,82.35099792480469,0.9972915053367615,477.28936767578125,101.60527801513672,0.9981496334075928,489.71295166015625,91.6584701538086,0.9613022804260254
641,398.39019775390625,36.56165313720703,0.997687816619873,410.8042297363281,106.0854263305664,0.9994589686393738,425.7818603515625,65.1097412109375,0.996619462966919,441.0373229980469,63.4364013671875,0.9965564012527466,467.0639953613281,62.82164001464844,0.9997045397758484,493.8080749511719,60.95949935913086,0.999078631401062,437.3636474609375,42.355506896972656,0.9951820969581604,450.20458984375,31.896663665771484,0.9971195459365845,513.1207885742188,30.316036224365234,0.9939839243888855,419.358642578125,82.30030059814453,0.9972445964813232,477.2781982421875,101.60527801513672,0.9980705380439758,489.68902587890625,91.6584701538086,0.9600307941436768
642,398.73455810546875,37.05443572998047,0.9973663687705994,410.59881591796875,105.82125854492188,0.9994649291038513,425.8314514160156,65.1097412109375,0.9970688223838806,441.0772705078125,63.39585494995117,0.9967694282531738,467.0639953613281,62.81502914428711,0.9997034668922424,493.8080749511719,60.95949935913086,0.999092698097229,437.3636474609375,42.54861068725586,0.9946130514144897,450.288330078125,32.000362396240234,0.9970847964286804,513.1207885742188,30.3187255859375,0.9938003420829773,419.3317565917969,82.20646667480469,0.996970534324646,477.2781982421875,101.62286376953125,0.9979606866836548,489.72412109375,91.73001861572266,0.9591787457466125
643,398.82049560546875,37.161521911621094,0.9974343180656433,410.50958251953125,105.45050811767578,0.9994055032730103,425.83221435546875,65.04434204101562,0.9974404573440552,441.08154296875,63.31859588623047,0.9968088269233704,467.0764465332031,62.80422592163086,0.9997052550315857,493.8228454589844,60.992515563964844,0.9990756511688232,437.384521484375,42.71247100830078,0.995101273059845,450.288330078125,32.000362396240234,0.9967848062515259,513.1749877929688,30.31337547302246,0.9937374591827393,419.03271484375,82.10760498046875,0.9971773624420166,477.29730224609375,101.62286376953125,0.9980772733688354,489.73211669921875,91.73001861572266,0.9615691304206848
644,400.089111328125,37.161521911621094,0.997657299041748,410.08355712890625,104.88438415527344,0.9992671608924866,425.83221435546875,64.95453643798828,0.9974827170372009,441.09320068359375,63.24654769897461,0.9967494010925293,467.115234375,62.797691345214844,0.9996984004974365,493.8228454589844,60.992515563964844,0.9990561604499817,437.50885009765625,42.71247100830078,0.9945083260536194,450.2970886230469,32.01389694213867,0.9969147443771362,513.22607421875,30.311552047729492,0.9940207600593567,419.0118408203125,82.01277923583984,0.9972355961799622,477.36297607421875,101.62286376953125,0.9980399012565613,489.73211669921875,91.73001861572266,0.9647372961044312
645,400.2479248046875,37.161521911621094,0.9976422190666199,407.9504089355469,104.2255859375,0.9993475079536438,425.83221435546875,64.75025177001953,0.9975531697273254,441.3068542480469,63.14866256713867,0.9965617060661316,467.1255187988281,62.701210021972656,0.999690055847168,493.8265075683594,60.992977142333984,0.9990511536598206,437.37664794921875,42.723106384277344,0.9950397610664368,450.3627624511719,32.058441162109375,0.9967787861824036,513.2886352539062,30.292034149169922,0.994170069694519,418.9244689941406,81.92291259765625,0.996861457824707,477.3942565917969,101.56968688964844,0.9980112314224243,489.7654724121094,91.69196319580078,0.9626359343528748
646,400.4073181152344,37.12102508544922,0.9980342984199524,407.9504089355469,103.46527099609375,0.999466598033905,425.82177734375,64.6542739868164,0.9975850582122803,441.3068542480469,63.14866256713867,0.996402382850647,467.17529296875,62.67038345336914,0.9996852874755859,493.83349609375,60.992515563964844,0.9990038275718689,437.37664794921875,42.78324890136719,0.9943274855613708,452.384765625,32.26634216308594,0.996802568435669,513.2955322265625,30.246753692626953,0.9942625164985657,418.82781982421875,81.73982238769531,0.9965221881866455,477.3942565917969,101.55339050292969,0.9979528188705444,489.7654724121094,91.67513275146484,0.9596877098083496
647,400.75946044921875,37.09607696533203,0.9984473586082458,407.6490478515625,103.20460510253906,0.9994518160820007,425.7555236816406,64.62086486816406,0.9974110722541809,441.3068542480469,63.14866256713867,0.9959555864334106,467.17529296875,62.64810562133789,0.9996852874755859,493.8918151855469,60.965023040771484,0.9990241527557373,437.37664794921875,42.84843444824219,0.9946446418762207,452.4182434082031,32.26634216308594,0.9967798590660095,513.2955322265625,30.1513671875,0.99439537525177,418.82781982421875,81.61161041259766,0.996863603591919,477.3942565917969,101.52071380615234,0.9978892207145691,489.64520263671875,91.62202453613281,0.96177738904953
648,400.7630310058594,37.05789566040039,0.9984092116355896,407.6210632324219,102.01002502441406,0.9995242357254028,425.67498779296875,64.48747253417969,0.9972955584526062,439.9365539550781,63.45574188232422,0.9951816201210022,467.17529296875,62.5003776550293,0.9996708631515503,493.9058532714844,60.93989944458008,0.9990991353988647,437.26666259765625,42.96097183227539,0.9943667054176331,452.41937255859375,32.26634216308594,0.996783971786499,513.2955322265625,29.999181747436523,0.9940696954727173,418.82781982421875,81.49506378173828,0.996631920337677,477.2506408691406,101.08484649658203,0.9977987408638,489.64520263671875,91.62080383300781,0.958902895450592
649,400.7630310058594,37.051082611083984,0.9984666109085083,407.172607421875,101.236572265625,0.9996514320373535,425.6462707519531,64.55069732666016,0.9976555109024048,439.6934509277344,63.45574188232422,0.9951476454734802,467.1126403808594,62.410247802734375,0.9996805191040039,493.9058532714844,60.93989944458008,0.999107301235199,437.0007019042969,43.11469268798828,0.9951451420783997,452.41937255859375,31.936370849609375,0.9967836141586304,513.26513671875,29.999181747436523,0.9941325783729553,418.80255126953125,81.62416076660156,0.9966939687728882,477.16241455078125,101.08484649658203,0.9977974891662598,489.3471984863281,91.62080383300781,0.9568992853164673
650,400.7630310058594,37.05789566040039,0.998449444770813,407.172607421875,99.96650695800781,0.9996755123138428,425.5704040527344,64.55069732666016,0.9976775050163269,439.6934509277344,63.45574188232422,0.9951059818267822,467.0427551269531,62.343292236328125,0.9996612071990967,493.8918151855469,60.93989944458008,0.9990850687026978,436.9915771484375,43.34632873535156,0.9945995807647705,452.41937255859375,31.936370849609375,0.9966617822647095,512.9646606445312,29.999181747436523,0.9944045543670654,418.9200134277344,81.62416076660156,0.9965860843658447,476.6476135253906,101.03487396240234,0.9976369142532349,489.322021484375,91.49452209472656,0.9576911330223083
651,400.6969299316406,37.09607696533203,0.9983958601951599,406.5416564941406,99.70414733886719,0.9996869564056396,425.4143981933594,64.55069732666016,0.997450053691864,439.6934509277344,63.297019958496094,0.9957031607627869,466.91510009765625,62.29738998413086,0.9996724128723145,493.8641357421875,61.03035354614258,0.9990792274475098,435.7081298828125,43.4450569152832,0.9941832423210144,452.530517578125,31.936370849609375,0.9968066215515137,511.28338623046875,30.041488647460938,0.992476761341095,418.9200134277344,81.62416076660156,0.9969822764396667,475.8984680175781,100.6066665649414,0.9976535439491272,489.2302551269531,91.2916030883789,0.9665423035621643
652,400.421630859375,37.051082611083984,0.9981637597084045,405.1946716308594,99.33370208740234,0.9997069239616394,425.1531677246094,64.55069732666016,0.9972684383392334,439.56353759765625,62.52565383911133,0.996019184589386,466.5127258300781,62.05260467529297,0.9996708631515503,493.46563720703125,61.03035354614258,0.9990498423576355,433.4433288574219,43.4450569152832,0.9943033456802368,452.530517578125,31.87423324584961,0.9962823987007141,509.6666564941406,30.041488647460938,0.9915948510169983,418.9200134277344,81.62416076660156,0.9970978498458862,474.70257568359375,99.92958068847656,0.9962783455848694,489.07452392578125,91.0995101928711,0.9777071475982666
653,400.421630859375,37.05027770996094,0.9981637597084045,405.1946716308594,99.33370208740234,0.9997069239616394,425.1531677246094,64.55069732666016,0.9972684383392334,439.40704345703125,62.52565383911133,0.996019184589386,466.5127258300781,62.05260467529297,0.9996708631515503,493.46563720703125,61.03035354614258,0.9990498423576355,433.4433288574219,43.4450569152832,0.9943033456802368,452.530517578125,31.87423324584961,0.9962823987007141,509.6666564941406,30.041488647460938,0.9915948510169983,418.80255126953125,81.62416076660156,0.9970978498458862,474.70257568359375,99.92958068847656,0.9962783455848694,489.07452392578125,91.0995101928711,0.9777071475982666
