scorer,DLC_resnet101_0degreeFeb13shuffle1_50000,DLC_resnet101_0degreeFeb13shuffle1_50000,DLC_resnet101_0degreeFeb13shuffle1_50000,DLC_resnet101_0degreeFeb13shuffle1_50000,DLC_resnet101_0degreeFeb13shuffle1_50000,DLC_resnet101_0degreeFeb13shuffle1_50000,DLC_resnet101_0degreeFeb13shuffle1_50000,DLC_resnet101_0degreeFeb13shuffle1_50000,DLC_resnet101_0degreeFeb13shuffle1_50000,DLC_resnet101_0degreeFeb13shuffle1_50000,DLC_resnet101_0degreeFeb13shuffle1_50000,DLC_resnet101_0degreeFeb13shuffle1_50000,DLC_resnet101_0degreeFeb13shuffle1_50000,DLC_resnet101_0degreeFeb13shuffle1_50000,DLC_resnet101_0degreeFeb13shuffle1_50000,DLC_resnet101_0degreeFeb13shuffle1_50000,DLC_resnet101_0degreeFeb13shuffle1_50000,DLC_resnet101_0degreeFeb13shuffle1_50000,DLC_resnet101_0degreeFeb13shuffle1_50000,DLC_resnet101_0degreeFeb13shuffle1_50000,DLC_resnet101_0degreeFeb13shuffle1_50000,DLC_resnet101_0degreeFeb13shuffle1_50000,DLC_resnet101_0degreeFeb13shuffle1_50000,DLC_resnet101_0degreeFeb13shuffle1_50000,DLC_resnet101_0degreeFeb13shuffle1_50000,DLC_resnet101_0degreeFeb13shuffle1_50000,DLC_resnet101_0degreeFeb13shuffle1_50000,DLC_resnet101_0degreeFeb13shuffle1_50000,DLC_resnet101_0degreeFeb13shuffle1_50000,DLC_resnet101_0degreeFeb13shuffle1_50000,DLC_resnet101_0degreeFeb13shuffle1_50000,DLC_resnet101_0degreeFeb13shuffle1_50000,DLC_resnet101_0degreeFeb13shuffle1_50000,DLC_resnet101_0degreeFeb13shuffle1_50000,DLC_resnet101_0degreeFeb13shuffle1_50000,DLC_resnet101_0degreeFeb13shuffle1_50000
bodyparts,antena1,antena1,antena1,antena2,antena2,antena2,forhead,forhead,forhead,neck,neck,neck,thorax,thorax,thorax,abdomen,abdomen,abdomen,l1,l1,l1,l2,l2,l2,l3,l3,l3,r1,r1,r1,r2,r2,r2,r3,r3,r3
coords,x,y,likelihood,x,y,likelihood,x,y,likelihood,x,y,likelihood,x,y,likelihood,x,y,likelihood,x,y,likelihood,x,y,likelihood,x,y,likelihood,x,y,likelihood,x,y,likelihood,x,y,likelihood
0,104.47427368164062,113.82416534423828,0.9420356750488281,116.08113861083984,170.80906677246094,0.9986594915390015,95.32145690917969,142.32275390625,0.9779176712036133,79.56830596923828,141.7393798828125,0.9922418594360352,49.27739334106445,138.5554962158203,0.9994516968727112,27.278480529785156,133.11158752441406,0.9994010925292969,96.45677185058594,120.5411605834961,0.8981497287750244,76.43389129638672,97.44721984863281,0.988558292388916,14.128778457641602,98.00349426269531,0.9818263053894043,72.74467468261719,163.5531005859375,0.9244617819786072,81.92671203613281,175.9874725341797,0.9237443208694458,21.281518936157227,165.25404357910156,0.9876930117607117
1,104.47427368164062,113.97305297851562,0.9369502067565918,116.08113861083984,171.8160858154297,0.9976834058761597,95.57870483398438,142.69827270507812,0.9696580767631531,80.00811767578125,143.2758026123047,0.9904391765594482,49.27739334106445,139.0824432373047,0.9993798732757568,27.431734085083008,133.28970336914062,0.9994111061096191,96.45677185058594,120.63725280761719,0.903696596622467,76.43389129638672,97.76974487304688,0.9845350980758667,14.134888648986816,98.05915832519531,0.9807391166687012,72.74467468261719,163.99729919433594,0.8618030548095703,81.92671203613281,175.9874725341797,0.9173246026039124,21.281518936157227,165.25404357910156,0.9881042838096619
2,104.47427368164062,114.25743865966797,0.9454048275947571,116.08113861083984,174.10838317871094,0.9969503283500671,95.82880401611328,143.1959228515625,0.9732228517532349,80.79439544677734,143.74000549316406,0.9931465983390808,49.28422927856445,139.13449096679688,0.9994701743125916,27.747915267944336,133.37583923339844,0.999521017074585,96.45677185058594,120.88619995117188,0.9298620223999023,76.65068817138672,97.76974487304688,0.984210729598999,14.158740043640137,98.1614990234375,0.9793437719345093,72.74467468261719,163.99729919433594,0.7972956299781799,81.92671203613281,175.9874725341797,0.9291527271270752,21.281518936157227,165.2787628173828,0.9901993870735168
3,104.3299331665039,114.4605712890625,0.9352465867996216,114.85549926757812,175.1861114501953,0.9922508597373962,97.84229278564453,144.95941162109375,0.9771086573600769,80.84587097167969,144.00794982910156,0.9940375089645386,49.28422927856445,139.31178283691406,0.9995778203010559,28.452089309692383,133.82736206054688,0.999432384967804,96.00440216064453,121.01990509033203,0.9031590223312378,76.65068817138672,97.76974487304688,0.9830065369606018,14.167773246765137,98.22853088378906,0.9822888374328613,72.74467468261719,164.01736450195312,0.7423608899116516,80.23973846435547,174.59762573242188,0.7951385378837585,21.085662841796875,165.3694305419922,0.9931433200836182
4,103.46259307861328,114.25743865966797,0.8770647644996643,114.1909408569336,175.4081573486328,0.9815418720245361,98.9088134765625,145.0773468017578,0.9765592813491821,81.92337799072266,144.16429138183594,0.9926393032073975,49.580833435058594,139.8837127685547,0.9996273517608643,28.76486587524414,134.1431427001953,0.9993569254875183,95.27595520019531,121.24230194091797,0.8181630969047546,76.65068817138672,97.25711059570312,0.9834257364273071,14.204962730407715,98.41057586669922,0.9807834029197693,73.81686401367188,164.01736450195312,0.7491132616996765,79.6622314453125,172.12008666992188,0.9010689854621887,20.502422332763672,165.51181030273438,0.9958783388137817
5,102.53366088867188,113.97305297851562,0.6633448600769043,114.1909408569336,176.5075225830078,0.988377034664154,98.97858428955078,145.0773468017578,0.9898345470428467,82.35749816894531,144.16429138183594,0.9926238059997559,51.02118682861328,140.48590087890625,0.9995439648628235,29.535398483276367,135.1808319091797,0.9989790916442871,92.05946350097656,125.59272003173828,0.5948333740234375,76.66854095458984,96.80962371826172,0.9833752512931824,15.066950798034668,98.41057586669922,0.9668794870376587,107.47677612304688,166.20669555664062,0.9299558401107788,79.6622314453125,172.12008666992188,0.8999068140983582,20.502422332763672,165.51181030273438,0.9972232580184937
6,102.53366088867188,105.87248992919922,0.5608130693435669,114.85549926757812,177.90673828125,0.996035635471344,99.40628814697266,145.0767059326172,0.9891374707221985,82.59805297851562,144.16429138183594,0.9918482303619385,51.99089431762695,141.05404663085938,0.9991969466209412,30.04623794555664,135.92857360839844,0.9990109205245972,89.70689392089844,126.58344268798828,0.4573449492454529,76.66854095458984,96.80962371826172,0.9856888055801392,15.211451530456543,98.41057586669922,0.9683076739311218,108.71521759033203,167.7938995361328,0.9670905470848083,79.6622314453125,172.12008666992188,0.8261513113975525,20.502422332763672,165.51181030273438,0.9975181818008423
7,102.53366088867188,101.48072052001953,0.826659083366394,115.95950317382812,178.36935424804688,0.9989742040634155,99.4753646850586,145.0767059326172,0.9962759017944336,83.17524719238281,144.4833526611328,0.9968377351760864,53.060367584228516,141.5282440185547,0.9991783499717712,30.36776351928711,136.5087890625,0.9988303780555725,87.96979522705078,126.58344268798828,0.6134496927261353,76.66854095458984,96.80962371826172,0.9878053665161133,15.5355806350708,98.23531341552734,0.9772424101829529,111.88613891601562,170.11697387695312,0.9808835387229919,80.82035827636719,174.37530517578125,0.8981951475143433,20.502422332763672,165.4974822998047,0.9974491000175476
8,103.29102325439453,100.07490539550781,0.9772418737411499,116.76624298095703,179.58580017089844,0.9992638230323792,101.2369384765625,144.8203582763672,0.9984789490699768,83.42668151855469,144.92825317382812,0.9983456134796143,55.216243743896484,143.3562774658203,0.9987326264381409,30.484926223754883,138.47579956054688,0.9989307522773743,87.96979522705078,126.58344268798828,0.7710936665534973,75.58460998535156,96.91790008544922,0.9851847887039185,15.55866813659668,98.23531341552734,0.9747776389122009,113.79936218261719,170.11697387695312,0.9893691539764404,80.96062469482422,174.38140869140625,0.9409603476524353,20.502422332763672,165.4974822998047,0.9978339076042175
9,105.43142700195312,100.07490539550781,0.9933340549468994,117.82044982910156,182.2950439453125,0.9993233680725098,102.26585388183594,144.8203582763672,0.9991689920425415,83.42668151855469,144.92825317382812,0.9990189075469971,56.048797607421875,144.3660888671875,0.9986979961395264,30.772092819213867,139.23257446289062,0.9992176294326782,87.96979522705078,125.75679016113281,0.9219146370887756,74.6924819946289,97.16563415527344,0.9819061756134033,16.113861083984375,98.23531341552734,0.9737241268157959,117.04356384277344,172.19923400878906,0.993351936340332,81.23780059814453,175.0694580078125,0.9557138085365295,20.5219669342041,165.4974822998047,0.9984226226806641
10,109.03321075439453,100.07490539550781,0.9960458874702454,117.82044982910156,183.55340576171875,0.9993060827255249,102.34844207763672,144.8203582763672,0.9991191029548645,83.51765441894531,145.01756286621094,0.9990823268890381,56.07685089111328,144.8608856201172,0.9986716508865356,31.01354217529297,139.5159454345703,0.9994080066680908,88.12032318115234,125.75679016113281,0.9373526573181152,73.76268005371094,97.31314086914062,0.9799330234527588,16.792278289794922,98.50997924804688,0.9802311062812805,117.04356384277344,172.98309326171875,0.9943261742591858,81.320068359375,175.32313537597656,0.9105389714241028,20.501903533935547,165.5027618408203,0.9983028173446655
11,113.80805206298828,101.89994049072266,0.9982672929763794,117.82044982910156,184.4341583251953,0.9991092085838318,102.42925262451172,145.5774383544922,0.9993354678153992,83.74138641357422,146.307373046875,0.9991865754127502,56.379207611083984,145.43017578125,0.9983893632888794,31.520828247070312,139.87229919433594,0.99944669008255,88.2245101928711,125.3574447631836,0.9570735692977905,73.6909408569336,97.30069732666016,0.985144853591919,17.242551803588867,98.94392395019531,0.9809025526046753,117.04356384277344,173.0107879638672,0.9956656098365784,81.320068359375,175.32313537597656,0.8841689825057983,20.501903533935547,165.5331573486328,0.9985047578811646
12,115.98133087158203,104.14116668701172,0.9987044334411621,116.44198608398438,184.51730346679688,0.9992953538894653,102.64812469482422,145.7843780517578,0.9996095299720764,83.7417221069336,146.62905883789062,0.9994528889656067,56.379207611083984,145.66854858398438,0.9986322522163391,31.837345123291016,140.25254821777344,0.9995211362838745,88.56697845458984,125.3574447631836,0.9575134515762329,73.61576080322266,97.30069732666016,0.9859075546264648,17.817251205444336,98.94641876220703,0.9773705005645752,115.87541961669922,173.11773681640625,0.9968287348747253,80.96062469482422,175.0694580078125,0.7411949634552002,20.5219669342041,165.5331573486328,0.9984738230705261
13,119.9697036743164,104.90707397460938,0.9985299110412598,111.40087890625,185.8795166015625,0.9986441731452942,103.35096740722656,146.03884887695312,0.999727189540863,84.6376953125,147.134033203125,0.9995087385177612,56.379207611083984,145.67698669433594,0.9979725480079651,32.67687225341797,140.4226837158203,0.9996237754821777,89.64137268066406,124.24600219726562,0.9653841257095337,73.61576080322266,97.31314086914062,0.986287534236908,19.814512252807617,99.24848937988281,0.9784520268440247,115.87541961669922,173.51356506347656,0.997998058795929,70.91812133789062,169.11355590820312,0.4444071352481842,20.552900314331055,165.569091796875,0.9984580278396606
14,121.28125,106.14021301269531,0.996973991394043,109.3277816772461,188.78985595703125,0.998704195022583,103.64230346679688,146.92796325683594,0.9997944235801697,85.15951538085938,147.59713745117188,0.9996044039726257,55.980323791503906,145.77833557128906,0.9976639747619629,33.27626037597656,140.49346923828125,0.9996435642242432,92.64502716064453,122.52435302734375,0.9832131266593933,73.55229949951172,97.31314086914062,0.9904618859291077,21.624385833740234,99.66817474365234,0.9657731652259827,115.53104400634766,175.03623962402344,0.9987459182739258,69.59054565429688,169.01206970214844,0.405773401260376,20.998703002929688,165.701904296875,0.9986068606376648
15,125.20185852050781,107.7367935180664,0.9981175661087036,109.3277816772461,190.8779296875,0.9995948672294617,103.64230346679688,148.20150756835938,0.9998074173927307,85.15951538085938,148.63821411132812,0.9997214674949646,55.934974670410156,145.8824462890625,0.9979978203773499,34.25443649291992,140.79373168945312,0.9996151924133301,93.24589538574219,121.48564147949219,0.984431803226471,73.55229949951172,97.30069732666016,0.9881930947303772,22.83403778076172,99.96223449707031,0.9485140442848206,115.01480865478516,175.88848876953125,0.999176561832428,69.59054565429688,169.01206970214844,0.40400999784469604,21.351484298706055,165.69467163085938,0.9986425042152405
16,126.77117156982422,110.22073364257812,0.9989351630210876,109.3277816772461,191.28958129882812,0.9996379613876343,103.85657501220703,149.16415405273438,0.9998164772987366,85.43404388427734,148.93771362304688,0.9997556805610657,55.934974670410156,145.9755401611328,0.9974755644798279,35.19599151611328,140.90625,0.9996277093887329,93.4969711303711,121.48564147949219,0.9878111481666565,73.53998565673828,97.68455505371094,0.9893625378608704,27.310590744018555,101.8241195678711,0.9461482167243958,114.80701446533203,176.1107635498047,0.9992161989212036,69.59054565429688,169.11355590820312,0.5148292779922485,21.569196701049805,165.69467163085938,0.9986215829849243
17,129.51153564453125,113.46512603759766,0.9996342658996582,111.48860168457031,193.77821350097656,0.9995474219322205,104.00067138671875,149.5840606689453,0.9997801184654236,85.6092300415039,149.0308837890625,0.9997429251670837,55.980323791503906,146.19915771484375,0.9974405765533447,35.76878356933594,141.94435119628906,0.9994576573371887,93.61161804199219,121.48564147949219,0.9795904159545898,73.44530487060547,97.68455505371094,0.9878437519073486,33.45641326904297,105.21082305908203,0.9428690671920776,114.80701446533203,176.1190948486328,0.9992058873176575,70.14910888671875,170.1425323486328,0.6247895956039429,21.63620948791504,165.69467163085938,0.998477041721344
18,130.13861083984375,115.27438354492188,0.9996596574783325,112.26570892333984,194.2704315185547,0.9996811151504517,104.00067138671875,150.85910034179688,0.9996292591094971,85.6363525390625,149.5026397705078,0.9997236132621765,56.523983001708984,146.19915771484375,0.9978979825973511,36.67308044433594,142.78822326660156,0.999347984790802,93.75382232666016,122.0062484741211,0.9801499247550964,70.53089141845703,100.90406036376953,0.9824556112289429,42.32837677001953,106.68266296386719,0.7890531420707703,114.80701446533203,177.24989318847656,0.9990717172622681,70.14910888671875,170.3286590576172,0.564385712146759,22.088531494140625,164.8038330078125,0.9983715415000916
19,130.1981658935547,116.18539428710938,0.9995498061180115,113.30123138427734,194.99502563476562,0.9997627139091492,104.06048583984375,151.52566528320312,0.9994834661483765,86.02560424804688,149.55746459960938,0.9997021555900574,56.53594207763672,146.51902770996094,0.9981704950332642,37.17372512817383,142.88658142089844,0.9991569519042969,93.75382232666016,122.3841781616211,0.9778783321380615,70.3883285522461,102.38137817382812,0.9876452088356018,46.94233703613281,106.68266296386719,0.5331632494926453,115.01976776123047,177.59213256835938,0.9991433620452881,70.15009307861328,170.36007690429688,0.6358166933059692,22.345165252685547,164.33026123046875,0.9986183643341064
20,130.1981658935547,117.28315734863281,0.9994907379150391,113.391357421875,195.6502685546875,0.9997970461845398,104.41561126708984,152.70431518554688,0.9994288086891174,86.22396087646484,150.00363159179688,0.9996833801269531,56.8679313659668,146.71397399902344,0.998056948184967,37.55094528198242,142.88658142089844,0.9990787506103516,94.12450408935547,122.55949401855469,0.9788094162940979,70.35853576660156,102.51673889160156,0.988098680973053,47.720481872558594,106.68266296386719,0.31554070115089417,115.2741470336914,177.75006103515625,0.9988818764686584,70.15009307861328,170.63864135742188,0.6653763055801392,22.345165252685547,164.2051239013672,0.9987252354621887
21,130.1981658935547,117.42741394042969,0.9992923736572266,113.81016540527344,195.6502685546875,0.9997822642326355,104.47541046142578,153.4476776123047,0.9992944002151489,86.41844177246094,150.43307495117188,0.9995781779289246,57.76382064819336,146.95980834960938,0.9978196620941162,37.881103515625,142.78822326660156,0.9988211989402771,94.20782470703125,122.84854888916016,0.9718692898750305,70.3883285522461,102.51673889160156,0.9897386431694031,47.731956481933594,106.49573516845703,0.36081212759017944,115.3314437866211,178.5046844482422,0.9983910322189331,70.0292739868164,171.0665283203125,0.6279874444007874,22.345165252685547,164.13980102539062,0.9987539052963257
22,130.07432556152344,117.7384033203125,0.9989222288131714,115.98063659667969,195.8078155517578,0.999797523021698,104.47541046142578,154.57484436035156,0.9992702603340149,86.45362091064453,150.97825622558594,0.9995341300964355,58.19839096069336,147.257080078125,0.9973981380462646,38.20927429199219,142.65707397460938,0.9989213943481445,94.7007064819336,122.88524627685547,0.9623404145240784,70.35853576660156,102.59054565429688,0.989737331867218,47.731956481933594,106.43655395507812,0.4520416855812073,116.38594818115234,179.34951782226562,0.9979860782623291,69.98782348632812,171.44296264648438,0.6572022438049316,22.403457641601562,164.09129333496094,0.9987047910690308
23,126.7903060913086,118.24380493164062,0.9983443021774292,116.71768951416016,195.90704345703125,0.9997871518135071,104.47541046142578,155.5029754638672,0.9990742206573486,86.66705322265625,152.0037078857422,0.9992992877960205,59.395843505859375,147.32554626464844,0.9962326884269714,39.246009826660156,142.18678283691406,0.9987163543701172,95.35254669189453,123.99148559570312,0.9450735449790955,70.26992797851562,102.61431121826172,0.9875926375389099,47.720481872558594,106.43655395507812,0.4794352650642395,116.68235778808594,179.48858642578125,0.9968066215515137,69.4501953125,171.54635620117188,0.7271131873130798,22.49410629272461,164.078857421875,0.9986984729766846
24,126.7903060913086,118.68234252929688,0.9986811280250549,116.8105697631836,195.90704345703125,0.9997609257698059,104.3083724975586,155.828857421875,0.9990717172622681,87.41252899169922,153.7635040283203,0.9992259740829468,59.99589538574219,147.35096740722656,0.9960896968841553,39.61455535888672,142.08949279785156,0.9986646175384521,95.35254669189453,123.99148559570312,0.9236736297607422,70.1169662475586,102.96449279785156,0.9886971712112427,47.69111251831055,106.49573516845703,0.575602650642395,117.04220581054688,179.511474609375,0.997238039970398,68.57361602783203,171.59176635742188,0.8534560799598694,22.59264373779297,163.98391723632812,0.9987351298332214
25,126.7903060913086,118.74384307861328,0.9981712102890015,117.915771484375,195.90704345703125,0.9997206330299377,104.26374816894531,156.71664428710938,0.9990905523300171,87.54427337646484,154.4971923828125,0.9993140697479248,60.77817916870117,147.57574462890625,0.9954389929771423,40.102882385253906,142.05335998535156,0.9986336827278137,95.54753112792969,124.49207305908203,0.9000736474990845,70.06095123291016,103.16532135009766,0.986799955368042,47.50456619262695,106.90277099609375,0.5953558683395386,117.17524719238281,179.6485137939453,0.9951744675636292,67.49886322021484,171.74459838867188,0.8784546852111816,22.94572639465332,163.948486328125,0.9986874461174011
26,127.67024993896484,121.1554183959961,0.998461127281189,118.45372009277344,196.07582092285156,0.9997007846832275,104.23910522460938,157.2754669189453,0.9991304278373718,87.73067474365234,154.7892608642578,0.9993427395820618,61.125511169433594,147.68853759765625,0.9951639175415039,40.21221160888672,142.05335998535156,0.9985448122024536,95.35254669189453,124.565185546875,0.849608838558197,70.06095123291016,103.16532135009766,0.9855878353118896,47.471229553222656,107.05241394042969,0.6201047301292419,117.17524719238281,180.35321044921875,0.9899897575378418,67.30743408203125,172.11141967773438,0.8334655165672302,22.96051025390625,163.87936401367188,0.9986860156059265
27,129.2251434326172,123.44429779052734,0.9988811612129211,118.61674499511719,196.07582092285156,0.9996117949485779,104.23910522460938,158.0447235107422,0.9988250136375427,87.7425537109375,155.27493286132812,0.9994155168533325,61.52213668823242,147.76524353027344,0.9948086738586426,40.21221160888672,141.98826599121094,0.9984287619590759,94.2022476196289,126.1496353149414,0.7959902882575989,70.06095123291016,103.15093231201172,0.9883025288581848,47.42616653442383,107.21434783935547,0.7112607359886169,117.17524719238281,180.35321044921875,0.9841503500938416,67.02139282226562,172.14224243164062,0.8937774300575256,23.138996124267578,163.87936401367188,0.9985935091972351
28,129.86610412597656,125.46482849121094,0.9987887740135193,118.6926040649414,195.5986328125,0.9996032118797302,104.23910522460938,158.0452423095703,0.9987180233001709,88.073486328125,155.34349060058594,0.9994593262672424,61.52213668823242,147.76524353027344,0.9948215484619141,40.27591323852539,141.98826599121094,0.9983231425285339,88.63060760498047,126.1496353149414,0.7841078639030457,70.2528305053711,103.15093231201172,0.9893744587898254,47.41245651245117,107.77076721191406,0.8125212788581848,117.17524719238281,180.53497314453125,0.9766836762428284,67.02139282226562,172.42779541015625,0.9286420941352844,23.286928176879883,163.948486328125,0.998502254486084
29,131.35220336914062,126.60317993164062,0.9996017813682556,120.75334167480469,195.5138702392578,0.9994413256645203,104.53781127929688,158.11843872070312,0.998468816280365,88.41832733154297,155.35621643066406,0.9993853569030762,61.77137756347656,147.76524353027344,0.9946932196617126,40.48926544189453,141.51913452148438,0.9980776309967041,88.63060760498047,126.76787567138672,0.7908753156661987,75.25404357910156,102.61994171142578,0.9896957874298096,47.41245651245117,108.82682800292969,0.8688936829566956,117.17524719238281,180.35321044921875,0.9629603028297424,67.02139282226562,172.45343017578125,0.9609822034835815,23.318819046020508,163.9558868408203,0.9984204769134521
30,132.9599151611328,127.93084716796875,0.9997877478599548,121.4465560913086,195.08245849609375,0.9995588660240173,105.1782455444336,158.46836853027344,0.9982898831367493,88.54834747314453,155.5332794189453,0.9992891550064087,61.9901123046875,147.76524353027344,0.9955524802207947,40.48926544189453,141.4356231689453,0.9982519745826721,88.63060760498047,126.76787567138672,0.8667269349098206,75.67176055908203,102.61994171142578,0.9870184659957886,47.27176284790039,108.82682800292969,0.8744215369224548,117.30235290527344,180.53497314453125,0.9555761218070984,67.62939453125,172.62123107910156,0.9386163949966431,23.34569549560547,164.0957489013672,0.9985001087188721
31,135.8046417236328,128.1464385986328,0.9997960925102234,122.57357025146484,195.08245849609375,0.9995943903923035,105.91275024414062,158.55860900878906,0.9980980753898621,88.85794067382812,156.07972717285156,0.9991594552993774,62.13681411743164,147.76524353027344,0.9945849776268005,40.19437026977539,141.12425231933594,0.9983249306678772,104.86727142333984,138.1671142578125,0.6739782094955444,75.91410064697266,102.61994171142578,0.9881610870361328,47.27176284790039,108.82682800292969,0.9020220041275024,117.30235290527344,180.58306884765625,0.9482482671737671,67.65227508544922,172.7707061767578,0.9433214068412781,23.50294303894043,164.13230895996094,0.9984322190284729
32,137.9648895263672,129.2354736328125,0.9997084736824036,122.66715240478516,195.08245849609375,0.9996294975280762,105.98841094970703,158.9229278564453,0.9986322522163391,89.44169616699219,156.84153747558594,0.9989763498306274,62.13681411743164,148.2407684326172,0.9937252402305603,40.572303771972656,141.12425231933594,0.9983116388320923,111.34394836425781,140.42213439941406,0.708081841468811,77.04203033447266,104.48213195800781,0.9835681915283203,47.46136474609375,108.82682800292969,0.9492896795272827,117.30235290527344,180.58306884765625,0.9343141913414001,67.69187927246094,172.88198852539062,0.9610896706581116,23.53246307373047,164.13844299316406,0.9986346364021301
33,138.1859130859375,131.71458435058594,0.9995633959770203,122.8617172241211,195.1511688232422,0.9995953440666199,106.24119567871094,159.27035522460938,0.999068558216095,89.98429870605469,157.7158966064453,0.9987064599990845,62.55672073364258,148.2407684326172,0.993423342704773,40.572303771972656,141.12425231933594,0.9982393980026245,113.92790985107422,143.85577392578125,0.6342629194259644,83.5127182006836,106.47309875488281,0.9895300269126892,47.66160583496094,109.48241424560547,0.9836689829826355,116.03156280517578,179.98658752441406,0.8783347606658936,67.93914794921875,173.21669006347656,0.9703963994979858,23.572011947631836,164.13230895996094,0.9985955357551575
34,140.4298553466797,133.49607849121094,0.9993396401405334,123.03276062011719,195.16091918945312,0.9995895028114319,106.43414306640625,159.38877868652344,0.999276340007782,90.62841796875,158.10740661621094,0.9986749291419983,63.303531646728516,148.2996368408203,0.9949951171875,40.572303771972656,141.37493896484375,0.9981299042701721,118.85028839111328,146.16761779785156,0.8707786798477173,86.59856414794922,107.82987976074219,0.9940454959869385,48.32453155517578,110.18724060058594,0.9895909428596497,81.13835906982422,174.8768310546875,0.9223423004150391,67.69187927246094,173.4551239013672,0.9781606793403625,23.802494049072266,164.13230895996094,0.9986079335212708
35,142.17466735839844,136.59373474121094,0.9989151954650879,123.03276062011719,195.4108123779297,0.999417781829834,106.43414306640625,160.84625244140625,0.9993183612823486,91.39947509765625,158.9850616455078,0.9982753992080688,63.735042572021484,148.2996368408203,0.9961802959442139,41.20464324951172,141.60256958007812,0.9979298114776611,122.91606903076172,148.05979919433594,0.94452965259552,89.25025939941406,108.08860778808594,0.9934536218643188,48.39491271972656,110.67857360839844,0.9908490180969238,81.06859588623047,174.28707885742188,0.9691404104232788,67.69187927246094,173.88153076171875,0.9821510314941406,24.217918395996094,163.91807556152344,0.9986242055892944
36,142.33627319335938,138.4259796142578,0.9984203577041626,123.03276062011719,195.51852416992188,0.9992528557777405,106.43414306640625,161.6352081298828,0.9993650317192078,92.26582336425781,159.89710998535156,0.9979318380355835,64.23283386230469,148.60784912109375,0.9966945648193359,41.20464324951172,142.04287719726562,0.998026430606842,123.51439666748047,150.06480407714844,0.9431397914886475,91.08392333984375,108.08860778808594,0.9955121874809265,48.39491271972656,110.7020034790039,0.99237060546875,80.57711791992188,174.28707885742188,0.9804807305335999,67.58895111083984,174.1971893310547,0.9835366606712341,24.245559692382812,163.91807556152344,0.998640239238739
37,142.33627319335938,139.3335723876953,0.9989356398582458,122.64434051513672,195.5408172607422,0.9990749359130859,106.43414306640625,161.8277587890625,0.9992905855178833,92.26582336425781,159.89710998535156,0.9982062578201294,64.23283386230469,148.9014129638672,0.9952019453048706,41.20464324951172,142.08251953125,0.9980812072753906,123.51439666748047,150.98953247070312,0.9482813477516174,91.30570983886719,108.08860778808594,0.995502769947052,48.39491271972656,110.85142517089844,0.992620587348938,80.57711791992188,174.28707885742188,0.9852439165115356,67.57630920410156,174.1971893310547,0.9813141226768494,24.245677947998047,163.91807556152344,0.9987030029296875
38,142.33627319335938,140.23593139648438,0.9989200830459595,122.24640655517578,195.86964416503906,0.9990315437316895,106.43414306640625,161.8512420654297,0.9992651343345642,92.26582336425781,159.89710998535156,0.9983198046684265,64.23283386230469,148.94403076171875,0.9954946041107178,41.20978546142578,142.2814483642578,0.9981391429901123,123.51439666748047,150.98953247070312,0.9475671052932739,91.35107421875,107.60289001464844,0.9942007064819336,47.84926986694336,110.93577575683594,0.9903591275215149,80.57711791992188,174.28707885742188,0.9880980849266052,67.21685028076172,174.1971893310547,0.9814077019691467,24.254955291748047,163.91807556152344,0.9987378716468811
39,140.4793701171875,141.0659637451172,0.9993942975997925,121.46529388427734,196.08457946777344,0.9988910555839539,106.93135833740234,162.46890258789062,0.9990885257720947,91.81877899169922,159.7374725341797,0.9985235333442688,64.1075210571289,148.9754180908203,0.9952810406684875,41.24679946899414,142.28475952148438,0.9981583952903748,122.0638656616211,150.98953247070312,0.9575743675231934,91.35107421875,107.37378692626953,0.992449164390564,47.50505065917969,110.93810272216797,0.9880996346473694,80.57711791992188,174.28707885742188,0.9839624762535095,67.08279418945312,173.78273010253906,0.985325038433075,24.245677947998047,163.91807556152344,0.9987258315086365
40,138.8151397705078,141.0659637451172,0.9993699193000793,120.54615783691406,196.54188537597656,0.9985039234161377,106.93135833740234,162.46890258789062,0.9989266991615295,91.81877899169922,159.20120239257812,0.9983635544776917,64.1075210571289,149.36016845703125,0.9964916110038757,41.33806228637695,142.45700073242188,0.9977926015853882,120.02825927734375,150.1051483154297,0.9272195100784302,91.3545913696289,107.34876251220703,0.9914782643318176,47.4263801574707,111.14119720458984,0.9855038523674011,80.52567291259766,174.2876434326172,0.9658800363540649,67.04417419433594,173.48471069335938,0.9889692068099976,24.245677947998047,163.90771484375,0.9986068606376648
41,138.12498474121094,141.0659637451172,0.9989142417907715,120.0256118774414,197.420166015625,0.9983696341514587,106.93135833740234,162.46890258789062,0.9985442161560059,91.73320007324219,158.637939453125,0.997251570224762,64.1075210571289,149.36016845703125,0.9934660792350769,41.51357650756836,142.64952087402344,0.997965931892395,120.02518463134766,139.38929748535156,0.9897509217262268,91.35107421875,107.17720031738281,0.99534672498703,47.336708068847656,111.44175720214844,0.9861008524894714,80.59356689453125,174.22122192382812,0.9439594745635986,66.83538818359375,173.48471069335938,0.9878731966018677,24.31987190246582,163.65773010253906,0.9985301494598389
42,138.0230712890625,140.9046173095703,0.9982057809829712,119.88764953613281,197.64430236816406,0.9985388517379761,106.98944854736328,161.81024169921875,0.9979117512702942,91.45240783691406,158.54531860351562,0.9969195127487183,64.11540222167969,149.36016845703125,0.9937961101531982,41.735992431640625,142.6543731689453,0.9976510405540466,120.02518463134766,139.38929748535156,0.9970172643661499,91.3545913696289,107.12860870361328,0.9960446357727051,47.336708068847656,111.76094055175781,0.9846971035003662,81.14437103271484,173.7501983642578,0.9351702332496643,66.83538818359375,173.48471069335938,0.9909551739692688,25.087493896484375,163.60403442382812,0.9979887008666992
43,138.0230712890625,140.90057373046875,0.9980661273002625,119.01532745361328,197.67843627929688,0.9983012080192566,106.98944854736328,161.81024169921875,0.9980517625808716,91.40990447998047,158.1804656982422,0.9961704611778259,64.68717193603516,149.36016845703125,0.9961051940917969,41.7722053527832,142.64952087402344,0.9976874589920044,120.02518463134766,139.38929748535156,0.9908266663551331,91.49292755126953,107.06265258789062,0.9954209923744202,47.405086517333984,112.57491302490234,0.9817376732826233,81.14437103271484,173.7501983642578,0.9580857753753662,66.83538818359375,173.66050720214844,0.9924671053886414,25.087493896484375,163.56382751464844,0.9981036186218262
44,138.0230712890625,140.90057373046875,0.9986294507980347,118.71894836425781,197.7404327392578,0.9982609152793884,106.98944854736328,161.65875244140625,0.9977442026138306,91.40990447998047,158.14585876464844,0.9960424900054932,65.1758041381836,149.2332000732422,0.9968535304069519,41.7722053527832,142.64952087402344,0.9978684186935425,123.15586853027344,141.8771209716797,0.9931060671806335,91.60616302490234,106.41024780273438,0.9942097663879395,47.4263801574707,112.78687286376953,0.9718205332756042,81.14437103271484,173.7501983642578,0.9700712561607361,66.95675659179688,173.90963745117188,0.9928981065750122,25.087493896484375,163.56088256835938,0.9980192184448242
45,138.1346435546875,140.9046173095703,0.9983922839164734,117.8432388305664,197.952880859375,0.9990277290344238,107.28308868408203,161.65875244140625,0.9979879856109619,91.40990447998047,157.96014404296875,0.9963951706886292,65.46820068359375,149.019287109375,0.9970744848251343,41.840850830078125,142.2584686279297,0.9980791807174683,124.14820861816406,144.1344757080078,0.9930521249771118,91.72561645507812,106.13835144042969,0.9944062232971191,47.66401290893555,112.82245635986328,0.9816681742668152,81.5694351196289,173.4816436767578,0.9654468297958374,67.27722930908203,173.90963745117188,0.994737446308136,25.032512664794922,163.5284423828125,0.9980971217155457
46,139.2030487060547,141.2442626953125,0.9986217021942139,117.43861389160156,197.952880859375,0.9991299510002136,107.62642669677734,161.65875244140625,0.9980061650276184,92.1531753540039,157.7771453857422,0.997123658657074,65.65567016601562,148.21371459960938,0.9981980919837952,41.986141204833984,142.16661071777344,0.9982840418815613,125.13063049316406,144.17855834960938,0.9957855343818665,91.78014373779297,106.08815002441406,0.9933835864067078,47.67292404174805,113.27745819091797,0.9770365357398987,81.95410919189453,172.55702209472656,0.9734366536140442,67.27722930908203,173.90963745117188,0.9955244064331055,24.95918083190918,163.5284423828125,0.998046875
47,141.33949279785156,142.0201873779297,0.99849534034729,116.84114074707031,197.95323181152344,0.9992278814315796,107.62642669677734,161.54469299316406,0.9979502558708191,92.73661804199219,157.59532165527344,0.9968417882919312,65.94200134277344,147.89361572265625,0.9983630776405334,41.99085998535156,141.93093872070312,0.9983737468719482,126.96089172363281,144.17855834960938,0.9954628348350525,91.84922790527344,106.08815002441406,0.9953559637069702,47.76039505004883,113.81881713867188,0.9840289950370789,81.9774398803711,172.31631469726562,0.9749950766563416,67.27801513671875,173.80445861816406,0.9965164661407471,24.9432315826416,163.5284423828125,0.9979462027549744
48,143.17071533203125,142.16616821289062,0.9976016879081726,115.20114135742188,198.09454345703125,0.9993506073951721,107.62700653076172,161.03466796875,0.9980151653289795,92.78845977783203,156.90953063964844,0.9974519610404968,65.94200134277344,147.36122131347656,0.9983202815055847,42.10126876831055,141.70606994628906,0.9985573887825012,128.27101135253906,144.17855834960938,0.9952405691146851,92.06809997558594,106.13835144042969,0.9958871006965637,47.90299606323242,113.82630157470703,0.9826818704605103,81.9774398803711,172.3077850341797,0.9698864221572876,67.27722930908203,173.66665649414062,0.9965437054634094,24.90337371826172,163.57513427734375,0.9980313181877136
49,143.87181091308594,142.29232788085938,0.9966707825660706,114.6294174194336,198.65391540527344,0.9992864727973938,107.71244812011719,160.8202667236328,0.998136043548584,92.90460205078125,156.90953063964844,0.9977124929428101,66.05987548828125,147.08132934570312,0.9986051917076111,42.14448547363281,141.67967224121094,0.9986270666122437,128.7822265625,144.1082305908203,0.99479079246521,92.75241088867188,106.49288940429688,0.996557354927063,47.91620635986328,114.03071594238281,0.9831636548042297,81.98599243164062,172.3077850341797,0.9724183678627014,67.27801513671875,173.46060180664062,0.9956583976745605,24.90337371826172,163.68499755859375,0.9980471134185791
50,145.4840850830078,143.0682830810547,0.9969602227210999,113.71083068847656,198.89675903320312,0.9986225366592407,107.71244812011719,160.8202667236328,0.9985255599021912,92.90460205078125,156.90953063964844,0.9975507855415344,66.08914184570312,146.63360595703125,0.9988101720809937,42.181705474853516,141.67868041992188,0.9987779259681702,128.94512939453125,144.1082305908203,0.993669331073761,93.72789764404297,107.9191665649414,0.9968030452728271,47.990562438964844,114.1322021484375,0.9798837304115295,81.98599243164062,172.31631469726562,0.9562629461288452,67.23136901855469,173.22320556640625,0.995965838432312,24.90337371826172,163.72364807128906,0.9977338314056396
51,146.05845642089844,143.42051696777344,0.9974728226661682,112.54753112792969,199.2609405517578,0.9979369640350342,107.71244812011719,160.8202667236328,0.9985417127609253,93.71989440917969,157.09292602539062,0.9976268410682678,66.42231750488281,146.5131072998047,0.9990118741989136,42.76957321166992,141.5819549560547,0.9989249110221863,129.61436462402344,144.1082305908203,0.9945099353790283,94.7140884399414,108.84220886230469,0.9968430995941162,48.05173873901367,114.15137481689453,0.9847636818885803,81.98599243164062,172.7325897216797,0.93702632188797,67.17559051513672,173.14129638671875,0.9960707426071167,25.482341766357422,164.02761840820312,0.9982385635375977
52,148.78756713867188,143.94012451171875,0.9991687536239624,110.12965393066406,199.33485412597656,0.9981551766395569,107.71244812011719,161.04576110839844,0.9986810088157654,93.93848419189453,157.19850158691406,0.9974684715270996,66.4755630493164,146.49899291992188,0.9992951154708862,43.49079513549805,141.37710571289062,0.9988920092582703,131.1462860107422,144.99583435058594,0.996986448764801,95.59687805175781,109.73237609863281,0.9982253909111023,48.14064025878906,114.2199478149414,0.9870922565460205,81.72360229492188,172.902587890625,0.9262446761131287,67.10476684570312,172.9756317138672,0.9971109628677368,26.20532989501953,164.02761840820312,0.9986739158630371
53,149.32827758789062,143.9510498046875,0.9993574023246765,109.05816650390625,199.5882568359375,0.9984161853790283,107.77156829833984,161.04576110839844,0.9986255168914795,94.67359924316406,157.19850158691406,0.9975695013999939,67.08870697021484,146.2953338623047,0.9991137385368347,43.83126449584961,141.1093292236328,0.9988983869552612,131.2832794189453,145.45343017578125,0.9979540109634399,97.51006317138672,110.3697509765625,0.9987112283706665,48.7972526550293,114.33248138427734,0.9899168610572815,81.89542388916016,173.27708435058594,0.9031904339790344,67.04475402832031,172.9603729248047,0.9967246651649475,26.283910751342773,164.02761840820312,0.9988200068473816
54,149.32827758789062,144.05935668945312,0.9994833469390869,108.22559356689453,199.6808319091797,0.9986352324485779,107.77156829833984,161.14088439941406,0.998590886592865,94.79705047607422,157.19850158691406,0.997401237487793,67.90332794189453,146.15081787109375,0.9988833069801331,45.04396438598633,140.90513610839844,0.9989551305770874,131.36903381347656,146.53836059570312,0.9976001381874084,98.39875793457031,111.12166595458984,0.9984360337257385,49.18145751953125,114.48149871826172,0.9941042065620422,81.89542388916016,173.87339782714844,0.89517742395401,66.95101165771484,172.85385131835938,0.9961912631988525,27.092004776000977,163.70083618164062,0.9989855885505676
55,149.33033752441406,144.19790649414062,0.9995070695877075,107.20877075195312,199.6808319091797,0.9988056421279907,107.88885498046875,161.16622924804688,0.9986531734466553,95.05984497070312,156.92947387695312,0.9973046779632568,68.50557708740234,145.9514923095703,0.9989845156669617,45.466617584228516,140.70724487304688,0.9989197254180908,131.433837890625,146.5601348876953,0.9976468682289124,99.56009674072266,111.24076843261719,0.9983862638473511,49.25575637817383,114.48149871826172,0.9950382113456726,81.89542388916016,174.20484924316406,0.8563171029090881,66.95101165771484,172.712646484375,0.9972467422485352,27.59619140625,163.6992950439453,0.9989407658576965
56,149.3765869140625,144.2073516845703,0.9995306730270386,105.58760070800781,199.72119140625,0.9987552165985107,108.55860900878906,161.33255004882812,0.9985333681106567,95.84867858886719,156.75950622558594,0.9967960715293884,69.41838073730469,145.9003448486328,0.9987454414367676,46.518192291259766,140.36351013183594,0.9985768795013428,131.58328247070312,146.82705688476562,0.9968886971473694,99.99352264404297,111.50484466552734,0.997905969619751,49.526981353759766,114.2199478149414,0.9947016835212708,82.22885131835938,174.61090087890625,0.7978793978691101,67.04475402832031,172.27259826660156,0.9967774748802185,28.187583923339844,163.3302459716797,0.9989590644836426
57,149.8181915283203,144.2073516845703,0.9995610117912292,104.72135925292969,199.72119140625,0.9981933236122131,109.20392608642578,161.35369873046875,0.9987114667892456,96.3202896118164,156.6291961669922,0.9956133365631104,70.35902404785156,145.6520233154297,0.9985804557800293,47.02972412109375,140.2722930908203,0.9986905455589294,131.9571533203125,147.10525512695312,0.9962955117225647,100.93329620361328,111.62107849121094,0.9976001381874084,49.53269577026367,114.034912109375,0.9946979284286499,82.56524658203125,174.61090087890625,0.7540099620819092,67.05867004394531,171.80682373046875,0.9968549013137817,28.28708267211914,163.1069793701172,0.9987772107124329
58,150.36685180664062,144.23416137695312,0.9994816184043884,102.31391906738281,200.55966186523438,0.9982329607009888,110.277587890625,161.35369873046875,0.9984588623046875,97.02979278564453,156.18930053710938,0.9941547513008118,70.88599395751953,145.6520233154297,0.9984101057052612,47.43571853637695,140.1865997314453,0.9986196756362915,132.89955139160156,147.15298461914062,0.9951673746109009,101.78146362304688,111.60607147216797,0.9974972605705261,49.548095703125,113.83983612060547,0.9950330257415771,82.88922119140625,174.61090087890625,0.6896156668663025,67.32357788085938,171.41075134277344,0.997638463973999,28.687816619873047,163.10060119628906,0.9988206028938293
59,151.51202392578125,144.23416137695312,0.9995266199111938,102.31391906738281,200.73568725585938,0.9979096055030823,111.14469146728516,161.4751739501953,0.9983413219451904,97.13189697265625,155.96958923339844,0.9947998523712158,71.31332397460938,145.6520233154297,0.9981854557991028,47.43571853637695,139.73768615722656,0.9987509250640869,133.3612060546875,147.15298461914062,0.9940405488014221,101.95095825195312,111.62107849121094,0.9977993369102478,49.526981353759766,113.8252182006836,0.9957218170166016,83.79591369628906,174.2703094482422,0.7155799865722656,67.81977081298828,170.98477172851562,0.9975134134292603,28.687816619873047,162.96058654785156,0.9987097978591919
60,151.51763916015625,144.17823791503906,0.9995179176330566,102.30036926269531,200.73568725585938,0.9979436993598938,111.58655548095703,161.48036193847656,0.9983876943588257,97.62187957763672,155.87425231933594,0.9961116909980774,71.64089965820312,145.8443603515625,0.9983412027359009,47.43571853637695,139.7145233154297,0.9988210797309875,133.6348114013672,147.10525512695312,0.9935471415519714,102.61421966552734,111.65699005126953,0.997442364692688,49.526981353759766,113.8252182006836,0.9939916729927063,84.76922607421875,174.12303161621094,0.6816908121109009,68.34261322021484,170.90057373046875,0.997132420539856,28.434810638427734,162.93751525878906,0.998700737953186
61,151.5894775390625,144.17823791503906,0.9994757771492004,102.29226684570312,200.7723388671875,0.9963830709457397,112.5063705444336,161.48036193847656,0.9977542757987976,98.37744903564453,155.54498291015625,0.9966519474983215,72.03666687011719,145.95445251464844,0.9979707598686218,46.890953063964844,139.5022430419922,0.9989627599716187,133.67782592773438,146.98268127441406,0.991589367389679,103.09669494628906,111.65699005126953,0.9977142810821533,49.0257453918457,113.65422821044922,0.9951514005661011,85.43401336669922,173.5105438232422,0.6893453598022461,68.3618392944336,170.5006103515625,0.996541440486908,28.434810638427734,162.93751525878906,0.9986407160758972
62,152.5229034423828,144.23416137695312,0.9994220733642578,102.29226684570312,200.80923461914062,0.9953944683074951,112.74250793457031,162.60714721679688,0.9983482360839844,99.10948181152344,155.51730346679688,0.9975951313972473,72.740478515625,146.0428466796875,0.9977147579193115,46.890953063964844,139.3471221923828,0.9991948008537292,134.26377868652344,146.98268127441406,0.9891764521598816,103.42777252197266,111.65699005126953,0.997605562210083,49.0257453918457,113.38809204101562,0.9954230189323425,88.39301300048828,172.6526641845703,0.6489285826683044,68.59293365478516,170.14065551757812,0.9963884353637695,28.391380310058594,162.96058654785156,0.9987004995346069
63,152.6773223876953,144.45787048339844,0.9993351101875305,101.74639129638672,200.97804260253906,0.9938648343086243,113.21261596679688,162.7987060546875,0.998502254486084,99.3730239868164,155.51730346679688,0.9978033900260925,73.33667755126953,146.07244873046875,0.9972898960113525,46.890953063964844,139.13136291503906,0.9994261264801025,134.26377868652344,146.98268127441406,0.9865657687187195,103.80818176269531,111.71776580810547,0.9979131817817688,49.0257453918457,113.38809204101562,0.9959742426872253,88.39301300048828,172.6526641845703,0.6382861137390137,68.59293365478516,170.14065551757812,0.9966034889221191,28.371326446533203,163.01971435546875,0.9987107515335083
64,152.6773223876953,144.63612365722656,0.9993763566017151,101.0274658203125,201.05859375,0.99186110496521,113.21261596679688,163.37071228027344,0.9984374642372131,99.3730239868164,155.51730346679688,0.9973068237304688,73.68387603759766,146.6908721923828,0.996893048286438,47.225502014160156,138.9663543701172,0.9994450211524963,134.26377868652344,147.12017822265625,0.988867998123169,103.93299102783203,111.95440673828125,0.9974175691604614,49.141944885253906,113.28372192382812,0.9962117671966553,88.39301300048828,172.6526641845703,0.6155683398246765,68.80279541015625,170.14065551757812,0.9968549013137817,28.292076110839844,163.01971435546875,0.9987019300460815
65,152.6773223876953,145.66651916503906,0.9989675283432007,100.65656280517578,201.2939910888672,0.9923628568649292,113.21261596679688,163.37071228027344,0.9986349940299988,99.3730239868164,155.8723907470703,0.9965513944625854,74.43475341796875,146.82989501953125,0.9975205063819885,47.6760368347168,138.9363250732422,0.9995322227478027,133.12637329101562,147.20999145507812,0.9916025996208191,103.80818176269531,112.54827880859375,0.9969043135643005,49.22262191772461,113.1364517211914,0.9967215657234192,88.1290054321289,173.1256103515625,0.517241358757019,68.8653793334961,170.5643768310547,0.9976426959037781,26.860445022583008,163.01971435546875,0.9983695149421692
66,151.89073181152344,146.8445587158203,0.9986224174499512,100.2147445678711,201.69180297851562,0.9929983615875244,113.13653564453125,163.583251953125,0.9981470108032227,99.3399658203125,156.2953643798828,0.9950952529907227,74.88058471679688,147.09010314941406,0.9977001547813416,48.31158447265625,138.890869140625,0.9996065497398376,132.2177276611328,147.71478271484375,0.9910496473312378,103.9419937133789,112.72699737548828,0.9971402883529663,49.44799041748047,113.05390167236328,0.9966907501220703,85.5166015625,173.7667694091797,0.6196727752685547,68.97697448730469,170.7688446044922,0.9969750642776489,26.78985023498535,163.0768585205078,0.9984064698219299
67,150.29776000976562,147.25709533691406,0.9975818395614624,100.09844207763672,201.505126953125,0.9950404763221741,112.783935546875,164.25546264648438,0.997961163520813,98.87480926513672,156.55227661132812,0.994666337966919,74.88058471679688,147.35549926757812,0.9976135492324829,48.7224235534668,138.885986328125,0.9996474981307983,132.12582397460938,148.0586700439453,0.9944637417793274,104.0931625366211,114.15106964111328,0.9968968629837036,51.5829963684082,112.53804779052734,0.9970832467079163,85.5166015625,174.530029296875,0.5911659598350525,69.00975036621094,170.82369995117188,0.9959639310836792,26.726539611816406,163.0173797607422,0.9984795451164246
68,150.14352416992188,147.25709533691406,0.9963363409042358,99.68535614013672,201.505126953125,0.9924560785293579,112.783935546875,164.25546264648438,0.998228132724762,98.61908721923828,156.55227661132812,0.9952858090400696,74.88058471679688,147.4018096923828,0.9983154535293579,48.73017120361328,138.890869140625,0.9996625185012817,131.8813934326172,148.09475708007812,0.993454098701477,104.5756607055664,115.23971557617188,0.9975600242614746,51.5829963684082,112.53804779052734,0.9970397353172302,85.5166015625,174.5301513671875,0.6633246541023254,69.08672332763672,171.37054443359375,0.9948370456695557,26.138893127441406,162.91629028320312,0.9983254075050354
69,149.51919555664062,147.25709533691406,0.9986240863800049,96.73505401611328,201.505126953125,0.9921956062316895,112.6263198852539,164.79779052734375,0.9979208111763,98.61908721923828,156.55227661132812,0.9957196116447449,74.76097869873047,147.7155303955078,0.9984003901481628,49.18996810913086,138.9363250732422,0.9996827840805054,131.82278442382812,148.09475708007812,0.9951795339584351,105.44950866699219,115.77778625488281,0.9973617196083069,51.58726119995117,112.53075408935547,0.996941864490509,86.68971252441406,175.147216796875,0.6384373903274536,69.09569549560547,171.6829376220703,0.9946322441101074,26.138893127441406,162.91629028320312,0.9985271692276001
70,149.33590698242188,145.3280487060547,0.9994358420372009,95.27771759033203,200.4973602294922,0.9844170808792114,112.32633972167969,164.79779052734375,0.9980489015579224,99.02346801757812,156.5277099609375,0.9969109892845154,74.76097869873047,147.84274291992188,0.9986228942871094,49.40557861328125,139.03001403808594,0.9997199177742004,131.55865478515625,148.09475708007812,0.9942888021469116,106.52983856201172,116.5784912109375,0.997238278388977,51.74039077758789,112.47640228271484,0.9968605041503906,87.70520782470703,175.2370147705078,0.7777334451675415,69.10397338867188,171.70249938964844,0.9934762120246887,26.138893127441406,162.91629028320312,0.9985658526420593
71,149.33590698242188,143.98500061035156,0.9995892643928528,92.84764099121094,198.24386596679688,0.9792455434799194,112.32633972167969,164.82310485839844,0.9982959628105164,99.02346801757812,156.148193359375,0.9973264932632446,74.76097869873047,148.05078125,0.9985472559928894,49.955787658691406,139.1728973388672,0.9996945858001709,130.8306427001953,147.8407440185547,0.9892893433570862,106.64824676513672,116.80619812011719,0.9970963001251221,51.74039077758789,112.47640228271484,0.9970107078552246,88.50997161865234,175.34852600097656,0.8575347065925598,69.423095703125,171.8302764892578,0.9916340112686157,26.163610458374023,162.8903350830078,0.9986721277236938
72,149.33372497558594,143.34780883789062,0.9996509552001953,91.81112670898438,197.37710571289062,0.9735363125801086,113.00687408447266,164.82310485839844,0.9982838034629822,99.43714141845703,156.148193359375,0.9973932504653931,74.99271392822266,148.1003875732422,0.9987077713012695,50.212764739990234,139.2335205078125,0.9996901750564575,130.20030212402344,147.5371856689453,0.9837377071380615,107.36195373535156,116.98690795898438,0.9969946146011353,50.290924072265625,112.57908630371094,0.9972660541534424,88.72419738769531,176.1678009033203,0.8465654850006104,69.49961853027344,171.9423065185547,0.9889923930168152,26.46685028076172,162.84632873535156,0.9985989928245544
73,149.33372497558594,143.24649047851562,0.9996185302734375,91.11780548095703,196.95016479492188,0.9748229384422302,113.01638793945312,164.8374481201172,0.998689591884613,100.07699584960938,156.148193359375,0.9977044463157654,75.70497131347656,148.50514221191406,0.9984003901481628,50.51847839355469,139.24609375,0.9997066855430603,129.32583618164062,147.52554321289062,0.9737647175788879,107.43155670166016,116.98690795898438,0.9971600770950317,50.41674041748047,112.57908630371094,0.9970831274986267,88.50997161865234,176.1678009033203,0.8637871742248535,70.12123107910156,172.3457794189453,0.9780966639518738,26.8276424407959,162.8030548095703,0.9987075328826904
74,148.86798095703125,142.5850372314453,0.9994584918022156,91.81112670898438,196.95016479492188,0.9566737413406372,113.99351501464844,164.9501953125,0.9991244673728943,100.94467163085938,156.30355834960938,0.9979210495948792,76.55001831054688,148.9398956298828,0.9982889294624329,50.93138122558594,139.24609375,0.9997435212135315,128.9076690673828,146.56451416015625,0.9760831594467163,107.43155670166016,116.98690795898438,0.9968931674957275,50.41674041748047,112.57908630371094,0.9971587657928467,88.50997161865234,176.1678009033203,0.8972777724266052,70.12123107910156,172.3457794189453,0.9699549674987793,27.17415428161621,162.84632873535156,0.9986889958381653
75,147.11776733398438,141.5266876220703,0.9989545345306396,91.81112670898438,196.95016479492188,0.9442099928855896,114.8577651977539,165.02110290527344,0.9987737536430359,101.68644714355469,156.72659301757812,0.9978190660476685,77.20330047607422,149.3740234375,0.9981924891471863,50.99482345581055,139.25628662109375,0.9997953772544861,128.75184631347656,146.23898315429688,0.9812529683113098,107.43155670166016,117.02323913574219,0.9965956807136536,50.41674041748047,112.59408569335938,0.9972227811813354,88.72419738769531,176.25502014160156,0.89877849817276,70.12123107910156,172.3457794189453,0.9450564980506897,27.320676803588867,162.8030548095703,0.9986811280250549
76,147.11776733398438,140.8278350830078,0.9985564351081848,92.80211639404297,197.9797821044922,0.9466859698295593,115.1962890625,165.06768798828125,0.9986616373062134,101.76146697998047,157.44989013671875,0.9984357953071594,77.46923828125,149.45787048339844,0.9981058835983276,51.530433654785156,139.3009033203125,0.9997578263282776,128.31716918945312,146.23898315429688,0.9785075187683105,107.43155670166016,117.16503143310547,0.996912956237793,50.62889099121094,112.59415435791016,0.997543215751648,89.63172912597656,176.25502014160156,0.8170450329780579,68.16925811767578,170.90411376953125,0.9714562296867371,27.385208129882812,162.8030548095703,0.9987810254096985
77,147.11776733398438,140.8144073486328,0.9981970191001892,98.04541778564453,202.68789672851562,0.8947970867156982,116.44164276123047,165.525390625,0.9981729984283447,102.69952392578125,158.67800903320312,0.9980463981628418,77.47738647460938,150.12503051757812,0.9965047836303711,51.61936569213867,139.331298828125,0.9996844530105591,127.83757019042969,146.2376251220703,0.9786124229431152,107.43155670166016,117.58576965332031,0.9962957501411438,50.80018615722656,112.59415435791016,0.9978984594345093,114.5487060546875,189.39700317382812,0.8047047257423401,66.99015045166016,169.4659881591797,0.9851056337356567,28.75481605529785,162.86695861816406,0.9986485838890076
78,146.5212860107422,139.43919372558594,0.998127281665802,99.59329223632812,203.627685546875,0.9596401453018188,117.513916015625,165.84344482421875,0.9979463219642639,103.56578063964844,159.34921264648438,0.9976949095726013,77.75926971435547,150.48313903808594,0.995603084564209,51.86112594604492,139.5478973388672,0.9997034668922424,127.54645538330078,146.2376251220703,0.9776795506477356,108.35714721679688,117.7658920288086,0.9969269633293152,50.81022644042969,112.55311584472656,0.9981021285057068,115.08258056640625,190.7046661376953,0.8601624369621277,66.78992462158203,169.24371337890625,0.9908673763275146,29.05076789855957,162.86695861816406,0.9985271692276001
79,147.4588165283203,137.86099243164062,0.9983733892440796,100.2181396484375,203.627685546875,0.9807144999504089,118.05766296386719,166.0306396484375,0.9980130195617676,103.8638687133789,159.34921264648438,0.9978793859481812,77.77139282226562,150.48313903808594,0.995614767074585,52.080284118652344,139.5478973388672,0.9996104836463928,127.4281997680664,146.2376251220703,0.9759591221809387,109.13868713378906,117.77810668945312,0.9960840940475464,51.29515838623047,112.38170623779297,0.997817873954773,115.1052017211914,190.7046661376953,0.8797978162765503,66.6922836303711,169.1988067626953,0.9920950531959534,29.909547805786133,162.86695861816406,0.9983966946601868
80,147.556396484375,136.09396362304688,0.9986820816993713,101.55482482910156,203.627685546875,0.9764309525489807,118.2599105834961,166.06724548339844,0.9980984330177307,104.16903686523438,159.34921264648438,0.9981195330619812,77.85840606689453,150.48313903808594,0.9950626492500305,52.813175201416016,139.5551300048828,0.9994706511497498,126.07736206054688,145.7588348388672,0.9388941526412964,110.12691497802734,119.47694396972656,0.9958187937736511,51.488555908203125,112.24055480957031,0.9981178045272827,115.1052017211914,190.7046661376953,0.8226461410522461,66.15777587890625,169.1311798095703,0.9908102750778198,31.978437423706055,163.06353759765625,0.9972172975540161
81,147.556396484375,134.66868591308594,0.9992144107818604,108.33531951904297,201.1995849609375,0.9634233713150024,119.03450012207031,166.4441680908203,0.9983616471290588,104.8489761352539,159.24481201171875,0.9985125660896301,77.85840606689453,150.33285522460938,0.9943197965621948,52.930171966552734,139.6190643310547,0.9995347261428833,121.69139099121094,140.62855529785156,0.9002251029014587,112.21727752685547,119.62454223632812,0.9977706670761108,53.86067581176758,110.99651336669922,0.9983319640159607,115.76766967773438,190.4049530029297,0.8110324740409851,65.87641906738281,169.1311798095703,0.9889917373657227,36.54648971557617,163.8572235107422,0.9979300498962402
82,149.0712127685547,133.34622192382812,0.9995301961898804,108.33531951904297,200.49351501464844,0.9802815318107605,120.05023956298828,166.67279052734375,0.9984744191169739,105.45516967773438,159.24481201171875,0.99843829870224,77.9821548461914,150.28292846679688,0.9934172630310059,53.21486282348633,139.8050537109375,0.9995027780532837,118.39016723632812,139.5521697998047,0.8941946625709534,114.26470947265625,119.62454223632812,0.998482882976532,54.12248229980469,110.6466064453125,0.9985060691833496,122.13560485839844,188.03741455078125,0.8390876650810242,65.72252655029297,169.1311798095703,0.9904935956001282,39.25331115722656,165.706298828125,0.993182361125946
83,153.27569580078125,133.17477416992188,0.999420166015625,108.91728210449219,200.49351501464844,0.9908547401428223,120.22543334960938,166.708251953125,0.9987493753433228,105.83856964111328,159.24481201171875,0.9985899329185486,78.02355194091797,150.0608367919922,0.9916736483573914,53.35111999511719,140.16769409179688,0.9994058609008789,117.62059020996094,139.0436553955078,0.9502119421958923,117.05369567871094,119.62454223632812,0.99846351146698,54.188873291015625,110.6466064453125,0.9986162185668945,123.48484802246094,187.99574279785156,0.8237864971160889,65.49776458740234,169.180908203125,0.9941391944885254,43.65140151977539,168.21104431152344,0.9846067428588867
84,154.11074829101562,133.17477416992188,0.9992745518684387,108.91728210449219,200.49351501464844,0.9904638528823853,120.67292022705078,166.90809631347656,0.9990787506103516,106.24193572998047,159.4602508544922,0.99869304895401,78.16730499267578,150.0093536376953,0.99240642786026,53.460426330566406,140.16876220703125,0.9995818734169006,117.55512237548828,139.0436553955078,0.9568226933479309,117.05369567871094,119.59014892578125,0.9978764057159424,54.25185012817383,110.6466064453125,0.9985933899879456,123.65009307861328,187.99574279785156,0.872361421585083,65.49083709716797,169.2523956298828,0.9967201352119446,47.2886848449707,168.6319580078125,0.8826920986175537
85,154.65794372558594,133.17477416992188,0.9991676807403564,111.56068420410156,201.0094757080078,0.9916765689849854,120.68492889404297,166.90809631347656,0.9990028738975525,106.68047332763672,159.56857299804688,0.9988211989402771,78.43162536621094,149.50746154785156,0.9919468760490417,54.04078674316406,140.59292602539062,0.9993706345558167,117.35985565185547,139.00180053710938,0.9349381327629089,117.05369567871094,119.50045776367188,0.997941792011261,54.354583740234375,110.8045654296875,0.9985144734382629,123.75737762451172,187.99574279785156,0.9114075899124146,65.13848876953125,169.74765014648438,0.9958170056343079,49.85872268676758,168.80422973632812,0.5150514245033264
86,155.30783081054688,133.17477416992188,0.9991959929466248,114.3030014038086,201.0094757080078,0.9946540594100952,121.1944808959961,166.90809631347656,0.9988767504692078,107.35948181152344,160.04031372070312,0.9987308382987976,78.4714126586914,149.50746154785156,0.9924788475036621,54.239444732666016,141.0609893798828,0.9992725253105164,116.98077392578125,139.0436553955078,0.9319124221801758,116.48551940917969,119.20536804199219,0.9985948204994202,54.354583740234375,110.86158752441406,0.9987832903862,127.15779113769531,189.17413330078125,0.9837596416473389,64.8609390258789,170.58018493652344,0.9914701581001282,51.32294845581055,176.70535278320312,0.5472017526626587
87,155.5087127685547,133.17477416992188,0.9993826150894165,116.16319274902344,201.0094757080078,0.9677959084510803,121.31844329833984,165.63375854492188,0.9985435009002686,107.35948181152344,160.14610290527344,0.998831570148468,78.7394790649414,149.50746154785156,0.993963897228241,56.29791259765625,144.32730102539062,0.9989713430404663,116.35729217529297,139.11483764648438,0.9456850290298462,116.15956115722656,119.09410858154297,0.9987643957138062,54.44801330566406,110.90869140625,0.998796820640564,127.88969421386719,190.35601806640625,0.9963513612747192,64.8609390258789,170.95816040039062,0.9918293356895447,52.429351806640625,177.14718627929688,0.7191569805145264
88,155.76234436035156,133.04324340820312,0.9994482398033142,116.16319274902344,201.0094757080078,0.9773306846618652,121.66535186767578,165.63375854492188,0.9987737536430359,107.35948181152344,160.17465209960938,0.9985532164573669,78.95103454589844,149.63333129882812,0.9943154454231262,56.7001838684082,144.7227325439453,0.9989151954650879,116.35729217529297,139.494873046875,0.9485775232315063,116.15956115722656,118.87896728515625,0.9990473389625549,54.44801330566406,110.90869140625,0.9988316893577576,128.75599670410156,191.3938446044922,0.9972240924835205,64.67533874511719,171.53427124023438,0.9916894435882568,52.429351806640625,177.45870971679688,0.8362323641777039
89,156.02601623535156,132.7344512939453,0.999372661113739,116.78607177734375,201.0094757080078,0.9910218119621277,121.6672592163086,165.63375854492188,0.9987836480140686,106.27679443359375,160.21368408203125,0.9984210729598999,79.18431854248047,150.19754028320312,0.9954496026039124,56.85135269165039,145.14244079589844,0.9988516569137573,116.35729217529297,139.6688995361328,0.9541850090026855,116.48551940917969,118.83509826660156,0.9983276724815369,54.58160400390625,111.18733978271484,0.9987456798553467,129.1697998046875,191.47552490234375,0.9976723790168762,64.67533874511719,171.7757568359375,0.990036129951477,52.429351806640625,177.47763061523438,0.8665975332260132
90,156.5129852294922,132.70404052734375,0.9993603825569153,116.78607177734375,201.03518676757812,0.9943627119064331,122.46385955810547,165.7903289794922,0.9990432858467102,106.27679443359375,160.47105407714844,0.9989199638366699,79.44877624511719,150.4041290283203,0.9962803721427917,56.85135269165039,145.14244079589844,0.9990065693855286,116.883544921875,140.2747039794922,0.9490524530410767,116.54179382324219,118.74532318115234,0.9985376596450806,54.692481994628906,111.25328826904297,0.9989199638366699,129.21559143066406,191.5078125,0.9968956708908081,64.85384368896484,171.82569885253906,0.9905332326889038,52.429351806640625,177.47763061523438,0.8953120112419128
91,156.54574584960938,132.7344512939453,0.9994556307792664,116.78607177734375,201.09457397460938,0.9978505373001099,122.62501525878906,165.7903289794922,0.998969554901123,106.27679443359375,160.56019592285156,0.9989074468612671,79.4632339477539,150.6444854736328,0.9957054257392883,56.85135269165039,145.14244079589844,0.9987890124320984,116.93173217773438,140.717041015625,0.9540706276893616,117.08367919921875,118.74532318115234,0.9984456896781921,54.692481994628906,111.28094482421875,0.9987474679946899,129.21559143066406,191.5078125,0.9963376522064209,64.85384368896484,172.02215576171875,0.9917685985565186,52.656585693359375,177.45870971679688,0.889605700969696
92,156.54574584960938,132.70404052734375,0.9993564486503601,116.80305480957031,201.25685119628906,0.9980408549308777,123.06549072265625,165.7903289794922,0.9990019202232361,106.78579711914062,160.56019592285156,0.9990352392196655,80.08155822753906,151.2732391357422,0.9963006973266602,56.264102935791016,145.1606903076172,0.9991562366485596,117.68292999267578,140.717041015625,0.9557052254676819,118.08580017089844,118.66680908203125,0.9980435371398926,54.63492965698242,111.29570007324219,0.9986843466758728,129.21559143066406,191.47552490234375,0.9957765936851501,64.85384368896484,172.09239196777344,0.9925442934036255,54.391082763671875,177.17263793945312,0.9045432209968567
93,156.54574584960938,132.52964782714844,0.9993565678596497,117.63152313232422,201.6087188720703,0.9986887574195862,123.06549072265625,165.72494506835938,0.9990723133087158,107.30770111083984,160.56019592285156,0.9990183115005493,80.11372375488281,151.30264282226562,0.9952869415283203,56.264102935791016,145.1606903076172,0.9991680383682251,117.79119873046875,140.717041015625,0.9613327383995056,120.16597747802734,118.62661743164062,0.9977571368217468,54.63492965698242,111.29570007324219,0.9987449645996094,129.2074432373047,191.47552490234375,0.9962939620018005,64.94599151611328,172.09239196777344,0.9918931722640991,54.54071044921875,177.17263793945312,0.9153702855110168
94,156.2296905517578,132.2134552001953,0.9995290040969849,117.88777160644531,201.6087188720703,0.9985957741737366,123.06549072265625,165.1397247314453,0.998988926410675,107.30770111083984,160.403076171875,0.998759388923645,80.41805267333984,151.50210571289062,0.9955730438232422,56.264102935791016,145.1606903076172,0.9993552565574646,118.0815658569336,139.7984619140625,0.9592056274414062,120.18452453613281,118.27765655517578,0.9975011944770813,54.692481994628906,111.64513397216797,0.9989550113677979,129.1792449951172,191.4842071533203,0.9959942102432251,65.58287048339844,172.09805297851562,0.9909171462059021,54.703636169433594,177.06451416015625,0.9256378412246704
95,155.81373596191406,131.4705810546875,0.9995861649513245,117.9039535522461,201.6087188720703,0.9986732006072998,123.1216812133789,165.10552978515625,0.9990604519844055,107.33216857910156,160.3871307373047,0.9987824559211731,80.42507934570312,151.50210571289062,0.9956275224685669,56.58479309082031,145.5398712158203,0.9994603991508484,118.54716491699219,139.78599548339844,0.954235315322876,120.18452453613281,118.0129623413086,0.9974551796913147,54.94020080566406,111.72726440429688,0.9988675117492676,129.1322479248047,191.4842071533203,0.9955626726150513,69.98429870605469,172.09805297851562,0.9918196201324463,54.85124588012695,176.78598022460938,0.9216731190681458
96,155.81373596191406,130.4462432861328,0.9996113181114197,117.9039535522461,201.63336181640625,0.998491644859314,123.1216812133789,165.06495666503906,0.9989264607429504,107.33216857910156,160.26690673828125,0.9985989928245544,80.42507934570312,151.50210571289062,0.9948081374168396,57.358360290527344,145.8730010986328,0.9995222091674805,118.71177673339844,139.78599548339844,0.9493672251701355,120.18452453613281,117.78953552246094,0.997503936290741,55.04887008666992,111.83283233642578,0.9987748265266418,129.10292053222656,191.4842071533203,0.9953621029853821,71.13664245605469,172.59100341796875,0.9922975897789001,54.976505279541016,176.67027282714844,0.9247381091117859
97,155.81373596191406,130.4462432861328,0.9995678067207336,117.9039535522461,201.63336181640625,0.9985765218734741,123.23043060302734,165.06495666503906,0.9988977909088135,107.77671813964844,160.19166564941406,0.9985812902450562,80.42507934570312,151.52684020996094,0.9960339665412903,58.27885055541992,146.25863647460938,0.9996035695075989,118.71177673339844,139.78599548339844,0.9531958699226379,120.45719146728516,117.33842468261719,0.997322142124176,55.32463073730469,111.83296966552734,0.998842716217041,129.10292053222656,191.4842071533203,0.9944093823432922,71.6124496459961,173.2946319580078,0.9922271966934204,55.08279800415039,176.58737182617188,0.9129511713981628
98,155.97523498535156,130.42477416992188,0.9995166063308716,117.99059295654297,201.5717010498047,0.9983713030815125,123.61577606201172,165.06495666503906,0.9987642765045166,107.90643310546875,160.19166564941406,0.9986670017242432,80.49129486083984,152.82638549804688,0.9966751337051392,59.10222244262695,146.68780517578125,0.9996110796928406,118.71177673339844,139.61566162109375,0.9547857046127319,120.45719146728516,117.19026184082031,0.9978817105293274,55.341400146484375,112.25238800048828,0.9988631010055542,129.10292053222656,191.2169189453125,0.9932090640068054,72.27690887451172,173.8594512939453,0.9720146656036377,55.08279800415039,176.11093139648438,0.9569277763366699
99,155.97523498535156,130.4209747314453,0.9994763731956482,117.99059295654297,201.4153594970703,0.9973052740097046,123.6917953491211,165.0086212158203,0.9986940026283264,107.99702453613281,160.19166564941406,0.9987468719482422,80.63584899902344,153.2646942138672,0.9967731833457947,59.581581115722656,147.20138549804688,0.9995803236961365,118.63269805908203,139.533203125,0.9496161341667175,120.45719146728516,117.11477661132812,0.9984252452850342,55.341400146484375,112.37837219238281,0.9988216757774353,129.3468017578125,190.95376586914062,0.9919801950454712,77.35342407226562,178.82620239257812,0.9590861797332764,55.20022964477539,175.811279296875,0.9757945537567139
100,155.97523498535156,130.32313537597656,0.9995250701904297,120.78498840332031,199.9019317626953,0.9967435002326965,123.70768737792969,164.9277801513672,0.9988083839416504,108.53303527832031,160.22572326660156,0.9987275004386902,80.63584899902344,153.5979461669922,0.9974449872970581,59.98868179321289,147.75039672851562,0.9995403289794922,118.63269805908203,139.59767150878906,0.958774745464325,120.5279769897461,116.99531555175781,0.9984551668167114,55.32463073730469,112.37837219238281,0.998801589012146,129.7697296142578,190.95269775390625,0.9910625219345093,85.2140121459961,193.60304260253906,0.9657189846038818,55.41408920288086,175.811279296875,0.9879682064056396
101,154.771240234375,129.5938262939453,0.9994853734970093,120.98067474365234,199.54428100585938,0.99782794713974,124.2513198852539,164.8881378173828,0.9986116886138916,108.89961242675781,160.34034729003906,0.9987239241600037,80.7393569946289,153.71446228027344,0.9977495074272156,59.98868179321289,147.96173095703125,0.9994396567344666,118.63269805908203,139.59767150878906,0.9595248103141785,120.5279769897461,116.50572967529297,0.9978958368301392,55.217994689941406,112.41336822509766,0.9987254738807678,129.7697296142578,190.8060760498047,0.9899364709854126,87.09463500976562,193.82972717285156,0.9802672863006592,55.41408920288086,176.07444763183594,0.9889107942581177
102,153.77969360351562,128.1632537841797,0.9994043111801147,121.03382110595703,199.20584106445312,0.9977598190307617,124.47025299072266,164.81553649902344,0.9981777667999268,109.24771118164062,160.52548217773438,0.9986284971237183,81.02586364746094,153.99285888671875,0.9975569248199463,59.98868179321289,148.28912353515625,0.9994451403617859,118.74433898925781,139.59767150878906,0.950624942779541,120.5279769897461,116.5045394897461,0.9977269768714905,55.151153564453125,112.50421142578125,0.9985290765762329,129.9135284423828,190.3234100341797,0.9812707901000977,88.78266906738281,194.96681213378906,0.9814198017120361,55.453426361083984,176.07444763183594,0.9870729446411133
103,153.34523010253906,126.79753875732422,0.9989312291145325,121.30403900146484,198.72894287109375,0.997892439365387,124.75643920898438,164.64552307128906,0.9980790615081787,109.6700439453125,160.52882385253906,0.9987037181854248,81.13153076171875,154.008544921875,0.9976321458816528,59.90964889526367,148.583740234375,0.9994899034500122,118.76575469970703,139.79954528808594,0.9605230689048767,120.34669494628906,115.96998596191406,0.9973264932632446,55.0272331237793,112.57108306884766,0.9987851977348328,129.89039611816406,189.70687866210938,0.9743307828903198,89.59944152832031,196.41165161132812,0.991776704788208,55.453426361083984,176.2974090576172,0.9864783883094788
104,152.0455780029297,125.64452362060547,0.9989088773727417,121.73967742919922,198.69456481933594,0.9983886480331421,124.79432678222656,164.64552307128906,0.9979707598686218,109.95891571044922,160.52955627441406,0.9987517595291138,81.26673889160156,154.08807373046875,0.9979450106620789,59.72102355957031,148.94447326660156,0.999491810798645,119.09298706054688,139.98870849609375,0.970560610294342,120.2503662109375,115.6563720703125,0.9972521662712097,54.95762252807617,112.57108306884766,0.9987761378288269,129.7697296142578,189.59271240234375,0.963659942150116,90.1741943359375,196.41165161132812,0.9942625164985657,55.6328239440918,176.4078369140625,0.9897398948669434
105,151.4796600341797,125.46373748779297,0.9986316561698914,121.91169738769531,198.66236877441406,0.9982492923736572,125.02175903320312,164.56849670410156,0.9971996545791626,110.48750305175781,160.7291717529297,0.9986817240715027,81.3083267211914,154.10667419433594,0.9979614019393921,59.72102355957031,149.1299285888672,0.9994613528251648,118.83411407470703,140.2770538330078,0.9744982719421387,120.23284149169922,115.49600219726562,0.9979450106620789,54.882965087890625,112.57108306884766,0.998737633228302,129.68978881835938,189.1806640625,0.9457969665527344,90.18827819824219,196.41165161132812,0.9933857321739197,55.6328239440918,176.4078369140625,0.9916541576385498
106,150.23956298828125,125.36897277832031,0.9980011582374573,121.96003723144531,198.29806518554688,0.9976639747619629,125.22528076171875,164.40797424316406,0.9969226717948914,111.31376647949219,160.918212890625,0.9987999200820923,81.35062408447266,154.14614868164062,0.99826580286026,59.717796325683594,149.36166381835938,0.9995077848434448,118.76575469970703,140.960693359375,0.967206597328186,120.23284149169922,114.69680786132812,0.9967030882835388,54.68110275268555,112.49480438232422,0.998666524887085,128.78329467773438,189.16477966308594,0.9234528541564941,90.57398223876953,196.14700317382812,0.9894950985908508,55.82257843017578,176.4078369140625,0.9919655323028564
107,149.7147674560547,124.0094223022461,0.996931791305542,122.25347137451172,197.8296356201172,0.9970968961715698,125.86978149414062,164.40797424316406,0.9970239996910095,112.0243911743164,161.20504760742188,0.9989767074584961,81.375244140625,154.37025451660156,0.9983629584312439,59.72102355957031,149.4889678955078,0.9995055198669434,118.76575469970703,141.49588012695312,0.9643255472183228,120.34669494628906,114.58329772949219,0.9950711727142334,54.615535736083984,112.49480438232422,0.9986076951026917,128.59263610839844,187.9271240234375,0.9289475083351135,93.50701141357422,195.44705200195312,0.9790686368942261,56.24388122558594,176.31031799316406,0.9937489032745361
108,149.13111877441406,122.23210906982422,0.9966712594032288,124.29737854003906,196.52394104003906,0.9925693869590759,128.31004333496094,163.2689666748047,0.9961262345314026,112.1282730102539,161.2493133544922,0.9986547231674194,81.46273040771484,154.5231475830078,0.9985529780387878,59.7969970703125,149.7691192626953,0.9994556307792664,118.59796905517578,142.2012481689453,0.9545215964317322,121.0425033569336,113.50489807128906,0.9941856265068054,54.615535736083984,112.49480438232422,0.9985193610191345,99.58247375488281,180.11473083496094,0.9116917252540588,97.4385757446289,195.2865753173828,0.9317322373390198,56.65708923339844,176.2207489013672,0.9929136633872986
109,148.6689910888672,121.23917388916016,0.9978476762771606,129.01165771484375,196.3186492919922,0.9935639500617981,128.41319274902344,162.81829833984375,0.9980596899986267,112.30025482177734,161.2493133544922,0.9988617897033691,81.65052795410156,154.781982421875,0.9989184141159058,59.89939498901367,150.17333984375,0.9994876384735107,118.26325225830078,142.2012481689453,0.9609248638153076,121.15570068359375,113.35867309570312,0.994474470615387,54.615535736083984,112.6429672241211,0.9985860586166382,99.56261444091797,180.11473083496094,0.9340004920959473,100.05116271972656,193.7627716064453,0.9610505104064941,57.33087921142578,176.2207489013672,0.9917365908622742
110,148.6689910888672,119.89351654052734,0.9982028007507324,130.94412231445312,196.10935974121094,0.9956045150756836,129.5630340576172,162.16799926757812,0.9985499978065491,112.52899169921875,161.20504760742188,0.9988425970077515,81.79905700683594,155.02317810058594,0.9990079998970032,60.14777755737305,150.5483856201172,0.9994294047355652,118.23786163330078,142.2012481689453,0.9523133039474487,121.23785400390625,113.35867309570312,0.9926643967628479,54.93197250366211,112.77083587646484,0.9986544847488403,99.56261444091797,180.11473083496094,0.9660243988037109,102.06168365478516,193.66038513183594,0.9496400952339172,57.67462158203125,176.31031799316406,0.9895234704017639
111,148.6689910888672,118.70399475097656,0.9987766146659851,132.7487335205078,195.51773071289062,0.9967442750930786,129.61856079101562,162.16799926757812,0.9992594122886658,112.61691284179688,160.9900665283203,0.9988956451416016,81.92247009277344,155.13697814941406,0.9991759657859802,60.538883209228516,150.85595703125,0.9992706179618835,118.17719268798828,142.2012481689453,0.9662569761276245,121.23785400390625,113.3456802368164,0.9930602312088013,55.133079528808594,112.97547912597656,0.9985645413398743,99.58247375488281,180.1155548095703,0.9604020714759827,102.41372680664062,193.48106384277344,0.9637560844421387,57.68436050415039,177.6206817626953,0.9923822283744812
112,149.0843505859375,118.54325103759766,0.9986686706542969,135.5367889404297,195.51773071289062,0.9952528476715088,130.219970703125,162.07676696777344,0.9995242357254028,112.73689270019531,160.8277587890625,0.9986911416053772,82.2790298461914,155.1588592529297,0.9992417097091675,61.29560470581055,151.28944396972656,0.9992181062698364,118.17719268798828,141.85296630859375,0.9671053290367126,121.31817626953125,113.30502319335938,0.9934126734733582,55.17827606201172,113.18569946289062,0.9985652565956116,100.17784118652344,180.82823181152344,0.9723037481307983,103.04674530029297,193.48106384277344,0.9565172791481018,57.718292236328125,177.6206817626953,0.9934881925582886
113,149.8165283203125,118.40907287597656,0.9990467429161072,138.80966186523438,195.51773071289062,0.9956491589546204,130.76690673828125,162.06900024414062,0.9997077584266663,112.73689270019531,160.7770538330078,0.9986523985862732,82.91571807861328,155.59967041015625,0.9992017149925232,62.31309509277344,151.64149475097656,0.9988856911659241,118.17719268798828,141.85296630859375,0.9742205739021301,121.23785400390625,113.30502319335938,0.9945977926254272,56.40038299560547,113.57460021972656,0.9986363053321838,101.45856475830078,181.6225128173828,0.9569555521011353,106.55998992919922,193.48106384277344,0.9828540086746216,57.9622688293457,177.6206817626953,0.9952800273895264
114,150.39830017089844,118.40907287597656,0.9991711378097534,140.64556884765625,196.45652770996094,0.9953802824020386,131.55189514160156,162.06900024414062,0.9997655749320984,113.05123901367188,159.50381469726562,0.9990460276603699,83.74481201171875,156.28033447265625,0.9989914298057556,62.46437072753906,151.87887573242188,0.9981498718261719,118.72439575195312,141.86248779296875,0.9755775332450867,121.19110107421875,113.3456802368164,0.994081437587738,56.40038299560547,113.57460021972656,0.9984238147735596,102.31147003173828,182.07623291015625,0.9471551179885864,106.98502349853516,193.92066955566406,0.9861657619476318,57.9622688293457,177.53726196289062,0.9963749051094055
115,151.1408233642578,118.70399475097656,0.9990614056587219,144.90481567382812,196.64869689941406,0.9972980618476868,132.15237426757812,162.01087951660156,0.9997952580451965,113.23712921142578,159.2315216064453,0.9992764592170715,84.43077850341797,156.77117919921875,0.9986728429794312,63.10944366455078,152.1808624267578,0.998863697052002,118.90773010253906,141.91848754882812,0.9729399085044861,120.93373107910156,113.3456802368164,0.9941757917404175,56.40084457397461,113.57460021972656,0.9982942938804626,103.18807220458984,182.34263610839844,0.9245817065238953,106.98502349853516,194.21881103515625,0.9913312196731567,58.0030517578125,177.53726196289062,0.9970887303352356
116,152.03143310546875,118.12198638916016,0.9989417195320129,145.52110290527344,196.64869689941406,0.9980157613754272,132.40892028808594,161.60067749023438,0.9998353719711304,113.23712921142578,159.22561645507812,0.99937903881073,84.72593688964844,157.10012817382812,0.9985244870185852,63.66981887817383,152.83712768554688,0.9990567564964294,119.1845474243164,141.91848754882812,0.9723143577575684,120.80393981933594,113.30502319335938,0.9952816367149353,56.40084457397461,113.04899597167969,0.9970917701721191,103.25459289550781,182.34263610839844,0.920753538608551,107.31804656982422,194.21881103515625,0.9923354983329773,57.9622688293457,177.4629669189453,0.9969692826271057
117,153.4848175048828,118.12198638916016,0.9980251789093018,146.36651611328125,196.64869689941406,0.9986826777458191,132.90208435058594,160.87193298339844,0.9998692274093628,113.7557601928711,159.22561645507812,0.9994745850563049,85.02882385253906,157.13682556152344,0.9983596205711365,63.86323928833008,152.99838256835938,0.9990222454071045,119.54331970214844,141.91848754882812,0.9705125689506531,120.51226806640625,113.25396728515625,0.9958719611167908,56.40084457397461,112.96082305908203,0.9977310299873352,104.04952239990234,182.34263610839844,0.9276435971260071,107.31804656982422,194.21881103515625,0.992592990398407,57.73588562011719,177.4629669189453,0.9976699948310852
118,154.04928588867188,118.03173828125,0.9983293414115906,148.60986328125,195.66128540039062,0.9989796280860901,133.71038818359375,159.9620361328125,0.9998517036437988,114.42400360107422,159.22561645507812,0.9994532465934753,85.51115417480469,157.13682556152344,0.9983298182487488,63.949100494384766,152.99838256835938,0.9990988969802856,119.96399688720703,141.86248779296875,0.9601982831954956,120.15042877197266,113.05448913574219,0.9971432089805603,56.55116271972656,112.96082305908203,0.9978960752487183,104.3921890258789,180.78460693359375,0.9483695030212402,107.1680679321289,194.48306274414062,0.9863982796669006,57.7213020324707,177.4629669189453,0.9971945285797119
119,154.1426544189453,117.60354614257812,0.9986924529075623,150.31076049804688,193.1097869873047,0.9984353184700012,133.7625732421875,159.88607788085938,0.9998366832733154,114.55320739746094,159.22561645507812,0.9993976354598999,85.76690673828125,157.12057495117188,0.9980615973472595,64.12735748291016,152.99838256835938,0.9991602897644043,120.01825714111328,141.7025604248047,0.9500342607498169,119.76399993896484,112.86455535888672,0.9977611303329468,56.629112243652344,112.96082305908203,0.99774569272995,104.3921890258789,180.78460693359375,0.9603058695793152,107.1680679321289,194.18821716308594,0.9864605665206909,57.7213020324707,177.46270751953125,0.9970597624778748
120,154.1814727783203,117.60354614257812,0.9988718628883362,151.57916259765625,192.3968963623047,0.9982179999351501,133.82630920410156,159.88607788085938,0.999826967716217,114.6526870727539,159.46530151367188,0.999439537525177,85.86504364013672,157.10012817382812,0.998166024684906,64.43438720703125,152.9077911376953,0.999137282371521,120.11385345458984,141.7025604248047,0.9597801566123962,119.74473571777344,112.6878890991211,0.9982525706291199,56.629112243652344,112.8314437866211,0.9971650242805481,104.41850280761719,180.78460693359375,0.9681917428970337,107.33415985107422,194.18821716308594,0.9896286725997925,57.617496490478516,177.38629150390625,0.997283935546875
121,154.22976684570312,117.60354614257812,0.9988235831260681,151.9009246826172,192.3968963623047,0.9981521964073181,133.82630920410156,159.88607788085938,0.9998168349266052,114.93316650390625,159.59608459472656,0.9994490742683411,86.3608627319336,157.063720703125,0.997614860534668,64.66397094726562,152.81185913085938,0.9991482496261597,120.54713439941406,141.54222106933594,0.9680028557777405,119.72857666015625,112.5496826171875,0.9982436895370483,56.6414794921875,112.74459075927734,0.9975201487541199,104.43372344970703,180.82464599609375,0.9725958108901978,107.33415985107422,194.5047149658203,0.9920074939727783,57.70893478393555,177.367431640625,0.9972749352455139
122,154.1426544189453,118.02705383300781,0.9986550807952881,152.88844299316406,192.3968963623047,0.9981866478919983,133.96902465820312,160.0734405517578,0.9998028874397278,114.9393081665039,159.7981414794922,0.9994651675224304,87.15702056884766,157.063720703125,0.9970334768295288,64.90840148925781,152.66708374023438,0.9993311166763306,120.58892822265625,141.4742431640625,0.9691555500030518,119.57118225097656,112.52456665039062,0.9983454942703247,56.6414794921875,112.48472595214844,0.9979419112205505,104.43372344970703,180.87841796875,0.9717867374420166,107.45997619628906,194.56021118164062,0.9945344924926758,57.7213020324707,177.367431640625,0.9972757697105408
123,154.1426544189453,118.8598861694336,0.9971808195114136,154.3988800048828,192.62057495117188,0.9985976815223694,134.88507080078125,160.37533569335938,0.9998170733451843,115.88887786865234,160.66905212402344,0.9996495246887207,87.65779876708984,157.12057495117188,0.9955652356147766,65.35030364990234,152.66708374023438,0.9994879961013794,121.00021362304688,141.4742431640625,0.9705633521080017,119.4961166381836,112.52456665039062,0.9981720447540283,56.6414794921875,112.48472595214844,0.9976550340652466,104.92156219482422,180.96299743652344,0.9618418216705322,108.59302520751953,194.5047149658203,0.9969677329063416,57.744361877441406,177.367431640625,0.9974727034568787
124,153.85089111328125,119.62831115722656,0.9969320297241211,155.8463134765625,193.3962860107422,0.9990494847297668,135.40530395507812,160.86865234375,0.9998024106025696,116.48983001708984,161.3690643310547,0.9996612071990967,88.18683624267578,159.0039825439453,0.993653416633606,65.97271728515625,152.66708374023438,0.9995182752609253,121.1595230102539,141.71987915039062,0.9573308825492859,119.39640045166016,112.5496826171875,0.9981655478477478,56.6414794921875,112.48472595214844,0.9967911839485168,105.18711853027344,181.18849182128906,0.9507379531860352,110.76213836669922,194.56021118164062,0.9978708028793335,57.777713775634766,177.34864807128906,0.9976304769515991
125,153.85089111328125,121.44341278076172,0.9974373579025269,158.44273376464844,193.54953002929688,0.9984415173530579,136.6715545654297,162.289794921875,0.9996992349624634,118.4128646850586,162.5382843017578,0.9996432065963745,91.25660705566406,159.61074829101562,0.9973737001419067,66.51974487304688,152.92648315429688,0.9997270703315735,121.52111053466797,141.88858032226562,0.9341995120048523,119.3465347290039,113.30360412597656,0.9964205026626587,59.25470733642578,113.17889404296875,0.9981335997581482,105.6209716796875,181.7003631591797,0.930279016494751,111.24044799804688,194.7017364501953,0.9981687068939209,57.806617736816406,177.32080078125,0.9974217414855957
126,153.85089111328125,122.03733825683594,0.9980727434158325,161.5138702392578,193.54953002929688,0.9993553757667542,137.63523864746094,163.38865661621094,0.9996030926704407,119.58578491210938,164.07901000976562,0.9997227787971497,91.44107818603516,160.3275909423828,0.9972333312034607,67.91983795166016,154.33840942382812,0.9997945427894592,121.52111053466797,142.83322143554688,0.8882966637611389,119.17030334472656,114.8608169555664,0.991811990737915,68.09600830078125,117.262451171875,0.997488260269165,107.03184509277344,182.7147674560547,0.929755687713623,112.41705322265625,194.7017364501953,0.9986829161643982,57.806617736816406,177.14511108398438,0.9974281191825867
127,155.56716918945312,122.13790893554688,0.9984641075134277,163.2958221435547,193.54953002929688,0.9996225833892822,137.63523864746094,163.77664184570312,0.9994476437568665,120.69462585449219,164.88229370117188,0.9997493624687195,91.79757690429688,161.57167053222656,0.9968169331550598,68.39413452148438,155.4589080810547,0.9997259974479675,121.52111053466797,143.16677856445312,0.779391348361969,118.32498168945312,115.50572967529297,0.9842551946640015,72.52503967285156,117.28755187988281,0.9940130114555359,109.02499389648438,183.2018280029297,0.9606730937957764,113.99215698242188,194.69261169433594,0.9979504942893982,57.894615173339844,177.1239776611328,0.9976187348365784
128,159.10507202148438,122.33088684082031,0.9990792274475098,164.77076721191406,192.9658203125,0.9996377229690552,137.63523864746094,163.97509765625,0.9992420673370361,121.08541870117188,165.2457733154297,0.999742329120636,91.83871459960938,162.39051818847656,0.9974920749664307,68.55645751953125,156.1829376220703,0.9996448755264282,120.56330871582031,143.21908569335938,0.793540358543396,117.47798919677734,115.52014923095703,0.9933497309684753,76.33954620361328,119.12356567382812,0.9790598154067993,111.54181671142578,183.38189697265625,0.9598978757858276,114.04354858398438,194.69261169433594,0.9972735047340393,57.894615173339844,177.1239776611328,0.9976902008056641
129,159.9657440185547,122.4395980834961,0.9993300437927246,166.00326538085938,192.9658203125,0.9995473027229309,136.83270263671875,164.07040405273438,0.9993062019348145,122.09745025634766,165.41464233398438,0.9997431635856628,92.595458984375,162.57847595214844,0.9974765181541443,69.02944946289062,156.98922729492188,0.9995211362838745,120.56330871582031,143.21908569335938,0.7588047981262207,116.97570037841797,115.66668701171875,0.9937275648117065,76.908935546875,119.26329803466797,0.9858993887901306,111.57573699951172,183.5673065185547,0.9514994025230408,114.07878875732422,194.67941284179688,0.9971358776092529,57.894615173339844,177.1239776611328,0.9980792999267578
130,159.9657440185547,122.74713134765625,0.9994288086891174,166.689453125,192.90127563476562,0.9995061159133911,136.83270263671875,164.26861572265625,0.9993783235549927,122.53551483154297,165.41464233398438,0.9997329115867615,92.78243255615234,163.19735717773438,0.9975273013114929,69.29142761230469,157.17759704589844,0.9993657469749451,120.56330871582031,143.32984924316406,0.6741373538970947,116.90382385253906,116.04081726074219,0.9947846531867981,77.52904510498047,119.27021026611328,0.9904051423072815,112.84465789794922,183.89573669433594,0.9508318901062012,114.61384582519531,194.47032165527344,0.9967538714408875,57.894615173339844,177.34579467773438,0.9982037544250488
131,160.1097412109375,122.82179260253906,0.9993492960929871,167.3795623779297,192.85609436035156,0.9994664788246155,136.83270263671875,164.37513732910156,0.9994394183158875,122.57322692871094,165.2755584716797,0.9997507929801941,92.84878540039062,163.3773193359375,0.9974600672721863,69.39082336425781,157.37380981445312,0.9993125200271606,125.07603454589844,147.1107177734375,0.6510229706764221,116.90382385253906,116.33024597167969,0.9949424862861633,77.5782241821289,119.27021026611328,0.9918753504753113,113.97438049316406,186.84719848632812,0.9448198080062866,115.42681121826172,194.2429656982422,0.9956309795379639,57.95151901245117,177.34579467773438,0.9981604218482971
132,160.14076232910156,122.82179260253906,0.9993564486503601,167.3795623779297,192.2572784423828,0.9990804195404053,136.9631805419922,164.37513732910156,0.99940025806427,122.57322692871094,165.2755584716797,0.9997276663780212,92.96214294433594,163.42510986328125,0.9977753758430481,69.51840209960938,157.39210510253906,0.9992443323135376,125.07603454589844,147.1107177734375,0.6712411046028137,116.90382385253906,116.33024597167969,0.9954530000686646,77.66270446777344,119.56574249267578,0.9925180673599243,114.99493408203125,186.84719848632812,0.904981255531311,115.42681121826172,193.2644805908203,0.9940343499183655,58.156368255615234,177.34579467773438,0.9984315037727356
133,160.1097412109375,122.80184173583984,0.9993890523910522,167.3795623779297,189.50555419921875,0.9982355833053589,136.98878479003906,164.37513732910156,0.999382495880127,122.57322692871094,165.22686767578125,0.9997195601463318,93.13142395019531,163.4509735107422,0.9978880286216736,69.77812957763672,157.44834899902344,0.9991785883903503,125.07603454589844,147.1107177734375,0.702217698097229,116.908935546875,116.33024597167969,0.9960684776306152,77.78321838378906,119.89972686767578,0.9935147762298584,114.99493408203125,186.84719848632812,0.851760745048523,115.42681121826172,192.90042114257812,0.994848906993866,58.23320388793945,177.14242553710938,0.9983226656913757
134,159.94740295410156,122.74713134765625,0.9994006156921387,167.3795623779297,188.2285919189453,0.9972149133682251,137.0462646484375,163.7869873046875,0.9993153810501099,122.54722595214844,164.9652099609375,0.9997243285179138,93.19754028320312,163.4945526123047,0.9980777502059937,69.95850372314453,157.494384765625,0.9990966320037842,125.02277374267578,146.54530334472656,0.7117469310760498,116.908935546875,116.25096130371094,0.9959010481834412,77.81973266601562,120.0801010131836,0.9919648170471191,115.04822540283203,186.48268127441406,0.8027766942977905,115.42681121826172,192.90042114257812,0.9962001442909241,58.23320388793945,177.04664611816406,0.9984596967697144
135,159.6859588623047,122.4624252319336,0.99919193983078,167.3795623779297,187.40347290039062,0.9968110918998718,137.11386108398438,163.46658325195312,0.9993336796760559,122.51204681396484,164.9600067138672,0.9997162222862244,93.25750732421875,163.4945526123047,0.9980131387710571,70.42166137695312,157.494384765625,0.9989908337593079,125.02277374267578,146.54530334472656,0.7691043019294739,116.908935546875,115.92652130126953,0.9959532022476196,77.83525848388672,120.3550033569336,0.9921770691871643,115.28730773925781,186.26467895507812,0.7579069137573242,115.3380355834961,192.90042114257812,0.9970970153808594,58.34630584716797,177.02557373046875,0.9984777569770813
136,159.0352783203125,122.45584106445312,0.9990102052688599,168.44424438476562,185.87791442871094,0.9967383742332458,137.44334411621094,163.03152465820312,0.9992626309394836,122.32471466064453,164.75924682617188,0.9996957778930664,93.32054138183594,163.4509735107422,0.9978067278862,70.45442199707031,157.494384765625,0.9990684390068054,125.02277374267578,146.4954833984375,0.83147794008255,116.65428924560547,115.78314971923828,0.9963938593864441,78.02342224121094,120.3550033569336,0.9925417900085449,117.01343536376953,185.8220672607422,0.7407550811767578,115.0677490234375,193.15286254882812,0.9982536435127258,58.58270263671875,176.92510986328125,0.9983676075935364
137,156.80650329589844,121.8446044921875,0.9985525012016296,169.6728515625,184.70428466796875,0.9939343333244324,138.09320068359375,162.47311401367188,0.9991371035575867,122.32471466064453,163.96112060546875,0.9996745586395264,93.43057250976562,163.19761657714844,0.9976096153259277,70.76646423339844,157.17947387695312,0.9990432858467102,125.59288024902344,146.47535705566406,0.7914799451828003,115.7918472290039,115.2988052368164,0.9973323345184326,78.02342224121094,120.37406921386719,0.9922305941581726,127.74470520019531,184.95936584472656,0.7453492879867554,115.0677490234375,193.42417907714844,0.9987995624542236,58.596221923828125,176.743896484375,0.9982264637947083
138,155.74847412109375,121.61898040771484,0.9981269240379333,169.6728515625,184.0757293701172,0.9967769980430603,138.6483612060547,162.0266876220703,0.9991108775138855,122.32471466064453,163.91375732421875,0.9996383190155029,93.68004608154297,162.93386840820312,0.9981215596199036,70.96076202392578,156.79391479492188,0.9991438388824463,125.64366149902344,146.44346618652344,0.8380076289176941,114.84557342529297,115.29660034179688,0.9971674084663391,78.02342224121094,120.46803283691406,0.9942939877510071,128.60093688964844,184.95936584472656,0.7732574343681335,115.0677490234375,193.73025512695312,0.9987335801124573,58.711280822753906,176.73040771484375,0.998267650604248
139,155.11203002929688,119.56562805175781,0.9980131387710571,169.6728515625,183.72793579101562,0.9970661997795105,139.4513397216797,161.93714904785156,0.9988784193992615,123.11103057861328,163.71987915039062,0.9997005462646484,94.15199279785156,162.6201934814453,0.9979795813560486,70.98834991455078,156.7805938720703,0.9991698265075684,125.941650390625,146.44346618652344,0.8587246537208557,114.28730010986328,114.52770233154297,0.9969845414161682,78.0553970336914,120.676513671875,0.9942237734794617,143.45811462402344,179.52845764160156,0.6943427324295044,114.94526672363281,193.73025512695312,0.999174177646637,58.74144744873047,176.58477783203125,0.9982820749282837
140,154.15708923339844,119.3222885131836,0.9980448484420776,169.38131713867188,183.72793579101562,0.9964098334312439,139.615966796875,161.4800262451172,0.998488187789917,123.27873992919922,163.16171264648438,0.9995501637458801,94.17388916015625,161.96263122558594,0.9979372024536133,71.09174346923828,156.71505737304688,0.9991530179977417,126.47129821777344,146.44346618652344,0.8688534498214722,114.2754135131836,114.16504669189453,0.9969137907028198,78.18376159667969,120.91600036621094,0.993808925151825,146.16294860839844,178.90184020996094,0.7919673919677734,114.74737548828125,193.64111328125,0.999272882938385,59.09653091430664,176.4134979248047,0.9983274340629578
141,153.4508056640625,119.05362701416016,0.9983001351356506,168.11631774902344,183.6559295654297,0.9957232475280762,139.69976806640625,160.95562744140625,0.9983470439910889,123.92316436767578,162.94802856445312,0.9993581175804138,95.04794311523438,161.4663543701172,0.9970864653587341,71.53526306152344,156.71505737304688,0.9988574981689453,128.55615234375,146.95315551757812,0.9391459226608276,114.2754135131836,114.16504669189453,0.9973835349082947,78.68292236328125,120.98916625976562,0.9926859140396118,153.5498046875,175.95729064941406,0.8907641768455505,114.60303497314453,193.5336456298828,0.9992889165878296,59.697967529296875,176.19839477539062,0.9985350370407104
142,152.67642211914062,118.92967987060547,0.9984210729598999,167.31298828125,183.6559295654297,0.995694637298584,140.42298889160156,160.67234802246094,0.9981410503387451,124.12612915039062,162.83482360839844,0.9994170665740967,95.08604431152344,160.08108520507812,0.997848629951477,71.8340835571289,156.71505737304688,0.9986131191253662,128.6190185546875,146.95315551757812,0.9557772278785706,114.28730010986328,114.16504669189453,0.9971674084663391,78.79381561279297,121.25763702392578,0.9943510293960571,155.6067657470703,175.95729064941406,0.9397640228271484,114.21443176269531,193.5336456298828,0.9990845918655396,59.86126708984375,176.06544494628906,0.9983949065208435
143,152.22203063964844,118.76478576660156,0.9985550045967102,166.98768615722656,183.6559295654297,0.9970634579658508,141.72731018066406,160.46450805664062,0.9978340268135071,125.74798583984375,162.59426879882812,0.9994261264801025,95.75364685058594,159.99163818359375,0.9984710812568665,72.01123809814453,156.74522399902344,0.9984400868415833,128.8708953857422,146.95684814453125,0.967451810836792,116.09925079345703,114.97918701171875,0.9971509575843811,78.9122314453125,121.3813705444336,0.9945571422576904,159.01861572265625,175.95729064941406,0.9810055494308472,113.99723052978516,193.2064666748047,0.9992625117301941,60.091278076171875,176.0078887939453,0.9984790682792664
144,152.03982543945312,118.53399658203125,0.998677670955658,166.33200073242188,184.68418884277344,0.9968457818031311,141.94369506835938,160.35342407226562,0.9972993731498718,126.10358428955078,162.1157684326172,0.999330997467041,96.10111999511719,159.52894592285156,0.9989018440246582,72.27625274658203,156.7458038330078,0.9981870055198669,129.19691467285156,147.2672119140625,0.965731143951416,117.66877746582031,115.72708129882812,0.9967844486236572,79.04803466796875,121.3813705444336,0.9951523542404175,159.01861572265625,176.50279235839844,0.983608067035675,113.69728088378906,193.17288208007812,0.9992426633834839,60.42557144165039,175.876953125,0.9984082579612732
145,151.19711303710938,118.53399658203125,0.9984945058822632,164.73309326171875,184.8463592529297,0.9971445202827454,142.69227600097656,160.35342407226562,0.9960126876831055,126.81743621826172,162.005126953125,0.9992321729660034,96.38996124267578,159.13807678222656,0.9990494847297668,72.27625274658203,156.83399963378906,0.9976159334182739,129.2657470703125,147.2672119140625,0.961373507976532,118.97528839111328,116.15412902832031,0.995407223701477,79.06937408447266,121.42330932617188,0.9942522644996643,159.08157348632812,177.52247619628906,0.9894409775733948,113.47248840332031,193.17288208007812,0.9994035959243774,61.28935241699219,175.70700073242188,0.9984124898910522
146,149.78460693359375,118.76478576660156,0.9984561204910278,162.33486938476562,188.0342559814453,0.9987996816635132,143.21669006347656,160.35342407226562,0.9941577911376953,127.09368896484375,161.8146209716797,0.999229907989502,96.77680969238281,159.0674285888672,0.9991981387138367,72.37844848632812,156.89527893066406,0.9972077012062073,129.2657470703125,146.87161254882812,0.9460444450378418,119.57144165039062,116.45528411865234,0.989910900592804,79.51496887207031,121.7499008178711,0.9930003881454468,159.08157348632812,177.7024688720703,0.9924323558807373,113.36758422851562,193.17288208007812,0.9994125366210938,61.463584899902344,175.5508575439453,0.9985536932945251
147,146.1007080078125,119.13037109375,0.9963733553886414,161.31175231933594,188.90982055664062,0.9987599849700928,143.46006774902344,160.66307067871094,0.9929530024528503,127.51412963867188,161.70285034179688,0.9992547631263733,97.41194152832031,158.89527893066406,0.9993947744369507,72.49102020263672,156.89991760253906,0.9966009259223938,129.19691467285156,146.87161254882812,0.9277163743972778,120.50576782226562,116.45528411865234,0.9863824844360352,79.51496887207031,122.11495971679688,0.9921813011169434,159.31222534179688,177.7044219970703,0.9844797253608704,113.36758422851562,193.50241088867188,0.9994439482688904,62.3709602355957,175.49755859375,0.9985544085502625
148,145.06527709960938,119.13037109375,0.9865178465843201,160.25926208496094,189.24044799804688,0.9983141422271729,143.5444793701172,160.66307067871094,0.9910529255867004,127.58861541748047,161.51629638671875,0.9992532134056091,97.87676239013672,158.85507202148438,0.9993914365768433,72.83080291748047,156.93885803222656,0.9966011047363281,127.42008209228516,145.09970092773438,0.9160677194595337,122.69915771484375,116.45528411865234,0.9855102300643921,79.51496887207031,123.7459487915039,0.9936649799346924,159.31222534179688,178.0572967529297,0.9707478880882263,113.36758422851562,193.61656188964844,0.9992764592170715,62.56310272216797,175.49755859375,0.998437225818634
149,144.63185119628906,119.13037109375,0.9461175203323364,159.60882568359375,189.24044799804688,0.9974258542060852,143.5444793701172,160.69427490234375,0.9874825477600098,127.85266876220703,161.34716796875,0.9988858103752136,98.19577026367188,158.85507202148438,0.9993854761123657,73.36116027832031,157.00990295410156,0.9976116418838501,127.42008209228516,145.09970092773438,0.8687055110931396,125.75906372070312,116.32032775878906,0.9849352836608887,79.01821899414062,126.9238510131836,0.9927147030830383,159.49139404296875,177.84152221679688,0.9500828981399536,113.63475799560547,193.61656188964844,0.9993150234222412,62.56310272216797,175.41053771972656,0.9982155561447144
150,140.99801635742188,117.26878356933594,0.8908474445343018,159.33363342285156,189.24044799804688,0.9965741634368896,143.46006774902344,160.77247619628906,0.9700853228569031,127.9163589477539,161.0499267578125,0.9975041747093201,98.90652465820312,158.85507202148438,0.9994955062866211,74.21139526367188,157.00990295410156,0.9981213212013245,127.42008209228516,144.76187133789062,0.7216945290565491,126.5407943725586,116.19873809814453,0.9786746501922607,78.92434692382812,126.96876525878906,0.9903117418289185,159.708740234375,177.84152221679688,0.8955672383308411,113.67408752441406,193.50241088867188,0.9991451501846313,62.56310272216797,175.41053771972656,0.998401939868927
151,140.99801635742188,117.26878356933594,0.8817364573478699,159.04209899902344,188.0127410888672,0.9951788187026978,143.42152404785156,160.94151306152344,0.9720630645751953,128.5008544921875,160.91017150878906,0.9973475933074951,99.4661865234375,159.05642700195312,0.9996029734611511,74.3553466796875,157.2328338623047,0.9981721639633179,127.52806091308594,145.09970092773438,0.6712737679481506,126.5407943725586,115.89385223388672,0.981316089630127,78.81531524658203,126.96876525878906,0.9905163645744324,159.9303741455078,177.7044219970703,0.9176327586174011,113.67851257324219,193.53196716308594,0.9989368319511414,62.29301452636719,175.5003204345703,0.9986532926559448
152,140.99801635742188,117.26878356933594,0.8993850946426392,158.8348846435547,188.0127410888672,0.9941067695617676,143.42152404785156,160.94151306152344,0.9756657481193542,128.70401000976562,160.8324737548828,0.9965318441390991,99.99151611328125,159.12307739257812,0.9995569586753845,74.400634765625,157.2583770751953,0.998473584651947,128.24465942382812,145.1564483642578,0.8406566381454468,126.5407943725586,114.81875610351562,0.9847651720046997,78.82067108154297,126.96876525878906,0.9923210740089417,159.9303741455078,177.69676208496094,0.9376714825630188,113.67408752441406,193.45623779296875,0.9989786148071289,61.31340408325195,175.6455535888672,0.9986162185668945
153,145.77381896972656,117.15399932861328,0.9337241649627686,157.75424194335938,188.0127410888672,0.9929854273796082,143.42152404785156,160.94151306152344,0.978712797164917,128.70401000976562,158.63560485839844,0.9958725571632385,99.9964599609375,159.13853454589844,0.9995520710945129,74.56494903564453,157.26795959472656,0.9985768795013428,128.6702880859375,145.1564483642578,0.8741453886032104,125.9015121459961,113.45287322998047,0.9861460328102112,78.7886734008789,126.83320617675781,0.9937872886657715,159.9303741455078,177.69676208496094,0.944477379322052,113.67408752441406,193.3587188720703,0.9990221261978149,61.303810119628906,175.9434356689453,0.9988075494766235
154,148.38015747070312,116.09326934814453,0.9849114418029785,157.45864868164062,188.1558074951172,0.9893146753311157,144.17185974121094,159.50184631347656,0.9874930381774902,128.5008544921875,158.62213134765625,0.9969171285629272,100.0726318359375,159.3037872314453,0.9995958209037781,74.7988510131836,157.2583770751953,0.9987446069717407,128.6702880859375,144.5121307373047,0.9230595231056213,124.09740447998047,113.2221908569336,0.9894323348999023,78.63868713378906,126.43595886230469,0.9949747323989868,159.68348693847656,177.4547576904297,0.9610660076141357,113.54784393310547,193.164306640625,0.9989629983901978,61.197120666503906,176.08938598632812,0.9987825751304626
155,152.1978302001953,117.71923065185547,0.9951790571212769,156.30148315429688,189.03759765625,0.9872080683708191,144.17185974121094,159.50184631347656,0.993962824344635,128.5008544921875,158.62213134765625,0.9975717663764954,100.0726318359375,159.33070373535156,0.999578058719635,74.85044860839844,157.37588500976562,0.9988596439361572,128.6702880859375,144.27891540527344,0.9671931266784668,122.27214813232422,112.96724700927734,0.9911545515060425,78.27119445800781,126.34447479248047,0.9944460391998291,159.68348693847656,177.55677795410156,0.9866247177124023,113.54782104492188,193.13255310058594,0.9991945624351501,59.80422592163086,176.30233764648438,0.998795747756958
156,153.90274047851562,117.71923065185547,0.9977521300315857,151.28265380859375,191.94113159179688,0.9840255379676819,144.17185974121094,159.50184631347656,0.9957193732261658,128.7700653076172,158.62213134765625,0.9977124929428101,100.08817291259766,159.41502380371094,0.9995386600494385,74.93138122558594,157.45042419433594,0.998955249786377,128.5077667236328,143.94601440429688,0.9656391739845276,122.03511047363281,112.80464935302734,0.9895651340484619,78.2359390258789,126.10538482666016,0.994016170501709,159.68348693847656,177.55677795410156,0.9919237494468689,113.36810302734375,192.72891235351562,0.9988357424736023,59.68303298950195,176.3362274169922,0.9986447691917419
157,156.123291015625,117.90275573730469,0.9980531930923462,150.9693603515625,195.7602081298828,0.9876387119293213,143.83831787109375,159.62408447265625,0.9977943897247314,128.7943115234375,160.1035919189453,0.9975190162658691,100.08817291259766,159.49684143066406,0.999613344669342,75.2044906616211,157.6811065673828,0.9989757537841797,128.5077667236328,140.92550659179688,0.9606575965881348,121.8143310546875,112.80464935302734,0.9868966937065125,78.2359390258789,125.8994369506836,0.9946737289428711,159.77174377441406,177.04229736328125,0.9862253665924072,113.08861541748047,192.6049346923828,0.9975615739822388,59.596900939941406,176.3480682373047,0.9986664056777954
158,156.1791229248047,119.79715728759766,0.9976598024368286,148.69180297851562,198.07992553710938,0.9888966083526611,143.2227325439453,159.90628051757812,0.9975546002388,128.96856689453125,160.12997436523438,0.9977657794952393,100.85530090332031,159.55929565429688,0.9995388984680176,76.05839538574219,157.76730346679688,0.9988019466400146,128.5077667236328,140.92550659179688,0.9597280025482178,121.8143310546875,112.74588775634766,0.9904649257659912,78.2359390258789,125.82750701904297,0.9939579963684082,159.77174377441406,177.04229736328125,0.9732896089553833,113.0265121459961,192.01243591308594,0.9933573603630066,59.596900939941406,176.70828247070312,0.9987503290176392
159,156.758056640625,121.60307312011719,0.9981421232223511,147.06236267089844,199.08363342285156,0.9611942172050476,143.2227325439453,160.4451141357422,0.996855616569519,128.997314453125,160.2301483154297,0.997919499874115,101.17449188232422,159.63621520996094,0.9994854927062988,76.51194763183594,157.91757202148438,0.998815655708313,129.6472625732422,140.92550659179688,0.9646117091178894,121.77220153808594,112.74443054199219,0.9907293915748596,78.19085693359375,124.8963623046875,0.9949369430541992,159.77174377441406,177.04229736328125,0.9586870074272156,111.25944519042969,189.65057373046875,0.9901718497276306,59.596900939941406,176.70828247070312,0.998729407787323
160,156.758056640625,123.37368774414062,0.9983647465705872,140.5554962158203,199.08363342285156,0.9893503785133362,143.2227325439453,161.4342041015625,0.9972037076950073,129.07986450195312,160.82562255859375,0.9981257319450378,101.75975036621094,159.80917358398438,0.9993501305580139,77.01516723632812,157.9393768310547,0.9989303946495056,131.5116729736328,141.9857635498047,0.9654058218002319,121.77220153808594,112.72329711914062,0.990709662437439,78.02271270751953,124.82434844970703,0.995074450969696,159.67660522460938,176.9779815673828,0.9413658380508423,111.25944519042969,189.65057373046875,0.991280734539032,59.596900939941406,176.70828247070312,0.9988844990730286
161,156.758056640625,127.2441177368164,0.9977492690086365,140.4062957763672,199.2013702392578,0.9815152287483215,143.6291961669922,161.84295654296875,0.99647456407547,129.173583984375,161.25636291503906,0.9980735778808594,102.74137115478516,160.05247497558594,0.999133288860321,78.37258911132812,157.9393768310547,0.9977697134017944,132.34828186035156,141.9857635498047,0.9329866766929626,121.04646301269531,112.72329711914062,0.991649866104126,80.59913635253906,124.33757781982422,0.9952310919761658,159.30258178710938,176.9779815673828,0.8689947724342346,111.25944519042969,189.65057373046875,0.9925712943077087,59.89640426635742,176.61935424804688,0.9988981485366821
162,156.16574096679688,127.33137512207031,0.9975681900978088,139.89146423339844,199.34954833984375,0.9591286182403564,144.12828063964844,162.02708435058594,0.9922846555709839,129.4956817626953,161.25636291503906,0.9971436858177185,103.36160278320312,160.22434997558594,0.9988341927528381,79.51244354248047,158.00274658203125,0.9981905817985535,135.6058349609375,141.9857635498047,0.9328182935714722,120.92198181152344,112.72329711914062,0.9908169507980347,80.59913635253906,124.1377944946289,0.9957334399223328,159.26260375976562,177.29779052734375,0.6084547638893127,111.48430633544922,189.73406982421875,0.9900630116462708,61.01577377319336,176.55227661132812,0.9988045692443848
163,156.16574096679688,127.4039306640625,0.9978311657905579,138.03509521484375,199.34954833984375,0.8504781723022461,144.2506866455078,162.0948028564453,0.9850296378135681,129.67813110351562,161.25636291503906,0.9959790706634521,103.73786163330078,160.63015747070312,0.9988805651664734,79.82910919189453,158.00274658203125,0.9984204769134521,139.55303955078125,143.40318298339844,0.9604512453079224,120.79779052734375,113.00794982910156,0.9904869198799133,80.59913635253906,123.98596954345703,0.9952876567840576,152.4025421142578,177.81590270996094,0.5601615905761719,115.37200927734375,191.93240356445312,0.9930718541145325,61.0168571472168,176.4810791015625,0.9989757537841797
164,156.16574096679688,128.56277465820312,0.9984739422798157,137.01431274414062,199.58580017089844,0.8323869109153748,144.30984497070312,162.0948028564453,0.9856200218200684,130.29022216796875,160.2294921875,0.9961211085319519,104.43680572509766,160.94821166992188,0.9985252022743225,80.84602355957031,158.00274658203125,0.9988448619842529,142.22146606445312,143.40318298339844,0.9582017660140991,120.59968566894531,113.00794982910156,0.987384557723999,81.83777618408203,123.98596954345703,0.995928943157196,151.76388549804688,177.90272521972656,0.5077496767044067,115.62299346923828,192.05653381347656,0.9911800026893616,61.24330139160156,176.46128845214844,0.998809814453125
165,156.24282836914062,129.46963500976562,0.9981369972229004,137.01431274414062,199.8628387451172,0.5289976000785828,144.35580444335938,162.02708435058594,0.9857542514801025,131.1063690185547,160.227783203125,0.9967052340507507,104.65267944335938,161.44261169433594,0.998769223690033,81.67023468017578,157.9985809326172,0.9989325404167175,142.90525817871094,144.67933654785156,0.9015798568725586,120.4595718383789,113.00794982910156,0.9866222739219666,81.92411041259766,123.98596954345703,0.9967849254608154,151.68051147460938,178.33743286132812,0.5417037606239319,115.968994140625,192.20973205566406,0.9919171929359436,62.509735107421875,176.46128845214844,0.9984910488128662
166,156.53440856933594,130.1553192138672,0.9968697428703308,137.01431274414062,199.9225616455078,0.5859928131103516,144.4325408935547,161.90736389160156,0.9754348397254944,131.2947540283203,160.227783203125,0.9953631162643433,105.3147964477539,161.4979705810547,0.9987743496894836,82.0470199584961,157.9985809326172,0.9993044137954712,143.05081176757812,145.28172302246094,0.9058401584625244,120.40274810791016,113.1156234741211,0.9879163503646851,82.02337646484375,124.19511413574219,0.9963357448577881,151.68051147460938,178.33743286132812,0.41615840792655945,116.3213119506836,192.24942016601562,0.9924442172050476,63.03956985473633,176.31167602539062,0.9986199140548706
167,157.16844177246094,130.1553192138672,0.9934118390083313,137.525146484375,199.93942260742188,0.5588815212249756,144.76608276367188,161.7081298828125,0.9446848630905151,131.7952117919922,160.2124481201172,0.9918688535690308,106.01248931884766,161.4979705810547,0.9988170862197876,82.5991439819336,157.9985809326172,0.9993994235992432,144.13052368164062,145.28172302246094,0.8082493543624878,120.40274810791016,112.94419860839844,0.9888098835945129,82.02337646484375,124.25576782226562,0.9968194961547852,115.3321762084961,182.11749267578125,0.4573359489440918,116.3213119506836,192.20973205566406,0.9927113056182861,63.42842102050781,176.19290161132812,0.9985646605491638
168,160.07493591308594,130.1553192138672,0.9945828318595886,139.7105255126953,200.240478515625,0.6473372578620911,145.1853790283203,161.34934997558594,0.9216588735580444,132.4708709716797,160.2124481201172,0.989678144454956,106.81261444091797,161.44261169433594,0.9989025592803955,83.2702407836914,158.2478485107422,0.9993946552276611,145.77914428710938,145.28172302246094,0.7436500787734985,120.40274810791016,112.87518310546875,0.9893314838409424,82.152099609375,124.26830291748047,0.9970928430557251,115.3321762084961,182.598388671875,0.49363139271736145,116.3213119506836,192.20973205566406,0.992720365524292,63.827701568603516,176.19290161132812,0.9988154172897339
169,165.9188995361328,129.49627685546875,0.9987232089042664,142.06631469726562,200.240478515625,0.764258861541748,146.2071990966797,161.2425537109375,0.9761083722114563,133.0291290283203,159.66165161132812,0.9936296343803406,106.82642364501953,161.37136840820312,0.9991851449012756,83.68085479736328,158.77243041992188,0.9991878867149353,149.87774658203125,142.02293395996094,0.8351060152053833,120.39927673339844,112.51860809326172,0.994143545627594,82.19583129882812,124.47673797607422,0.9965769648551941,115.3321762084961,182.598388671875,0.550905168056488,116.10662841796875,191.9703369140625,0.9922387003898621,65.48955535888672,176.19290161132812,0.9990760087966919
170,171.3120574951172,128.44500732421875,0.9986351132392883,142.6041259765625,200.240478515625,0.7414488792419434,147.1697540283203,160.57992553710938,0.9882314801216125,133.9122314453125,159.62481689453125,0.9955148100852966,107.42872619628906,161.2469940185547,0.9993749260902405,84.03448486328125,159.95028686523438,0.9991359114646912,154.80374145507812,137.27284240722656,0.9368652701377869,120.35610961914062,112.51860809326172,0.9958925247192383,82.27006530761719,124.54273223876953,0.9969424605369568,116.09198760986328,182.598388671875,0.4729788899421692,113.5599136352539,190.54640197753906,0.9873754978179932,66.43933868408203,176.291748046875,0.9985407590866089
171,172.3070831298828,128.39297485351562,0.9968510270118713,144.21261596679688,199.58502197265625,0.5611342787742615,148.6688690185547,160.57992553710938,0.9782789349555969,134.56417846679688,159.469970703125,0.9957849383354187,108.11815643310547,161.2469940185547,0.9995015859603882,84.2874984741211,162.02806091308594,0.9989232420921326,157.28224182128906,137.27284240722656,0.9034960865974426,120.56100463867188,112.51860809326172,0.9964181184768677,82.49634552001953,124.54273223876953,0.9966829419136047,121.44918823242188,181.1089324951172,0.2922016382217407,113.21937561035156,190.2848663330078,0.9884366989135742,74.30177307128906,179.07363891601562,0.9926032423973083
172,172.3070831298828,127.92555236816406,0.9881705045700073,150.12039184570312,197.51866149902344,0.7144797444343567,149.6707000732422,160.3452911376953,0.9495021104812622,134.61801147460938,159.37493896484375,0.9940299987792969,108.50871276855469,161.21128845214844,0.9995206594467163,85.03858184814453,162.1563720703125,0.9987591505050659,158.11361694335938,137.0708465576172,0.7325848340988159,120.56100463867188,112.62266540527344,0.9971094727516174,82.75914001464844,124.54273223876953,0.9972532391548157,122.44422149658203,181.1089324951172,0.36726269125938416,112.01461791992188,189.98487854003906,0.9889123439788818,81.02767944335938,181.55079650878906,0.9924193024635315
173,172.3070831298828,127.92195129394531,0.9697632193565369,152.57310485839844,196.52935791015625,0.44373613595962524,150.701416015625,160.2732391357422,0.8835888504981995,135.46536254882812,159.20272827148438,0.992389976978302,109.26263427734375,161.0042266845703,0.999516487121582,85.66973114013672,162.2810821533203,0.9990222454071045,158.2868194580078,137.27284240722656,0.648854672908783,120.6527099609375,112.6348876953125,0.9966704249382019,82.75914001464844,124.53591918945312,0.9973896145820618,124.754638671875,181.1089324951172,0.23729343712329865,110.63272094726562,189.8488311767578,0.9924147725105286,82.43439483642578,181.9857940673828,0.9529018998146057
174,170.71926879882812,125.93799591064453,0.972984790802002,154.78125,193.6033172607422,0.37744608521461487,151.3016815185547,160.2732391357422,0.9251443147659302,136.5150604248047,158.92282104492188,0.9927173852920532,111.60559844970703,160.97811889648438,0.9995664954185486,86.2965316772461,162.4376983642578,0.9992740750312805,158.46690368652344,137.27284240722656,0.6997207403182983,120.7597885131836,112.6348876953125,0.9963296055793762,82.87112426757812,124.49956512451172,0.996887743473053,142.04751586914062,181.1089324951172,0.5426235198974609,110.63272094726562,188.64918518066406,0.9956049919128418,86.26856994628906,182.8594207763672,0.6188346147537231
175,170.71926879882812,124.19886779785156,0.9803220629692078,157.95883178710938,190.43014526367188,0.48562002182006836,151.86045837402344,159.47415161132812,0.9353210926055908,137.0800018310547,156.79122924804688,0.9892041087150574,112.70140838623047,160.22019958496094,0.9997643828392029,86.39156341552734,162.4376983642578,0.9992546439170837,158.57827758789062,137.0708465576172,0.70014488697052,120.76908874511719,112.6348876953125,0.9970920085906982,82.88555908203125,124.47003936767578,0.9965586066246033,154.703857421875,181.1089324951172,0.6655177474021912,110.63272094726562,188.26185607910156,0.9937740564346313,157.3887939453125,182.8594207763672,0.7160308361053467
176,170.71926879882812,122.55948638916016,0.9717270731925964,160.13282775878906,188.97349548339844,0.3983735740184784,152.6248016357422,157.31007385253906,0.9018617868423462,137.31829833984375,155.97235107421875,0.9878683090209961,113.5234146118164,159.58116149902344,0.999784529209137,87.19306945800781,162.4376983642578,0.9992197751998901,159.04554748535156,137.0524139404297,0.7518521547317505,120.8046646118164,112.287353515625,0.9974088072776794,83.20513916015625,124.41346740722656,0.996542751789093,155.94204711914062,179.99465942382812,0.5949894189834595,110.71748352050781,188.10415649414062,0.9868006706237793,157.97837829589844,182.8594207763672,0.6809411644935608
177,173.30169677734375,118.32030487060547,0.9869363903999329,161.8815460205078,188.5695037841797,0.547295331954956,153.2173614501953,156.90390014648438,0.8871761560440063,138.1893768310547,155.85581970214844,0.984084963798523,114.5821762084961,159.23138427734375,0.9997729659080505,87.4074478149414,162.10379028320312,0.9991652965545654,159.37635803222656,136.99618530273438,0.869806706905365,120.91036987304688,112.113037109375,0.9979979395866394,83.20513916015625,124.08050537109375,0.9965837001800537,158.20144653320312,179.3697509765625,0.58246248960495,111.83233642578125,186.4560089111328,0.9675357937812805,157.97837829589844,182.8594207763672,0.5603089332580566
178,177.0781707763672,115.90716552734375,0.9944126009941101,163.14353942871094,188.0749969482422,0.8697212934494019,153.84054565429688,153.9388427734375,0.9766284823417664,138.39076232910156,155.82054138183594,0.9866179823875427,114.79498291015625,158.99391174316406,0.9997783303260803,88.092529296875,161.7205810546875,0.9990360736846924,160.0055389404297,134.86595153808594,0.9768555164337158,120.91036987304688,111.58989715576172,0.997789740562439,83.20513916015625,124.08050537109375,0.9959158301353455,158.4298553466797,179.20352172851562,0.8083128929138184,112.18846130371094,185.34356689453125,0.9747260212898254,157.97837829589844,182.8594207763672,0.3513409495353699
179,179.33645629882812,114.18186950683594,0.9981348514556885,165.7118682861328,187.5752410888672,0.9283855557441711,155.26609802246094,152.50807189941406,0.9956827163696289,139.17845153808594,153.55728149414062,0.9935292601585388,114.80751037597656,158.3968505859375,0.9997122883796692,89.11203002929688,161.6435546875,0.9990980625152588,160.3075714111328,133.68321228027344,0.9836517572402954,120.77935028076172,111.3401107788086,0.9976769089698792,81.59954071044922,122.65958404541016,0.9963636994361877,159.1656951904297,178.7206268310547,0.9447428584098816,113.11668395996094,185.18516540527344,0.9750070571899414,113.46224212646484,192.0702362060547,0.1988726109266281
180,181.4915313720703,113.09596252441406,0.9989450573921204,171.07223510742188,186.2493133544922,0.9647619724273682,156.1015625,151.75038146972656,0.9984283447265625,139.41416931152344,152.9381866455078,0.9963906407356262,114.80751037597656,158.3968505859375,0.9996961355209351,89.5694351196289,161.58709716796875,0.9988552331924438,160.43746948242188,132.35398864746094,0.9879762530326843,120.77935028076172,111.15691375732422,0.9975565671920776,81.41149139404297,122.38412475585938,0.9974096417427063,160.1418914794922,178.36734008789062,0.9465147256851196,113.11668395996094,184.966552734375,0.9839431047439575,111.2803955078125,193.12135314941406,0.2716604769229889
181,182.56134033203125,113.09596252441406,0.999357283115387,172.92726135253906,185.22262573242188,0.9727151393890381,157.04022216796875,151.5797576904297,0.998252809047699,139.41416931152344,152.8168182373047,0.9975702166557312,114.79498291015625,158.3968505859375,0.9996441602706909,89.7754135131836,161.2356414794922,0.9989508390426636,161.1182861328125,131.5718536376953,0.9803953766822815,120.66242218017578,111.00257873535156,0.9980192184448242,81.41149139404297,122.28351593017578,0.9981234669685364,168.8728790283203,175.17401123046875,0.9480706453323364,113.11668395996094,184.71192932128906,0.9849911332130432,110.67207336425781,193.34884643554688,0.30986475944519043
182,185.14854431152344,112.91820526123047,0.9993646740913391,175.4522705078125,183.1774139404297,0.9634528756141663,157.14859008789062,151.07472229003906,0.9987753033638,139.49607849121094,152.73065185546875,0.9980937838554382,114.42398834228516,158.43003845214844,0.9996837377548218,89.7754135131836,161.2356414794922,0.9988503456115723,161.19036865234375,130.09225463867188,0.9751792550086975,120.6270751953125,110.94322204589844,0.9983590245246887,81.46283721923828,122.21368408203125,0.9979974627494812,168.8728790283203,173.9184112548828,0.9474126696586609,112.91407012939453,184.70069885253906,0.9812225699424744,110.0149154663086,193.44151306152344,0.31756868958473206
183,186.18197631835938,113.09596252441406,0.9991866946220398,176.71176147460938,182.4668426513672,0.9903462529182434,157.25718688964844,150.2847900390625,0.9991751313209534,140.0650634765625,152.48306274414062,0.9983546137809753,114.41246032714844,158.483154296875,0.9996634721755981,89.7754135131836,161.22695922851562,0.9988341927528381,162.4914093017578,128.9586181640625,0.9721707701683044,120.6270751953125,110.88651275634766,0.9984520673751831,81.46283721923828,122.20535278320312,0.9980250597000122,168.8728790283203,173.79461669921875,0.9382393956184387,112.91407012939453,184.43600463867188,0.9772372245788574,110.0149154663086,193.44151306152344,0.3045196831226349
184,186.3338165283203,113.12610626220703,0.9991918206214905,178.17318725585938,181.46432495117188,0.9956948757171631,157.41571044921875,149.6987762451172,0.999336302280426,140.10081481933594,152.48306274414062,0.9985517859458923,114.00389099121094,158.48355102539062,0.9996800422668457,89.53903198242188,161.22695922851562,0.9988492727279663,162.79124450683594,128.4169921875,0.9725488424301147,120.44485473632812,110.88651275634766,0.9984409213066101,81.98968505859375,122.11467742919922,0.9979800581932068,149.86940002441406,173.1163787841797,0.9441897869110107,112.91407012939453,184.167236328125,0.9674174189567566,109.852294921875,193.44151306152344,0.27917659282684326
185,186.39614868164062,113.13603973388672,0.9993658661842346,179.55389404296875,180.87307739257812,0.9984734654426575,157.526123046875,149.501953125,0.9992930889129639,140.1291961669922,152.48306274414062,0.9984993934631348,113.83202362060547,158.48355102539062,0.9996140599250793,89.53903198242188,161.18551635742188,0.9987014532089233,162.8816375732422,128.38352966308594,0.9759489297866821,120.298828125,110.88651275634766,0.9980000853538513,82.07792663574219,122.11467742919922,0.9974856376647949,147.54591369628906,173.1163787841797,0.9466145038604736,112.97679901123047,182.59873962402344,0.9550817608833313,109.81239318847656,193.21337890625,0.23350705206394196
186,186.44081115722656,113.12610626220703,0.9994663596153259,180.0079803466797,180.87307739257812,0.9989606142044067,157.57940673828125,149.501953125,0.9992380142211914,140.17123413085938,152.53219604492188,0.9983721375465393,113.83202362060547,158.50253295898438,0.9995500445365906,89.53903198242188,161.19712829589844,0.9986294507980347,162.8816375732422,128.08621215820312,0.9792856574058533,119.69258880615234,111.02450561523438,0.9983692765235901,82.32775115966797,122.20535278320312,0.9973549842834473,146.10874938964844,173.8638916015625,0.9434399008750916,112.99369812011719,181.85769653320312,0.9585752487182617,109.81239318847656,193.1656951904297,0.24908174574375153
187,186.39614868164062,113.12610626220703,0.9993158578872681,180.5865478515625,180.87307739257812,0.9993301630020142,157.74725341796875,149.501953125,0.999071478843689,140.19203186035156,152.69793701171875,0.998026430606842,113.83202362060547,158.84361267089844,0.9996626377105713,89.54431915283203,161.19712829589844,0.998516857624054,162.8816375732422,128.08621215820312,0.9755107164382935,119.69258880615234,111.22579956054688,0.998347282409668,82.64940643310547,122.35746765136719,0.9969738721847534,145.99267578125,173.8638916015625,0.9206781387329102,113.03460693359375,181.85769653320312,0.9668155312538147,109.81239318847656,193.1656951904297,0.2681872248649597
188,186.3338165283203,112.59288024902344,0.9991849064826965,181.15103149414062,180.87307739257812,0.9992738366127014,158.01260375976562,149.5904998779297,0.9988141059875488,140.34898376464844,152.80247497558594,0.997683048248291,113.8477783203125,158.9459228515625,0.9996534585952759,89.67611694335938,161.40362548828125,0.9986010193824768,162.27293395996094,128.08621215820312,0.9697905778884888,119.69258880615234,111.2259292602539,0.9981361627578735,83.1994400024414,123.0216293334961,0.9970799088478088,145.9627227783203,174.42156982421875,0.9305635690689087,113.65885925292969,181.85769653320312,0.974065899848938,103.66915893554688,193.1656951904297,0.3313276171684265
189,184.7445526123047,110.84204864501953,0.9993253946304321,182.4555206298828,180.87307739257812,0.9994388222694397,158.0255584716797,149.89654541015625,0.9987664222717285,140.43057250976562,153.04640197753906,0.9976074695587158,113.98960876464844,159.1428680419922,0.999782383441925,89.86100006103516,161.52386474609375,0.9988389611244202,157.74002075195312,132.05311584472656,0.9484209418296814,120.10891723632812,111.76775360107422,0.9979281425476074,83.31114959716797,123.35964965820312,0.9968342185020447,144.9261016845703,176.41172790527344,0.9191394448280334,113.67664337158203,181.91827392578125,0.9618234038352966,103.20064544677734,193.57110595703125,0.3669204115867615
190,183.03433227539062,109.02351379394531,0.9985319375991821,184.35191345214844,180.6614227294922,0.9992164373397827,158.82839965820312,150.04666137695312,0.9988904595375061,140.9002685546875,153.10733032226562,0.9974998831748962,114.73553466796875,159.61695861816406,0.9998493194580078,89.88581085205078,161.6020965576172,0.9990177154541016,156.5440673828125,132.11544799804688,0.9711922407150269,120.30410766601562,111.91324615478516,0.9974104762077332,83.35216522216797,123.61949157714844,0.9968068599700928,139.34698486328125,176.69898986816406,0.9717813730239868,113.9638442993164,182.0879364013672,0.9538352489471436,102.53179168701172,193.88198852539062,0.4135877192020416
191,179.6098175048828,108.50167846679688,0.9989182949066162,184.55712890625,179.22894287109375,0.9991486072540283,159.38084411621094,150.27342224121094,0.9990506768226624,141.47616577148438,153.26870727539062,0.9978355765342712,115.11080169677734,160.05384826660156,0.9998836517333984,89.88658142089844,161.62522888183594,0.9992105960845947,154.974365234375,133.03408813476562,0.9747844338417053,120.5034408569336,112.43981170654297,0.9970448613166809,83.48591613769531,123.78699493408203,0.9967886209487915,139.01116943359375,177.35064697265625,0.9802772402763367,113.67664337158203,182.74876403808594,0.9559399485588074,101.80493927001953,194.11831665039062,0.44397324323654175
192,177.87550354003906,107.92809295654297,0.9985719919204712,187.56024169921875,178.821044921875,0.9990144968032837,159.95138549804688,150.27342224121094,0.9989902377128601,142.10426330566406,154.017578125,0.99750816822052,115.53443145751953,160.43170166015625,0.9999150037765503,89.91410064697266,161.62522888183594,0.999382734298706,153.74514770507812,133.87399291992188,0.9642977118492126,120.63912963867188,112.6178970336914,0.9965996146202087,83.7450942993164,123.78699493408203,0.9970418810844421,138.47805786132812,178.19972229003906,0.980438232421875,113.65885925292969,183.49815368652344,0.9597172141075134,101.00296020507812,195.1210479736328,0.5401228070259094
193,176.59078979492188,107.67789459228516,0.9973614811897278,189.53025817871094,178.6293487548828,0.9986445307731628,160.4811248779297,150.50047302246094,0.9991845488548279,144.69822692871094,155.35855102539062,0.9972877502441406,115.85208892822266,160.43170166015625,0.9999274015426636,90.3404769897461,161.7211151123047,0.9994648098945618,153.4032745361328,134.28009033203125,0.9370929002761841,120.63912963867188,112.96637725830078,0.996167004108429,84.08599090576172,123.78699493408203,0.9968982934951782,138.47805786132812,178.76800537109375,0.9573603868484497,113.44965362548828,184.18344116210938,0.9606166481971741,100.68208312988281,195.12484741210938,0.435973197221756
194,175.8574981689453,107.07170867919922,0.9960842132568359,192.06353759765625,177.95668029785156,0.9979838132858276,161.40928649902344,151.19070434570312,0.9989063739776611,144.8422088623047,155.47425842285156,0.9965550899505615,116.45335388183594,160.466796875,0.9999145269393921,91.46642303466797,161.7211151123047,0.9995567202568054,153.4032745361328,134.57667541503906,0.9485028982162476,120.63912963867188,113.11209106445312,0.995092511177063,84.16124725341797,123.4508056640625,0.9975912570953369,138.47805786132812,178.76800537109375,0.9671888947486877,113.44965362548828,184.18344116210938,0.9724054336547852,100.2486801147461,195.12484741210938,0.4473840296268463
195,173.20436096191406,106.28534698486328,0.9946814179420471,193.203369140625,177.81488037109375,0.998404324054718,161.62930297851562,151.19070434570312,0.998530387878418,145.20530700683594,155.47425842285156,0.9963275790214539,116.52609252929688,160.4935302734375,0.9999147653579712,91.9549331665039,161.88232421875,0.9995224475860596,153.4032745361328,134.57667541503906,0.9554255604743958,120.63912963867188,113.39854431152344,0.9944897890090942,84.2902603149414,123.24530029296875,0.9975661039352417,138.47805786132812,178.76800537109375,0.9484333992004395,113.44965362548828,184.18344116210938,0.9700385332107544,100.2486801147461,195.33529663085938,0.5472284555435181
196,171.03363037109375,106.091064453125,0.9931511878967285,194.56117248535156,177.38449096679688,0.9982684850692749,161.92437744140625,151.19070434570312,0.998364269733429,145.37680053710938,155.37496948242188,0.9966132044792175,117.13002014160156,160.722412109375,0.9998931884765625,93.54146575927734,162.0410919189453,0.999312162399292,153.4032745361328,134.57667541503906,0.94271320104599,120.73532104492188,113.4041519165039,0.9946919083595276,85.2275390625,123.10037231445312,0.9971696734428406,138.47805786132812,178.74429321289062,0.9598702788352966,113.81370544433594,183.93186950683594,0.9672636985778809,100.2486801147461,195.3641357421875,0.4955587387084961
197,168.75131225585938,105.0623779296875,0.9855223894119263,195.37045288085938,177.38449096679688,0.9984186887741089,162.6929473876953,150.8364715576172,0.9985699653625488,146.02734375,155.35855102539062,0.9976900815963745,118.75059509277344,161.00059509277344,0.9998793601989746,95.96321105957031,164.7059783935547,0.9994581341743469,153.4032745361328,133.86221313476562,0.9129287004470825,120.73532104492188,113.47416687011719,0.9921031594276428,85.4856948852539,122.99300384521484,0.9972902536392212,140.5719757080078,178.74429321289062,0.951072096824646,114.29841613769531,183.93186950683594,0.9646785259246826,100.79412078857422,195.3641357421875,0.5782575607299805
198,168.0822296142578,105.0623779296875,0.9902500510215759,195.5288848876953,177.3110809326172,0.9976329803466797,163.26718139648438,150.6626434326172,0.9984799027442932,146.9121856689453,155.34161376953125,0.9980111122131348,119.96261596679688,161.21725463867188,0.9998069405555725,97.30542755126953,164.71212768554688,0.9996144771575928,153.25064086914062,133.6761016845703,0.9083251357078552,120.73532104492188,113.5200424194336,0.9924623966217041,85.54580688476562,122.82975006103516,0.9971930384635925,142.20321655273438,178.6678924560547,0.9198562502861023,114.91897583007812,183.93186950683594,0.9524052143096924,101.23180389404297,195.4245147705078,0.6291501522064209
199,165.48663330078125,105.0623779296875,0.9828909635543823,196.79736328125,177.347900390625,0.9979438185691833,164.0890350341797,150.6226043701172,0.9980992674827576,147.51449584960938,155.3267822265625,0.9982795715332031,120.70529174804688,161.2384033203125,0.999729335308075,97.92163848876953,164.86032104492188,0.9997021555900574,153.25064086914062,133.6761016845703,0.8028669953346252,120.73532104492188,113.48307037353516,0.9897652864456177,85.60660552978516,122.65142059326172,0.9976232647895813,143.33078002929688,178.6678924560547,0.9362195730209351,161.39932250976562,191.57528686523438,0.9487485289573669,101.71138000488281,195.4245147705078,0.6854962110519409
200,163.01589965820312,105.80736541748047,0.9683194756507874,199.32981872558594,177.347900390625,0.998043417930603,164.19900512695312,150.6226043701172,0.9970122575759888,147.85386657714844,155.3267822265625,0.9986446499824524,121.23601531982422,161.2384033203125,0.9996427297592163,98.32388305664062,164.9244842529297,0.9997430443763733,153.25064086914062,133.6761016845703,0.7261883020401001,120.61498260498047,113.48307037353516,0.9878315329551697,85.54580688476562,122.6507568359375,0.9977061748504639,144.03724670410156,178.80230712890625,0.9419633150100708,161.43536376953125,191.85972595214844,0.9663897752761841,101.76676177978516,195.4245147705078,0.7564530968666077
201,160.91912841796875,105.80736541748047,0.9228163957595825,199.61236572265625,177.16964721679688,0.9980393052101135,164.8994598388672,150.6226043701172,0.9961796998977661,148.6612548828125,155.27313232421875,0.9989628791809082,121.23601531982422,161.21725463867188,0.9996379613876343,98.35629272460938,165.1311798095703,0.9997735619544983,155.81301879882812,135.71531677246094,0.5092484354972839,119.87391662597656,113.63801574707031,0.9871792793273926,85.4856948852539,122.4618911743164,0.9977999329566956,145.93870544433594,178.80230712890625,0.9586556553840637,161.45765686035156,191.85972595214844,0.9714264273643494,101.80872344970703,195.40074157714844,0.7561323046684265
202,159.14834594726562,105.80736541748047,0.8542119860649109,199.61236572265625,176.90582275390625,0.9974765181541443,164.95242309570312,150.6226043701172,0.9958628416061401,148.73550415039062,155.27313232421875,0.9990645051002502,121.23601531982422,160.94198608398438,0.9996479749679565,98.4351577758789,165.31338500976562,0.9997875094413757,155.81301879882812,135.71531677246094,0.49768370389938354,118.58673858642578,113.63801574707031,0.9950095415115356,85.03234100341797,122.33807373046875,0.9982448816299438,147.58071899414062,178.69766235351562,0.9707069993019104,161.46066284179688,191.85972595214844,0.9807083010673523,101.91138458251953,195.24191284179688,0.8573775887489319
203,155.00845336914062,101.64313507080078,0.8072080016136169,199.61236572265625,176.530517578125,0.9975384473800659,165.01040649414062,150.28675842285156,0.9963237047195435,149.1582489013672,155.27313232421875,0.9992244243621826,119.46910095214844,160.53378295898438,0.9996098875999451,98.6474380493164,165.4048614501953,0.9997803568840027,156.46038818359375,135.71531677246094,0.510799765586853,117.80687713623047,113.63801574707031,0.99378502368927,84.85161590576172,122.2837142944336,0.9982532858848572,148.039306640625,178.69766235351562,0.9666776061058044,161.53758239746094,191.61563110351562,0.9785736203193665,101.99067687988281,195.14659118652344,0.8696125745773315
204,154.9452667236328,100.97846221923828,0.7911006212234497,199.61236572265625,173.96621704101562,0.9980754852294922,165.01040649414062,149.43026733398438,0.9967010617256165,149.23524475097656,154.9245147705078,0.9992293119430542,119.46910095214844,160.5322723388672,0.9996161460876465,98.66219329833984,165.4048614501953,0.999789297580719,156.5605010986328,134.94754028320312,0.5286128520965576,117.80687713623047,114.03459167480469,0.9941725134849548,84.85161590576172,122.2837142944336,0.9979873895645142,148.65052795410156,178.6136474609375,0.9604492783546448,161.53758239746094,190.67295837402344,0.9602445363998413,102.15827941894531,195.07894897460938,0.8788795471191406
205,154.9452667236328,100.22416687011719,0.5340278148651123,199.61236572265625,170.34083557128906,0.9952467083930969,165.6747283935547,148.33609008789062,0.9972676038742065,149.58734130859375,154.4993896484375,0.9991752505302429,119.46910095214844,160.49627685546875,0.9995777010917664,98.9441909790039,165.4048614501953,0.9998025298118591,156.46038818359375,134.87660217285156,0.5292323231697083,117.80687713623047,114.03459167480469,0.9948921203613281,84.85161590576172,122.40636444091797,0.9981734752655029,152.25856018066406,178.61178588867188,0.9378362894058228,161.53758239746094,190.4302215576172,0.9766913652420044,102.65857696533203,194.63311767578125,0.905592679977417
206,154.9452667236328,100.22416687011719,0.46968457102775574,199.40765380859375,168.46534729003906,0.9937020540237427,165.80859375,147.4523468017578,0.9972557425498962,150.3533172607422,154.4799346923828,0.9991463422775269,119.80957794189453,160.51239013671875,0.999617338180542,99.18963623046875,165.4048614501953,0.9998037219047546,151.4994659423828,132.37191772460938,0.5051376819610596,118.45015716552734,114.03459167480469,0.9962297081947327,84.85161590576172,122.40636444091797,0.9982109069824219,152.55287170410156,178.43504333496094,0.9007572531700134,161.46556091308594,190.42428588867188,0.9760743975639343,103.71466827392578,194.25917053222656,0.8820000290870667
207,155.21424865722656,100.22416687011719,0.6737992167472839,199.12338256835938,167.61180114746094,0.9959442019462585,166.24295043945312,146.931640625,0.9976814985275269,150.65040588378906,153.8651123046875,0.9992128610610962,120.17337036132812,160.3382110595703,0.9996492862701416,99.33533477783203,165.52198791503906,0.9998437166213989,151.4994659423828,131.96661376953125,0.4843161702156067,120.88960266113281,113.08280944824219,0.9946423768997192,84.99956512451172,122.45689392089844,0.9983861446380615,157.6027374267578,175.65257263183594,0.9032569527626038,161.23780822753906,190.42428588867188,0.9760392308235168,103.85719299316406,194.25889587402344,0.8946656584739685
208,161.7882537841797,102.3550033569336,0.7511112093925476,198.1260223388672,167.3561553955078,0.9965038299560547,166.60235595703125,146.86912536621094,0.9973481893539429,150.75022888183594,153.77914428710938,0.9992314577102661,120.33727264404297,160.3382110595703,0.9996482133865356,99.388916015625,165.52198791503906,0.9998579025268555,151.3256378173828,131.9648895263672,0.4696425199508667,124.81045532226562,112.09013366699219,0.9848541021347046,85.55742645263672,122.66995239257812,0.9981499910354614,158.8782958984375,175.60098266601562,0.8253663182258606,160.93067932128906,190.4302215576172,0.9715954065322876,103.85719299316406,194.16212463378906,0.8864533305168152
209,163.71685791015625,102.3550033569336,0.9150283336639404,196.48365783691406,167.3561553955078,0.9977458119392395,167.0357666015625,146.46640014648438,0.9981368780136108,150.75022888183594,153.27804565429688,0.9994565844535828,120.3986587524414,160.3290252685547,0.9996007084846497,99.72705841064453,165.52198791503906,0.9998915195465088,151.3256378173828,131.4923095703125,0.5497956871986389,131.03932189941406,112.09013366699219,0.9532546997070312,85.64240264892578,122.7417984008789,0.9977797865867615,158.8782958984375,175.5419158935547,0.8857654333114624,160.93067932128906,190.68934631347656,0.9731352925300598,103.85719299316406,194.16212463378906,0.922482430934906
210,165.81797790527344,102.3550033569336,0.9758262038230896,194.74655151367188,167.3561553955078,0.9961121678352356,167.0357666015625,145.90223693847656,0.9987951517105103,150.65040588378906,153.03306579589844,0.9994103908538818,120.3986587524414,160.3290252685547,0.9995877146720886,100.10265350341797,165.5114288330078,0.9998818635940552,151.4994659423828,131.1053466796875,0.6459655165672302,132.37770080566406,111.99226379394531,0.9816668033599854,85.64240264892578,123.05133056640625,0.9977321624755859,158.8782958984375,175.5419158935547,0.8659416437149048,160.27720642089844,190.74508666992188,0.9783570170402527,103.71334838867188,194.15411376953125,0.9215992093086243
211,167.84254455566406,102.26854705810547,0.9840477108955383,191.3114013671875,170.2059326171875,0.9882335662841797,167.041259765625,145.90223693847656,0.9988093376159668,150.6334991455078,152.8826141357422,0.9993745684623718,120.43933868408203,160.31546020507812,0.999574601650238,100.31098175048828,165.21067810058594,0.9998635053634644,151.8374786376953,130.60354614257812,0.6735773086547852,134.49609375,112.08088684082031,0.9953089356422424,85.89836120605469,123.3468017578125,0.9977599382400513,158.805908203125,175.5419158935547,0.8009658455848694,160.27720642089844,190.83372497558594,0.9844879508018494,103.49615478515625,194.1421661376953,0.9106813073158264
212,168.6190185546875,98.9874267578125,0.9886927604675293,189.1439971923828,170.2059326171875,0.9865977764129639,167.041259765625,145.90223693847656,0.9987390637397766,150.57176208496094,152.83609008789062,0.999116837978363,120.46060180664062,160.0557098388672,0.9995115995407104,100.44157409667969,165.21067810058594,0.9998506307601929,151.94293212890625,129.46029663085938,0.7533582448959351,135.91055297851562,112.08088684082031,0.9955348968505859,85.64240264892578,124.34147644042969,0.9975844621658325,158.805908203125,175.48512268066406,0.9084113836288452,160.27720642089844,191.00680541992188,0.9789226055145264,103.49615478515625,194.08685302734375,0.9171081781387329
213,170.5185089111328,98.9874267578125,0.9828628897666931,189.1439971923828,170.2059326171875,0.9729719161987305,167.041259765625,145.92288208007812,0.9977194666862488,150.57176208496094,152.68809509277344,0.9988090991973877,120.77862548828125,159.7281951904297,0.9995182752609253,100.8834457397461,165.21067810058594,0.9998219609260559,152.18124389648438,129.46029663085938,0.7557937502861023,137.3890838623047,112.08088684082031,0.9922526478767395,85.31724548339844,124.34147644042969,0.9972583055496216,158.805908203125,175.48512268066406,0.9050956964492798,160.27720642089844,191.00680541992188,0.9553225636482239,103.49615478515625,194.05364990234375,0.9208353161811829
214,172.1614227294922,98.9874267578125,0.9906511306762695,189.1439971923828,169.9779510498047,0.9817842245101929,167.4886016845703,145.92288208007812,0.9983317255973816,150.6334991455078,152.58045959472656,0.998761773109436,121.86675262451172,159.6029815673828,0.9995334148406982,101.31057739257812,165.42161560058594,0.999792754650116,152.57217407226562,129.46029663085938,0.8282983303070068,137.8351287841797,111.99226379394531,0.9926927089691162,85.31724548339844,124.3582763671875,0.9965156316757202,183.9300994873047,164.16539001464844,0.9486171007156372,155.2595672607422,191.00680541992188,0.9557734727859497,104.05555725097656,193.59939575195312,0.9211119413375854
215,177.4185791015625,101.30491638183594,0.9980816841125488,192.22747802734375,166.9419708251953,0.981315553188324,168.69068908691406,145.92288208007812,0.9988048076629639,150.6745147705078,152.5150604248047,0.9992414712905884,122.91847229003906,159.1390838623047,0.999554455280304,101.5425796508789,165.4480743408203,0.9998207688331604,152.57217407226562,129.46029663085938,0.8706130981445312,137.8351287841797,111.5150375366211,0.9952913522720337,85.35321044921875,124.3582763671875,0.9966804385185242,186.20941162109375,161.85409545898438,0.9080430865287781,155.0675811767578,190.92906188964844,0.9500908851623535,104.29070281982422,193.59506225585938,0.9163308143615723
216,179.64015197753906,101.84138488769531,0.9990513920783997,195.4535675048828,165.86196899414062,0.9909822344779968,169.5600128173828,145.72698974609375,0.9984549283981323,151.24298095703125,152.45654296875,0.9994043111801147,123.96672821044922,158.7696990966797,0.9994648098945618,101.92987060546875,165.47593688964844,0.9998125433921814,151.94293212890625,129.44375610351562,0.8924024701118469,137.8351287841797,111.12718200683594,0.9946252703666687,85.31724548339844,124.29379272460938,0.9970369338989258,186.20941162109375,161.85409545898438,0.8361383080482483,154.96726989746094,190.73162841796875,0.9465736746788025,104.5306625366211,193.55812072753906,0.9324249625205994
217,180.12899780273438,102.00183868408203,0.9991699457168579,195.87713623046875,165.82852172851562,0.9928163290023804,170.1853485107422,145.21656799316406,0.9978054165840149,151.41650390625,152.14669799804688,0.9993359446525574,124.59814453125,158.513671875,0.9994258880615234,102.44100189208984,165.47593688964844,0.9997363686561584,153.25106811523438,129.9528350830078,0.8544949889183044,137.8351287841797,110.1329116821289,0.994358479976654,85.14044952392578,124.10517120361328,0.9970583915710449,186.20941162109375,161.85409545898438,0.8172599673271179,154.03248596191406,189.80459594726562,0.9629358649253845,104.58699035644531,193.3256072998047,0.9432654976844788
218,180.54510498046875,102.00183868408203,0.9989038705825806,197.0309600830078,165.44107055664062,0.9905672669410706,170.75381469726562,145.10699462890625,0.9959895014762878,151.62596130371094,152.03250122070312,0.9991951584815979,125.00614929199219,158.20523071289062,0.9993433356285095,102.63469696044922,165.47593688964844,0.9997019171714783,152.73719787597656,129.9528350830078,0.8213342428207397,137.8351287841797,108.86815643310547,0.9931066632270813,85.06129455566406,124.10517120361328,0.9976726174354553,150.45777893066406,175.73680114746094,0.7109608054161072,153.99774169921875,188.83340454101562,0.9572782516479492,104.71159362792969,193.29898071289062,0.954106330871582
219,180.78997802734375,102.00183868408203,0.9987842440605164,197.13571166992188,165.17416381835938,0.9798389673233032,170.75381469726562,144.6693115234375,0.9952824711799622,151.7593994140625,151.61911010742188,0.9992270469665527,125.30331420898438,158.08132934570312,0.9992647767066956,103.06771850585938,165.22508239746094,0.9995991587638855,152.17202758789062,129.44375610351562,0.7885724306106567,138.0362091064453,107.222900390625,0.9917124509811401,85.04844665527344,124.10391998291016,0.9977195858955383,150.45777893066406,175.73680114746094,0.7221956253051758,153.87010192871094,187.5415496826172,0.9428033828735352,104.72561645507812,193.2918701171875,0.9546424150466919
220,180.78997802734375,101.76371765136719,0.9986652135848999,197.13571166992188,164.79249572753906,0.9707655906677246,170.75381469726562,144.27279663085938,0.992988646030426,151.96957397460938,151.238037109375,0.9990742206573486,125.62881469726562,158.07923889160156,0.9991162419319153,103.52718353271484,165.14382934570312,0.9995662569999695,152.59628295898438,129.44375610351562,0.7766085863113403,138.0362091064453,106.15587615966797,0.9913574457168579,84.54035949707031,123.97638702392578,0.9980207681655884,150.22772216796875,175.73680114746094,0.7369897365570068,152.82614135742188,186.3560333251953,0.9108172655105591,104.77523040771484,193.1979522705078,0.9515733122825623
221,180.78997802734375,101.34048461914062,0.9986032843589783,197.13571166992188,164.4987335205078,0.9443821907043457,171.12698364257812,144.27279663085938,0.9898242354393005,152.00869750976562,151.11679077148438,0.9989941716194153,125.80783081054688,157.8433837890625,0.999071478843689,104.34601593017578,165.07974243164062,0.9992353916168213,152.73719787597656,129.92164611816406,0.7817164063453674,138.0362091064453,105.35111999511719,0.9872941374778748,84.1548843383789,123.97638702392578,0.9979524612426758,150.22772216796875,175.4880828857422,0.7355008125305176,152.82614135742188,186.07281494140625,0.8828153014183044,107.00782775878906,193.19680786132812,0.9442695379257202
222,180.0382843017578,101.07527923583984,0.9982929825782776,197.1311492919922,164.4977264404297,0.914416491985321,171.12698364257812,144.27279663085938,0.9840884208679199,152.2108154296875,151.11679077148438,0.9987753033638,126.10638427734375,157.8433837890625,0.9991270899772644,104.34601593017578,164.89088439941406,0.9991421699523926,152.73719787597656,129.92164611816406,0.7895559668540955,137.9542236328125,104.66683959960938,0.9903430938720703,84.1548843383789,123.97638702392578,0.9980589747428894,150.44741821289062,175.4880828857422,0.7679219245910645,152.82614135742188,183.56468200683594,0.9026802778244019,107.00782775878906,193.18267822265625,0.9493916034698486
223,179.58099365234375,101.06316375732422,0.9953977465629578,196.36318969726562,164.4977264404297,0.8762681484222412,169.41854858398438,144.31675720214844,0.9848002195358276,152.85023498535156,151.11679077148438,0.9988607168197632,126.32605743408203,157.8433837890625,0.9990517497062683,104.34601593017578,164.3837890625,0.9989939332008362,153.27272033691406,129.43284606933594,0.735443115234375,137.3145294189453,104.52618408203125,0.9898329973220825,84.1548843383789,123.97638702392578,0.9987698197364807,150.50604248046875,175.4880828857422,0.7962754964828491,152.75723266601562,182.88584899902344,0.8731433749198914,107.00782775878906,193.0400848388672,0.952491283416748
224,179.58099365234375,101.06316375732422,0.9938706159591675,196.24464416503906,164.4977264404297,0.7842684984207153,170.01121520996094,144.54718017578125,0.9853379726409912,152.99139404296875,151.2587890625,0.9988043308258057,126.74298858642578,157.9475860595703,0.9990336894989014,103.54254150390625,162.87582397460938,0.9988499879837036,153.8852081298828,129.92164611816406,0.7356606125831604,137.23973083496094,104.52618408203125,0.9878024458885193,84.93097686767578,123.97638702392578,0.9977717995643616,150.5831298828125,175.4880828857422,0.832874596118927,152.26809692382812,182.58941650390625,0.8947749137878418,106.83910369873047,192.7141876220703,0.9569469094276428
225,179.58099365234375,101.06316375732422,0.9972568154335022,178.3404083251953,186.86386108398438,0.8642569184303284,170.2271270751953,144.8033905029297,0.9871706366539001,153.25973510742188,151.71275329589844,0.9987850785255432,127.00111389160156,157.97984313964844,0.9985968470573425,103.54254150390625,162.84669494628906,0.999208390712738,153.96104431152344,130.14503479003906,0.8204169869422913,137.1187286376953,104.66683959960938,0.9927676916122437,85.72937774658203,122.96980285644531,0.998052716255188,150.7462921142578,175.3850860595703,0.9011842608451843,152.0634002685547,182.48260498046875,0.862630307674408,105.19265747070312,192.34507751464844,0.9503176808357239
226,181.9556427001953,101.49088287353516,0.9975941777229309,178.3404083251953,189.05821228027344,0.9529464244842529,170.2271270751953,145.22535705566406,0.9952431321144104,153.3854217529297,151.71275329589844,0.9988413453102112,127.638671875,158.56610107421875,0.9979420304298401,103.54254150390625,162.84669494628906,0.9993124008178711,154.61221313476562,130.14503479003906,0.9009503126144409,136.95416259765625,104.66683959960938,0.9926642775535583,85.72937774658203,122.48458099365234,0.9980850219726562,151.3159942626953,175.23391723632812,0.8999202847480774,151.5605926513672,182.45150756835938,0.8530766367912292,104.9385757446289,192.11767578125,0.9440581202507019
227,184.64373779296875,101.61943054199219,0.9964172840118408,178.3404083251953,189.54434204101562,0.9868784546852112,170.2271270751953,146.22189331054688,0.9968557357788086,153.70924377441406,151.71275329589844,0.9986950755119324,127.91890716552734,158.59814453125,0.998245120048523,103.86713409423828,162.84669494628906,0.9993112087249756,155.7865447998047,129.6776885986328,0.9369916319847107,136.89218139648438,104.8125,0.9935576319694519,85.72937774658203,122.48458099365234,0.9980664849281311,151.37716674804688,175.11495971679688,0.9352782368659973,150.8614959716797,182.17054748535156,0.8867733478546143,104.5539779663086,192.11767578125,0.9661418795585632
228,188.14930725097656,102.2176284790039,0.9967945218086243,180.8386688232422,189.94467163085938,0.9929009675979614,171.0166473388672,146.84274291992188,0.9983502626419067,155.12112426757812,151.82029724121094,0.9984979629516602,128.17721557617188,158.60377502441406,0.998853325843811,104.47227478027344,163.04554748535156,0.9994423985481262,156.9359130859375,129.6776885986328,0.9005484580993652,136.87432861328125,104.8125,0.9949136972427368,86.21195983886719,122.48458099365234,0.9981551766395569,153.5355682373047,173.8489227294922,0.9235677719116211,150.2052764892578,182.17054748535156,0.9129841327667236,104.49687957763672,192.11767578125,0.964368462562561
229,192.7156982421875,103.35015869140625,0.9968376159667969,182.45489501953125,189.97276306152344,0.9966519474983215,171.45924377441406,147.6483154296875,0.9990872144699097,155.20379638671875,151.79449462890625,0.9979979395866394,128.5462188720703,158.86630249023438,0.9991260170936584,104.9775161743164,163.2786407470703,0.9995092153549194,157.45968627929688,129.6776885986328,0.8903186321258545,136.87432861328125,104.72010803222656,0.9955582618713379,90.94182586669922,122.90859985351562,0.9971827268600464,154.48471069335938,173.14698791503906,0.9271376729011536,150.2052764892578,181.81195068359375,0.9264652132987976,104.41151428222656,192.156494140625,0.9665327072143555
230,194.22122192382812,105.59722900390625,0.9986618757247925,183.30064392089844,190.2559356689453,0.9988853335380554,172.45216369628906,148.04934692382812,0.9993195533752441,155.76882934570312,151.79449462890625,0.9980112314224243,129.06396484375,159.12669372558594,0.9992063641548157,105.5591812133789,163.3884735107422,0.9995502829551697,157.49209594726562,129.6776885986328,0.8686180710792542,136.41754150390625,104.72010803222656,0.9962584972381592,92.17205810546875,123.06684875488281,0.9976564645767212,154.48471069335938,173.14698791503906,0.9452836513519287,150.2052764892578,181.81195068359375,0.9297530055046082,104.03409576416016,192.3832550048828,0.9744925498962402
231,196.57093811035156,107.46517944335938,0.999004065990448,185.31336975097656,190.2559356689453,0.9988095760345459,172.95677185058594,148.8247833251953,0.9993026256561279,155.76882934570312,152.15078735351562,0.9982919096946716,129.46875,159.18325805664062,0.999189555644989,105.62135314941406,163.65435791015625,0.9995187520980835,157.92539978027344,130.2000274658203,0.8359155058860779,136.41754150390625,104.73130798339844,0.9957506656646729,95.28501892089844,123.47010803222656,0.9968262910842896,154.48471069335938,173.8489227294922,0.8764998316764832,150.29464721679688,181.81195068359375,0.9574980735778809,103.94642639160156,192.43072509765625,0.9789794683456421
232,197.19309997558594,108.89423370361328,0.9986628293991089,186.89471435546875,189.97276306152344,0.9985313415527344,173.7941436767578,148.8247833251953,0.9990574717521667,155.76882934570312,152.188720703125,0.9983227849006653,129.83731079101562,159.28199768066406,0.9993875026702881,105.62252807617188,163.88095092773438,0.9994823932647705,158.06593322753906,131.07891845703125,0.7614626288414001,136.62606811523438,104.73130798339844,0.9941766262054443,95.43372344970703,123.7798843383789,0.9971278309822083,154.78036499023438,176.2450408935547,0.8690493106842041,150.30987548828125,182.65652465820312,0.9654701352119446,103.93705749511719,192.43072509765625,0.982646644115448
233,197.6009521484375,108.92762756347656,0.9990056157112122,190.0140838623047,189.95309448242188,0.9980005621910095,174.77285766601562,148.87521362304688,0.9989640712738037,156.57505798339844,152.30421447753906,0.9979890584945679,130.16566467285156,159.4626007080078,0.9995524287223816,105.69776916503906,164.2122802734375,0.9995934367179871,158.63392639160156,131.17591857910156,0.7176104784011841,136.62606811523438,105.10464477539062,0.9925729036331177,98.7878646850586,124.60099029541016,0.996493399143219,154.78036499023438,176.83444213867188,0.8458686470985413,150.50552368164062,182.93946838378906,0.9820677638053894,103.93705749511719,192.3832550048828,0.983627200126648
234,198.2140350341797,109.18724822998047,0.9989885687828064,193.1009521484375,187.35406494140625,0.9981922507286072,176.118896484375,148.98770141601562,0.9993808269500732,158.59619140625,152.9828338623047,0.9979267120361328,130.7012176513672,159.60743713378906,0.9997209906578064,106.29592895507812,164.2122802734375,0.9996861219406128,159.7232666015625,131.5087127685547,0.66065913438797,136.62606811523438,105.4498291015625,0.9924140572547913,99.26498413085938,124.63477325439453,0.9969416260719299,154.78036499023438,177.0810089111328,0.8352364301681519,151.16696166992188,183.91592407226562,0.9853345155715942,103.93705749511719,192.39198303222656,0.9882190227508545
235,198.45712280273438,109.32110595703125,0.9988008737564087,196.765625,185.9140625,0.9991693496704102,176.15130615234375,148.98770141601562,0.9996098875999451,159.28872680664062,153.40867614746094,0.9981133937835693,130.86712646484375,159.85980224609375,0.9997822642326355,106.73848724365234,164.2122802734375,0.999704897403717,159.77566528320312,132.02801513671875,0.4879617393016815,136.6279296875,105.4498291015625,0.9939302206039429,99.40835571289062,124.65608215332031,0.9964285492897034,154.78036499023438,177.22499084472656,0.89288330078125,151.47584533691406,184.11865234375,0.9837289452552795,104.11046600341797,192.36837768554688,0.9871975183486938
236,198.84547424316406,109.34892272949219,0.9984197616577148,200.11660766601562,185.88241577148438,0.998902440071106,177.0630340576172,149.0624237060547,0.9997343420982361,160.0611114501953,153.5584716796875,0.9983861446380615,131.04013061523438,159.868896484375,0.9998302459716797,107.12504577636719,164.1201629638672,0.9997236132621765,164.16024780273438,133.65325927734375,0.3326151669025421,136.6279296875,105.44145965576172,0.9920681715011597,101.95223999023438,124.82691192626953,0.9958939552307129,154.78036499023438,177.22499084472656,0.8784748315811157,151.47584533691406,184.91958618164062,0.983583390712738,104.1548080444336,192.2561492919922,0.9872199296951294
237,200.076416015625,111.23729705810547,0.998149037361145,202.25823974609375,185.13633728027344,0.9994101524353027,177.5894317626953,149.46807861328125,0.9996925592422485,160.0634765625,153.6789093017578,0.9977766871452332,131.145751953125,159.868896484375,0.9998549222946167,107.74478912353516,164.0686492919922,0.9997221827507019,169.35220336914062,135.11595153808594,0.36460864543914795,136.67544555664062,105.41641235351562,0.9899587035179138,103.37984466552734,124.82691192626953,0.9947920441627502,154.86634826660156,177.745361328125,0.8683546185493469,151.47584533691406,185.6702117919922,0.9868624210357666,104.18817901611328,192.17576599121094,0.9876111149787903
238,201.30299377441406,111.67168426513672,0.9978031516075134,203.43077087402344,184.18942260742188,0.999485969543457,177.5894317626953,149.62368774414062,0.9996341466903687,160.0634765625,153.68362426757812,0.9977340698242188,131.35382080078125,159.868896484375,0.999883770942688,108.47635650634766,164.03109741210938,0.9997218251228333,170.20098876953125,135.11595153808594,0.40125972032546997,136.86016845703125,105.41743469238281,0.9913778305053711,104.04035186767578,124.82691192626953,0.9920364022254944,154.62246704101562,177.89410400390625,0.8059003353118896,151.13258361816406,185.7086944580078,0.9886670112609863,104.32319641113281,192.17576599121094,0.9879521727561951
239,202.58963012695312,111.7274169921875,0.9987265467643738,204.16612243652344,183.9022216796875,0.9993929862976074,177.5894317626953,150.55157470703125,0.9995662569999695,160.0634765625,153.80569458007812,0.9974043965339661,131.42164611816406,159.85980224609375,0.9998772144317627,108.85140228271484,163.81813049316406,0.9996687173843384,170.20098876953125,135.11595153808594,0.38692471385002136,136.7950897216797,105.41641235351562,0.9950653910636902,104.12564849853516,124.81790924072266,0.9937200546264648,151.08311462402344,178.26608276367188,0.8035181164741516,150.98806762695312,185.7954559326172,0.9890356659889221,104.45744323730469,192.17576599121094,0.988122284412384
240,202.58963012695312,113.49707794189453,0.9987165927886963,204.588134765625,183.7967987060547,0.9992188215255737,177.54161071777344,151.13673400878906,0.9992663264274597,160.0634765625,153.80569458007812,0.9966379404067993,131.4690704345703,159.94187927246094,0.9998786449432373,109.02224731445312,163.75823974609375,0.9996935129165649,170.20098876953125,131.2777099609375,0.25427719950675964,136.67544555664062,105.34515380859375,0.9941104054450989,104.28314971923828,124.79264831542969,0.9952333569526672,149.44273376464844,178.99708557128906,0.8221190571784973,150.89463806152344,186.11651611328125,0.9894192218780518,104.46162414550781,192.21401977539062,0.9902984499931335
241,202.58963012695312,114.3768081665039,0.9986962676048279,205.79237365722656,183.60841369628906,0.9993053674697876,177.41445922851562,151.1374969482422,0.999239444732666,160.61373901367188,154.94216918945312,0.996557891368866,131.65667724609375,159.94187927246094,0.9998522996902466,109.14093780517578,163.7386016845703,0.9996192455291748,164.39857482910156,128.48716735839844,0.7713621854782104,136.67544555664062,105.30925750732422,0.9937263131141663,104.28314971923828,124.79264831542969,0.9949120879173279,149.21229553222656,179.0605010986328,0.8697872757911682,150.69692993164062,186.2117919921875,0.9933007955551147,104.4722900390625,192.21401977539062,0.9898355603218079
242,202.39881896972656,116.2195816040039,0.9989078044891357,206.52041625976562,182.14036560058594,0.9992088675498962,177.41445922851562,151.1929168701172,0.9991214871406555,160.61373901367188,155.43983459472656,0.9966548681259155,131.65667724609375,160.23171997070312,0.9998360872268677,109.16918182373047,163.7376708984375,0.9996080994606018,164.39857482910156,128.48716735839844,0.9573455452919006,136.68148803710938,105.29644775390625,0.9947750568389893,104.28314971923828,124.79264831542969,0.9950025677680969,149.21229553222656,179.0605010986328,0.8911476135253906,150.34027099609375,186.74331665039062,0.9945764541625977,104.4722900390625,192.21401977539062,0.9909279942512512
243,199.9129638671875,116.42130279541016,0.9994900226593018,208.432373046875,181.9754180908203,0.9992945194244385,177.54161071777344,153.75140380859375,0.9988642930984497,160.61373901367188,155.9842529296875,0.9964460730552673,131.82125854492188,160.59213256835938,0.9998241066932678,109.48118591308594,163.67820739746094,0.9995498061180115,164.39857482910156,128.48716735839844,0.9766690135002136,136.14227294921875,105.29644775390625,0.9974783062934875,104.99161529541016,124.79264831542969,0.9936279058456421,149.21229553222656,179.37518310546875,0.8745133280754089,150.34027099609375,187.28707885742188,0.995747983455658,104.56600952148438,192.21401977539062,0.9911954402923584
244,197.95846557617188,117.27912139892578,0.9994383454322815,208.53445434570312,181.9754180908203,0.9991838335990906,177.75794982910156,154.81234741210938,0.9990735054016113,160.73019409179688,156.06875610351562,0.9970544576644897,132.29388427734375,160.6856231689453,0.9997953772544861,110.34075927734375,163.67820739746094,0.9994747042655945,165.5681915283203,130.4718475341797,0.9258031845092773,136.14227294921875,105.30925750732422,0.9979567527770996,105.62552642822266,124.53775024414062,0.9900463223457336,149.66128540039062,179.37518310546875,0.8158234357833862,150.34027099609375,187.81105041503906,0.9966338276863098,104.61347961425781,192.20127868652344,0.9917830228805542
245,195.96246337890625,118.16751098632812,0.9993777275085449,209.21310424804688,181.9754180908203,0.999188244342804,178.3953094482422,155.1835174560547,0.998977780342102,160.92962646484375,156.2225341796875,0.9974996447563171,132.6124725341797,160.94235229492188,0.9997091889381409,111.33911895751953,163.7376708984375,0.9988786578178406,166.39056396484375,130.87908935546875,0.9861714243888855,135.9539031982422,106.27719116210938,0.9976872205734253,106.15641021728516,123.34207153320312,0.9892130494117737,151.2005157470703,176.7263946533203,0.8389633893966675,150.34027099609375,187.81105041503906,0.99666827917099,105.42788696289062,192.1439971923828,0.9925678968429565
246,194.93951416015625,118.43173217773438,0.9991601705551147,209.43240356445312,182.65850830078125,0.9988182187080383,178.99620056152344,155.5232391357422,0.9988094568252563,161.05697631835938,156.6693878173828,0.9970037341117859,133.40206909179688,161.05062866210938,0.9995895028114319,111.5641098022461,164.90159606933594,0.9990328550338745,169.72633361816406,131.8295135498047,0.992177426815033,135.9539031982422,106.44073486328125,0.9973722696304321,106.2909927368164,123.2615737915039,0.9873191118240356,151.81199645996094,176.7263946533203,0.8370475769042969,150.34027099609375,187.81105041503906,0.997470498085022,105.630126953125,192.1439971923828,0.9933271408081055
247,194.60308837890625,118.96208953857422,0.9981557726860046,209.6439971923828,182.8944854736328,0.9986433386802673,179.7969207763672,155.86338806152344,0.9984146356582642,161.9728546142578,156.7643280029297,0.9961411356925964,134.4014434814453,161.1912841796875,0.9994919300079346,112.1370849609375,164.90159606933594,0.9992280006408691,174.71688842773438,131.62811279296875,0.9832186102867126,135.1698455810547,106.4649887084961,0.997844934463501,106.2909927368164,122.95046997070312,0.9824537634849548,153.0191192626953,177.99098205566406,0.8331702351570129,149.6482391357422,187.39059448242188,0.9981592297554016,105.68981170654297,192.1439971923828,0.9930436611175537
248,194.32644653320312,119.79054260253906,0.9962284564971924,209.43240356445312,183.46034240722656,0.9988691210746765,180.74432373046875,156.18734741210938,0.9969379901885986,163.16798400878906,157.0420379638672,0.9964465498924255,135.46893310546875,161.1912841796875,0.9992688298225403,112.7542953491211,164.90159606933594,0.9993917942047119,179.55528259277344,131.8295135498047,0.9838106632232666,135.1510467529297,106.9648208618164,0.9979174733161926,106.15641021728516,122.56278228759766,0.9812092185020447,155.53575134277344,177.1787109375,0.8152735233306885,149.6482391357422,187.39059448242188,0.9982327222824097,105.69461822509766,192.0894317626953,0.9934313893318176
249,194.32644653320312,120.15959167480469,0.9959881901741028,209.43240356445312,183.87039184570312,0.998469889163971,181.6570281982422,156.96275329589844,0.9951508045196533,164.09701538085938,157.0420379638672,0.9960033297538757,135.6353759765625,161.1912841796875,0.9991902709007263,113.1177978515625,164.84414672851562,0.9993149042129517,181.6483612060547,132.04150390625,0.9872828722000122,135.03857421875,106.9648208618164,0.9981827735900879,105.8071517944336,122.56278228759766,0.9856166839599609,155.6231231689453,177.1787109375,0.8158515095710754,149.6482391357422,187.01882934570312,0.9985668063163757,105.7986068725586,191.97561645507812,0.9936089515686035
250,194.32644653320312,120.88947296142578,0.9973790645599365,209.31317138671875,184.38668823242188,0.9980781078338623,181.9142608642578,157.3557891845703,0.9941660165786743,164.2320556640625,157.0420379638672,0.9964410662651062,136.03118896484375,161.01104736328125,0.9989462494850159,113.39321899414062,164.68136596679688,0.9994038343429565,182.87509155273438,133.08030700683594,0.9794065356254578,134.8773193359375,107.28762817382812,0.9986942410469055,105.8071517944336,122.58409881591797,0.9844675660133362,155.65928649902344,177.1787109375,0.8423082828521729,149.82850646972656,186.79588317871094,0.9987435936927795,105.8295669555664,191.93856811523438,0.9940998554229736
251,199.27713012695312,120.88947296142578,0.9977990984916687,206.84332275390625,184.64529418945312,0.9975928664207458,182.3991241455078,157.40159606933594,0.9961035251617432,164.45797729492188,156.70526123046875,0.9966034889221191,136.83493041992188,160.85211181640625,0.9986394047737122,113.79924774169922,164.61904907226562,0.9995276927947998,184.0989532470703,134.68614196777344,0.9384235739707947,135.03857421875,107.3142318725586,0.9987916350364685,105.7828369140625,122.51893615722656,0.9867858290672302,155.65928649902344,176.73558044433594,0.8665648102760315,149.82850646972656,186.79588317871094,0.9988915324211121,106.02236938476562,191.78318786621094,0.9941674470901489
252,200.5675048828125,120.88947296142578,0.9944567680358887,204.74514770507812,185.69915771484375,0.9982149600982666,183.528076171875,157.5493927001953,0.9953036308288574,166.0310821533203,156.65174865722656,0.99652099609375,137.080322265625,160.1959228515625,0.998616099357605,114.50785064697266,164.41168212890625,0.9995101690292358,187.01577758789062,134.78761291503906,0.8560091257095337,135.03857421875,108.25631713867188,0.9987646341323853,105.8071517944336,122.58409881591797,0.9880501627922058,161.3171844482422,176.6781463623047,0.8836084008216858,149.82850646972656,186.14675903320312,0.998638927936554,106.25930786132812,191.50413513183594,0.9944620728492737
253,200.684814453125,120.53440856933594,0.9940178394317627,204.46624755859375,187.88128662109375,0.997867226600647,184.2658233642578,157.5786590576172,0.992916464805603,167.00180053710938,156.59637451171875,0.9963511228561401,137.3631591796875,160.19351196289062,0.9988910555839539,115.20911407470703,164.1691436767578,0.9996168613433838,188.53759765625,135.196533203125,0.7970719933509827,135.36058044433594,108.55587768554688,0.9986520409584045,106.02888488769531,122.70536041259766,0.9888275861740112,161.45742797851562,176.57925415039062,0.8658455610275269,149.647705078125,186.0055389404297,0.9987931251525879,106.3907241821289,191.14915466308594,0.9947144389152527
254,200.684814453125,120.53440856933594,0.9920271039009094,204.40420532226562,187.8949737548828,0.9975259900093079,184.7711944580078,157.80177307128906,0.9842973351478577,167.84483337402344,156.59637451171875,0.9948152899742126,138.40765380859375,160.08160400390625,0.9990102052688599,115.8762435913086,164.0001678466797,0.9996050000190735,189.03164672851562,135.22813415527344,0.6724525094032288,135.38548278808594,108.99610900878906,0.9983474016189575,106.02888488769531,123.05726623535156,0.9884052276611328,161.78665161132812,176.57925415039062,0.8384804725646973,148.9859161376953,185.8128662109375,0.9990532994270325,106.62533569335938,191.1443328857422,0.994821310043335
255,200.5675048828125,120.53440856933594,0.992302417755127,204.17225646972656,187.9530029296875,0.9972796440124512,185.22706604003906,157.80177307128906,0.9832658767700195,168.6913604736328,156.59637451171875,0.9952279329299927,138.8336639404297,159.9581298828125,0.9990565180778503,116.13721466064453,163.69741821289062,0.9995442032814026,189.2036590576172,135.46405029296875,0.6716914176940918,135.77337646484375,109.94276428222656,0.9982693195343018,106.020263671875,123.13790893554688,0.9894621968269348,162.69839477539062,176.57925415039062,0.8445869088172913,148.406982421875,185.55270385742188,0.9991439580917358,106.62533569335938,190.93450927734375,0.9936051964759827
256,200.11927795410156,121.08173370361328,0.9896994233131409,203.0960693359375,188.51025390625,0.9972195625305176,185.22706604003906,157.80177307128906,0.9788461923599243,169.40916442871094,156.59637451171875,0.9953802824020386,139.37014770507812,159.6859893798828,0.9989970326423645,116.95562744140625,163.00022888183594,0.9994515776634216,189.40264892578125,135.69424438476562,0.5859606266021729,136.04417419433594,111.42737579345703,0.9970408082008362,106.02888488769531,123.46308898925781,0.9912799000740051,163.4291229248047,176.7354736328125,0.8476290106773376,148.34368896484375,185.25186157226562,0.9990211725234985,106.62533569335938,190.93450927734375,0.9936257600784302
257,199.96334838867188,121.08173370361328,0.9845659136772156,200.276611328125,190.0524139404297,0.9959523677825928,185.43487548828125,157.4858856201172,0.9706934094429016,169.73045349121094,156.56105041503906,0.9954870343208313,139.93614196777344,159.2880096435547,0.9990672469139099,117.506591796875,163.00022888183594,0.9993333220481873,189.5562744140625,135.65687561035156,0.4965437352657318,137.51902770996094,111.42737579345703,0.9951934218406677,106.1594467163086,123.71806335449219,0.9918015599250793,163.4598846435547,176.7445526123047,0.8200469017028809,147.4852294921875,184.9166259765625,0.9989193677902222,106.62533569335938,190.93450927734375,0.9927316308021545
258,199.5616455078125,121.08173370361328,0.9692336916923523,198.27854919433594,192.15069580078125,0.9971827268600464,185.22706604003906,156.9788360595703,0.9550167322158813,169.91461181640625,156.26596069335938,0.9947454929351807,140.63607788085938,159.1743621826172,0.9992173910140991,117.7545166015625,163.00022888183594,0.9992055296897888,189.87353515625,135.65687561035156,0.44440367817878723,138.41416931152344,111.64453887939453,0.9938887357711792,106.56413269042969,123.89342498779297,0.992952287197113,163.67454528808594,176.82858276367188,0.8374072313308716,145.87057495117188,184.0375213623047,0.998561441898346,107.4642105102539,191.78448486328125,0.9948257803916931
259,199.5616455078125,120.1904067993164,0.9597671627998352,197.58216857910156,193.23257446289062,0.9987844824790955,185.1745147705078,156.1126251220703,0.9654364585876465,170.58795166015625,155.50387573242188,0.9945039749145508,141.41371154785156,159.1743621826172,0.9991123080253601,118.19805145263672,163.08645629882812,0.9993366599082947,189.57464599609375,135.65687561035156,0.5775765180587769,139.6741180419922,113.01973724365234,0.9904301762580872,106.94062042236328,124.67142486572266,0.993791401386261,164.57171630859375,176.82858276367188,0.8704735040664673,145.0685272216797,184.0375213623047,0.9974814057350159,111.98208618164062,193.61582946777344,0.9822385311126709
260,199.37200927734375,117.83123779296875,0.9633757472038269,197.55734252929688,193.23257446289062,0.9984455704689026,185.0636749267578,155.53111267089844,0.9618930816650391,170.59552001953125,154.84922790527344,0.9928311109542847,142.05381774902344,159.1743621826172,0.9988166093826294,118.19805145263672,163.08645629882812,0.9992541670799255,189.87353515625,134.7668914794922,0.714473307132721,142.04869079589844,113.13870239257812,0.9887149930000305,107.71276092529297,125.09811401367188,0.9940813183784485,164.86746215820312,176.8765411376953,0.8904466032981873,144.72259521484375,183.45933532714844,0.9960072636604309,114.61353302001953,194.7269287109375,0.9836938977241516
261,199.24520874023438,116.6405029296875,0.9847401976585388,197.08824157714844,193.23257446289062,0.9984626770019531,185.0636749267578,154.14784240722656,0.9805225729942322,170.85061645507812,154.05093383789062,0.9942353367805481,142.08392333984375,159.2384796142578,0.9987813830375671,118.4041519165039,163.28289794921875,0.9990756511688232,189.87353515625,133.94784545898438,0.8792403340339661,143.5982666015625,113.19892120361328,0.9921385645866394,107.83784484863281,125.22959899902344,0.9944632649421692,165.07241821289062,176.8765411376953,0.8769049644470215,143.4866943359375,183.27586364746094,0.9936479926109314,118.63897705078125,195.15457153320312,0.9260923862457275
262,199.5616455078125,113.57373809814453,0.9820823669433594,196.22076416015625,192.99041748046875,0.9981743097305298,185.0636749267578,153.25303649902344,0.9767574667930603,170.9701690673828,153.60536193847656,0.99381422996521,142.85946655273438,159.2384796142578,0.9985799789428711,118.73863983154297,163.4305877685547,0.9990063309669495,189.8557586669922,133.71331787109375,0.858406126499176,144.90419006347656,113.19892120361328,0.9950037598609924,107.86056518554688,125.22959899902344,0.9948422312736511,165.2049102783203,176.75999450683594,0.8185942769050598,143.36419677734375,183.01739501953125,0.9939476251602173,125.99945831298828,195.15457153320312,0.8593795299530029
263,199.64903259277344,112.08465576171875,0.9821844100952148,195.74356079101562,192.24232482910156,0.9977701902389526,185.20675659179688,152.21322631835938,0.9803918600082397,171.1067657470703,153.4679412841797,0.9938653111457825,143.07339477539062,159.2384796142578,0.998305082321167,118.73863983154297,163.28289794921875,0.9988924860954285,189.57464599609375,133.4610595703125,0.8972440361976624,146.03602600097656,113.20008850097656,0.9954735636711121,107.9798812866211,125.21542358398438,0.9944856762886047,166.0047607421875,176.40878295898438,0.7823711037635803,143.36419677734375,183.01739501953125,0.9924140572547913,129.6259765625,194.7269287109375,0.7100895643234253
264,199.64903259277344,110.9937515258789,0.9810116291046143,195.66635131835938,192.09039306640625,0.9969158172607422,185.63914489746094,151.49989318847656,0.977384626865387,171.23922729492188,153.45477294921875,0.9925839900970459,144.26473999023438,158.5108642578125,0.9985694885253906,118.73863983154297,163.10714721679688,0.999007523059845,189.3271484375,133.15988159179688,0.9058784246444702,146.3097381591797,113.20008850097656,0.9957785606384277,108.07726287841797,125.21542358398438,0.9952292442321777,172.4676055908203,171.7796630859375,0.6604295372962952,143.205078125,182.8492889404297,0.9876061081886292,130.16122436523438,194.59732055664062,0.5243328809738159
265,200.3180389404297,110.1761245727539,0.9785128831863403,193.83560180664062,190.4552764892578,0.9964863061904907,186.00900268554688,148.52163696289062,0.9783682823181152,171.23922729492188,153.3967742919922,0.9929078817367554,144.26473999023438,158.45753479003906,0.9985451698303223,118.93487548828125,163.10714721679688,0.9989843964576721,188.9213409423828,132.84471130371094,0.8438657522201538,147.0046844482422,113.15766143798828,0.9965091347694397,108.34063720703125,125.21542358398438,0.9956769347190857,172.98187255859375,170.99130249023438,0.6294711232185364,143.18313598632812,182.84634399414062,0.9826385974884033,130.93765258789062,194.08395385742188,0.44309231638908386
266,201.63751220703125,106.54483795166016,0.9870420694351196,193.83560180664062,189.91815185546875,0.9966500401496887,186.06178283691406,148.52163696289062,0.9891780614852905,171.23922729492188,153.0556182861328,0.993423581123352,144.26473999023438,158.0980224609375,0.9984021782875061,118.95698547363281,162.85353088378906,0.9991065859794617,188.9213409423828,131.76805114746094,0.896538257598877,147.5814666748047,112.72395324707031,0.9957665205001831,108.34063720703125,125.12084197998047,0.9962378740310669,173.2823944091797,170.4772186279297,0.6892645955085754,143.18313598632812,182.56259155273438,0.9840226173400879,130.93765258789062,193.6647491455078,0.4607694745063782
267,203.77920532226562,106.1059341430664,0.9912614822387695,193.83560180664062,188.99159240722656,0.9976269602775574,186.48008728027344,148.51345825195312,0.9941434264183044,170.75929260253906,151.589599609375,0.9944506883621216,144.26473999023438,157.78578186035156,0.9979918003082275,119.09613800048828,162.70956420898438,0.9991219639778137,188.9213409423828,131.02073669433594,0.9556829333305359,148.587158203125,112.5652847290039,0.9964003562927246,108.34693908691406,125.11750793457031,0.9958349466323853,174.4497528076172,169.83917236328125,0.671455442905426,143.41160583496094,182.08511352539062,0.9858657121658325,131.05828857421875,193.3522491455078,0.40773627161979675
268,206.0860137939453,106.09794616699219,0.9940301179885864,195.83140563964844,187.8884735107422,0.998198926448822,187.32357788085938,148.51345825195312,0.9975612163543701,170.75929260253906,151.18466186523438,0.9964150190353394,144.18296813964844,157.66015625,0.9983305335044861,119.43773651123047,162.4086151123047,0.9991927742958069,189.0270538330078,130.12655639648438,0.9739999771118164,150.11361694335938,112.11808013916016,0.9956747889518738,108.46192169189453,125.11750793457031,0.9950965046882629,174.77239990234375,169.6251220703125,0.6502645611763,143.41160583496094,181.93548583984375,0.9865785241127014,131.13636779785156,193.2684783935547,0.45595282316207886
269,209.9346923828125,106.09794616699219,0.998238205909729,199.49127197265625,187.3573455810547,0.9974091649055481,188.5868377685547,148.103271484375,0.9987861514091492,170.75929260253906,150.3193817138672,0.998516857624054,144.18296813964844,157.2815399169922,0.9985455274581909,119.45524597167969,162.0869598388672,0.9993414282798767,189.68621826171875,129.3907470703125,0.9603740572929382,150.19903564453125,111.80664825439453,0.9975653886795044,108.34063720703125,125.11750793457031,0.9959535598754883,179.76690673828125,168.6054229736328,0.6029210090637207,144.64346313476562,181.2418670654297,0.9845714569091797,131.13636779785156,192.57235717773438,0.4981236755847931
270,212.09136962890625,106.09794616699219,0.9987249970436096,202.1558074951172,185.1039581298828,0.996667206287384,189.63720703125,147.3191375732422,0.9986953139305115,171.92872619628906,150.01773071289062,0.9992734789848328,144.44363403320312,156.2930908203125,0.9991130232810974,120.45394897460938,162.05084228515625,0.9994127750396729,189.7832489013672,128.94313049316406,0.9613385200500488,151.87078857421875,111.105712890625,0.9978088736534119,108.47571563720703,125.21389770507812,0.996258020401001,180.90640258789062,168.6054229736328,0.7577259540557861,145.24661254882812,180.95639038085938,0.981808602809906,131.32337951660156,192.50244140625,0.508155107498169
271,213.57656860351562,106.09794616699219,0.9989101886749268,202.1558074951172,184.4263458251953,0.9961799383163452,191.2161865234375,147.196044921875,0.9992227554321289,173.22222900390625,149.98291015625,0.9994342923164368,144.46275329589844,155.8626708984375,0.9994193315505981,121.22796630859375,161.84193420410156,0.9993830919265747,189.848388671875,128.3487548828125,0.9573164582252502,153.74392700195312,110.54886627197266,0.9957017302513123,108.47571563720703,125.29427337646484,0.996239185333252,180.98236083984375,168.43931579589844,0.9096120595932007,145.24661254882812,180.95639038085938,0.988737940788269,131.32337951660156,192.17190551757812,0.5196540951728821
272,213.97640991210938,105.85881042480469,0.9988788962364197,202.1558074951172,184.19761657714844,0.9967357516288757,191.7303009033203,146.9269256591797,0.999397873878479,174.52149963378906,149.607421875,0.999552309513092,145.3726043701172,155.47544860839844,0.9995790123939514,122.02081298828125,161.32350158691406,0.9992170333862305,189.96572875976562,128.03321838378906,0.9441284537315369,155.0410919189453,109.74175262451172,0.9965662956237793,108.65918731689453,125.35772705078125,0.9969768524169922,182.6980743408203,168.43931579589844,0.9374725818634033,145.5773162841797,181.2418670654297,0.9886956214904785,131.5351104736328,192.0979766845703,0.5785605907440186
273,214.78359985351562,105.45122528076172,0.9986680746078491,202.18763732910156,183.19847106933594,0.9972791075706482,192.51109313964844,146.43702697753906,0.9995348453521729,175.57974243164062,149.19754028320312,0.9995837807655334,146.0528106689453,155.13433837890625,0.9996384382247925,122.62293243408203,160.73410034179688,0.9991795420646667,189.98947143554688,127.52501678466797,0.9514830112457275,155.0622100830078,109.16590118408203,0.9964544773101807,108.49935913085938,125.35772705078125,0.9969034790992737,187.87950134277344,168.43931579589844,0.9634376168251038,145.75633239746094,181.44456481933594,0.9864734411239624,131.5351104736328,191.7835235595703,0.7306254506111145
274,215.6175994873047,105.36589813232422,0.9980249404907227,202.18763732910156,182.68463134765625,0.9973263740539551,193.87466430664062,145.94224548339844,0.9996538162231445,176.19305419921875,148.7476348876953,0.9995315074920654,146.66627502441406,154.87290954589844,0.9996011853218079,123.52508544921875,160.2916717529297,0.9989802241325378,189.97938537597656,127.24276733398438,0.9388710260391235,155.24554443359375,109.16590118408203,0.9968580007553101,108.65918731689453,125.29427337646484,0.9971477389335632,192.75912475585938,168.43931579589844,0.9665287137031555,146.45953369140625,181.459228515625,0.9871203303337097,131.5351104736328,191.7835235595703,0.7897425293922424
275,215.92481994628906,105.25897216796875,0.9974907636642456,202.5034942626953,182.17323303222656,0.9951642751693726,195.08840942382812,145.94224548339844,0.9996894598007202,176.61776733398438,148.5914306640625,0.9996004700660706,147.14735412597656,154.2317657470703,0.999651312828064,123.98782348632812,160.28729248046875,0.9991458654403687,189.97938537597656,126.98130798339844,0.9212680459022522,155.3601837158203,109.16590118408203,0.9953790903091431,108.65918731689453,125.29427337646484,0.9970178604125977,195.77281188964844,168.43931579589844,0.949164092540741,146.7757110595703,181.459228515625,0.9834601283073425,131.56304931640625,191.7835235595703,0.8236167430877686
276,216.57406616210938,105.0214614868164,0.9960862398147583,208.2113800048828,181.0098114013672,0.9948031306266785,196.11196899414062,145.94224548339844,0.9997079968452454,176.94931030273438,148.5914306640625,0.9993392825126648,148.0359344482422,154.21499633789062,0.999622106552124,124.55538177490234,159.75830078125,0.9989149570465088,189.97938537597656,126.78389739990234,0.814055860042572,156.40447998046875,109.17948150634766,0.9960314631462097,108.73357391357422,125.35772705078125,0.9967402815818787,204.9417724609375,169.164794921875,0.9585798382759094,146.93431091308594,181.46243286132812,0.9895601272583008,131.61643981933594,191.5109100341797,0.8231510519981384
277,217.91250610351562,105.0214614868164,0.9953698515892029,209.989013671875,180.54847717285156,0.9980828762054443,196.44790649414062,145.90003967285156,0.9997840523719788,177.52297973632812,148.5914306640625,0.9993429780006409,148.51065063476562,154.13233947753906,0.99962317943573,124.65184783935547,157.75607299804688,0.9988877177238464,189.97938537597656,126.74370574951172,0.8129628896713257,158.92735290527344,109.17948150634766,0.9971832633018494,108.971435546875,125.42296600341797,0.9970176219940186,206.92076110839844,171.13970947265625,0.954977810382843,147.79486083984375,181.459228515625,0.9913083910942078,131.6855926513672,191.60842895507812,0.8081145286560059
278,219.31727600097656,104.85440826416016,0.9960599541664124,213.20794677734375,180.08152770996094,0.9989131689071655,197.58250427246094,146.11224365234375,0.9996780157089233,177.86351013183594,148.81907653808594,0.9992695450782776,149.1790771484375,154.02218627929688,0.9995561242103577,125.09963989257812,157.68814086914062,0.9988788962364197,188.92135620117188,126.74370574951172,0.8679402470588684,162.50843811035156,109.17948150634766,0.9982996582984924,109.05754089355469,125.44247436523438,0.9966177344322205,211.3786163330078,172.20166015625,0.951686441898346,148.2398223876953,181.459228515625,0.9902347326278687,131.6855926513672,191.83116149902344,0.7693840861320496
279,219.45166015625,104.85440826416016,0.9970327615737915,216.51275634765625,179.98977661132812,0.9967306852340698,198.8284149169922,146.11224365234375,0.9995384216308594,178.68142700195312,149.36141967773438,0.9992420673370361,150.65664672851562,153.50677490234375,0.9994732737541199,125.43710327148438,157.38992309570312,0.9989338517189026,188.5045928955078,126.78389739990234,0.8959683775901794,165.8785858154297,109.11856079101562,0.9987861514091492,109.05754089355469,125.44247436523438,0.996802568435669,213.7241668701172,172.20166015625,0.9133906364440918,148.84170532226562,181.69461059570312,0.9916262626647949,131.61643981933594,191.83116149902344,0.8425285220146179
280,219.45166015625,104.85440826416016,0.9972785115242004,216.54638671875,179.98977661132812,0.9950106143951416,199.3992156982422,146.11224365234375,0.9994626641273499,179.4853057861328,149.94403076171875,0.9992677569389343,150.86256408691406,153.50677490234375,0.9993807077407837,125.76676940917969,157.10557556152344,0.9992910623550415,188.39398193359375,126.79174041748047,0.8651963472366333,168.82101440429688,108.75347137451172,0.9981531500816345,108.73357391357422,125.42296600341797,0.9967779517173767,214.8373260498047,172.20166015625,0.9079460501670837,148.91268920898438,181.9342041015625,0.992344319820404,131.09075927734375,191.83116149902344,0.8564757704734802
281,219.45166015625,104.88343048095703,0.9971484541893005,216.54638671875,179.98977661132812,0.9911293983459473,199.84910583496094,146.11224365234375,0.999420166015625,179.4853057861328,150.10914611816406,0.9994913339614868,150.9547576904297,153.50677490234375,0.9994115829467773,125.76676940917969,157.58970642089844,0.999372661113739,186.919921875,127.27409362792969,0.8543256521224976,168.82101440429688,108.25675964355469,0.9976365566253662,108.259765625,125.0477523803711,0.9962691068649292,217.60647583007812,172.94386291503906,0.8727160692214966,149.02362060546875,182.22386169433594,0.9903191328048706,130.65806579589844,192.32180786132812,0.8381809592247009
282,217.61131286621094,104.98577117919922,0.9957668781280518,216.54638671875,181.8625030517578,0.9958469271659851,199.84910583496094,146.5004119873047,0.9994072914123535,179.4853057861328,150.53271484375,0.9995335340499878,150.90478515625,153.70787048339844,0.9993933439254761,125.76676940917969,157.58970642089844,0.999345600605011,186.384765625,127.52164459228516,0.9003203511238098,168.82101440429688,108.10025024414062,0.9966017007827759,108.16228485107422,125.0477523803711,0.9962915182113647,217.60647583007812,172.94386291503906,0.9223517179489136,149.25538635253906,182.68560791015625,0.9871467351913452,130.01031494140625,192.55198669433594,0.8899971842765808
283,216.697509765625,105.5212173461914,0.9974289536476135,216.74143981933594,183.50633239746094,0.996289849281311,199.84910583496094,147.08580017089844,0.999444305896759,179.400634765625,151.3292999267578,0.9996484518051147,150.90478515625,154.34410095214844,0.9994142055511475,125.7275161743164,157.58970642089844,0.999314546585083,185.21929931640625,128.3520965576172,0.890040934085846,168.82101440429688,107.78255462646484,0.9967494010925293,108.16228485107422,125.0477523803711,0.996455729007721,217.60647583007812,172.94386291503906,0.9463527798652649,149.44198608398438,184.2242431640625,0.982050895690918,129.70091247558594,192.77940368652344,0.9118748903274536
284,215.23974609375,105.8344955444336,0.9984824061393738,217.08358764648438,184.09515380859375,0.9965710639953613,199.7694549560547,147.64962768554688,0.999366819858551,179.06985473632812,152.01080322265625,0.9996880292892456,150.90478515625,154.79408264160156,0.9994714856147766,125.7275161743164,157.9398956298828,0.9992585778236389,184.3101043701172,128.7137908935547,0.8942441344261169,168.82101440429688,107.43820190429688,0.9957008957862854,108.16228485107422,125.0948486328125,0.9967275857925415,214.281005859375,175.64443969726562,0.9564977884292603,151.19094848632812,184.63250732421875,0.9621508121490479,129.70091247558594,192.77940368652344,0.928994357585907
285,213.34808349609375,106.19287109375,0.9982683658599854,217.08358764648438,184.09515380859375,0.9978508949279785,199.66363525390625,148.11517333984375,0.999054491519928,178.78746032714844,152.7825469970703,0.9996217489242554,150.90478515625,155.25244140625,0.999498724937439,125.7275161743164,158.2761993408203,0.9990629553794861,183.59426879882812,129.31976318359375,0.8812636733055115,169.5148468017578,106.38327026367188,0.9952491521835327,108.24309539794922,125.10462188720703,0.9970735311508179,214.281005859375,175.64443969726562,0.9663379788398743,162.2088623046875,185.344970703125,0.9559695720672607,129.70091247558594,192.55198669433594,0.960740864276886
286,209.9830780029297,106.53390502929688,0.996762752532959,218.5212860107422,184.09515380859375,0.9984734654426575,199.34852600097656,148.3077392578125,0.9986328482627869,178.78746032714844,153.3470458984375,0.999492883682251,150.88986206054688,156.16818237304688,0.9996167421340942,125.86752319335938,159.9801025390625,0.998980700969696,183.42967224121094,129.5629119873047,0.8905168175697327,169.5148468017578,105.84082794189453,0.9939957857131958,108.25747680664062,125.41790008544922,0.997395396232605,213.88308715820312,175.94192504882812,0.969688355922699,167.18310546875,187.44598388671875,0.9511377811431885,129.6564178466797,191.84408569335938,0.9777076840400696
287,204.87124633789062,106.53390502929688,0.9904712438583374,220.53565979003906,183.92689514160156,0.9981566071510315,199.34852600097656,148.453125,0.9968492388725281,178.78746032714844,153.4798583984375,0.99907386302948,150.86163330078125,158.84536743164062,0.999735414981842,125.86752319335938,160.84803771972656,0.999146580696106,181.9292449951172,129.5629119873047,0.8286164402961731,169.5148468017578,105.74913787841797,0.9955697655677795,108.32946014404297,125.68803405761719,0.9976668357849121,213.69273376464844,176.3629913330078,0.9447906017303467,174.66604614257812,192.52322387695312,0.9721196293830872,129.6564178466797,191.84408569335938,0.9861572980880737
288,201.28811645507812,106.53390502929688,0.9835673570632935,221.52418518066406,183.9131622314453,0.998101532459259,199.24359130859375,148.51040649414062,0.9948664903640747,179.19564819335938,153.5196990966797,0.9989534616470337,150.88986206054688,159.29568481445312,0.9997619986534119,125.86752319335938,161.24526977539062,0.9992017149925232,181.9292449951172,129.59375,0.8083990812301636,169.0059051513672,105.68673706054688,0.9944057464599609,108.4765396118164,125.81820678710938,0.9979122281074524,171.83375549316406,176.648681640625,0.912033200263977,175.767578125,192.8978729248047,0.9691800475120544,129.6564178466797,191.84408569335938,0.9900482892990112
289,200.00320434570312,106.53390502929688,0.9807040691375732,222.82737731933594,183.70306396484375,0.9976354837417603,199.16200256347656,148.5320587158203,0.9955815672874451,179.44512939453125,153.8099822998047,0.99908447265625,150.88986206054688,159.43539428710938,0.9997943043708801,125.66048431396484,161.51287841796875,0.99940025806427,181.9292449951172,129.66046142578125,0.80189448595047,167.62600708007812,105.40744018554688,0.9911694526672363,108.88971710205078,125.92776489257812,0.9975810050964355,171.00201416015625,176.72738647460938,0.9004767537117004,177.2057342529297,192.9154052734375,0.9875472784042358,128.8277587890625,192.31285095214844,0.9845996499061584
290,199.75392150878906,108.58924865722656,0.9749143719673157,224.01312255859375,183.53956604003906,0.9978185892105103,199.15228271484375,148.6894989013672,0.9939844012260437,179.7331085205078,153.8099822998047,0.9990383386611938,150.88986206054688,159.50155639648438,0.9997871518135071,125.63973999023438,161.5218963623047,0.9994460940361023,182.59521484375,129.85748291015625,0.6800050139427185,167.29348754882812,105.3707275390625,0.9914249181747437,108.91841888427734,126.00365447998047,0.9979088306427002,171.00201416015625,176.8637237548828,0.8907878398895264,178.63734436035156,192.9154052734375,0.992013156414032,128.75814819335938,192.31285095214844,0.9885285496711731
291,197.50726318359375,109.56512451171875,0.952346920967102,225.2434539794922,183.11062622070312,0.9984428286552429,198.8676300048828,148.6894989013672,0.9915562868118286,179.88970947265625,154.07205200195312,0.9989479184150696,150.83355712890625,159.70590209960938,0.9997971653938293,125.59870147705078,161.575439453125,0.9994750618934631,183.01988220214844,129.85748291015625,0.5357107520103455,166.94651794433594,105.3707275390625,0.9885956645011902,108.88971710205078,126.00365447998047,0.9977993369102478,171.00201416015625,176.9050750732422,0.8065613508224487,180.34390258789062,193.4189910888672,0.9911303520202637,128.56373596191406,192.32859802246094,0.9897997379302979
292,195.98338317871094,109.56512451171875,0.9495326280593872,225.49745178222656,183.11062622070312,0.9991436004638672,198.59259033203125,149.18045043945312,0.9936011433601379,179.88970947265625,154.16233825683594,0.9992266893386841,150.7617950439453,159.79571533203125,0.9998106360435486,125.52705383300781,161.8634490966797,0.9995020627975464,183.01988220214844,129.85748291015625,0.46717149019241333,166.8384552001953,105.36642456054688,0.989541232585907,108.88971710205078,126.00365447998047,0.9977548718452454,173.27896118164062,176.9050750732422,0.8270125985145569,182.28309631347656,193.4189910888672,0.9837836623191833,128.14077758789062,192.32859802246094,0.9905619025230408
293,194.26124572753906,110.29785919189453,0.9446613788604736,226.4128875732422,183.11062622070312,0.9993809461593628,198.2423858642578,153.30906677246094,0.9908498525619507,180.05987548828125,154.3006134033203,0.9991729855537415,150.709716796875,159.9228973388672,0.9998481273651123,125.1249008178711,162.10768127441406,0.9996504783630371,183.01988220214844,130.0084991455078,0.5022733211517334,166.2908477783203,105.34796905517578,0.9891883730888367,108.397216796875,126.00365447998047,0.9976435303688049,174.58599853515625,176.9050750732422,0.8012648224830627,187.67872619628906,193.624755859375,0.9684703350067139,127.47479248046875,192.32859802246094,0.9872934818267822
294,194.26124572753906,109.56512451171875,0.9149240851402283,226.4128875732422,183.44471740722656,0.9993632435798645,198.2423858642578,153.58477783203125,0.9884927868843079,180.1344451904297,154.55906677246094,0.999232292175293,150.709716796875,160.11708068847656,0.9998770952224731,124.98925018310547,162.52352905273438,0.999677300453186,182.8915252685547,130.0084991455078,0.4514199197292328,166.2908477783203,105.07552337646484,0.9856215119361877,108.30594635009766,126.03518676757812,0.9975826740264893,179.33480834960938,176.9050750732422,0.845959484577179,190.04466247558594,193.4906005859375,0.9582419395446777,127.47479248046875,192.32859802246094,0.982517659664154
295,194.26124572753906,109.56512451171875,0.8783342838287354,226.4128875732422,183.94651794433594,0.9989093542098999,198.2423858642578,153.8859100341797,0.9867931008338928,180.1344451904297,154.75502014160156,0.9991636276245117,150.709716796875,160.19781494140625,0.9998703002929688,124.68397521972656,162.64877319335938,0.999743640422821,182.75210571289062,130.0084991455078,0.4781697690486908,166.20350646972656,105.34796905517578,0.9886682629585266,108.30594635009766,126.03518676757812,0.9977192282676697,179.33480834960938,177.01002502441406,0.8140320181846619,190.91954040527344,193.4189910888672,0.9715909957885742,127.47479248046875,192.384765625,0.9882149696350098
296,194.63536071777344,109.48248291015625,0.8958401083946228,224.90106201171875,185.42555236816406,0.9964404702186584,198.2423858642578,153.8859100341797,0.9853439927101135,180.4879608154297,154.75502014160156,0.9991384744644165,150.7448272705078,160.41249084472656,0.9998574256896973,124.68397521972656,162.85768127441406,0.999765932559967,182.75210571289062,130.0419464111328,0.500745952129364,166.01217651367188,105.07552337646484,0.9906574487686157,108.30594635009766,126.34239196777344,0.9978531002998352,174.86358642578125,176.68821716308594,0.8138731718063354,190.91954040527344,193.12046813964844,0.9718634486198425,127.54185485839844,192.384765625,0.9892926216125488
297,197.55665588378906,109.60839080810547,0.9056476950645447,219.48898315429688,187.21510314941406,0.9968252182006836,198.2423858642578,153.8859100341797,0.9876812696456909,180.6025848388672,154.75502014160156,0.9992696642875671,150.8225860595703,160.47122192382812,0.9998396635055542,124.68397521972656,162.85768127441406,0.9997738003730774,182.75210571289062,130.18826293945312,0.4716895520687103,165.013916015625,105.07552337646484,0.9915450811386108,108.34889221191406,126.34239196777344,0.9981967806816101,179.33480834960938,177.4593963623047,0.8338621258735657,190.75450134277344,192.84815979003906,0.9754589796066284,127.54185485839844,192.26100158691406,0.9895562529563904
298,199.85037231445312,109.60839080810547,0.9354562163352966,214.0849609375,190.2803192138672,0.9974499344825745,198.2563018798828,153.82376098632812,0.9887175559997559,180.6331329345703,154.35264587402344,0.9994077682495117,150.83738708496094,160.54490661621094,0.999818742275238,125.07945251464844,162.88011169433594,0.9997453093528748,182.75210571289062,130.36764526367188,0.6997904777526855,165.0106964111328,105.12992858886719,0.9869781732559204,108.67816162109375,126.34239196777344,0.9983401298522949,179.72434997558594,177.61737060546875,0.7913827896118164,190.75450134277344,191.77410888671875,0.9621080160140991,127.54185485839844,192.1608428955078,0.9904453754425049
299,203.77154541015625,111.57563781738281,0.9757682085037231,214.00411987304688,191.77891540527344,0.9987223744392395,198.2563018798828,153.82376098632812,0.9914889335632324,180.68179321289062,154.21646118164062,0.9994649291038513,150.8697967529297,160.6136474609375,0.9997598528862,125.66304779052734,162.8836669921875,0.9996709823608398,181.4502716064453,130.40505981445312,0.7661566138267517,164.9553985595703,105.12992858886719,0.9881338477134705,109.18775939941406,126.32243347167969,0.9986670017242432,206.80142211914062,177.61737060546875,0.831624448299408,190.466064453125,191.47193908691406,0.9041536450386047,127.54185485839844,192.02667236328125,0.9912371635437012
300,212.01951599121094,113.55908203125,0.9944692850112915,212.2780303955078,192.80508422851562,0.9984921216964722,198.2563018798828,153.82376098632812,0.9928845763206482,180.92044067382812,154.21646118164062,0.9993911981582642,150.95513916015625,160.69146728515625,0.9996927976608276,127.31629943847656,164.38839721679688,0.9995970129966736,180.52952575683594,130.40505981445312,0.7779596447944641,164.61068725585938,104.97611236572266,0.9901683330535889,109.43487548828125,126.14734649658203,0.9985550045967102,206.80142211914062,178.02536010742188,0.9082250595092773,189.91748046875,190.3636474609375,0.8131598830223083,127.47089385986328,191.70449829101562,0.9917210340499878
301,215.7414093017578,114.56873321533203,0.9986506104469299,209.69430541992188,194.587890625,0.9979956150054932,198.79200744628906,154.60113525390625,0.9976354837417603,181.59042358398438,154.21646118164062,0.9994857311248779,151.08932495117188,160.9152374267578,0.999514102935791,128.0025634765625,164.522216796875,0.9997177720069885,180.01904296875,130.58042907714844,0.8617919683456421,164.19224548339844,104.38190460205078,0.9913279414176941,109.54429626464844,125.98867797851562,0.9986966252326965,206.80142211914062,178.40936279296875,0.9630634188652039,189.91748046875,190.3636474609375,0.6150618195533752,127.47089385986328,191.5268096923828,0.9933286905288696
302,219.58731079101562,114.5884017944336,0.9983285069465637,203.90945434570312,194.6852569580078,0.9945963025093079,199.55450439453125,155.11019897460938,0.9981405735015869,182.34976196289062,154.5951690673828,0.9994935989379883,151.54312133789062,160.9152374267578,0.9993783235549927,128.49969482421875,164.5615997314453,0.9997777342796326,179.6118927001953,131.2642364501953,0.8514732718467712,164.1268768310547,103.86156463623047,0.9926779270172119,109.54429626464844,125.87472534179688,0.9988086223602295,206.30130004882812,179.41127014160156,0.9616373777389526,189.91748046875,190.3636474609375,0.5545258522033691,127.57540130615234,191.4332733154297,0.9941139817237854
303,224.74139404296875,115.30620574951172,0.9988211989402771,202.17051696777344,195.78756713867188,0.9919772744178772,200.1673126220703,155.11019897460938,0.9988067150115967,183.31011962890625,154.5951690673828,0.9996021389961243,151.65029907226562,160.9152374267578,0.9992222785949707,128.89210510253906,164.5911102294922,0.9998108744621277,179.09886169433594,131.87750244140625,0.7649112343788147,164.11825561523438,103.69884490966797,0.9933112859725952,109.54429626464844,125.75520324707031,0.9986864924430847,206.07577514648438,179.41127014160156,0.9592176675796509,195.07801818847656,191.74264526367188,0.762333869934082,127.80814361572266,191.3966827392578,0.994691789150238
304,227.91102600097656,117.71956634521484,0.9993313550949097,201.07720947265625,195.8300018310547,0.9900269508361816,200.706787109375,155.2508087158203,0.9986563920974731,184.25979614257812,154.771728515625,0.9996234178543091,151.7589569091797,160.97882080078125,0.9990912675857544,129.56796264648438,164.708251953125,0.9998574256896973,178.78762817382812,133.15057373046875,0.6720406413078308,164.06431579589844,103.25062561035156,0.9929372668266296,110.05134582519531,125.74923706054688,0.9986602067947388,206.04856872558594,179.41127014160156,0.9602839946746826,195.59762573242188,191.76991271972656,0.8165740370750427,127.99410247802734,191.3206024169922,0.9967556595802307
305,230.54116821289062,118.9543685913086,0.998802661895752,199.76419067382812,198.0428466796875,0.984131395816803,200.99082946777344,155.25437927246094,0.9968143105506897,184.6807403564453,154.8712615966797,0.999594509601593,152.16339111328125,160.9810333251953,0.9991936087608337,130.11959838867188,164.81088256835938,0.9998192191123962,178.400146484375,133.90914916992188,0.4549326002597809,163.98451232910156,103.08695220947266,0.9920777678489685,110.18933868408203,125.5933609008789,0.9985114932060242,205.1974639892578,178.85205078125,0.9188522100448608,195.59762573242188,191.78599548339844,0.8842886686325073,128.05760192871094,191.2542724609375,0.9975417852401733
306,232.46038818359375,119.67415618896484,0.9973190426826477,198.66064453125,198.70957946777344,0.9929823875427246,201.21310424804688,155.51760864257812,0.9976415634155273,185.39739990234375,154.91094970703125,0.9996254444122314,152.19906616210938,160.91014099121094,0.9992615580558777,130.51608276367188,164.92507934570312,0.9998432397842407,178.400146484375,133.90914916992188,0.4865199327468872,163.25437927246094,102.3016128540039,0.990900993347168,110.18933868408203,125.5604476928711,0.9983900785446167,202.3834228515625,178.85205078125,0.9536818265914917,195.59762573242188,191.87155151367188,0.8945093750953674,128.4407501220703,191.2542724609375,0.9973326921463013
307,234.88436889648438,124.05123901367188,0.9956008195877075,197.4757843017578,199.49453735351562,0.99538654088974,201.74539184570312,156.1967010498047,0.9979053735733032,186.09326171875,155.3096160888672,0.9994810223579407,152.5625762939453,160.91014099121094,0.9992344379425049,131.0694122314453,164.92507934570312,0.9998669624328613,178.400146484375,133.90914916992188,0.4579428434371948,162.88333129882812,102.3016128540039,0.9905499815940857,110.18933868408203,125.49341583251953,0.9984251260757446,202.2863006591797,178.85205078125,0.9641001224517822,195.17572021484375,192.4967498779297,0.8668278455734253,128.4407501220703,191.2542724609375,0.997835099697113
308,236.48214721679688,127.38655853271484,0.9986401200294495,195.66539001464844,201.18661499023438,0.9969738721847534,202.38352966308594,158.02511596679688,0.9983256459236145,187.19573974609375,156.16903686523438,0.9995192289352417,153.12802124023438,160.91014099121094,0.9993404746055603,131.73385620117188,164.92507934570312,0.9998466968536377,186.58123779296875,128.2301788330078,0.7227796316146851,162.7413787841797,102.3016128540039,0.9901413321495056,109.62118530273438,125.03871154785156,0.9988231062889099,201.94049072265625,179.7373504638672,0.9588096141815186,195.03672790527344,192.5403594970703,0.6612148880958557,128.52688598632812,191.2542724609375,0.9978610873222351
309,236.48214721679688,130.3861846923828,0.9987910389900208,192.68875122070312,201.1907196044922,0.9947255253791809,202.38352966308594,158.49986267089844,0.9978316426277161,187.69847106933594,156.90943908691406,0.9993166923522949,153.74835205078125,160.91014099121094,0.9993355870246887,132.38047790527344,164.57920837402344,0.999813973903656,189.6687469482422,128.2301788330078,0.9111394882202148,162.65435791015625,102.57018280029297,0.9886519312858582,109.62118530273438,125.03871154785156,0.9985194802284241,200.37600708007812,179.7373504638672,0.9405683279037476,194.53506469726562,192.79315185546875,0.6914471387863159,128.44131469726562,191.2542724609375,0.9977461695671082
310,236.48214721679688,133.17576599121094,0.9981409311294556,192.3229217529297,201.1907196044922,0.9926720857620239,202.4868621826172,159.19778442382812,0.9970695972442627,188.4110107421875,157.69805908203125,0.9990546107292175,154.70452880859375,160.83746337890625,0.9992986917495728,132.94552612304688,163.82839965820312,0.9997530579566956,192.55062866210938,128.2301788330078,0.9496940970420837,162.60861206054688,102.57018280029297,0.9897347688674927,109.62118530273438,125.03871154785156,0.9990407824516296,198.4874725341797,179.7373504638672,0.856632649898529,193.8555145263672,193.10189819335938,0.7697659730911255,128.44131469726562,191.24261474609375,0.9979565143585205
311,235.72073364257812,134.0870361328125,0.9978343844413757,191.6776580810547,201.1907196044922,0.9863846898078918,202.56951904296875,159.62261962890625,0.996845006942749,188.4110107421875,158.64842224121094,0.9987537860870361,155.71688842773438,160.83746337890625,0.9993158578872681,133.75830078125,163.3114471435547,0.9997066855430603,193.90255737304688,132.3062286376953,0.9352540969848633,162.54205322265625,102.57018280029297,0.9903501868247986,110.69779968261719,124.4166030883789,0.9990448355674744,175.8132781982422,179.6448516845703,0.8639349341392517,193.66497802734375,195.7312774658203,0.8003770112991333,128.52999877929688,191.1468048095703,0.997990608215332
312,235.72073364257812,134.45155334472656,0.9971736669540405,189.4285430908203,201.92434692382812,0.9750049114227295,202.56951904296875,159.98345947265625,0.99677973985672,188.4110107421875,159.5176239013672,0.9984317421913147,156.1836700439453,161.05294799804688,0.9994043111801147,133.99684143066406,163.0906982421875,0.9994688630104065,198.662841796875,133.12196350097656,0.9636420607566833,162.0275115966797,101.92677307128906,0.9901222586631775,113.02806091308594,124.29303741455078,0.9991543292999268,174.99456787109375,179.6448516845703,0.9247155785560608,192.47042846679688,195.887939453125,0.8530434966087341,128.5857696533203,191.1158905029297,0.998112678527832
313,235.72073364257812,135.54371643066406,0.9962208867073059,188.91983032226562,201.92434692382812,0.9369692802429199,202.4868621826172,160.48326110839844,0.9935541152954102,185.80198669433594,159.7086944580078,0.997238039970398,156.6418914794922,161.10025024414062,0.9995517134666443,134.36732482910156,163.04331970214844,0.9992026686668396,204.61781311035156,135.5077362060547,0.9742946624755859,161.4147491455078,101.92677307128906,0.9899585843086243,119.24647521972656,124.12788391113281,0.9966579675674438,174.99456787109375,179.6448516845703,0.9376598596572876,191.23550415039062,195.88970947265625,0.9404578804969788,128.7277069091797,191.1468048095703,0.9979076385498047
314,235.43443298339844,137.1127471923828,0.9939259886741638,188.91983032226562,201.92434692382812,0.9229976534843445,202.56951904296875,160.8560028076172,0.9868594408035278,184.9782257080078,160.15113830566406,0.9965776801109314,157.29446411132812,161.7265625,0.9994127750396729,134.63729858398438,163.04331970214844,0.9991511106491089,217.6328887939453,139.58424377441406,0.9793922305107117,161.4147491455078,101.92677307128906,0.9902375340461731,125.7029800415039,122.56359100341797,0.9922654032707214,174.99456787109375,179.91812133789062,0.9259021878242493,191.15464782714844,196.2744140625,0.9532589316368103,128.7277069091797,191.1158905029297,0.9978324770927429
315,235.13357543945312,138.29078674316406,0.989962100982666,188.91983032226562,201.92434692382812,0.9199159741401672,202.56951904296875,161.65626525878906,0.9882822632789612,184.9782257080078,160.15203857421875,0.9969022870063782,157.65243530273438,161.7265625,0.9994893074035645,134.8050994873047,163.0906982421875,0.9992819428443909,219.4663543701172,140.4013671875,0.9850679039955139,161.4147491455078,101.92677307128906,0.9890578389167786,129.00741577148438,120.9571533203125,0.9672597050666809,175.27081298828125,179.91812133789062,0.920403778553009,191.15440368652344,196.2744140625,0.9542419910430908,128.5857696533203,191.1158905029297,0.9973817467689514
316,235.1168670654297,138.29078674316406,0.9907166361808777,188.9582061767578,201.92434692382812,0.9489898085594177,202.27127075195312,161.65626525878906,0.989632248878479,184.9782257080078,160.4104766845703,0.9973885416984558,157.9754638671875,161.7265625,0.9995077848434448,134.83433532714844,163.0906982421875,0.9986745119094849,220.21995544433594,142.3638153076172,0.9863569736480713,162.4209442138672,101.92677307128906,0.9911046624183655,136.20162963867188,120.9571533203125,0.9315586090087891,175.27081298828125,179.91812133789062,0.9048168063163757,191.06407165527344,196.2744140625,0.9326328635215759,128.39102172851562,191.03257751464844,0.9965270161628723
317,234.47877502441406,138.29078674316406,0.9901314973831177,189.0343475341797,201.28887939453125,0.9632048606872559,202.18179321289062,161.65626525878906,0.9913634061813354,185.11093139648438,160.4104766845703,0.9966737031936646,159.5654754638672,161.57249450683594,0.9991482496261597,135.9102783203125,163.04331970214844,0.9969916343688965,220.21995544433594,142.45504760742188,0.9901492595672607,163.29080200195312,101.75653839111328,0.9799903035163879,142.9461669921875,120.9571533203125,0.8454877138137817,175.27081298828125,179.791259765625,0.8953427076339722,191.08351135253906,195.54530334472656,0.9285573959350586,128.3114776611328,190.71237182617188,0.9970155954360962
318,233.8036346435547,136.12525939941406,0.9896478056907654,189.0343475341797,201.28887939453125,0.9459574818611145,202.18179321289062,161.84474182128906,0.9886487126350403,185.11093139648438,160.6222381591797,0.9963768124580383,160.19705200195312,161.23226928710938,0.9989743232727051,135.99403381347656,162.14553833007812,0.996864378452301,220.21995544433594,142.52955627441406,0.9894025325775146,163.4351806640625,101.62005615234375,0.9737492203712463,143.72618103027344,121.1933822631836,0.7621440887451172,174.51400756835938,179.791259765625,0.8611124753952026,191.15440368652344,195.54530334472656,0.9514336585998535,128.12564086914062,190.69094848632812,0.9970672726631165
319,230.25498962402344,135.071533203125,0.9981081485748291,189.0343475341797,201.28887939453125,0.9394692182540894,202.13980102539062,161.84474182128906,0.9866536259651184,185.11093139648438,160.6243133544922,0.9966727495193481,160.68858337402344,161.22708129882812,0.9987726807594299,136.43223571777344,162.00958251953125,0.9969807267189026,217.46267700195312,142.5471649169922,0.9902592897415161,163.57460021972656,101.59581756591797,0.9777169227600098,143.72618103027344,121.21300506591797,0.7720549702644348,174.18858337402344,179.791259765625,0.8856837153434753,191.15440368652344,195.54530334472656,0.9559130072593689,128.12564086914062,190.58372497558594,0.9966111779212952
320,226.866455078125,134.58740234375,0.9930868744850159,188.90049743652344,201.89532470703125,0.9019142389297485,202.13980102539062,163.14915466308594,0.9745427966117859,184.94911193847656,160.96192932128906,0.9965189695358276,161.09681701660156,161.22708129882812,0.9986341595649719,136.43223571777344,161.7107391357422,0.9974287152290344,213.49964904785156,145.3985595703125,0.9570272564888,163.57460021972656,101.59581756591797,0.9719783663749695,143.72618103027344,121.21300506591797,0.6832644939422607,174.18858337402344,180.28024291992188,0.8487967252731323,191.08351135253906,195.85760498046875,0.9557430148124695,128.12564086914062,190.4539337158203,0.9973804354667664
321,224.80288696289062,134.4522705078125,0.9731719493865967,188.8949432373047,202.14749145507812,0.901781439781189,202.08688354492188,163.22410583496094,0.9544847011566162,184.9215545654297,161.14602661132812,0.9959456324577332,162.05499267578125,161.22708129882812,0.9990399479866028,137.08816528320312,161.70938110351562,0.9982376098632812,210.9305877685547,145.3985595703125,0.9067540168762207,163.4351806640625,101.75653839111328,0.9647231101989746,143.24685668945312,121.25665283203125,0.6376439332962036,173.9927978515625,180.82676696777344,0.8338640332221985,191.08351135253906,196.06976318359375,0.9433526992797852,128.4259033203125,190.17755126953125,0.9977377653121948
322,224.80288696289062,134.58740234375,0.9538919925689697,188.7660675048828,202.53717041015625,0.8418413996696472,201.83624267578125,163.98590087890625,0.8913688659667969,184.9215545654297,161.4524688720703,0.9945313930511475,162.08767700195312,161.43836975097656,0.99921715259552,137.4739532470703,161.70938110351562,0.9984710812568665,210.9305877685547,146.5364990234375,0.7752419710159302,163.0785369873047,102.02857971191406,0.9564430117607117,143.07920837402344,121.25665283203125,0.7123359441757202,174.07281494140625,180.95437622070312,0.783143937587738,190.5361785888672,196.14675903320312,0.9551755785942078,128.44451904296875,190.171142578125,0.9978589415550232
323,224.80288696289062,134.80477905273438,0.9424692988395691,188.68141174316406,202.77645874023438,0.8042610287666321,201.83624267578125,164.71119689941406,0.8597187995910645,184.94911193847656,161.8980255126953,0.9931756854057312,162.50872802734375,161.5841522216797,0.999326229095459,137.68995666503906,161.7107391357422,0.9987242817878723,210.79818725585938,146.5364990234375,0.7611013650894165,162.79727172851562,102.8908920288086,0.9534964561462402,143.07920837402344,121.31527709960938,0.7484700083732605,173.9927978515625,181.30856323242188,0.7563990950584412,190.4864044189453,196.22125244140625,0.9496906399726868,128.6156768798828,190.13352966308594,0.9979963898658752
324,224.93994140625,134.80477905273438,0.9521579742431641,188.68141174316406,203.22023010253906,0.7948020696640015,201.83624267578125,164.71119689941406,0.8747599720954895,187.79637145996094,161.9431610107422,0.9918451905250549,162.7729949951172,161.99302673339844,0.9993935823440552,137.69818115234375,161.93301391601562,0.9989400506019592,210.79818725585938,146.5364990234375,0.7161436080932617,162.51675415039062,103.6866226196289,0.9480012655258179,143.07920837402344,121.31527709960938,0.7601823806762695,173.76307678222656,181.6942138671875,0.7327281832695007,190.4864044189453,197.0377655029297,0.9518766403198242,128.67787170410156,190.13352966308594,0.9981251358985901
325,225.0185546875,135.2808837890625,0.9681338667869568,188.7660675048828,203.22023010253906,0.7590850591659546,202.1975555419922,164.71119689941406,0.8214812278747559,188.3450927734375,161.9431610107422,0.988754391670227,163.3196563720703,162.43679809570312,0.9993847608566284,137.69818115234375,162.48841857910156,0.9993165731430054,211.180419921875,146.5364990234375,0.6741681694984436,162.32241821289062,104.10205841064453,0.9283680319786072,143.1154327392578,121.33940887451172,0.7104187607765198,173.46449279785156,181.6942138671875,0.6194425225257874,190.4864044189453,197.0377655029297,0.962541937828064,129.21554565429688,189.92832946777344,0.9987161159515381
326,225.0185546875,135.2808837890625,0.9806492328643799,189.6829833984375,203.22023010253906,0.8297317624092102,202.36773681640625,164.46185302734375,0.8647953271865845,188.3450927734375,162.04885864257812,0.9899861216545105,163.3196563720703,162.44439697265625,0.9993405938148499,137.68995666503906,162.6167755126953,0.9994007349014282,211.37242126464844,147.11460876464844,0.8075123429298401,162.32241821289062,104.4323501586914,0.8998820781707764,143.20213317871094,121.61585998535156,0.6698387861251831,173.0241241455078,181.6942138671875,0.6802419424057007,191.24551391601562,197.0377655029297,0.9380510449409485,129.21554565429688,189.79742431640625,0.9986940026283264
327,224.93994140625,135.2808837890625,0.9787983298301697,192.84107971191406,202.0946044921875,0.8908588886260986,202.36773681640625,164.46185302734375,0.887116551399231,188.3450927734375,162.1521759033203,0.9899911880493164,163.3196563720703,162.44439697265625,0.9990440011024475,137.04917907714844,162.6167755126953,0.999414324760437,211.37242126464844,147.34881591796875,0.8332892060279846,162.51675415039062,104.68566131591797,0.9290294051170349,143.6519775390625,121.61585998535156,0.6636264324188232,172.66537475585938,181.32742309570312,0.7523921132087708,191.24551391601562,195.23397827148438,0.941794216632843,129.21554565429688,189.68177795410156,0.9987710118293762
328,224.21255493164062,135.14401245117188,0.974739134311676,196.83914184570312,201.85745239257812,0.8886219263076782,202.44886779785156,164.3358154296875,0.897200345993042,188.29803466796875,162.46168518066406,0.9929718375205994,162.7742156982422,162.44439697265625,0.9991581439971924,137.04917907714844,162.6167755126953,0.9993581175804138,211.37242126464844,147.84051513671875,0.9186670780181885,162.70046997070312,104.84330749511719,0.9655148386955261,143.87405395507812,121.33940887451172,0.5803353190422058,172.66537475585938,180.70750427246094,0.8324438333511353,191.24551391601562,194.76304626464844,0.9340010285377502,128.9116973876953,189.68177795410156,0.9988246560096741
329,223.7903594970703,135.14401245117188,0.9853528141975403,201.77932739257812,200.1731719970703,0.9089422225952148,202.44886779785156,164.3358154296875,0.8973342180252075,187.9133758544922,162.6962890625,0.9912866950035095,162.20298767089844,162.44439697265625,0.9989179372787476,137.04917907714844,162.367919921875,0.9993313550949097,211.13380432128906,148.27552795410156,0.9314640760421753,163.58224487304688,104.91570281982422,0.9441608786582947,145.90322875976562,120.97764587402344,0.47449415922164917,172.66537475585938,180.70750427246094,0.8792448043823242,183.36337280273438,191.65866088867188,0.9744654893875122,128.7173309326172,189.6077117919922,0.9987425208091736
330,223.7903594970703,135.0819854736328,0.9727474451065063,203.00949096679688,199.82229614257812,0.8008744716644287,202.44886779785156,164.3358154296875,0.8302552103996277,185.69589233398438,163.12539672851562,0.9878218770027161,162.20298767089844,162.44439697265625,0.998934805393219,137.0883026123047,162.3420867919922,0.9994058609008789,211.02967834472656,148.3327178955078,0.9076538681983948,163.58224487304688,104.99007415771484,0.968576967716217,146.0787811279297,120.9002685546875,0.5241287350654602,172.7709197998047,180.56234741210938,0.8388417363166809,182.57716369628906,191.63211059570312,0.9925496578216553,128.7173309326172,189.55853271484375,0.9989253878593445
331,223.7903594970703,134.318359375,0.9385596513748169,204.01197814941406,198.78271484375,0.5755099654197693,203.4890899658203,164.14622497558594,0.750352680683136,185.59178161621094,163.12539672851562,0.9816686511039734,162.13636779785156,162.81500244140625,0.999076247215271,137.76856994628906,162.22068786621094,0.9994589686393738,210.66217041015625,148.3327178955078,0.9329668283462524,163.83343505859375,109.85882568359375,0.9532698392868042,147.11248779296875,120.85867309570312,0.7144055962562561,175.25692749023438,180.30767822265625,0.830963134765625,182.4777374267578,191.62594604492188,0.996672511100769,128.7173309326172,189.52984619140625,0.9990572333335876
332,225.06248474121094,133.77902221679688,0.9459643959999084,210.5949249267578,198.1920928955078,0.33501750230789185,204.1604766845703,163.961669921875,0.6773009896278381,185.69589233398438,162.7886199951172,0.9721025228500366,162.20298767089844,162.81500244140625,0.9986178874969482,138.69671630859375,162.3420867919922,0.9994945526123047,210.62744140625,148.3327178955078,0.9296538829803467,163.83343505859375,110.88742065429688,0.9141311645507812,147.11862182617188,117.00751495361328,0.9043003916740417,175.3170166015625,180.3305206298828,0.7548717260360718,182.4777374267578,191.62594604492188,0.9985736608505249,129.0377197265625,189.4508514404297,0.9991756081581116
333,225.2349090576172,133.59144592285156,0.9311621785163879,213.68577575683594,197.70755004882812,0.6866317987442017,204.2657470703125,161.68312072753906,0.8092453479766846,185.69589233398438,162.7886199951172,0.9739018082618713,162.3111114501953,162.81500244140625,0.9987530708312988,138.69671630859375,162.367919921875,0.9994118213653564,210.66217041015625,147.70291137695312,0.9758852124214172,160.40908813476562,114.44808197021484,0.9450589418411255,148.31201171875,115.83307647705078,0.9362949132919312,175.8588409423828,180.3305206298828,0.8423406481742859,180.91000366210938,191.34100341796875,0.9983553290367126,129.27932739257812,189.4164276123047,0.9990975856781006
334,225.97799682617188,133.29412841796875,0.9307646751403809,215.67367553710938,197.4540252685547,0.866214394569397,204.76077270507812,161.00985717773438,0.8434558510780334,185.744384765625,162.4735565185547,0.9664393067359924,162.41432189941406,162.60430908203125,0.9991657733917236,138.69671630859375,162.44619750976562,0.9995015859603882,210.66217041015625,146.55096435546875,0.967541515827179,155.97967529296875,117.9928970336914,0.9707627892494202,148.89151000976562,115.76638793945312,0.9725898504257202,175.97445678710938,180.3305206298828,0.8161254525184631,179.61346435546875,191.28775024414062,0.9979051351547241,129.4600830078125,189.26187133789062,0.9993256330490112
335,225.97799682617188,132.951171875,0.9453878402709961,218.19740295410156,196.89093017578125,0.9290087223052979,205.10647583007812,160.71133422851562,0.9045409560203552,188.61720275878906,162.3624267578125,0.982275128364563,162.35183715820312,162.17591857910156,0.9994470477104187,138.40696716308594,162.4489288330078,0.9994068145751953,210.68789672851562,145.80795288085938,0.9547796249389648,155.00350952148438,118.23853302001953,0.9944292306900024,195.77810668945312,115.83307647705078,0.9613997340202332,176.37960815429688,180.3305206298828,0.7788851857185364,178.93588256835938,191.28775024414062,0.9976220726966858,129.59197998046875,189.21243286132812,0.9993420243263245
336,225.97799682617188,129.6422119140625,0.8371095657348633,219.71339416503906,196.0988311767578,0.9568556547164917,205.628662109375,160.71133422851562,0.8906395435333252,189.23883056640625,162.21995544433594,0.9844965934753418,162.3668975830078,162.1215362548828,0.9996166229248047,138.40696716308594,162.47579956054688,0.9994619488716125,210.68789672851562,145.78372192382812,0.9303386807441711,155.00350952148438,118.23853302001953,0.9970995187759399,201.39630126953125,117.00751495361328,0.7974771857261658,178.17379760742188,180.35543823242188,0.8979253172874451,177.96466064453125,191.28775024414062,0.9951152801513672,129.62478637695312,189.17208862304688,0.9994229078292847
337,219.3809356689453,118.86759185791016,0.4907430112361908,223.74790954589844,195.31614685058594,0.9454020261764526,206.1681671142578,160.71133422851562,0.8589016199111938,190.34243774414062,162.21795654296875,0.9920836687088013,162.3668975830078,161.9932403564453,0.9997493624687195,138.40696716308594,162.47579956054688,0.9994186162948608,210.68789672851562,145.78372192382812,0.8800677061080933,155.00350952148438,118.23853302001953,0.9975183010101318,201.39630126953125,117.4655532836914,0.9640743732452393,178.9444122314453,180.35543823242188,0.8600672483444214,177.0537109375,191.24549865722656,0.9947224855422974,129.74478149414062,189.14930725097656,0.9993867874145508
338,219.3809356689453,116.02106475830078,0.9553337693214417,224.49981689453125,193.777099609375,0.9864003658294678,206.7975616455078,161.69898986816406,0.9897089600563049,191.61988830566406,161.92120361328125,0.9980752468109131,162.3668975830078,161.90943908691406,0.9998301267623901,138.82864379882812,162.65306091308594,0.9993674159049988,207.7444305419922,145.3486328125,0.9159839749336243,158.02464294433594,117.35409545898438,0.9954544305801392,201.39630126953125,118.60687255859375,0.7970770597457886,183.6134490966797,180.35543823242188,0.8575863838195801,177.0537109375,191.24549865722656,0.9936096668243408,129.76315307617188,188.95985412597656,0.9993569254875183
339,219.3809356689453,116.02106475830078,0.9940720200538635,224.8511199951172,193.0809783935547,0.9946893453598022,207.65283203125,161.69898986816406,0.9988512992858887,191.67501831054688,161.90989685058594,0.9993488192558289,162.35183715820312,161.8649444580078,0.9998778104782104,138.85279846191406,162.71533203125,0.9992582201957703,203.16343688964844,145.3486328125,0.9730019569396973,160.54534912109375,117.18773651123047,0.9941964149475098,143.88233947753906,124.99028015136719,0.698502779006958,221.4652557373047,177.8734588623047,0.8673441410064697,177.0537109375,191.24549865722656,0.9959937334060669,129.93869018554688,188.89556884765625,0.9992139339447021
340,224.09910583496094,116.02106475830078,0.9982298016548157,224.8511199951172,192.31492614746094,0.9962673783302307,207.72203063964844,161.69898986816406,0.9992200136184692,192.5612335205078,161.90989685058594,0.9992275238037109,162.3668975830078,161.62542724609375,0.9998757839202881,139.14157104492188,162.75924682617188,0.9992508292198181,203.1182861328125,144.30032348632812,0.9829971790313721,161.84945678710938,116.59142303466797,0.9983204007148743,143.6239013671875,125.56532287597656,0.7860033512115479,221.4652557373047,177.8734588623047,0.9582639336585999,177.1843719482422,190.998779296875,0.997701108455658,130.12574768066406,188.7065887451172,0.9991410970687866
341,228.1676788330078,116.86389923095703,0.9996059536933899,227.17320251464844,189.84017944335938,0.9968850016593933,208.97669982910156,160.6627960205078,0.9995217323303223,193.1004638671875,161.92120361328125,0.9990602135658264,162.52328491210938,161.1623992919922,0.9998799562454224,139.51979064941406,163.07521057128906,0.9991934895515442,203.1182861328125,143.4348602294922,0.9916415214538574,165.28961181640625,116.59142303466797,0.9990472197532654,143.0153045654297,127.3476791381836,0.9099830985069275,222.2203826904297,177.8734588623047,0.9889421463012695,177.67320251464844,191.24549865722656,0.9973151087760925,130.79165649414062,188.19656372070312,0.9991036057472229
342,230.357177734375,117.63272094726562,0.9996019005775452,228.25416564941406,189.3912811279297,0.997373104095459,210.01593017578125,160.61187744140625,0.9995973706245422,193.1004638671875,161.90989685058594,0.9989118576049805,162.8208770751953,161.1623992919922,0.9998925924301147,140.09695434570312,163.13890075683594,0.9992353916168213,202.2757568359375,143.4348602294922,0.9937481880187988,166.659423828125,116.59142303466797,0.9988555908203125,143.0153045654297,128.63665771484375,0.9294636249542236,222.2203826904297,177.8734588623047,0.9942584037780762,178.66297912597656,191.3963623046875,0.9973698854446411,131.35227966308594,188.18711853027344,0.9990782737731934
343,231.89724731445312,117.63272094726562,0.9995822310447693,230.05885314941406,188.2404327392578,0.997920572757721,210.03225708007812,160.61187744140625,0.9996194839477539,193.35069274902344,161.47779846191406,0.9989036321640015,162.87472534179688,161.1623992919922,0.9998922348022461,140.5746612548828,163.21995544433594,0.9991459846496582,202.2757568359375,143.4348602294922,0.995073139667511,167.7299346923828,116.59142303466797,0.9981918931007385,143.0153045654297,128.70297241210938,0.9484502673149109,223.6962432861328,177.701416015625,0.9958439469337463,179.96311950683594,191.3963623046875,0.9973902106285095,131.46914672851562,187.95013427734375,0.9991403818130493
344,233.1981658935547,117.71629333496094,0.9993141889572144,232.08909606933594,187.2429656982422,0.9970282912254333,210.4241485595703,160.5227813720703,0.9996629953384399,193.54905700683594,159.9841766357422,0.9990705847740173,163.36732482910156,161.30458068847656,0.9998842477798462,140.62879943847656,163.22547912597656,0.9992221593856812,203.23822021484375,143.72402954101562,0.9923614263534546,170.88743591308594,116.59142303466797,0.9964330196380615,143.3351593017578,129.2701416015625,0.964677631855011,226.0325927734375,177.701416015625,0.9953000545501709,179.96311950683594,191.3963623046875,0.9962750673294067,131.7132110595703,187.90274047851562,0.998989999294281
345,234.00338745117188,117.79730224609375,0.9989294409751892,232.789794921875,187.2429656982422,0.989953875541687,212.0898895263672,160.5227813720703,0.9996480941772461,193.7982635498047,159.9841766357422,0.9993921518325806,164.2054901123047,161.36691284179688,0.999883770942688,140.9008026123047,163.40313720703125,0.9990934133529663,204.79257202148438,143.72402954101562,0.9916427135467529,175.79615783691406,116.94351196289062,0.9971031546592712,143.77392578125,129.3973846435547,0.9893288016319275,228.20669555664062,177.15672302246094,0.9978159666061401,179.96311950683594,191.3963623046875,0.9965379238128662,131.77825927734375,187.7987060546875,0.9992363452911377
346,235.741943359375,117.85269165039062,0.9988105297088623,233.91783142089844,187.2429656982422,0.9949139356613159,213.85955810546875,160.17608642578125,0.999616265296936,194.57492065429688,159.9841766357422,0.9995424747467041,165.06483459472656,161.89109802246094,0.9998425245285034,141.59031677246094,163.4125213623047,0.9989356398582458,205.45982360839844,143.72402954101562,0.9869931936264038,178.8558349609375,117.33731842041016,0.9987143278121948,143.96661376953125,130.0014190673828,0.9932706952095032,231.23233032226562,177.15672302246094,0.9982569813728333,177.56362915039062,190.41697692871094,0.9977883100509644,132.36514282226562,187.75099182128906,0.9990973472595215
347,237.37522888183594,118.43171691894531,0.9988861680030823,234.81300354003906,189.6513214111328,0.9975616931915283,216.15345764160156,160.14266967773438,0.9994840621948242,196.30169677734375,160.3006134033203,0.9995860457420349,166.17808532714844,162.36822509765625,0.9997690320014954,142.20484924316406,164.4405059814453,0.9990729093551636,206.47230529785156,142.62698364257812,0.9823927879333496,180.268798828125,118.05537414550781,0.9991270899772644,144.7273712158203,130.58013916015625,0.9941354990005493,233.0399932861328,177.15672302246094,0.998625636100769,177.3072509765625,189.77352905273438,0.9981206059455872,132.40628051757812,187.7338104248047,0.9989598989486694
348,240.35142517089844,118.8512954711914,0.9988598823547363,234.81300354003906,189.6513214111328,0.9974234104156494,217.16958618164062,160.11671447753906,0.9994261264801025,197.80523681640625,160.3006134033203,0.9995429515838623,167.07484436035156,162.56906127929688,0.9995946288108826,142.87344360351562,164.5037841796875,0.999275267124176,206.6357421875,142.3739776611328,0.9828806519508362,182.29464721679688,118.34650421142578,0.9985700845718384,144.75828552246094,130.63998413085938,0.9945201277732849,233.50328063964844,177.15672302246094,0.9988347887992859,177.05030822753906,189.03526306152344,0.9984281063079834,132.7838897705078,187.75099182128906,0.9989407658576965
349,240.80398559570312,119.0781478881836,0.9991104006767273,236.76634216308594,189.6513214111328,0.997435986995697,217.16958618164062,160.11671447753906,0.9991108775138855,198.47885131835938,160.3006134033203,0.9995168447494507,167.21856689453125,162.56906127929688,0.9994926452636719,143.24468994140625,164.62069702148438,0.9992861151695251,206.88607788085938,141.77011108398438,0.9827482104301453,183.48739624023438,118.34650421142578,0.9977351427078247,144.75828552246094,130.66342163085938,0.9949837923049927,235.6336669921875,177.15672302246094,0.9984965324401855,177.3072509765625,189.03526306152344,0.9987908005714417,132.93846130371094,187.75099182128906,0.9989898800849915
350,240.80398559570312,119.0781478881836,0.9989609718322754,239.23863220214844,188.42755126953125,0.9973970651626587,217.16958618164062,160.11671447753906,0.9988314509391785,198.48155212402344,160.13247680664062,0.9994558691978455,167.35211181640625,162.56906127929688,0.9995015859603882,143.3346710205078,164.5037841796875,0.9993818998336792,207.03590393066406,141.247314453125,0.9767770171165466,183.62416076660156,118.34650421142578,0.9979524612426758,144.75828552246094,130.67391967773438,0.9948728680610657,236.66250610351562,176.51731872558594,0.9972917437553406,177.3072509765625,189.03526306152344,0.9988808035850525,133.06004333496094,187.712890625,0.9990033507347107
351,240.80398559570312,119.0781478881836,0.9988189339637756,240.20187377929688,186.8039093017578,0.9980302453041077,216.44888305664062,160.1273651123047,0.998807430267334,198.48155212402344,159.94383239746094,0.9993501305580139,167.77438354492188,162.52191162109375,0.9993374943733215,143.83192443847656,164.5037841796875,0.9994682669639587,207.03590393066406,141.06207275390625,0.9625486731529236,183.76605224609375,117.57567596435547,0.9975785613059998,144.75828552246094,130.67391967773438,0.9946568012237549,236.66250610351562,175.7834930419922,0.9943998456001282,177.3072509765625,189.36053466796875,0.9989321827888489,133.2244415283203,187.6249542236328,0.9990160465240479
352,239.12403869628906,118.2230453491211,0.9983969330787659,240.98178100585938,186.26278686523438,0.9987678527832031,216.44888305664062,160.15597534179688,0.9988948702812195,198.56488037109375,159.84429931640625,0.9992696642875671,167.918701171875,162.2944793701172,0.9992836117744446,143.9327850341797,164.53726196289062,0.9995111227035522,207.03590393066406,141.06207275390625,0.9581269025802612,183.80416870117188,117.22582244873047,0.9962807297706604,144.75828552246094,130.8319549560547,0.9940576553344727,236.66250610351562,175.0630645751953,0.9889660477638245,177.2428741455078,189.39981079101562,0.998528242111206,133.74563598632812,187.07241821289062,0.9986978769302368
353,239.12403869628906,118.2230453491211,0.998690664768219,242.17489624023438,185.76992797851562,0.9992856383323669,216.44888305664062,160.15597534179688,0.9987255930900574,198.665283203125,159.73394775390625,0.9991245865821838,168.08749389648438,162.07568359375,0.999196469783783,144.3072967529297,164.53726196289062,0.999468982219696,207.33216857910156,141.0580291748047,0.9663456678390503,184.38250732421875,116.34356689453125,0.9948910474777222,144.71951293945312,131.02996826171875,0.9921101927757263,236.5745849609375,175.0630645751953,0.9903006553649902,177.30935668945312,189.52366638183594,0.9984831213951111,134.3634796142578,186.4597930908203,0.9986065030097961
354,239.12403869628906,118.20292663574219,0.998544454574585,242.50987243652344,185.71922302246094,0.9994102716445923,217.0973663330078,160.1273651123047,0.9983261227607727,199.23382568359375,159.73394775390625,0.9990018010139465,168.4427490234375,161.956787109375,0.9989032745361328,144.7395782470703,164.45335388183594,0.9995249509811401,207.33216857910156,141.02366638183594,0.9637874960899353,185.5010528564453,116.1284408569336,0.9954053163528442,144.7241973876953,131.3096923828125,0.9917784333229065,236.48748779296875,174.89857482910156,0.9904593229293823,177.4099884033203,190.44085693359375,0.998889148235321,134.6639862060547,186.26943969726562,0.9984220266342163
355,241.46351623535156,117.39729309082031,0.998600423336029,242.76705932617188,185.71922302246094,0.9994240999221802,218.2266845703125,159.94187927246094,0.9975183010101318,200.30088806152344,159.73394775390625,0.9989020824432373,169.9739990234375,161.526611328125,0.9990332126617432,145.03256225585938,164.3478240966797,0.9994339346885681,207.33216857910156,140.66839599609375,0.9548482298851013,187.11019897460938,115.15838623046875,0.9951502680778503,144.7241973876953,131.34361267089844,0.993261992931366,236.0674285888672,174.8198699951172,0.9853181838989258,179.83554077148438,191.03472900390625,0.9989396929740906,135.05113220214844,186.09979248046875,0.9985480904579163
356,241.46351623535156,117.1466293334961,0.9990382194519043,244.32765197753906,183.9601593017578,0.9994564652442932,218.7394256591797,159.34249877929688,0.9980894923210144,200.72093200683594,159.49729919433594,0.998938262462616,170.3670654296875,161.47921752929688,0.9991784691810608,145.17518615722656,164.27696228027344,0.9995077848434448,207.33216857910156,140.6663360595703,0.9462816715240479,189.1177215576172,115.12252044677734,0.9958279728889465,144.7241973876953,131.34361267089844,0.992660641670227,235.1852264404297,174.73382568359375,0.946931004524231,179.83554077148438,191.03472900390625,0.9988982677459717,135.06820678710938,186.07017517089844,0.998408854007721
357,241.46351623535156,116.53372955322266,0.9992498755455017,245.3144989013672,182.99073791503906,0.9992283582687378,219.12200927734375,158.75767517089844,0.9983665347099304,201.35586547851562,159.06524658203125,0.9992184638977051,170.90225219726562,161.41009521484375,0.999079704284668,145.90875244140625,164.1300811767578,0.9995245933532715,207.33216857910156,140.4988555908203,0.9479165077209473,193.9194793701172,113.23600006103516,0.9970557689666748,144.7241973876953,131.5320587158203,0.9892055988311768,235.12965393066406,174.73382568359375,0.8720403909683228,179.83554077148438,191.03472900390625,0.9987797141075134,135.05113220214844,185.9713592529297,0.9983955025672913
358,240.82687377929688,114.19605255126953,0.9986298084259033,247.7708282470703,180.63157653808594,0.9991771578788757,219.46995544433594,158.22235107421875,0.9982643723487854,201.97862243652344,158.40924072265625,0.9992483258247375,171.67945861816406,161.199951171875,0.9990139007568359,146.69522094726562,163.7442169189453,0.999523401260376,207.0204620361328,140.42662048339844,0.9501774311065674,195.5889434814453,112.9290771484375,0.9971350431442261,144.72695922851562,131.5320587158203,0.988377034664154,224.9902801513672,174.73382568359375,0.7683738470077515,178.4010467529297,190.2075958251953,0.9987251162528992,135.05113220214844,185.834716796875,0.9986244440078735
359,234.91038513183594,111.91485595703125,0.9973787069320679,248.9439239501953,178.3317413330078,0.9986793398857117,220.23414611816406,157.52516174316406,0.9979614019393921,202.93370056152344,157.7833251953125,0.9991639852523804,172.41571044921875,161.199951171875,0.99893718957901,147.38690185546875,163.74183654785156,0.999560534954071,206.77239990234375,140.0564727783203,0.9347590208053589,196.47203063964844,112.88421630859375,0.9970270991325378,144.72695922851562,131.64878845214844,0.9915058016777039,221.48419189453125,175.7646026611328,0.8182390332221985,178.4010467529297,190.2075958251953,0.9988677501678467,133.83755493164062,184.103759765625,0.9987720847129822
360,232.18515014648438,111.90861511230469,0.994852602481842,250.29360961914062,177.37962341308594,0.9987075328826904,220.92349243164062,156.32662963867188,0.9977320432662964,203.92205810546875,157.59185791015625,0.9988623857498169,172.51431274414062,161.199951171875,0.9989681243896484,147.49893188476562,163.74183654785156,0.9995037317276001,206.77239990234375,138.8984832763672,0.8837406635284424,197.80691528320312,112.74028015136719,0.9959153532981873,144.72695922851562,129.7227783203125,0.9913353323936462,221.14488220214844,175.7646026611328,0.9008859992027283,178.4010467529297,190.11070251464844,0.9990137815475464,133.68325805664062,183.9993133544922,0.9987909197807312
361,229.6246795654297,109.40509796142578,0.9955136179924011,250.5743865966797,176.90444946289062,0.9979599714279175,220.92349243164062,155.20240783691406,0.9956242442131042,204.0118408203125,157.09829711914062,0.9985470175743103,172.93421936035156,161.199951171875,0.9990560412406921,147.62777709960938,163.7146453857422,0.9995290040969849,206.77239990234375,138.02090454101562,0.8051885962486267,197.80691528320312,112.54261016845703,0.9946836829185486,144.56878662109375,131.64878845214844,0.9904271364212036,221.0086212158203,175.7646026611328,0.9345130920410156,178.44613647460938,190.11070251464844,0.9989460110664368,133.68325805664062,183.97645568847656,0.9987854361534119
362,227.73123168945312,109.18062591552734,0.9913262724876404,250.85049438476562,174.2858428955078,0.9980342984199524,220.92349243164062,154.5403289794922,0.9919208288192749,204.0118408203125,156.8402557373047,0.9975304007530212,173.2450714111328,161.199951171875,0.9989936947822571,147.636962890625,163.70631408691406,0.9995335340499878,207.07827758789062,136.5362091064453,0.7054370045661926,197.80691528320312,111.91454315185547,0.9936916828155518,144.42308044433594,129.6153106689453,0.9896233677864075,221.0086212158203,175.08743286132812,0.9371129870414734,178.98431396484375,190.243896484375,0.998928964138031,133.83755493164062,183.86387634277344,0.9986750483512878
363,225.32798767089844,109.10652160644531,0.9862232804298401,254.14454650878906,172.07394409179688,0.9969961643218994,220.828369140625,150.6594696044922,0.9872704744338989,204.3468780517578,156.4381561279297,0.996440589427948,175.09039306640625,159.937255859375,0.9989872574806213,148.02806091308594,163.70631408691406,0.9994701743125916,207.55699157714844,135.64334106445312,0.6840378642082214,197.80691528320312,110.4875717163086,0.9911463856697083,144.42308044433594,129.1109619140625,0.9908071160316467,221.00552368164062,175.08743286132812,0.9103579521179199,179.8751220703125,190.4906463623047,0.9985224604606628,134.39846801757812,183.77296447753906,0.9982757568359375
364,223.61924743652344,109.10652160644531,0.9839312434196472,255.85671997070312,171.2755126953125,0.997128427028656,220.8043212890625,149.7896728515625,0.9898636937141418,204.3468780517578,156.24444580078125,0.9971230626106262,175.1192169189453,159.65310668945312,0.9991169571876526,148.5404052734375,163.5396728515625,0.9993311166763306,208.6500244140625,133.27845764160156,0.7639641761779785,197.7463836669922,110.06090545654297,0.9855068922042847,144.56878662109375,129.1109619140625,0.9912682771682739,221.00552368164062,175.08743286132812,0.9488340020179749,180.03915405273438,190.68617248535156,0.9985363483428955,134.46533203125,183.6554718017578,0.9984801411628723
365,219.431884765625,109.40509796142578,0.9134079217910767,256.4045715332031,168.93008422851562,0.992563784122467,220.8043212890625,149.7896728515625,0.9873532056808472,204.3468780517578,155.95083618164062,0.9969021081924438,175.23365783691406,159.5293426513672,0.9993103742599487,148.765625,163.1022491455078,0.9991880059242249,209.31939697265625,132.0590362548828,0.6462211012840271,197.29295349121094,110.06090545654297,0.9876576662063599,144.62966918945312,129.5630340576172,0.9892162084579468,221.00552368164062,175.20582580566406,0.9283894896507263,180.03915405273438,190.9087677001953,0.998063862323761,134.5267791748047,183.01971435546875,0.9981542229652405
366,219.431884765625,110.95919036865234,0.7805823683738708,256.4045715332031,168.85736083984375,0.9924694895744324,220.828369140625,149.7896728515625,0.9860440492630005,204.45254516601562,155.6057891845703,0.9962893724441528,175.40760803222656,159.17987060546875,0.9993748068809509,149.26234436035156,162.8591766357422,0.9991412162780762,209.67208862304688,132.0590362548828,0.43638917803764343,197.31105041503906,110.06090545654297,0.9920883774757385,144.7086181640625,129.5630340576172,0.9896037578582764,220.8491973876953,175.20582580566406,0.9197582006454468,180.03915405273438,191.01634216308594,0.9982082843780518,135.0183563232422,183.01478576660156,0.9974602460861206
367,219.431884765625,118.80328369140625,0.49705591797828674,254.14454650878906,168.85736083984375,0.989597499370575,222.12432861328125,152.3312530517578,0.9747564792633057,205.1813201904297,155.4925537109375,0.9949252605438232,175.9847412109375,159.17987060546875,0.9995173215866089,149.84536743164062,162.74183654785156,0.9987779259681702,211.4755096435547,132.0590362548828,0.4531403183937073,197.31105041503906,112.03351593017578,0.9844494462013245,144.93899536132812,129.89157104492188,0.9914707541465759,220.67068481445312,175.20582580566406,0.9491429328918457,180.0238800048828,191.0229034423828,0.998393714427948,135.52525329589844,183.01478576660156,0.9970532655715942
368,224.3941650390625,118.80328369140625,0.796465277671814,253.11761474609375,168.85736083984375,0.988338828086853,222.31541442871094,152.79563903808594,0.9578893780708313,205.38819885253906,155.3826446533203,0.9913058876991272,176.21051025390625,159.1708221435547,0.999607503414154,150.1913604736328,162.66502380371094,0.9986299276351929,212.04112243652344,132.0590362548828,0.3296773433685303,196.75990295410156,112.69633483886719,0.9517031908035278,144.9645233154297,129.91897583007812,0.9908695220947266,219.64633178710938,174.64227294921875,0.8862967491149902,179.99331665039062,191.01634216308594,0.9982617497444153,135.52525329589844,183.01971435546875,0.9965747594833374
369,226.90333557128906,118.80328369140625,0.9532312154769897,251.8638916015625,170.33029174804688,0.9874144196510315,222.4405517578125,152.79563903808594,0.949688196182251,205.65309143066406,155.3389892578125,0.9915229082107544,176.22682189941406,159.1663818359375,0.9996488094329834,150.66481018066406,162.6637725830078,0.9983124732971191,212.5868377685547,132.0590362548828,0.5602893233299255,196.75990295410156,112.69633483886719,0.9114115238189697,144.99411010742188,129.99595642089844,0.9875483512878418,219.55406188964844,174.0431671142578,0.8790826797485352,179.7733154296875,190.9087677001953,0.9977124929428101,135.52525329589844,183.0447998046875,0.9971701502799988
370,230.12942504882812,117.62680053710938,0.9751120209693909,250.3741455078125,170.97145080566406,0.9862915873527527,222.31541442871094,152.79563903808594,0.9478139281272888,205.7797088623047,154.8920440673828,0.9928244352340698,176.28688049316406,158.97120666503906,0.9996277093887329,150.7263641357422,162.65354919433594,0.9984256029129028,215.02113342285156,130.66526794433594,0.6869732141494751,196.6759796142578,112.69633483886719,0.9094217419624329,145.16720581054688,130.01162719726562,0.9858282804489136,219.19346618652344,173.3960723876953,0.8837839961051941,179.54281616210938,190.8607940673828,0.9975842237472534,134.4552001953125,183.50718688964844,0.9975475668907166
371,231.68568420410156,117.08944702148438,0.976952075958252,249.3451690673828,170.9912109375,0.9879343509674072,222.12432861328125,152.1569366455078,0.9418821930885315,206.4721221923828,154.15191650390625,0.9924597144126892,176.33187866210938,158.75865173339844,0.999646782875061,150.88031005859375,162.59344482421875,0.9982008934020996,217.6206512451172,130.66526794433594,0.5579380989074707,196.0491180419922,112.63351440429688,0.9277704358100891,145.25274658203125,130.57960510253906,0.9858236312866211,219.05050659179688,172.60562133789062,0.850415050983429,179.54281616210938,190.76547241210938,0.9977286458015442,134.4552001953125,183.50718688964844,0.9977529644966125
372,233.330810546875,116.73771667480469,0.9826779961585999,248.43777465820312,171.58079528808594,0.9845638275146484,222.31541442871094,147.9308319091797,0.9787463545799255,206.85186767578125,153.66671752929688,0.9949997663497925,176.36595153808594,158.42941284179688,0.9996606111526489,151.34947204589844,162.59344482421875,0.9981421232223511,217.70989990234375,130.66526794433594,0.5110211372375488,196.0491180419922,112.62139892578125,0.9635326862335205,145.51930236816406,130.57960510253906,0.9857292175292969,219.04852294921875,171.93479919433594,0.8838045597076416,179.54281616210938,190.72528076171875,0.9976254105567932,134.4552001953125,183.50718688964844,0.9980806112289429
373,236.4498291015625,115.60910034179688,0.9875770807266235,246.11257934570312,171.58079528808594,0.9892643094062805,222.4405517578125,147.70887756347656,0.9924846291542053,207.0543212890625,152.83554077148438,0.9974621534347534,176.57144165039062,158.2612762451172,0.9996910095214844,151.99951171875,162.5645751953125,0.9979056119918823,222.496826171875,130.19590759277344,0.3890821933746338,196.67015075683594,112.39026641845703,0.9736731648445129,145.51930236816406,130.71194458007812,0.9869832992553711,218.91493225097656,171.6389923095703,0.9026751518249512,179.54281616210938,190.37782287597656,0.9974754452705383,135.3092498779297,183.29464721679688,0.9981508851051331
374,242.0097198486328,115.49552917480469,0.9953936338424683,245.9799346923828,171.61038208007812,0.9931796789169312,222.60086059570312,147.01437377929688,0.9960339665412903,207.6697998046875,152.14013671875,0.9980142116546631,177.21359252929688,158.00338745117188,0.9996845722198486,152.0429229736328,162.55999755859375,0.9972969889640808,223.51571655273438,130.19590759277344,0.3596382439136505,196.67015075683594,112.03448486328125,0.9775070548057556,145.51930236816406,130.8251190185547,0.987297773361206,218.91493225097656,170.50018310546875,0.9230085611343384,179.57725524902344,189.48526000976562,0.9969519376754761,138.54269409179688,183.21778869628906,0.9977251887321472
375,244.3574981689453,114.5678939819336,0.9983376264572144,245.77891540527344,172.06692504882812,0.9948686361312866,222.60086059570312,147.01437377929688,0.9968198537826538,208.47286987304688,151.8905029296875,0.9986612796783447,178.337158203125,157.95559692382812,0.9996647834777832,152.40798950195312,162.40541076660156,0.9979069232940674,225.7687530517578,129.5119171142578,0.3916459083557129,196.67015075683594,110.58392333984375,0.9821001887321472,145.4932403564453,131.2564239501953,0.9896824955940247,219.04852294921875,170.50018310546875,0.9284300804138184,179.57725524902344,188.8591766357422,0.9965613484382629,139.94094848632812,182.93911743164062,0.9973393082618713
376,247.00845336914062,114.37970733642578,0.9985606074333191,245.7288818359375,174.36001586914062,0.9949157238006592,222.7293701171875,147.0143280029297,0.9966637492179871,209.3066864013672,151.23294067382812,0.998677670955658,178.5314483642578,157.76812744140625,0.9997010827064514,153.24783325195312,162.39947509765625,0.9981728792190552,229.1947021484375,125.09740447998047,0.5794045329093933,199.06207275390625,106.31912231445312,0.9856336712837219,145.4932403564453,131.39866638183594,0.9895184636116028,218.818603515625,170.50018310546875,0.9309536218643188,179.42738342285156,188.65951538085938,0.9957921504974365,141.10189819335938,182.93911743164062,0.9965187311172485
377,248.7086639404297,114.0140151977539,0.9984233379364014,245.52392578125,177.45391845703125,0.9937280416488647,223.19583129882812,146.90953063964844,0.9968655705451965,210.27760314941406,150.35198974609375,0.9991583824157715,178.6313018798828,157.71157836914062,0.9996570348739624,153.62356567382812,162.22166442871094,0.9990328550338745,231.04759216308594,124.894287109375,0.7910470962524414,199.75169372558594,104.8806381225586,0.9905169606208801,145.4932403564453,131.39866638183594,0.9888750314712524,218.6542205810547,171.25323486328125,0.9107990860939026,179.07601928710938,186.4891815185547,0.987270712852478,142.81130981445312,181.1943359375,0.9845443367958069
378,248.8658447265625,114.0140151977539,0.9982239603996277,245.21511840820312,178.41664123535156,0.9964458346366882,223.19583129882812,146.77670288085938,0.9950026869773865,210.76182556152344,149.85316467285156,0.9990676045417786,179.05184936523438,156.8788604736328,0.9997139573097229,155.00747680664062,162.15127563476562,0.9993483424186707,232.67626953125,124.894287109375,0.7932046055793762,201.092529296875,103.6447982788086,0.9845446348190308,145.63739013671875,131.2564239501953,0.9846459031105042,218.13473510742188,171.25323486328125,0.9053804874420166,179.07601928710938,185.7415771484375,0.9750589728355408,144.81753540039062,181.1943359375,0.5826351642608643
379,248.8658447265625,114.0140151977539,0.9971408843994141,244.6957550048828,179.18333435058594,0.9948410391807556,223.19583129882812,146.4801483154297,0.9901669025421143,210.76182556152344,149.48013305664062,0.9987767338752747,179.32339477539062,156.45901489257812,0.9997469782829285,156.28623962402344,162.15127563476562,0.9994193315505981,233.34274291992188,124.894287109375,0.8402596712112427,202.08316040039062,100.88710021972656,0.9811914563179016,145.67361450195312,131.2529296875,0.9868733286857605,217.64874267578125,171.25323486328125,0.8675900101661682,179.07601928710938,185.16603088378906,0.9626906514167786,157.31797790527344,179.71055603027344,0.28770023584365845
380,248.7086639404297,114.88780212402344,0.9960474371910095,244.27725219726562,179.77818298339844,0.9940711855888367,223.829345703125,145.92233276367188,0.9887021780014038,210.76182556152344,149.2383575439453,0.9989067316055298,179.53436279296875,156.37704467773438,0.9997406601905823,156.34922790527344,162.22166442871094,0.9994459748268127,233.96157836914062,124.894287109375,0.8773500323295593,204.01463317871094,98.59730529785156,0.9391469359397888,145.7135009765625,131.19578552246094,0.9882776141166687,217.64874267578125,170.495849609375,0.8558598756790161,179.28224182128906,185.1457061767578,0.9530602097511292,175.08738708496094,181.1943359375,0.23184068500995636
381,248.7086639404297,115.78514862060547,0.9950439929962158,243.3633575439453,179.91815185546875,0.9885249733924866,224.1063232421875,145.92233276367188,0.9876731038093567,209.76315307617188,147.2942352294922,0.9988101720809937,180.0926971435547,156.20765686035156,0.9996886253356934,156.6939697265625,162.50741577148438,0.9992820620536804,234.744384765625,125.4046859741211,0.8777886033058167,204.01463317871094,98.59730529785156,0.8864635229110718,146.06617736816406,130.96368408203125,0.9888866543769836,217.43719482421875,170.24807739257812,0.8134020566940308,179.3850555419922,183.87001037597656,0.9494150280952454,176.93251037597656,190.51976013183594,0.28133830428123474
382,248.29788208007812,116.96127319335938,0.9946860074996948,242.6070556640625,180.39642333984375,0.9887086749076843,224.66029357910156,145.76165771484375,0.9929479360580444,209.76315307617188,147.2897186279297,0.9991126656532288,180.55157470703125,156.142333984375,0.999545156955719,157.19723510742188,162.5640106201172,0.9991568326950073,234.87049865722656,125.47605895996094,0.8949810266494751,204.01463317871094,98.59730529785156,0.9148027896881104,146.33326721191406,130.88259887695312,0.9916980266571045,217.39654541015625,169.83056640625,0.8406949639320374,179.3850555419922,182.4458465576172,0.9313206076622009,176.93251037597656,190.51976013183594,0.40487632155418396
383,248.0542449951172,117.93505096435547,0.9921830296516418,241.89295959472656,180.42843627929688,0.9828586578369141,225.15328979492188,145.76165771484375,0.9936089515686035,209.76315307617188,147.2897186279297,0.9991809725761414,180.9970703125,156.127197265625,0.9994797110557556,157.90533447265625,162.5640106201172,0.9990150928497314,234.9199676513672,125.78123474121094,0.9067447185516357,195.84097290039062,109.114501953125,0.9377325177192688,146.36253356933594,130.57276916503906,0.9935513734817505,217.39654541015625,169.83056640625,0.8395184874534607,179.28224182128906,181.25331115722656,0.9459192752838135,176.93251037597656,189.95928955078125,0.6006187200546265
384,247.64064025878906,118.76919555664062,0.9889978766441345,241.89295959472656,181.2940673828125,0.9858859777450562,226.18017578125,146.0574188232422,0.9905836582183838,210.879638671875,147.2942352294922,0.9992818236351013,181.26422119140625,156.11236572265625,0.9994363188743591,158.0768280029297,162.5640106201172,0.998984158039093,236.01719665527344,126.98600006103516,0.9014136791229248,194.36953735351562,109.74517822265625,0.9780707955360413,146.36253356933594,130.41282653808594,0.9944220185279846,217.259033203125,169.83056640625,0.8628523945808411,178.89474487304688,181.25331115722656,0.9720122814178467,175.4585723876953,190.04652404785156,0.6662329435348511
385,246.39749145507812,119.5727310180664,0.9695979952812195,241.89295959472656,181.89083862304688,0.9873616695404053,226.68431091308594,146.20767211914062,0.9871707558631897,211.6487274169922,147.52450561523438,0.9989135265350342,181.56878662109375,156.11236572265625,0.9994508624076843,158.0885009765625,162.5640106201172,0.9988842606544495,236.01719665527344,128.3128662109375,0.8663199543952942,192.8413543701172,111.07829284667969,0.992142915725708,146.36253356933594,130.10269165039062,0.9961068034172058,217.22755432128906,170.04666137695312,0.8832929134368896,178.89474487304688,181.25331115722656,0.9760987162590027,175.4585723876953,190.04652404785156,0.6819610595703125
386,246.39749145507812,119.5727310180664,0.967438817024231,242.49560546875,184.0177001953125,0.9935349225997925,227.615234375,146.30804443359375,0.9882638454437256,212.33038330078125,147.82901000976562,0.9987836480140686,181.87786865234375,156.11236572265625,0.9994294047355652,158.23458862304688,162.5640106201172,0.9989123344421387,236.01719665527344,128.58502197265625,0.8671464920043945,192.564453125,111.3025894165039,0.9951074123382568,146.36253356933594,130.04681396484375,0.9963100552558899,216.7785186767578,170.8125457763672,0.9026708602905273,178.89474487304688,181.35885620117188,0.9744934439659119,175.4585723876953,190.04652404785156,0.6610103845596313
387,246.13499450683594,119.5727310180664,0.9437795281410217,243.6995391845703,184.7471923828125,0.9952196478843689,228.2906951904297,146.3302764892578,0.9843156933784485,212.5953826904297,148.0830078125,0.9984095692634583,182.0502471923828,156.1688232421875,0.9994227886199951,158.28665161132812,164.3415069580078,0.9990140199661255,235.32174682617188,129.70883178710938,0.8244537711143494,192.1392822265625,111.3025894165039,0.9961318969726562,146.36253356933594,130.01263427734375,0.9966040849685669,216.7785186767578,170.98556518554688,0.9322182536125183,178.8803253173828,181.83233642578125,0.9717512726783752,174.5906982421875,190.04652404785156,0.6654101014137268
388,245.92156982421875,118.21831512451172,0.8322502374649048,245.4874267578125,184.7471923828125,0.9970853924751282,228.94480895996094,146.74884033203125,0.9837987422943115,212.7793731689453,148.94717407226562,0.9978237152099609,182.2785186767578,156.6234893798828,0.9993477463722229,158.43283081054688,164.65115356445312,0.9991683959960938,234.95010375976562,132.33242797851562,0.7680484056472778,191.97503662109375,111.3025894165039,0.9963149428367615,146.66537475585938,129.98199462890625,0.9971438050270081,216.7785186767578,171.71934509277344,0.9607627391815186,179.18666076660156,181.83233642578125,0.9781584739685059,174.2828826904297,190.04652404785156,0.7063065767288208
389,245.92156982421875,105.63688659667969,0.9123883247375488,247.91891479492188,184.87020874023438,0.9969764947891235,229.02120971679688,147.0541229248047,0.9910783171653748,212.7793731689453,149.43943786621094,0.9982377290725708,182.40830993652344,156.79031372070312,0.9991844296455383,159.05862426757812,164.8480224609375,0.9991726279258728,233.30587768554688,132.33242797851562,0.7282984256744385,191.5262451171875,110.9472885131836,0.9971801042556763,146.8780059814453,129.955078125,0.9973522424697876,216.7785186767578,171.9048614501953,0.9774793982505798,179.5064239501953,181.83233642578125,0.9857412576675415,170.54129028320312,189.72337341308594,0.8383700251579285
390,246.76983642578125,105.22791290283203,0.9783308506011963,248.02676391601562,184.87020874023438,0.996423065662384,229.20965576171875,147.0911865234375,0.9964693784713745,212.83998107910156,149.48263549804688,0.9986377358436584,182.4200897216797,156.83094787597656,0.999139666557312,159.90997314453125,165.14010620117188,0.9993003606796265,233.1082305908203,132.33242797851562,0.8807351589202881,191.26956176757812,110.38005065917969,0.9970545768737793,147.4586181640625,129.8950958251953,0.9974453449249268,216.7785186767578,172.70570373535156,0.9746013283729553,179.9388427734375,181.43101501464844,0.9805985689163208,170.54129028320312,188.63397216796875,0.8673248291015625
391,246.88433837890625,105.1113052368164,0.9902384281158447,250.2906494140625,184.7471923828125,0.997552216053009,229.78219604492188,147.2078399658203,0.9981216788291931,212.99533081054688,149.63841247558594,0.9990019202232361,182.7611083984375,156.91012573242188,0.9989479184150696,161.26947021484375,165.6580810546875,0.9994540810585022,232.3230743408203,132.0254364013672,0.9409474730491638,191.26956176757812,110.34606170654297,0.9968620538711548,151.1591339111328,128.868896484375,0.9977623224258423,214.74658203125,173.16651916503906,0.9851699471473694,182.92605590820312,181.43101501464844,0.9569503664970398,170.54129028320312,188.11184692382812,0.8684968948364258
392,246.88433837890625,104.97144317626953,0.9901235699653625,252.5880584716797,184.08999633789062,0.9965996146202087,231.23609924316406,147.0911865234375,0.9968447685241699,213.15150451660156,150.28292846679688,0.9987156391143799,183.58389282226562,157.00001525878906,0.9984273910522461,162.07192993164062,165.95298767089844,0.9995937943458557,232.3230743408203,131.96395874023438,0.9455869197845459,191.5262451171875,110.32179260253906,0.9971822500228882,151.53286743164062,128.81178283691406,0.9981175661087036,214.74658203125,174.12939453125,0.9874966144561768,183.27406311035156,181.43101501464844,0.9459941387176514,170.61697387695312,188.11184692382812,0.8413302898406982
393,247.1023406982422,104.71592712402344,0.9929665327072144,254.63160705566406,182.94981384277344,0.9971985816955566,233.05442810058594,147.0541229248047,0.9964832067489624,214.56546020507812,150.86874389648438,0.9987601041793823,184.19252014160156,159.22964477539062,0.998909592628479,162.78466796875,166.3031005859375,0.9996731281280518,232.3230743408203,131.7311553955078,0.9539080262184143,191.36813354492188,110.34606170654297,0.997148334980011,152.19058227539062,128.71836853027344,0.998458981513977,214.74658203125,175.34556579589844,0.9829733371734619,211.84368896484375,187.80368041992188,0.9084680080413818,171.1941375732422,188.11184692382812,0.8429235219955444
394,247.26307678222656,104.5510025024414,0.990001916885376,258.94598388671875,182.24197387695312,0.9987810254096985,233.26271057128906,147.1967010498047,0.9916263818740845,215.8763885498047,152.03196716308594,0.997288703918457,185.65843200683594,159.8917999267578,0.9993141889572144,163.61639404296875,166.3031005859375,0.9996811151504517,233.14878845214844,130.96685791015625,0.9576779007911682,191.59957885742188,110.38005065917969,0.9966505169868469,153.0487823486328,128.71836853027344,0.9987245202064514,214.47128295898438,176.5040740966797,0.9816102981567383,211.84368896484375,187.80368041992188,0.919960081577301,173.97425842285156,189.09036254882812,0.8260387778282166
395,247.84327697753906,104.54463958740234,0.9934545755386353,261.52410888671875,182.1007537841797,0.9994117021560669,233.51809692382812,147.1967010498047,0.9958930015563965,216.59974670410156,152.09532165527344,0.9963741898536682,187.1356658935547,159.93641662597656,0.9995187520980835,164.7542266845703,166.3031005859375,0.9996349811553955,233.69671630859375,130.96685791015625,0.9657596945762634,191.79306030273438,110.57052612304688,0.9957492351531982,153.0487823486328,128.7991485595703,0.9986379742622375,215.13902282714844,176.9730987548828,0.9817936420440674,211.84368896484375,187.80368041992188,0.9524323344230652,174.84934997558594,189.6645965576172,0.8764503598213196
396,248.19644165039062,104.33950805664062,0.9933713674545288,261.52410888671875,182.1007537841797,0.9991903901100159,234.4019317626953,147.1967010498047,0.997989296913147,217.4459686279297,152.73240661621094,0.9964261651039124,188.37246704101562,159.93641662597656,0.9994144439697266,165.4732208251953,165.5732421875,0.9996237754821777,233.74400329589844,131.11280822753906,0.9536256194114685,191.79306030273438,110.57052612304688,0.996209979057312,153.0487823486328,128.81178283691406,0.9986257553100586,215.82156372070312,177.0446319580078,0.9847469329833984,183.32044982910156,183.21829223632812,0.9605151414871216,175.2667236328125,189.6853790283203,0.8986214399337769
397,248.19644165039062,104.33950805664062,0.9937812685966492,261.52410888671875,182.24197387695312,0.9974362254142761,236.03968811035156,147.76031494140625,0.9983459711074829,218.74732971191406,152.9991912841797,0.9957681894302368,190.1731414794922,160.01065063476562,0.9993707537651062,167.1921844482422,165.47463989257812,0.9993864297866821,233.74400329589844,131.11280822753906,0.9252274632453918,191.5288543701172,110.57052612304688,0.9963730573654175,152.78915405273438,128.9717559814453,0.9987366795539856,216.12501525878906,177.11105346679688,0.9551001191139221,183.32044982910156,183.05638122558594,0.9466238021850586,175.72830200195312,189.7304229736328,0.925004243850708
398,248.19644165039062,104.54463958740234,0.995375394821167,262.12933349609375,182.1007537841797,0.9876469373703003,236.36021423339844,148.22596740722656,0.9972079396247864,219.71957397460938,153.51173400878906,0.9964002370834351,192.13223266601562,160.01065063476562,0.9994754195213318,167.3062744140625,165.4514617919922,0.9990390539169312,233.9623565673828,131.518310546875,0.9026907682418823,192.03839111328125,110.57052612304688,0.9951716065406799,152.317626953125,128.9717559814453,0.9987194538116455,216.4077911376953,177.9018096923828,0.9260185956954956,183.32044982910156,183.05638122558594,0.9314444065093994,176.4946746826172,190.3520050048828,0.9450539350509644
399,246.33279418945312,104.56201171875,0.9883126616477966,263.40606689453125,182.1007537841797,0.9871408939361572,237.37045288085938,148.4273223876953,0.9935587048530579,221.5120849609375,154.25387573242188,0.9969134330749512,193.2886199951172,160.0904998779297,0.9997033476829529,167.70526123046875,165.4514617919922,0.9991814494132996,234.65769958496094,132.8896942138672,0.7587382197380066,191.5288543701172,110.701416015625,0.9941640496253967,152.317626953125,128.9717559814453,0.9989117383956909,216.66012573242188,177.97857666015625,0.925902783870697,184.05691528320312,183.21829223632812,0.9172866940498352,176.7810516357422,190.38380432128906,0.958178699016571
400,243.10433959960938,104.60885620117188,0.8158808350563049,275.1759033203125,176.86338806152344,0.9957261085510254,239.29583740234375,148.66964721679688,0.9898350834846497,222.61199951171875,154.6893310546875,0.997288703918457,194.01373291015625,160.9080047607422,0.9998410940170288,168.20945739746094,165.4514617919922,0.9994468092918396,237.30859375,133.5345916748047,0.7070520520210266,191.49725341796875,110.701416015625,0.9934813976287842,152.5720672607422,128.71395874023438,0.9986799359321594,216.73683166503906,179.21673583984375,0.9377181529998779,184.16714477539062,183.27169799804688,0.9173117876052856,176.7810516357422,190.61143493652344,0.9627413749694824
401,243.10433959960938,107.81128692626953,0.6445253491401672,275.919677734375,176.45840454101562,0.9966237545013428,240.1961212158203,148.76043701171875,0.9802992343902588,223.2610626220703,156.99935913085938,0.9956979751586914,194.6287384033203,161.51898193359375,0.9998935461044312,168.20945739746094,165.5505828857422,0.9995830655097961,238.8673095703125,133.5345916748047,0.7446185350418091,191.44131469726562,111.0986557006836,0.9907082319259644,152.5720672607422,128.1374969482422,0.9985308647155762,216.78802490234375,179.43569946289062,0.9513009786605835,184.60618591308594,184.2817840576172,0.8498634099960327,176.7810516357422,191.2573699951172,0.9623814225196838
402,243.10433959960938,109.70079803466797,0.5707070231437683,277.2576599121094,171.35610961914062,0.9976356029510498,240.46827697753906,148.76043701171875,0.9807230830192566,224.07662963867188,157.25936889648438,0.9956169128417969,195.33482360839844,161.98077392578125,0.9999114274978638,168.8705291748047,165.75672912597656,0.9996777772903442,239.5239715576172,133.5345916748047,0.7435016632080078,191.49725341796875,111.0986557006836,0.9881069660186768,152.5720672607422,128.06137084960938,0.9985937476158142,217.1613311767578,179.43569946289062,0.9522377252578735,186.23193359375,184.9939422607422,0.7288780808448792,176.41273498535156,191.50372314453125,0.9767846465110779
403,245.07423400878906,118.03868103027344,0.5995738506317139,279.5759582519531,169.54541015625,0.9956348538398743,241.02593994140625,148.98550415039062,0.9705642461776733,225.01002502441406,157.27760314941406,0.9959185719490051,195.6576385498047,162.05812072753906,0.9999366998672485,169.58123779296875,165.75672912597656,0.9997238516807556,239.62326049804688,133.80340576171875,0.7691591382026672,191.49725341796875,111.0986557006836,0.9858204126358032,152.5720672607422,127.74605560302734,0.99777752161026,217.4790802001953,179.43569946289062,0.946076512336731,230.42262268066406,190.80921936035156,0.7936134338378906,176.41273498535156,191.50372314453125,0.9830170273780823
404,245.73109436035156,118.06121063232422,0.7208864092826843,280.93359375,168.80902099609375,0.9961075186729431,241.04531860351562,151.917724609375,0.9737329483032227,225.0177001953125,157.27760314941406,0.9953336119651794,196.3361358642578,162.32765197753906,0.9999369382858276,170.24522399902344,165.75672912597656,0.999788224697113,239.66404724121094,133.80340576171875,0.7345156669616699,192.25050354003906,111.0986557006836,0.9878939986228943,152.97547912597656,127.18281555175781,0.9963938593864441,218.30934143066406,177.84481811523438,0.9680866003036499,230.80027770996094,190.80921936035156,0.8951259255409241,176.28463745117188,191.55850219726562,0.9850059151649475
405,245.73109436035156,118.21614837646484,0.8448875546455383,281.0531921386719,168.40475463867188,0.9951183795928955,241.43228149414062,151.917724609375,0.9630947113037109,225.81166076660156,157.278564453125,0.9926651120185852,197.2242431640625,162.44651794433594,0.9999294281005859,171.0076141357422,165.67955017089844,0.9998183846473694,239.8728485107422,133.80340576171875,0.6749078035354614,193.796630859375,111.0986557006836,0.991094708442688,153.8830108642578,126.88369750976562,0.9958053827285767,218.7591094970703,177.83843994140625,0.9642708897590637,230.86195373535156,190.80921936035156,0.9330742359161377,176.41273498535156,191.57284545898438,0.9826033711433411
406,245.73109436035156,119.29127502441406,0.819905161857605,281.26025390625,167.74749755859375,0.9926989674568176,242.1572265625,151.70986938476562,0.9298202991485596,225.92955017089844,157.278564453125,0.9896386861801147,197.75205993652344,162.4920196533203,0.9999140501022339,171.79103088378906,165.4490203857422,0.9998206496238708,240.26063537597656,134.2620391845703,0.5509141087532043,194.27102661132812,111.20962524414062,0.9745396375656128,155.10716247558594,126.53219604492188,0.9927690029144287,219.59124755859375,177.75262451171875,0.950716495513916,231.21923828125,190.56671142578125,0.9632410407066345,176.50033569335938,191.57284545898438,0.9849611520767212
407,245.901611328125,120.7490005493164,0.6694209575653076,281.26025390625,167.69810485839844,0.9875590205192566,242.23403930664062,151.70986938476562,0.7778005599975586,226.5272216796875,157.2495574951172,0.9758269786834717,198.69139099121094,162.53807067871094,0.9998807907104492,173.1200714111328,165.4490203857422,0.9997493624687195,240.52552795410156,136.21018981933594,0.29369741678237915,197.01502990722656,113.5261001586914,0.9202516078948975,169.64984130859375,125.19122314453125,0.9825981259346008,219.93724060058594,177.83843994140625,0.9111239314079285,231.31259155273438,189.28765869140625,0.9717050194740295,176.50033569335938,191.57284545898438,0.9804117679595947
408,246.04876708984375,120.76573181152344,0.5244960188865662,281.38409423828125,167.58644104003906,0.9806115031242371,242.7069854736328,151.60360717773438,0.7223398685455322,226.5272216796875,157.23345947265625,0.975454568862915,200.1329803466797,162.6178741455078,0.9997703433036804,174.4741973876953,165.4490203857422,0.9996461868286133,240.9273681640625,136.9918975830078,0.15224114060401917,198.54672241210938,113.5261001586914,0.9043592810630798,178.1164093017578,124.65961456298828,0.9749093055725098,220.60519409179688,177.84481811523438,0.8336582779884338,231.8710479736328,189.0533905029297,0.9626569151878357,175.92892456054688,191.57284545898438,0.9807298183441162
409,246.04876708984375,121.42483520507812,0.35520729422569275,281.26025390625,167.1921844482422,0.9756150245666504,243.62596130371094,151.47813415527344,0.5914274454116821,227.97561645507812,157.23345947265625,0.9687827825546265,201.55780029296875,162.6178741455078,0.9994555115699768,174.9687957763672,166.4498748779297,0.999649167060852,241.83926391601562,136.9918975830078,0.09483359754085541,198.62998962402344,113.5582275390625,0.9048396348953247,181.14385986328125,118.58782958984375,0.9581083059310913,240.68057250976562,181.6180419921875,0.5730089545249939,232.43133544921875,189.0533905029297,0.9819337725639343,176.15760803222656,191.49932861328125,0.9839805364608765
410,247.67681884765625,122.74272155761719,0.2643907368183136,281.190185546875,167.1837158203125,0.9679639339447021,244.9221649169922,151.23806762695312,0.440862774848938,228.75242614746094,156.95388793945312,0.9618508219718933,202.7904510498047,162.6178741455078,0.9991115927696228,175.1978759765625,166.72378540039062,0.9997151494026184,241.83926391601562,136.9918975830078,0.06920786201953888,199.70718383789062,113.70594787597656,0.9301736950874329,181.88226318359375,118.58782958984375,0.9443185329437256,240.68057250976562,181.6180419921875,0.4369252324104309,233.51803588867188,189.28765869140625,0.9813045263290405,176.15760803222656,191.0858154296875,0.9832947850227356
411,247.75677490234375,123.21261596679688,0.22527441382408142,281.0279541015625,167.1631622314453,0.9765596389770508,245.95252990722656,151.04078674316406,0.4491746425628662,229.7028045654297,156.6525115966797,0.9687978029251099,203.10182189941406,162.475341796875,0.9989981055259705,176.07669067382812,166.72378540039062,0.9997779726982117,243.17819213867188,136.6166229248047,0.06423869729042053,199.70718383789062,113.81631469726562,0.9448419213294983,181.88226318359375,118.58782958984375,0.9356368184089661,240.68057250976562,181.6180419921875,0.3746466338634491,238.05963134765625,189.83819580078125,0.987023115158081,176.15760803222656,190.86712646484375,0.9920157194137573
412,248.21286010742188,123.21261596679688,0.16931329667568207,280.3215637207031,166.96812438964844,0.9828847646713257,248.34927368164062,146.90542602539062,0.41179561614990234,230.0028533935547,155.93035888671875,0.9795916676521301,203.21490478515625,161.92381286621094,0.9990670084953308,177.07212829589844,166.4498748779297,0.9998102784156799,243.88941955566406,134.63026428222656,0.10341370850801468,199.66517639160156,114.13651275634766,0.9470939636230469,181.88226318359375,118.58785247802734,0.9366393685340881,229.14674377441406,178.9523162841797,0.32726025581359863,239.6730499267578,190.5670166015625,0.9858270883560181,176.57981872558594,190.6595916748047,0.9905932545661926
413,248.21286010742188,123.00320434570312,0.24820777773857117,279.2970886230469,166.9639892578125,0.9838676452636719,249.3238983154297,146.87973022460938,0.6466249227523804,230.65103149414062,155.1268310546875,0.9908272624015808,203.7928009033203,161.38768005371094,0.9991652965545654,178.23727416992188,166.4495849609375,0.9998087286949158,243.98956298828125,133.64630126953125,0.23508164286613464,199.66517639160156,114.28568267822266,0.8877150416374207,180.53561401367188,126.33464813232422,0.9559177160263062,229.14674377441406,178.196044921875,0.48522910475730896,239.68276977539062,190.9883575439453,0.9861771464347839,176.59805297851562,190.6595916748047,0.9906951189041138
414,248.21286010742188,123.00320434570312,0.4146539866924286,279.13250732421875,166.95533752441406,0.9932408332824707,250.52557373046875,146.84725952148438,0.8037819862365723,231.7608642578125,154.30975341796875,0.9933615922927856,204.270263671875,161.33856201171875,0.999339759349823,179.28514099121094,166.33993530273438,0.9998146891593933,243.98956298828125,133.64630126953125,0.5021424293518066,198.9326629638672,114.69822692871094,0.8345816731452942,179.22509765625,126.33464813232422,0.9710839986801147,229.14674377441406,178.17750549316406,0.6658267974853516,240.035400390625,191.26065063476562,0.9857492446899414,176.98971557617188,190.6344451904297,0.9929002523422241
415,248.3400115966797,123.21261596679688,0.283701628446579,279.13250732421875,166.80152893066406,0.9884922504425049,252.0153350830078,146.80825805664062,0.8763269186019897,233.35484313964844,153.29417419433594,0.9956874251365662,205.3641815185547,160.7206573486328,0.9992431402206421,180.47012329101562,166.0746307373047,0.9997490048408508,244.92193603515625,134.63026428222656,0.5397145748138428,198.28427124023438,116.2738037109375,0.8699255585670471,177.0380859375,126.33464813232422,0.9844606518745422,229.39344787597656,178.09230041503906,0.659234881401062,240.035400390625,191.33822631835938,0.9780920147895813,177.48776245117188,190.6344451904297,0.9941266775131226
416,256.766845703125,137.61460876464844,0.20117078721523285,279.13250732421875,166.76486206054688,0.9774461388587952,252.29942321777344,146.50010681152344,0.9185411930084229,235.45709228515625,152.56259155273438,0.996890127658844,205.68930053710938,160.48806762695312,0.9991539716720581,181.213623046875,165.84559631347656,0.999697208404541,253.79193115234375,137.67697143554688,0.570594072341919,197.0177764892578,116.2738037109375,0.9361467361450195,176.57107543945312,126.3201904296875,0.9871450066566467,231.0322265625,178.09230041503906,0.6509882211685181,240.0741729736328,191.36248779296875,0.9757168889045715,177.76486206054688,190.4582977294922,0.9961513876914978
417,257.0991516113281,138.38096618652344,0.2805948257446289,279.6163330078125,166.76486206054688,0.9735090732574463,252.64105224609375,145.91891479492188,0.9033430814743042,236.3977813720703,151.99725341796875,0.9969236254692078,205.9590301513672,160.15985107421875,0.9991975426673889,181.89044189453125,165.8197021484375,0.9996269941329956,253.92250061035156,138.70103454589844,0.6639599204063416,197.0177764892578,116.2738037109375,0.9744536876678467,175.76663208007812,126.3201904296875,0.9855692982673645,231.23028564453125,178.09230041503906,0.5604022741317749,240.0741729736328,191.36248779296875,0.9826174378395081,177.81015014648438,190.4472198486328,0.9962809681892395
418,257.0991516113281,138.38096618652344,0.24688084423542023,279.6163330078125,166.64227294921875,0.9156468510627747,253.45204162597656,145.6685791015625,0.8769271373748779,237.39190673828125,151.9141082763672,0.9958655834197998,207.1740264892578,158.66224670410156,0.9989816546440125,182.93943786621094,165.6192626953125,0.9994062185287476,255.49440002441406,139.07711791992188,0.7825839519500732,197.0177764892578,113.3492660522461,0.9480030536651611,175.5198211669922,126.3201904296875,0.9905057549476624,232.61964416503906,125.4319076538086,0.6086446046829224,240.035400390625,191.4573211669922,0.9797950983047485,177.8754425048828,189.98597717285156,0.9966887831687927
419,256.766845703125,137.61460876464844,0.1633605808019638,279.6163330078125,165.4309539794922,0.9166009426116943,253.53817749023438,144.3661651611328,0.9020512104034424,238.32192993164062,151.2817840576172,0.9969610571861267,208.00244140625,158.65638732910156,0.9992873072624207,183.25877380371094,164.7496795654297,0.9990110397338867,255.49440002441406,139.07711791992188,0.6796795725822449,201.57144165039062,111.04774475097656,0.8821426630020142,175.4359130859375,126.73208618164062,0.995701014995575,233.58543395996094,123.63728332519531,0.6800224184989929,239.8688507080078,191.4573211669922,0.9698752164840698,178.09486389160156,189.6439666748047,0.9976168870925903
420,253.39691162109375,99.68570709228516,0.2939457893371582,279.6163330078125,163.11070251464844,0.8385685682296753,253.99070739746094,144.1503143310547,0.9484190344810486,239.383056640625,150.7812957763672,0.9973395466804504,209.12216186523438,158.53665161132812,0.9993947744369507,183.96194458007812,164.15631103515625,0.9983606934547424,255.49440002441406,138.70103454589844,0.5525823831558228,210.5683135986328,111.0269546508789,0.9263164401054382,174.74240112304688,127.194091796875,0.9965590834617615,235.09727478027344,123.2427978515625,0.7148877382278442,239.8688507080078,191.09803771972656,0.9797996878623962,178.65188598632812,189.39422607421875,0.9981977343559265
421,253.39691162109375,94.90789031982422,0.3025343418121338,253.61215209960938,93.27566528320312,0.8742148280143738,255.86334228515625,143.24180603027344,0.9686583280563354,241.09368896484375,150.01365661621094,0.9974133372306824,209.57899475097656,158.37716674804688,0.999476969242096,184.36524963378906,163.989013671875,0.9989326596260071,244.2830352783203,128.73431396484375,0.4636329710483551,216.73223876953125,110.11296081542969,0.9865694046020508,174.67233276367188,127.2172622680664,0.9972785115242004,235.84609985351562,123.2427978515625,0.829576849937439,239.85073852539062,191.08572387695312,0.9746407270431519,178.6622314453125,188.9619140625,0.9983537197113037
422,253.39691162109375,94.90789031982422,0.3657210171222687,253.61215209960938,93.27566528320312,0.6157381534576416,256.082763671875,142.7630157470703,0.9654474854469299,241.5210723876953,149.81752014160156,0.9969363212585449,210.21939086914062,157.25479125976562,0.9994827508926392,184.45339965820312,163.94989013671875,0.9986758828163147,242.78134155273438,128.26414489746094,0.5410250425338745,223.169189453125,105.85810852050781,0.9635379910469055,174.67233276367188,127.32542419433594,0.9971755743026733,237.97378540039062,121.88395690917969,0.7177978157997131,239.8110809326172,191.09803771972656,0.9662240147590637,178.66664123535156,188.94020080566406,0.998566210269928
423,257.15869140625,94.90789031982422,0.6189536452293396,292.44976806640625,160.31097412109375,0.7083107233047485,257.94354248046875,142.7630157470703,0.989769458770752,243.2016143798828,149.684814453125,0.9981630444526672,210.55665588378906,157.22430419921875,0.9996265172958374,184.91629028320312,163.90322875976562,0.9988407492637634,242.7218780517578,127.47190856933594,0.6244416236877441,224.93832397460938,104.85623931884766,0.9468460083007812,174.74240112304688,127.84455108642578,0.9976902008056641,237.97378540039062,121.88395690917969,0.5150110125541687,239.56167602539062,191.08572387695312,0.963981032371521,178.71595764160156,188.74778747558594,0.9985517859458923
424,260.7445068359375,94.77355194091797,0.8701210021972656,293.58502197265625,160.31097412109375,0.8260778188705444,259.79473876953125,142.6000213623047,0.9970824122428894,243.636962890625,149.53179931640625,0.9990869760513306,210.6563720703125,156.94154357910156,0.9996135830879211,185.43568420410156,163.6158905029297,0.9989920258522034,242.78134155273438,127.47190856933594,0.7086167335510254,227.88583374023438,104.85623931884766,0.9871741533279419,176.3939208984375,128.33663940429688,0.9975692629814148,239.14263916015625,121.88395690917969,0.3329686224460602,239.4573974609375,191.08572387695312,0.9680987000465393,178.7723846435547,188.6348419189453,0.9983904361724854
425,263.20263671875,94.77355194091797,0.9555679559707642,293.083251953125,159.5675506591797,0.9122865200042725,260.5767822265625,142.6614532470703,0.9983207583427429,243.73287963867188,149.42381286621094,0.999387264251709,211.0637664794922,156.480712890625,0.9996143579483032,185.90281677246094,163.473388671875,0.9991365075111389,242.7218780517578,127.47190856933594,0.7901007533073425,230.7526092529297,104.85623931884766,0.989628791809082,176.52191162109375,128.59722900390625,0.9970541000366211,240.33164978027344,128.28912353515625,0.2762545943260193,234.91204833984375,190.5947265625,0.971059262752533,179.09573364257812,188.5266876220703,0.9980220794677734
426,264.4732360839844,95.40103149414062,0.971140444278717,293.5582580566406,159.5675506591797,0.9357457756996155,260.8262939453125,142.6614532470703,0.9985575079917908,243.93426513671875,149.28294372558594,0.9994542002677917,211.4546661376953,156.1802215576172,0.9996603727340698,186.4514923095703,163.21804809570312,0.9992268085479736,242.7218780517578,127.45986938476562,0.7914494276046753,233.1007537841797,105.08463287353516,0.9846751093864441,176.52191162109375,128.61825561523438,0.996798574924469,240.43157958984375,128.28912353515625,0.2730288803577423,234.64125061035156,190.5159149169922,0.9635762572288513,179.36241149902344,188.39634704589844,0.9979220032691956
427,267.36279296875,95.40103149414062,0.9830375909805298,293.5582580566406,159.46971130371094,0.9748370051383972,261.10418701171875,142.6000213623047,0.9991870522499084,244.05227661132812,148.46359252929688,0.9995887875556946,211.73570251464844,155.7466583251953,0.9995692372322083,186.99948120117188,162.88113403320312,0.999219536781311,242.79583740234375,126.46772766113281,0.8543884754180908,233.16876220703125,105.08463287353516,0.9830747246742249,176.3939208984375,128.67681884765625,0.996826171875,240.8441619873047,128.3275909423828,0.3255450129508972,234.64125061035156,190.5159149169922,0.9696957468986511,179.85861206054688,188.39634704589844,0.9973913431167603
428,273.0447998046875,96.5444564819336,0.9861447811126709,293.083251953125,159.46971130371094,0.9514349699020386,261.9952087402344,142.53196716308594,0.999196469783783,245.0825653076172,147.9711456298828,0.9996578693389893,212.3815460205078,155.68026733398438,0.9994962215423584,187.11798095703125,162.88113403320312,0.9992488026618958,243.8088836669922,125.99857330322266,0.8673402667045593,233.20355224609375,105.08463287353516,0.9885311126708984,175.57875061035156,129.25099182128906,0.996316134929657,261.8905334472656,148.92745971679688,0.20939825475215912,234.64125061035156,190.5159149169922,0.9724982976913452,179.85861206054688,188.39634704589844,0.9960373044013977
429,276.9175109863281,96.89666748046875,0.9960771203041077,292.1761474609375,159.5675506591797,0.9504692554473877,262.6144104003906,142.35202026367188,0.9995161294937134,245.6474151611328,147.85533142089844,0.9997265934944153,212.82748413085938,155.64639282226562,0.9994893074035645,187.3946990966797,162.88113403320312,0.9993157386779785,244.0524139404297,125.99857330322266,0.8251118063926697,233.20355224609375,103.77117156982422,0.9929261207580566,175.47850036621094,129.25099182128906,0.9968782663345337,280.5204772949219,149.73117065429688,0.2636486887931824,235.32899475097656,190.51971435546875,0.9802258610725403,180.18116760253906,189.2095489501953,0.9950454235076904
430,279.5615539550781,96.98583221435547,0.9967254400253296,281.07867431640625,180.49032592773438,0.9711469411849976,263.0639953613281,142.35202026367188,0.9996801614761353,246.4470977783203,147.85533142089844,0.9998018145561218,213.40792846679688,155.5349884033203,0.9995195865631104,187.68048095703125,162.7873992919922,0.9994089603424072,244.74505615234375,125.99857330322266,0.8054653406143188,233.6553955078125,103.31767272949219,0.9949126243591309,175.47850036621094,129.25099182128906,0.9965529441833496,280.8767395019531,149.73117065429688,0.5218406319618225,235.7657470703125,190.53697204589844,0.9831989407539368,180.6329345703125,190.2794189453125,0.9952592253684998
431,281.7569885253906,97.27474212646484,0.9959660768508911,281.07867431640625,180.49032592773438,0.9615740776062012,263.7982482910156,142.35202026367188,0.9995830655097961,247.4741668701172,147.76565551757812,0.9998424053192139,214.77273559570312,155.5349884033203,0.9993929862976074,188.42442321777344,162.97976684570312,0.9994623064994812,245.44483947753906,126.11082458496094,0.7940734028816223,233.72341918945312,101.77312469482422,0.997214138507843,175.57875061035156,128.8555450439453,0.9969835877418518,281.317626953125,157.38458251953125,0.7415124773979187,236.3176727294922,190.6808624267578,0.9861321449279785,180.6329345703125,191.02105712890625,0.992191731929779
432,282.4771423339844,97.45194244384766,0.9958760142326355,281.07867431640625,181.00730895996094,0.9913243055343628,264.6278381347656,142.5699920654297,0.9994795918464661,248.647216796875,147.50106811523438,0.9998145699501038,215.8834991455078,155.68026733398438,0.9992196559906006,189.17401123046875,163.1579132080078,0.9994490742683411,245.62554931640625,126.73993682861328,0.7510645985603333,233.76551818847656,101.71351623535156,0.9973458647727966,175.6863250732422,128.73577880859375,0.9975257515907288,281.879150390625,158.30294799804688,0.9389405250549316,236.56224060058594,190.53697204589844,0.9905129671096802,186.68804931640625,191.02166748046875,0.9583640098571777
433,284.5106201171875,97.93047332763672,0.9950385689735413,285.0256042480469,180.81593322753906,0.9942597150802612,265.0911560058594,142.5699920654297,0.9992679953575134,249.3968963623047,147.40419006347656,0.9997133612632751,216.7419891357422,156.39695739746094,0.9992005228996277,191.16978454589844,164.02088928222656,0.9995978474617004,246.0126495361328,127.07649230957031,0.7354972958564758,233.76718139648438,101.05561065673828,0.9979196190834045,175.9145965576172,128.73577880859375,0.9979463219642639,283.68682861328125,159.51638793945312,0.971949577331543,236.56478881835938,190.51971435546875,0.9889670014381409,193.1547393798828,191.6432342529297,0.9283923506736755
434,289.56591796875,100.3924789428711,0.9971985816955566,288.346435546875,180.49032592773438,0.9934549927711487,266.2192077636719,142.5699920654297,0.9993744492530823,249.67562866210938,146.93115234375,0.9995723366737366,217.61416625976562,156.40203857421875,0.9993895292282104,192.5834503173828,164.75616455078125,0.9997416138648987,246.10552978515625,127.07649230957031,0.6853328943252563,233.7972412109375,101.0067138671875,0.9977163076400757,176.24765014648438,128.73577880859375,0.9978017210960388,284.40167236328125,160.80825805664062,0.9763349294662476,237.14688110351562,190.79049682617188,0.987463116645813,196.3330535888672,192.680419921875,0.9385297298431396
435,290.9159240722656,101.4776840209961,0.9980491399765015,288.650634765625,179.7718963623047,0.9947986602783203,266.82977294921875,142.43272399902344,0.9993157386779785,249.74815368652344,146.05911254882812,0.9993174076080322,218.4555206298828,156.40203857421875,0.9995040893554688,193.77279663085938,164.81982421875,0.9998348951339722,246.2758331298828,127.07649230957031,0.6179784536361694,233.76718139648438,100.99552154541016,0.9968459010124207,176.93862915039062,128.98257446289062,0.9978753328323364,284.6192626953125,161.83615112304688,0.971001148223877,237.14688110351562,190.9028778076172,0.9706208109855652,197.70254516601562,193.18357849121094,0.7495104074478149
436,291.7853088378906,101.72050476074219,0.9984884262084961,290.08441162109375,179.7718963623047,0.9972037076950073,268.18890380859375,142.04595947265625,0.9994255304336548,249.74815368652344,145.37506103515625,0.9990993738174438,219.5027618408203,156.39695739746094,0.9994851350784302,195.10694885253906,164.94708251953125,0.9998571872711182,246.3090057373047,126.96084594726562,0.5698323249816895,233.8159637451172,100.9571762084961,0.9962844848632812,177.1592559814453,128.994140625,0.998005211353302,285.587158203125,161.8472900390625,0.959317147731781,237.14688110351562,190.50460815429688,0.9106417894363403,208.54368591308594,193.18357849121094,0.2811060845851898
437,292.0164489746094,101.75776672363281,0.9977900981903076,291.45440673828125,178.40017700195312,0.9954368472099304,268.9537048339844,141.35731506347656,0.999165415763855,249.75604248046875,143.9675750732422,0.998955488204956,220.1278533935547,156.09524536132812,0.9994837045669556,196.22784423828125,165.56991577148438,0.9998624324798584,246.3090057373047,127.16920471191406,0.38363534212112427,233.95826721191406,100.87165069580078,0.9950864911079407,177.50511169433594,129.16278076171875,0.9980740547180176,285.8528137207031,162.13299560546875,0.8656405806541443,236.0848388671875,189.99465942382812,0.863450288772583,212.51953125,193.18357849121094,0.47521644830703735
438,292.9222106933594,101.91236877441406,0.9980727434158325,292.5709228515625,176.71839904785156,0.9972615242004395,269.7107849121094,140.96588134765625,0.9992135763168335,250.31565856933594,143.9675750732422,0.9987812638282776,220.87416076660156,156.0894012451172,0.9995409250259399,197.07980346679688,165.7257080078125,0.9997900128364563,246.48373413085938,127.3763198852539,0.3421703577041626,233.97900390625,100.26473236083984,0.9941521286964417,177.5730438232422,129.2650146484375,0.9980238676071167,286.7754211425781,162.3246612548828,0.8627332448959351,230.6756591796875,188.1229248046875,0.9157121181488037,215.2162628173828,193.18357849121094,0.28673499822616577
439,294.0455627441406,101.97368621826172,0.9984649419784546,294.1081848144531,172.6276397705078,0.9982612729072571,269.7701416015625,140.6659698486328,0.9991750121116638,250.31565856933594,143.9675750732422,0.9985126852989197,221.51182556152344,156.0894012451172,0.9995189905166626,198.0795440673828,166.07037353515625,0.9997132420539856,247.31851196289062,127.58029174804688,0.33593252301216125,233.8159637451172,99.55220794677734,0.994521975517273,178.21641540527344,129.2650146484375,0.997978150844574,286.8272705078125,162.5791015625,0.8069451451301575,229.7090301513672,186.82652282714844,0.9122393131256104,223.02310180664062,193.4944305419922,0.3702421188354492
440,295.6944580078125,101.97368621826172,0.998777449131012,294.78717041015625,171.3804168701172,0.9983722567558289,270.3011169433594,140.55909729003906,0.9992307424545288,251.258544921875,144.11183166503906,0.9981619715690613,222.19149780273438,156.02047729492188,0.9995786547660828,198.86024475097656,166.29965209960938,0.9995872378349304,248.1126251220703,127.3763198852539,0.28928208351135254,233.93238830566406,98.53858947753906,0.9946857690811157,178.393310546875,129.2650146484375,0.9982640147209167,286.8272705078125,162.3246612548828,0.7389870285987854,228.87045288085938,185.5539093017578,0.9062266945838928,223.83905029296875,193.4944305419922,0.264038622379303
441,296.3604431152344,101.97368621826172,0.9979377388954163,297.222412109375,170.36810302734375,0.9983205199241638,270.3131408691406,140.49658203125,0.999238133430481,254.2768096923828,144.761962890625,0.9979934692382812,222.3286590576172,155.99002075195312,0.9995297193527222,199.46389770507812,166.29965209960938,0.9995511174201965,249.13446044921875,127.3763198852539,0.23601692914962769,233.93238830566406,97.81410217285156,0.9955227375030518,178.41915893554688,129.25546264648438,0.9984412789344788,286.8272705078125,162.13299560546875,0.6025965809822083,228.87045288085938,185.5539093017578,0.861282229423523,223.83905029296875,193.4944305419922,0.28581884503364563
442,297.251220703125,101.73951721191406,0.9976235032081604,299.9439697265625,169.31178283691406,0.9976348876953125,271.06085205078125,140.47193908691406,0.9994679093360901,254.57586669921875,144.761962890625,0.9981118440628052,222.67840576171875,155.34713745117188,0.9994296431541443,199.8383026123047,166.29965209960938,0.9995027780532837,251.8730926513672,126.75366973876953,0.2534486651420593,233.93238830566406,97.21403503417969,0.9970597624778748,178.4584503173828,129.07420349121094,0.9986550807952881,266.5485534667969,160.2929229736328,0.5425922274589539,228.87045288085938,185.5539093017578,0.8828713893890381,236.06216430664062,191.37481689453125,0.2822253406047821
443,297.5746154785156,101.67198944091797,0.9979397654533386,301.847412109375,168.45782470703125,0.9971505999565125,271.4748840332031,140.4666290283203,0.9996293783187866,255.02305603027344,144.761962890625,0.9986211061477661,222.93846130371094,155.26573181152344,0.9995026588439941,199.8383026123047,166.03746032714844,0.99953293800354,253.3533172607422,126.74626159667969,0.3126567602157593,233.93238830566406,97.21403503417969,0.9965956807136536,178.47439575195312,128.86070251464844,0.9987595081329346,266.4031677246094,160.2802276611328,0.5684664249420166,228.92236328125,185.98028564453125,0.9201145768165588,236.06216430664062,191.3496856689453,0.39962947368621826
444,298.4438781738281,100.9295883178711,0.9970256686210632,304.9034423828125,168.01553344726562,0.9980568289756775,272.34185791015625,140.09625244140625,0.9995241165161133,255.48634338378906,144.2022705078125,0.9981181621551514,222.93846130371094,155.2283935546875,0.9995465874671936,199.8383026123047,165.9853057861328,0.9995400905609131,254.410888671875,122.13538360595703,0.3982822895050049,234.52822875976562,96.94501495361328,0.9958004355430603,178.5791015625,128.73635864257812,0.9987587928771973,265.9739074707031,160.1848602294922,0.44483861327171326,228.9960174560547,186.02633666992188,0.9309337735176086,236.06216430664062,191.3496856689453,0.4749661386013031
445,299.2447204589844,98.2110595703125,0.9979352951049805,305.7854919433594,167.9631805419922,0.9992076754570007,273.99951171875,140.09625244140625,0.9995219707489014,255.48634338378906,144.06256103515625,0.9982678890228271,223.56356811523438,155.12074279785156,0.9996140599250793,199.08274841308594,164.7322540283203,0.9994233846664429,255.35897827148438,118.86963653564453,0.6136019229888916,234.52822875976562,96.94501495361328,0.9955359697341919,178.7899627685547,128.70298767089844,0.9989017248153687,265.94573974609375,160.07913208007812,0.39706748723983765,229.27459716796875,186.02633666992188,0.9374467134475708,236.06216430664062,191.37481689453125,0.47644710540771484
446,299.2447204589844,97.7537612915039,0.9981482028961182,306.8104553222656,167.94021606445312,0.9993754029273987,275.2413330078125,140.09625244140625,0.9995229244232178,256.0179748535156,143.98695373535156,0.9985230565071106,224.00161743164062,155.12074279785156,0.9996119141578674,199.08274841308594,164.49368286132812,0.9994522929191589,258.4776306152344,114.98568725585938,0.9524250030517578,234.52822875976562,97.21403503417969,0.9962078332901001,179.46734619140625,128.6468048095703,0.9988740086555481,265.9739074707031,160.07913208007812,0.30009928345680237,229.96156311035156,186.11260986328125,0.9469479918479919,235.96726989746094,191.6317901611328,0.4661489725112915
447,299.2447204589844,97.25057220458984,0.9979802966117859,307.2200622558594,167.94021606445312,0.9994117021560669,276.6614685058594,140.14256286621094,0.9996071457862854,256.3404235839844,143.98695373535156,0.9988383650779724,224.6529541015625,155.12074279785156,0.999715268611908,199.08274841308594,164.10496520996094,0.9995749592781067,260.9859924316406,113.97367095947266,0.9930672645568848,234.0092010498047,96.94501495361328,0.9963382482528687,179.77542114257812,128.57701110839844,0.9989086389541626,265.9739074707031,160.07913208007812,0.2642330527305603,230.7583770751953,186.02633666992188,0.9441996812820435,235.7790069580078,192.10601806640625,0.4252842664718628
448,298.26580810546875,96.02033996582031,0.9981815814971924,309.0923767089844,167.9631805419922,0.9995569586753845,277.60052490234375,140.429931640625,0.9995617270469666,256.9222106933594,143.98695373535156,0.9987940788269043,225.11607360839844,155.38543701171875,0.9997448325157166,199.36912536621094,164.0958251953125,0.9996267557144165,265.193115234375,113.97367095947266,0.9902607798576355,233.80032348632812,96.91246032714844,0.9960197806358337,179.8829345703125,128.39410400390625,0.99894779920578,266.4351806640625,162.40008544921875,0.3020900785923004,230.8683319091797,185.8251953125,0.9408843517303467,235.27186584472656,192.10601806640625,0.44793811440467834
449,298.12652587890625,95.87376403808594,0.9981673955917358,310.2225036621094,168.02761840820312,0.9991455078125,278.27899169921875,140.513916015625,0.9993972778320312,257.0567626953125,144.15074157714844,0.9987742304801941,225.82229614257812,155.38543701171875,0.9997498393058777,199.73037719726562,164.04107666015625,0.9995983242988586,271.98504638671875,113.97367095947266,0.9896283149719238,232.63279724121094,96.6761703491211,0.9976382255554199,180.9275360107422,128.18357849121094,0.9987500905990601,266.47332763671875,162.83111572265625,0.4462490677833557,230.93565368652344,185.71560668945312,0.9479847550392151,235.0146942138672,192.88784790039062,0.4724121689796448
450,296.9322204589844,95.87376403808594,0.9986756443977356,310.3267517089844,168.15213012695312,0.9989336133003235,278.27899169921875,140.54266357421875,0.9993033409118652,257.4715881347656,144.32350158691406,0.9987335801124573,226.2058563232422,155.38543701171875,0.9997606873512268,199.84942626953125,164.04107666015625,0.9996527433395386,276.6605529785156,114.30296325683594,0.9523009061813354,232.384521484375,95.83391571044922,0.9981240630149841,180.9275360107422,128.16944885253906,0.9987816214561462,266.47332763671875,163.04698181152344,0.5092400908470154,230.94764709472656,184.2145538330078,0.9194061160087585,234.70867919921875,192.88784790039062,0.3425699770450592
451,296.5153503417969,95.87376403808594,0.9983186721801758,310.3267517089844,168.2440948486328,0.9988328814506531,278.27899169921875,140.8380584716797,0.9993114471435547,257.98944091796875,144.3303680419922,0.9986566305160522,226.4051971435547,155.40029907226562,0.9997406601905823,200.2790985107422,164.04107666015625,0.9997215867042542,278.5235595703125,115.70036315917969,0.9380372166633606,232.25143432617188,95.74734497070312,0.9984661340713501,180.9275360107422,128.1138153076172,0.998933732509613,266.4351806640625,163.22669982910156,0.6421720385551453,231.12730407714844,184.2145538330078,0.8582518100738525,221.27162170410156,192.8668975830078,0.34692490100860596
452,296.5153503417969,97.02071380615234,0.9968231916427612,310.32275390625,168.3605194091797,0.9991559982299805,278.09283447265625,140.8380584716797,0.9992501139640808,258.3677062988281,144.36328125,0.9989483952522278,226.849609375,155.40029907226562,0.9997215867042542,201.05799865722656,164.1612548828125,0.9997656941413879,279.0181579589844,119.7699966430664,0.9395188689231873,232.12710571289062,95.66519165039062,0.9984044432640076,180.6378936767578,128.0723114013672,0.9988835453987122,264.04913330078125,163.50265502929688,0.7240005731582642,231.8501739501953,183.94493103027344,0.823742151260376,220.4397735595703,192.52490234375,0.4054632782936096
453,296.5153503417969,99.00362396240234,0.9926857948303223,310.32275390625,168.54652404785156,0.9979064464569092,278.09283447265625,140.8877410888672,0.9973560571670532,259.437255859375,144.36328125,0.9983822107315063,227.40322875976562,155.53404235839844,0.9997325539588928,201.6765594482422,164.44390869140625,0.9997833371162415,281.82220458984375,119.95185089111328,0.9674057960510254,232.0681610107422,95.66519165039062,0.998672604560852,179.48153686523438,127.7161865234375,0.999075174331665,261.2690124511719,164.99046325683594,0.7883190512657166,258.8729248046875,183.49774169921875,0.8493595719337463,220.4397735595703,192.52490234375,0.45957446098327637
454,296.9469299316406,101.64958953857422,0.9584153294563293,306.6873474121094,169.22036743164062,0.9940534234046936,278.09283447265625,140.8877410888672,0.9913167953491211,260.43536376953125,144.3303680419922,0.998259961605072,228.56423950195312,155.53404235839844,0.9997732043266296,202.33177185058594,164.44390869140625,0.9998383522033691,284.35528564453125,120.35659790039062,0.9348657131195068,232.0681610107422,95.2823257446289,0.9987149238586426,179.48153686523438,127.42088317871094,0.9989132881164551,261.2690124511719,165.17642211914062,0.7833604216575623,261.1175231933594,182.6135711669922,0.7427050471305847,220.4397735595703,192.4849853515625,0.4197032153606415
455,297.1591491699219,101.64958953857422,0.9203448295593262,304.87554931640625,169.6628875732422,0.9927707314491272,278.8421325683594,140.82379150390625,0.9910906553268433,261.0232238769531,144.161376953125,0.9985204339027405,229.4193878173828,155.53404235839844,0.9996823072433472,202.7459716796875,164.44390869140625,0.9998407363891602,285.7279357910156,120.35659790039062,0.8513092398643494,232.001708984375,95.14369201660156,0.9988239407539368,179.48153686523438,127.38052368164062,0.9988754391670227,261.2690124511719,165.17642211914062,0.823441207408905,263.7902526855469,181.474365234375,0.7772388458251953,220.4397735595703,192.05340576171875,0.49112817645072937
456,297.8213195800781,101.64958953857422,0.895682156085968,303.781982421875,169.7543487548828,0.9840392470359802,279.5482177734375,140.6667022705078,0.988587498664856,261.8695373535156,143.96119689941406,0.9985392093658447,230.02597045898438,155.27749633789062,0.9996242523193359,203.4051055908203,164.56634521484375,0.9998489618301392,286.27679443359375,120.35659790039062,0.7183107733726501,232.0681610107422,95.12779998779297,0.9985182881355286,180.39158630371094,127.35751342773438,0.9987070560455322,263.1671142578125,164.99046325683594,0.767484188079834,266.36724853515625,180.3834686279297,0.8578075170516968,220.4290771484375,192.05340576171875,0.6037054061889648
457,297.8481750488281,100.68535614013672,0.8299328088760376,302.3653564453125,172.05213928222656,0.9860155582427979,280.3324279785156,140.4979705810547,0.9758822917938232,262.7631530761719,143.8936309814453,0.9981536269187927,230.93907165527344,155.27749633789062,0.9995423555374146,203.79623413085938,164.64352416992188,0.9998444318771362,286.4365539550781,120.0541763305664,0.6571146845817566,232.0681610107422,94.94314575195312,0.9986281394958496,180.39158630371094,127.29014587402344,0.9985033273696899,263.196044921875,164.48512268066406,0.7213243842124939,275.292236328125,179.81753540039062,0.8845594525337219,220.4975128173828,192.05340576171875,0.7718783020973206
458,297.931884765625,99.58148193359375,0.8356106281280518,299.6149597167969,172.60755920410156,0.9585341811180115,280.9637451171875,140.318603515625,0.964015007019043,263.54364013671875,143.654296875,0.9981966614723206,231.59555053710938,155.27749633789062,0.9993632435798645,205.77626037597656,167.51136779785156,0.9998701810836792,286.4365539550781,118.5651626586914,0.6762253642082214,232.03346252441406,94.73741149902344,0.9987366795539856,180.39158630371094,127.25729370117188,0.9984766840934753,263.7191162109375,164.2560577392578,0.5432633757591248,277.2107238769531,179.11526489257812,0.9773609638214111,221.05825805664062,192.20382690429688,0.85471510887146
459,297.931884765625,98.55177307128906,0.8984402418136597,299.6149597167969,172.60755920410156,0.9732328057289124,282.32232666015625,139.9373016357422,0.9628705382347107,263.78515625,143.20303344726562,0.998062789440155,232.69065856933594,155.1428680419922,0.9994352459907532,206.37571716308594,167.51136779785156,0.9999078512191772,286.4365539550781,117.97224426269531,0.8116956949234009,232.001708984375,94.4814453125,0.9986422657966614,180.43455505371094,127.01725769042969,0.9984850287437439,263.8589172363281,164.1581268310547,0.53426593542099,277.5643310546875,178.82955932617188,0.9257631301879883,220.99053955078125,192.24276733398438,0.8387621641159058
460,297.931884765625,95.56587982177734,0.9429222941398621,299.42266845703125,172.60755920410156,0.970271110534668,283.908935546875,138.72425842285156,0.9843080639839172,264.6922302246094,142.29751586914062,0.9976567029953003,233.70619201660156,155.1428680419922,0.9995163679122925,206.9872589111328,167.51136779785156,0.9999358654022217,286.3213195800781,117.97224426269531,0.8644852042198181,232.03346252441406,94.20452880859375,0.9981905817985535,180.43455505371094,126.93382263183594,0.998099148273468,264.2838134765625,162.432861328125,0.4991157352924347,277.5755615234375,178.82955932617188,0.9268233776092529,221.02911376953125,192.24276733398438,0.8638191223144531
461,298.2556457519531,90.44581604003906,0.9600932002067566,299.4064025878906,172.60755920410156,0.9771038889884949,284.1267395019531,135.43324279785156,0.9933090209960938,265.3254089355469,142.1810302734375,0.9973161816596985,234.0159912109375,155.1428680419922,0.9994706511497498,207.4485321044922,166.9466552734375,0.9999310970306396,286.2554931640625,117.97224426269531,0.8378496766090393,232.03346252441406,93.85991668701172,0.9971304535865784,184.10719299316406,126.83362579345703,0.9952765703201294,264.9375,162.42483520507812,0.5405720472335815,278.0443115234375,178.8199920654297,0.8982139825820923,221.02911376953125,192.21742248535156,0.9165236353874207
462,298.26947021484375,90.44581604003906,0.9594674706459045,299.4064025878906,172.60755920410156,0.9777646660804749,284.74383544921875,135.012451171875,0.9919742941856384,266.3074645996094,141.9334716796875,0.9964208602905273,235.0311279296875,153.9772186279297,0.9994564652442932,208.6605682373047,166.5676727294922,0.9999396800994873,285.8884582519531,118.90919494628906,0.7849153876304626,232.12710571289062,93.53179168701172,0.9971873164176941,186.93540954589844,126.71662902832031,0.9957868456840515,265.94708251953125,162.37918090820312,0.5674156546592712,278.25628662109375,178.7938995361328,0.8491322994232178,221.01095581054688,192.24276733398438,0.9314573407173157
463,300.2554016113281,90.44581604003906,0.9751176834106445,299.30157470703125,172.625732421875,0.987676739692688,285.3830261230469,134.9683380126953,0.9969854950904846,269.3118591308594,141.79190063476562,0.9954706430435181,236.5652618408203,152.98464965820312,0.9994413256645203,209.7543487548828,166.25485229492188,0.9999220371246338,285.8884582519531,118.93244171142578,0.8309468626976013,232.27330017089844,93.45446014404297,0.9972265362739563,190.5099334716797,123.33462524414062,0.9954231381416321,265.94708251953125,161.77304077148438,0.6173489689826965,278.5047302246094,178.7257537841797,0.7788720726966858,220.99053955078125,192.3496551513672,0.9364488124847412
464,305.08526611328125,91.87393951416016,0.979477047920227,299.29254150390625,173.78550720214844,0.9845466017723083,285.8960876464844,134.7103729248047,0.9963799118995667,269.4626770019531,141.79190063476562,0.9946407079696655,236.81130981445312,152.80471801757812,0.9991908669471741,211.05873107910156,166.18453979492188,0.9998753070831299,286.1446228027344,118.93244171142578,0.8452409505844116,232.36207580566406,93.44096374511719,0.9970346689224243,200.77186584472656,120.7820816040039,0.9921478629112244,265.94708251953125,161.01986694335938,0.5857041478157043,278.5555725097656,178.62982177734375,0.7536959648132324,220.9231414794922,192.38839721679688,0.9310934543609619
465,306.3226623535156,93.5470199584961,0.9698922634124756,299.1083068847656,174.7883758544922,0.9790050983428955,286.07147216796875,134.69766235351562,0.9935933947563171,270.58740234375,141.5252685546875,0.9911276698112488,237.31175231933594,151.97061157226562,0.9990857839584351,212.22927856445312,165.45631408691406,0.9997590184211731,286.1446228027344,118.90919494628906,0.7913990020751953,232.4796905517578,93.44096374511719,0.9961793422698975,206.17140197753906,116.29092407226562,0.9916297793388367,265.5448303222656,160.98928833007812,0.6462329626083374,279.116455078125,178.59971618652344,0.7709690928459167,220.8225860595703,192.68374633789062,0.9318013787269592
466,307.5286865234375,93.79460906982422,0.9876190423965454,299.1083068847656,174.85360717773438,0.9856210350990295,286.1922607421875,134.69766235351562,0.9964019060134888,271.23876953125,140.8607635498047,0.9932570457458496,237.9459228515625,150.5030975341797,0.9991117119789124,212.28749084472656,161.37693786621094,0.9997572302818298,287.1533508300781,117.7180404663086,0.8543659448623657,233.07638549804688,93.53179168701172,0.9946309328079224,211.6935272216797,115.4301528930664,0.9546191692352295,265.3347473144531,160.98928833007812,0.7603455185890198,279.333984375,178.57290649414062,0.7455297112464905,220.8225860595703,192.68374633789062,0.9506282806396484
467,309.3168029785156,93.79460906982422,0.9901661276817322,299.1083068847656,174.85360717773438,0.987656831741333,287.4355773925781,134.69766235351562,0.9966415166854858,271.5616455078125,140.38665771484375,0.994507372379303,238.73959350585938,150.5030975341797,0.9993698000907898,212.98687744140625,160.7951202392578,0.9997953772544861,288.27630615234375,115.76716613769531,0.8860573768615723,233.6782684326172,94.08748626708984,0.9931123852729797,212.89328002929688,115.4301528930664,0.8046472072601318,265.3347473144531,160.98928833007812,0.8229544758796692,284.1112060546875,177.6785888671875,0.6127350926399231,220.8225860595703,192.81069946289062,0.9462514519691467
468,310.5290222167969,93.79460906982422,0.9924139380455017,303.815185546875,174.85360717773438,0.9920932650566101,288.6218566894531,134.87123107910156,0.9975581169128418,271.78057861328125,140.38665771484375,0.9941396713256836,239.28135681152344,150.5030975341797,0.9995505213737488,213.7613525390625,160.43484497070312,0.9998117089271545,289.00323486328125,115.07007598876953,0.9217962026596069,233.6782684326172,94.27499389648438,0.993286669254303,213.43858337402344,115.4301528930664,0.7250675559043884,265.5448303222656,161.4274444580078,0.8561100363731384,284.1112060546875,176.9638671875,0.5182470679283142,220.81097412109375,192.91746520996094,0.950438380241394
469,312.30963134765625,93.25518798828125,0.9928737878799438,306.1595458984375,173.93551635742188,0.9965773224830627,290.3612060546875,134.91102600097656,0.9976454377174377,272.21893310546875,140.29574584960938,0.9924578666687012,240.21817016601562,150.52403259277344,0.9995892643928528,213.83778381347656,160.431396484375,0.9998137354850769,289.95269775390625,114.99046325683594,0.9526551961898804,233.6782684326172,95.26409912109375,0.9939064383506775,213.43858337402344,116.09749603271484,0.6946486830711365,266.6778259277344,162.09068298339844,0.872916042804718,284.1112060546875,176.9638671875,0.6034337878227234,220.81097412109375,192.98480224609375,0.9404031038284302
470,313.60247802734375,93.25518798828125,0.9905179142951965,309.2806091308594,172.83331298828125,0.9979705214500427,290.9195861816406,134.92868041992188,0.9983500242233276,272.4895935058594,140.24546813964844,0.9941166639328003,240.7725372314453,150.83741760253906,0.9996511936187744,214.06861877441406,160.17190551757812,0.9998201727867126,291.3199157714844,114.03092956542969,0.9523085355758667,233.6782684326172,95.26409912109375,0.993301510810852,213.43923950195312,116.09749603271484,0.6579719185829163,267.74969482421875,162.09068298339844,0.9004503488540649,282.5997009277344,176.87059020996094,0.7246339321136475,220.545166015625,193.1682891845703,0.9524123668670654
471,314.54150390625,93.25518798828125,0.9925526976585388,312.8621520996094,171.00027465820312,0.998399555683136,291.8234558105469,135.39964294433594,0.998816728591919,272.54913330078125,140.3839569091797,0.9949416518211365,241.42962646484375,150.83741760253906,0.9996621608734131,214.34130859375,159.951416015625,0.9998332262039185,291.3199157714844,113.25437927246094,0.9779322743415833,233.6782684326172,95.26409912109375,0.9933151602745056,213.43923950195312,116.09749603271484,0.6931385397911072,268.791748046875,162.09068298339844,0.9450563192367554,282.14105224609375,176.80799865722656,0.8646748065948486,219.92124938964844,193.18482971191406,0.9605079889297485
472,315.5283203125,93.25518798828125,0.9958550333976746,316.2772216796875,169.0643310546875,0.9985452890396118,292.82513427734375,135.39964294433594,0.9992089867591858,273.47760009765625,140.351806640625,0.9965236783027649,241.7703399658203,150.83741760253906,0.999650239944458,214.56126403808594,159.422119140625,0.9998449087142944,291.3199157714844,113.17072296142578,0.9848841428756714,233.8256378173828,95.22573852539062,0.9924788475036621,213.9450225830078,114.60401916503906,0.8119978308677673,274.44171142578125,162.27325439453125,0.9543089866638184,281.8077087402344,176.9638671875,0.8906714916229248,219.92124938964844,193.18482971191406,0.9640552401542664
473,316.2651062011719,93.25518798828125,0.9970799088478088,321.7119140625,167.8007049560547,0.9993190765380859,293.5760498046875,135.39964294433594,0.9995250701904297,273.6103515625,140.24546813964844,0.9977880716323853,242.2481689453125,150.83741760253906,0.9997186064720154,215.1734619140625,158.6773223876953,0.9997965693473816,289.5955505371094,113.17072296142578,0.9861205220222473,233.8256378173828,95.22573852539062,0.9894381761550903,214.03564453125,114.24634552001953,0.842008113861084,274.44171142578125,162.27325439453125,0.9518912434577942,281.4534606933594,176.8157196044922,0.9151798486709595,219.92124938964844,193.1682891845703,0.9567002654075623
474,316.3943176269531,92.37149810791016,0.997138261795044,324.5800476074219,165.83412170410156,0.9997988343238831,294.7345886230469,135.36500549316406,0.9995834231376648,274.072021484375,140.18174743652344,0.9981131553649902,243.21946716308594,150.89891052246094,0.9997575879096985,215.64682006835938,158.54319763183594,0.9997187256813049,289.5955505371094,113.17072296142578,0.9843206405639648,233.8256378173828,95.22573852539062,0.9889645576477051,214.3964080810547,114.24634552001953,0.855837881565094,274.44171142578125,162.9559326171875,0.9117764830589294,281.0254821777344,176.8157196044922,0.9314450621604919,219.92124938964844,193.0124053955078,0.954932689666748
475,316.69500732421875,92.26717376708984,0.9969808459281921,326.4508056640625,163.63735961914062,0.999839186668396,295.957275390625,134.9699249267578,0.9995591044425964,275.16705322265625,140.18174743652344,0.9983775615692139,244.1262969970703,150.89891052246094,0.9997437596321106,215.98573303222656,157.4585418701172,0.9996137022972107,289.2658996582031,113.68690490722656,0.9726258516311646,232.73394775390625,97.19082641601562,0.9916682243347168,214.3964080810547,114.26502990722656,0.9054397940635681,273.95849609375,163.8987274169922,0.812253475189209,279.558349609375,176.99267578125,0.9268092513084412,219.80320739746094,192.66110229492188,0.9652000665664673
476,317.8739929199219,92.26717376708984,0.9976352453231812,328.5098876953125,163.1826934814453,0.9996247291564941,296.8028869628906,134.67779541015625,0.9995044469833374,275.6328125,140.1370391845703,0.9982908368110657,244.95420837402344,151.03297424316406,0.9997157454490662,216.78721618652344,157.3481903076172,0.999698281288147,289.5955505371094,113.68690490722656,0.9693645238876343,232.71453857421875,97.43190002441406,0.9915050864219666,214.33181762695312,114.26502990722656,0.9005571603775024,273.6262512207031,163.93618774414062,0.8352649807929993,279.558349609375,177.02859497070312,0.92387455701828,219.80320739746094,192.6482696533203,0.9647283554077148
477,318.6781921386719,91.78985595703125,0.9978512525558472,328.55126953125,162.86376953125,0.99952232837677,297.385009765625,134.67779541015625,0.9993844032287598,276.1839294433594,140.0762176513672,0.9985960125923157,245.66651916503906,151.03297424316406,0.9996994733810425,217.1146697998047,157.3377227783203,0.9997033476829529,289.611328125,113.68690490722656,0.9709932804107666,232.54063415527344,97.88550567626953,0.9914630055427551,214.32398986816406,114.10139465332031,0.9207789301872253,273.3414611816406,164.44993591308594,0.8701778650283813,279.558349609375,177.57579040527344,0.961857795715332,219.6983642578125,192.4499969482422,0.9750770330429077
478,320.9326171875,91.72262573242188,0.998573899269104,328.934814453125,162.2854461669922,0.9995025396347046,297.8529968261719,134.67779541015625,0.9991744160652161,277.2894287109375,139.9781951904297,0.9987414479255676,246.6266326904297,151.03297424316406,0.9996538162231445,217.94444274902344,157.30287170410156,0.9997239708900452,289.611328125,113.1248779296875,0.968781590461731,231.70506286621094,98.21617126464844,0.9952400922775269,214.33181762695312,113.57124328613281,0.9381073117256165,273.3414611816406,164.5880584716797,0.8635185956954956,279.57928466796875,178.00674438476562,0.9797112345695496,219.46730041503906,192.3306884765625,0.9796883463859558
479,320.9326171875,91.56830596923828,0.9987462759017944,329.6475830078125,161.6825408935547,0.999362051486969,297.8539123535156,134.67779541015625,0.9990466237068176,278.66314697265625,139.9781951904297,0.9990525841712952,247.0922393798828,151.01263427734375,0.9995766282081604,218.78836059570312,157.22457885742188,0.9997507929801941,289.4986877441406,112.84368133544922,0.9830058217048645,231.70506286621094,98.48200225830078,0.9951521158218384,214.33181762695312,113.36759948730469,0.9393203854560852,273.3414611816406,164.5880584716797,0.8497708439826965,282.3316650390625,178.15516662597656,0.9836229681968689,218.8854217529297,192.30096435546875,0.9868748784065247
480,320.9326171875,89.84300231933594,0.9981130361557007,331.36102294921875,161.25283813476562,0.9989583492279053,299.0408020019531,134.67779541015625,0.9986891150474548,280.7706604003906,139.33018493652344,0.9991359114646912,247.8788604736328,150.47830200195312,0.9994590878486633,219.93890380859375,157.22457885742188,0.9997196793556213,289.4986877441406,112.84368133544922,0.9904066920280457,231.70506286621094,98.75326538085938,0.9933890104293823,214.5899658203125,113.36759948730469,0.9486836194992065,273.9526672363281,164.5880584716797,0.8123049139976501,282.7344665527344,178.2138671875,0.9890813827514648,218.8575439453125,191.9600067138672,0.9888752698898315
481,317.1948547363281,86.82280731201172,0.9960046410560608,333.1683654785156,160.59127807617188,0.9982469081878662,300.4767150878906,134.64605712890625,0.9985114932060242,282.5306091308594,139.33018493652344,0.9990856647491455,249.184326171875,150.0027313232422,0.9996316432952881,221.3491973876953,156.97247314453125,0.9997618794441223,288.94732666015625,112.84368133544922,0.9838032722473145,236.81930541992188,98.48200225830078,0.9893016219139099,215.8179931640625,113.36759948730469,0.9816985130310059,320.93505859375,151.86846923828125,0.7427443861961365,282.7344665527344,178.2138671875,0.9897232055664062,218.7753448486328,191.7020721435547,0.9916757345199585
482,317.1948547363281,86.82280731201172,0.9955192804336548,337.3146667480469,160.59127807617188,0.9966192245483398,302.1092834472656,134.2152099609375,0.9983142614364624,284.5636901855469,139.33018493652344,0.9985916018486023,251.10324096679688,149.82176208496094,0.9996552467346191,222.57586669921875,156.97247314453125,0.9998372793197632,288.94732666015625,114.03282165527344,0.9578925371170044,242.0726318359375,98.21617126464844,0.992418646812439,216.38880920410156,114.87291717529297,0.9959553480148315,321.2130126953125,151.30853271484375,0.7374404072761536,282.7344665527344,178.6082000732422,0.9847120046615601,218.7753448486328,191.4473419189453,0.9913634061813354
483,317.1948547363281,86.82280731201172,0.995194137096405,339.7303161621094,160.88568115234375,0.9972201585769653,304.1391906738281,133.43902587890625,0.9991395473480225,284.87188720703125,140.183349609375,0.9972788691520691,252.2391815185547,149.6976318359375,0.9995982050895691,224.0304412841797,156.82713317871094,0.9998793601989746,288.94732666015625,114.34597778320312,0.9474671483039856,247.39527893066406,98.07120513916016,0.9895164370536804,216.70384216308594,114.88555908203125,0.9972599744796753,327.62249755859375,151.30853271484375,0.7609765529632568,282.4812927246094,178.9534912109375,0.979424238204956,218.7753448486328,191.20033264160156,0.9918184280395508
484,321.89892578125,88.52946472167969,0.9965044260025024,340.18206787109375,160.88568115234375,0.9980325102806091,306.29278564453125,132.65838623046875,0.9995319843292236,286.8207092285156,140.183349609375,0.9974172115325928,254.17071533203125,149.5404052734375,0.9995471835136414,224.9271697998047,156.59251403808594,0.9999089241027832,288.993408203125,114.39826965332031,0.9413175582885742,254.70974731445312,96.6682357788086,0.9620961546897888,216.70384216308594,115.1703872680664,0.9983174800872803,328.1163635253906,151.30853271484375,0.817998468875885,282.01220703125,178.97085571289062,0.9770994782447815,219.2779998779297,190.9853973388672,0.9922484159469604
485,323.7232360839844,88.52946472167969,0.9970109462738037,340.5473937988281,161.39718627929688,0.9989703893661499,307.8162841796875,132.65838623046875,0.9996278285980225,288.11767578125,140.183349609375,0.9987025260925293,254.95025634765625,148.36412048339844,0.9996930360794067,225.62200927734375,156.5688018798828,0.9999054670333862,289.432861328125,114.77718353271484,0.9527593851089478,260.9179992675781,96.02752685546875,0.9908537864685059,216.60108947753906,115.95865631103516,0.9989054203033447,329.71466064453125,151.3993682861328,0.8259044289588928,281.8836364746094,179.23397827148438,0.9792134165763855,219.67222595214844,190.77867126464844,0.9910491704940796
486,325.1714782714844,88.52946472167969,0.9969694018363953,340.5810241699219,161.6063232421875,0.9984447360038757,309.0585632324219,132.65838623046875,0.9996179342269897,288.5180969238281,139.83412170410156,0.9990905523300171,255.46426391601562,148.3245849609375,0.9997426867485046,226.39393615722656,156.02529907226562,0.9999161958694458,290.0416564941406,115.10713195800781,0.9686608910560608,264.9817199707031,95.85795593261719,0.9950079917907715,216.38880920410156,116.3564682006836,0.9988308548927307,330.5497741699219,152.50779724121094,0.7950283288955688,281.8836364746094,179.426025390625,0.9873101711273193,219.7826385498047,190.67408752441406,0.9912990927696228
487,325.4282531738281,87.82361602783203,0.995650589466095,342.4794006347656,161.79208374023438,0.9988985061645508,310.6112060546875,132.67822265625,0.9994981288909912,289.920166015625,139.66513061523438,0.9992471933364868,256.3712158203125,148.24244689941406,0.9997918009757996,227.3587646484375,155.72401428222656,0.9999288320541382,290.0416564941406,116.88236999511719,0.909308671951294,270.64251708984375,95.85795593261719,0.9848376512527466,216.0868682861328,116.723388671875,0.9989187717437744,332.2854309082031,156.1069793701172,0.7824035286903381,281.8836364746094,179.57830810546875,0.9914455413818359,219.92776489257812,190.6526336669922,0.9903393387794495
488,325.6621398925781,87.29000091552734,0.9954551458358765,343.4239196777344,161.79208374023438,0.9992934465408325,311.8066711425781,133.0514678955078,0.9993076324462891,290.7122497558594,139.3978729248047,0.9991831183433533,257.06549072265625,148.06161499023438,0.9998283386230469,227.97853088378906,155.2747039794922,0.9999237060546875,290.0416564941406,117.412841796875,0.8981624245643616,276.4506530761719,95.70106506347656,0.9962552785873413,216.0868682861328,116.96998596191406,0.9988120794296265,332.4023132324219,156.65036010742188,0.7887705564498901,282.5589904785156,179.66845703125,0.9926808476448059,220.43785095214844,190.05177307128906,0.9861899614334106
489,325.6953430175781,86.3785629272461,0.9963083863258362,344.05059814453125,162.6244659423828,0.9993816614151001,312.6653747558594,133.0514678955078,0.9988791346549988,292.2135009765625,138.9171905517578,0.9991457462310791,257.8346862792969,148.06161499023438,0.9998583793640137,229.4701385498047,155.1225128173828,0.9999122619628906,290.0416564941406,117.412841796875,0.7965207695960999,280.72113037109375,95.61521911621094,0.9970875382423401,216.0868682861328,117.0047836303711,0.9988996982574463,332.4023132324219,156.65036010742188,0.7424845099449158,283.3409423828125,179.79518127441406,0.9958040118217468,220.59327697753906,190.04493713378906,0.9862258434295654
490,326.4202880859375,85.65005493164062,0.996806263923645,344.2159118652344,163.15919494628906,0.9994256496429443,313.4309387207031,133.0514678955078,0.9983527660369873,293.52105712890625,138.41476440429688,0.9992266893386841,258.9692687988281,148.0099639892578,0.9998651742935181,230.18017578125,154.42343139648438,0.9998897314071655,289.4842224121094,117.91193389892578,0.7675002217292786,282.3605651855469,94.59687805175781,0.9968798160552979,216.12139892578125,117.0047836303711,0.9989420771598816,332.2854309082031,155.4593963623047,0.740249752998352,283.8086242675781,180.07778930664062,0.997570812702179,221.7732696533203,184.88267517089844,0.994667649269104
491,327.6782531738281,85.5053939819336,0.9969887137413025,345.65972900390625,163.26547241210938,0.9995502829551697,313.59222412109375,132.7609100341797,0.9984179735183716,294.4985656738281,137.9339141845703,0.9993270635604858,260.5181579589844,147.98602294921875,0.9998569488525391,231.1354217529297,153.7709197998047,0.9997817873954773,289.4842224121094,117.91883087158203,0.8012698888778687,284.7604675292969,94.419677734375,0.9968197345733643,216.19081115722656,117.0047836303711,0.999075174331665,316.4875793457031,155.77842712402344,0.8106921911239624,284.8375244140625,180.07778930664062,0.9981549382209778,221.7732696533203,184.88267517089844,0.996085524559021
492,328.4453125,85.28730773925781,0.9948659539222717,346.8095397949219,163.27398681640625,0.9996275901794434,314.280517578125,132.4703369140625,0.9988904595375061,295.4371643066406,137.455078125,0.9994485974311829,261.9356384277344,147.83604431152344,0.9998462200164795,231.3531036376953,153.5558624267578,0.9994446635246277,289.4842224121094,117.91883087158203,0.6811484098434448,286.31597900390625,94.36957550048828,0.9966334700584412,216.47842407226562,116.85614776611328,0.9989879727363586,316.4875793457031,155.77842712402344,0.8249386548995972,285.64178466796875,180.12393188476562,0.9983428716659546,221.7732696533203,184.88267517089844,0.996834933757782
493,329.1071472167969,85.07537078857422,0.9896073937416077,347.27587890625,163.41305541992188,0.9996654987335205,315.0936279296875,132.3561553955078,0.99899822473526,296.84088134765625,136.94635009765625,0.9994807839393616,263.2602233886719,147.68589782714844,0.9997636675834656,232.43919372558594,153.5316162109375,0.999618411064148,289.9447937011719,119.16120910644531,0.6261661052703857,287.5816650390625,92.96206665039062,0.9974901676177979,216.58921813964844,116.67539978027344,0.9990022778511047,316.4875793457031,155.77842712402344,0.8898053765296936,285.8264465332031,180.1855010986328,0.9982215762138367,221.7732696533203,184.4989471435547,0.9907070398330688
494,329.3760070800781,85.28730773925781,0.9816586375236511,348.038330078125,164.09523010253906,0.9997102618217468,316.40289306640625,132.24273681640625,0.9991313815116882,298.3321838378906,136.9083251953125,0.9995054006576538,263.9978332519531,147.467041015625,0.9996963739395142,233.14735412597656,151.7220001220703,0.999757707118988,290.5294189453125,119.16120910644531,0.5940195918083191,288.440185546875,92.93648529052734,0.9977927207946777,217.04966735839844,116.67539978027344,0.9990599751472473,316.93951416015625,155.77842712402344,0.9010180830955505,285.8964538574219,180.1855010986328,0.9981174468994141,221.7732696533203,183.95849609375,0.9770903587341309
495,330.9662780761719,85.5053939819336,0.9843775033950806,348.07293701171875,164.17376708984375,0.9997139573097229,317.852294921875,132.18812561035156,0.9991445541381836,299.8797607421875,136.9083251953125,0.999349057674408,264.63226318359375,147.13592529296875,0.9996601343154907,234.60292053222656,151.7220001220703,0.9997735619544983,294.6683654785156,119.86031341552734,0.6098970174789429,288.440185546875,92.93283081054688,0.9976898431777954,217.1719970703125,116.67539978027344,0.9989537000656128,317.0433654785156,155.77842712402344,0.9285738468170166,286.3642578125,180.12393188476562,0.9980227947235107,234.04200744628906,184.35122680664062,0.9627065658569336
496,335.7742004394531,86.49314880371094,0.991868257522583,348.5802001953125,164.2935028076172,0.9996665716171265,319.5151672363281,131.87222290039062,0.9994257688522339,300.900634765625,136.9083251953125,0.9990965127944946,265.63995361328125,146.53720092773438,0.9997650980949402,236.00473022460938,151.7220001220703,0.9997876286506653,296.59967041015625,119.86031341552734,0.6135405898094177,288.440185546875,92.93283081054688,0.9966198205947876,217.87088012695312,116.89054870605469,0.999101996421814,317.2182312011719,155.5137176513672,0.9280595779418945,286.3642578125,180.12393188476562,0.997831404209137,240.34326171875,183.1538848876953,0.9814198613166809
497,337.1898498535156,86.49314880371094,0.9933726787567139,349.2556457519531,164.5098114013672,0.9994238615036011,320.258544921875,131.45895385742188,0.9997181296348572,300.95086669921875,137.35775756835938,0.9990610480308533,267.0318908691406,146.3647918701172,0.9997884631156921,238.4326629638672,154.35623168945312,0.9998843669891357,300.0458679199219,119.00895690917969,0.4971141219139099,287.8854064941406,92.73592376708984,0.9968607425689697,218.0897216796875,116.93379211425781,0.9991243481636047,317.2182312011719,155.3289337158203,0.9160088300704956,286.3642578125,179.8283233642578,0.9969273209571838,242.5913848876953,183.1538848876953,0.9698349833488464
498,338.2194519042969,86.65016174316406,0.9958423972129822,349.2556457519531,164.6763916015625,0.9993653893470764,321.1098327636719,131.17701721191406,0.9997493624687195,301.9701232910156,137.4381103515625,0.9989538192749023,268.0587463378906,146.3647918701172,0.9998409748077393,239.3121337890625,154.4588165283203,0.999896764755249,301.1471252441406,118.90060424804688,0.4714934527873993,287.843994140625,92.73592376708984,0.9963143467903137,218.30984497070312,116.95565795898438,0.9990196228027344,317.0347900390625,155.24327087402344,0.9308766722679138,286.27496337890625,179.5664520263672,0.9960438013076782,244.35006713867188,183.28855895996094,0.9552848935127258
499,338.6732482910156,86.65016174316406,0.99574214220047,349.2556457519531,164.71424865722656,0.9992144107818604,321.1262512207031,131.17701721191406,0.9997331500053406,302.363525390625,137.59165954589844,0.9988808035850525,268.6791076660156,146.3647918701172,0.9998449087142944,240.31239318847656,154.62818908691406,0.9998968839645386,301.2350769042969,119.00895690917969,0.5078399777412415,287.8131408691406,91.94474029541016,0.9959812164306641,218.39308166503906,117.0704574584961,0.9989519119262695,317.0347900390625,155.24327087402344,0.9367194175720215,285.82440185546875,179.5664520263672,0.9953699707984924,245.35633850097656,184.17454528808594,0.9267684817314148
500,338.7233581542969,86.65016174316406,0.995089590549469,348.3941650390625,165.46145629882812,0.999038815498352,321.1782531738281,131.17701721191406,0.9997156262397766,302.5346984863281,137.63816833496094,0.998892605304718,269.24688720703125,146.38638305664062,0.9998396635055542,241.01844787597656,154.78543090820312,0.9998928308486938,301.2440185546875,119.00895690917969,0.5187945365905762,287.39019775390625,91.94474029541016,0.9946845173835754,218.4469757080078,117.0786361694336,0.9989333748817444,316.9368591308594,155.24327087402344,0.9331740140914917,285.31011962890625,179.5638427734375,0.9924954175949097,251.7841033935547,184.17454528808594,0.5662540197372437
501,338.7345275878906,87.58308410644531,0.9935628175735474,347.4786682128906,166.54144287109375,0.9985142350196838,321.1782531738281,131.21865844726562,0.9996823072433472,302.6174621582031,137.71498107910156,0.9988495111465454,269.5511779785156,146.7494659423828,0.9998353719711304,241.01844787597656,154.78543090820312,0.9998806715011597,301.710693359375,119.59346008300781,0.4398960471153259,287.1075439453125,91.94474029541016,0.9944183826446533,218.45492553710938,117.29225158691406,0.9989069700241089,316.9279479980469,155.33206176757812,0.9074005484580994,284.7865905761719,179.54039001464844,0.9883158206939697,252.36648559570312,184.2921600341797,0.5353394150733948
502,338.7345275878906,88.84803009033203,0.9945810437202454,345.23486328125,167.21485900878906,0.9982045888900757,321.1098327636719,131.7159423828125,0.9997029900550842,302.6174621582031,138.02731323242188,0.9988558292388916,269.5511779785156,147.15138244628906,0.999825656414032,241.01844787597656,154.78543090820312,0.9998626708984375,301.710693359375,120.33151245117188,0.38126954436302185,287.1075439453125,91.94622802734375,0.9940131306648254,218.45492553710938,117.29225158691406,0.9989468455314636,316.9279479980469,155.45260620117188,0.9067195057868958,283.775146484375,179.54039001464844,0.9834873080253601,252.36648559570312,184.85430908203125,0.5942047834396362
503,338.6732482910156,89.93639373779297,0.9941278696060181,344.9546813964844,167.2322540283203,0.9982824325561523,320.664794921875,132.2089080810547,0.999651312828064,302.6174621582031,138.35757446289062,0.998680055141449,269.5652770996094,147.5519561767578,0.9998117089271545,241.089111328125,154.65802001953125,0.999850869178772,301.710693359375,120.33151245117188,0.3313443064689636,287.1075439453125,92.71624755859375,0.9943248629570007,218.45492553710938,117.37832641601562,0.9990032315254211,316.9368591308594,155.7381591796875,0.8697311282157898,283.65740966796875,179.5638427734375,0.9832087159156799,252.36648559570312,185.0748291015625,0.6820094585418701
504,337.7099304199219,90.98283386230469,0.989605188369751,343.5311279296875,168.8885040283203,0.9985948204994202,320.0207824707031,132.87095642089844,0.9994164705276489,301.7138977050781,139.22088623046875,0.9983110427856445,269.568115234375,148.3213348388672,0.9997959733009338,241.089111328125,154.65802001953125,0.9998489618301392,301.85821533203125,120.33151245117188,0.3837359845638275,287.47747802734375,93.28668212890625,0.9934737086296082,218.33456420898438,117.38877868652344,0.9990419745445251,334.12445068359375,159.2679443359375,0.9311091303825378,283.2974548339844,179.54039001464844,0.9813343286514282,252.23248291015625,186.04067993164062,0.684327244758606
505,336.2301940917969,92.15062713623047,0.9768592715263367,340.36407470703125,169.9393310546875,0.9991078972816467,319.857177734375,133.4282684326172,0.9988837838172913,301.49200439453125,140.3673095703125,0.9981982111930847,269.6133728027344,148.90679931640625,0.9997698664665222,241.089111328125,154.65802001953125,0.9998689889907837,301.85821533203125,120.28594207763672,0.560684859752655,287.7127990722656,94.02128601074219,0.9916480779647827,218.2774200439453,117.4289779663086,0.9989385008811951,334.2735290527344,160.92898559570312,0.9466556310653687,283.1710205078125,179.54039001464844,0.9820030927658081,251.0316619873047,186.04067993164062,0.7309423685073853
506,331.6841735839844,95.36626434326172,0.9619192481040955,337.7654113769531,170.34939575195312,0.9991474151611328,319.4382629394531,137.5891876220703,0.9981372356414795,301.49200439453125,141.15972900390625,0.9984082579612732,269.6983947753906,149.7733917236328,0.9997393488883972,241.41090393066406,155.7971649169922,0.9998962879180908,302.4871520996094,120.28594207763672,0.5678061246871948,288.1416320800781,94.11503601074219,0.9892427325248718,218.2774200439453,117.4946060180664,0.9987733960151672,334.2735290527344,161.05010986328125,0.9622684717178345,281.9627380371094,179.89852905273438,0.9787557125091553,250.74024963378906,186.78048706054688,0.739710807800293
507,329.5324401855469,96.92691040039062,0.9656292796134949,336.0291748046875,172.1799774169922,0.9954323768615723,319.2802429199219,137.90457153320312,0.9955096244812012,301.49200439453125,141.62258911132812,0.9983100891113281,270.109130859375,150.43698120117188,0.9997056126594543,241.62319946289062,155.95945739746094,0.9999064207077026,303.36102294921875,120.19445037841797,0.3718305230140686,288.1532897949219,94.3211898803711,0.9897811412811279,218.2774200439453,117.68374633789062,0.9987198114395142,334.12445068359375,161.09918212890625,0.9405117630958557,281.9160461425781,179.89852905273438,0.9798116087913513,250.74024963378906,186.9191436767578,0.7726184725761414
508,327.24505615234375,97.89260864257812,0.960098385810852,334.6532287597656,176.4999542236328,0.9871950745582581,319.2802429199219,138.53294372558594,0.9911323189735413,301.6219787597656,141.91929626464844,0.9982136487960815,270.3572082519531,150.43698120117188,0.9996986389160156,241.66893005371094,156.108642578125,0.9999220371246338,303.4655456542969,119.9811782836914,0.31788885593414307,288.5121154785156,94.3211898803711,0.992377758026123,218.2957305908203,117.80675506591797,0.9985675811767578,332.98895263671875,161.09918212890625,0.9191076159477234,281.50494384765625,180.13650512695312,0.9745940566062927,250.74024963378906,188.0346221923828,0.8065801858901978
509,326.9784240722656,100.2060546875,0.9708331227302551,333.2710876464844,177.47032165527344,0.948093593120575,319.367919921875,139.15655517578125,0.9754931330680847,302.1626281738281,142.05393981933594,0.9966715574264526,270.3572082519531,150.43698120117188,0.999650239944458,242.1130828857422,156.22743225097656,0.999914288520813,306.16229248046875,119.9811782836914,0.3263327479362488,288.8664245605469,94.3211898803711,0.99068284034729,218.49510192871094,117.82740020751953,0.998288094997406,332.0969543457031,161.05010986328125,0.6411284804344177,280.0852966308594,180.31654357910156,0.9383690357208252,251.56776428222656,188.0346221923828,0.7276117205619812
510,323.8768615722656,104.13697814941406,0.9141266942024231,333.2710876464844,179.74734497070312,0.9519348740577698,319.367919921875,140.13388061523438,0.9121453762054443,303.2613220214844,143.22802734375,0.9934070110321045,270.4614562988281,150.83001708984375,0.9996544122695923,242.6354522705078,156.22743225097656,0.9999144077301025,309.74346923828125,119.9811782836914,0.17809346318244934,288.8664245605469,93.80291748046875,0.9918472766876221,218.5557403564453,118.07064819335938,0.9981058835983276,307.0747985839844,161.25125122070312,0.47436022758483887,279.7897644042969,180.31654357910156,0.9291139245033264,251.65194702148438,188.0346221923828,0.8018463850021362
511,323.8768615722656,105.97476959228516,0.7583454251289368,333.2710876464844,182.20835876464844,0.9646731019020081,319.197265625,141.29380798339844,0.8814732432365417,303.2613220214844,143.87191772460938,0.9962273836135864,270.602294921875,150.8619842529297,0.9996851682662964,243.1759033203125,156.22743225097656,0.9999032020568848,309.773193359375,119.9811782836914,0.18754443526268005,288.1532897949219,93.63406372070312,0.9912176132202148,218.64747619628906,118.22026824951172,0.9980663657188416,304.7696228027344,161.25125122070312,0.5620163083076477,279.7897644042969,180.31654357910156,0.8965280055999756,251.7668914794922,186.50282287597656,0.8976560831069946
512,323.8768615722656,105.97476959228516,0.43791845440864563,333.7480773925781,184.50099182128906,0.9614557027816772,319.197265625,142.04248046875,0.8596499562263489,303.2613220214844,145.3015899658203,0.9971422553062439,270.6329040527344,150.90200805664062,0.9996460676193237,243.1759033203125,156.28286743164062,0.9998899698257446,319.4577941894531,128.75628662109375,0.17030340433120728,287.6852722167969,93.5076904296875,0.9916489124298096,218.7792205810547,118.30550384521484,0.9981416463851929,295.9809875488281,168.96861267089844,0.7123478055000305,280.0852966308594,180.44805908203125,0.9279772639274597,251.65194702148438,185.61126708984375,0.8913248181343079
513,326.0401611328125,106.01453399658203,0.8951595425605774,333.7713317871094,184.75936889648438,0.9624170660972595,319.197265625,142.83203125,0.9097948670387268,303.2613220214844,145.37953186035156,0.9978367686271667,270.69573974609375,151.59974670410156,0.9994909763336182,243.22300720214844,156.47964477539062,0.9998921155929565,319.4577941894531,128.75628662109375,0.19082042574882507,286.71881103515625,93.4816665649414,0.9954439401626587,218.9239959716797,118.46727752685547,0.9983512163162231,295.2126159667969,169.655029296875,0.9004546999931335,284.8282165527344,180.72894287109375,0.8340752720832825,251.65194702148438,185.61126708984375,0.9044070839881897
514,334.2798156738281,106.01453399658203,0.9076817035675049,334.6902770996094,184.75936889648438,0.9766372442245483,319.197265625,143.30140686035156,0.8620566725730896,303.6160888671875,145.6748046875,0.9975868463516235,271.3224182128906,152.71925354003906,0.9992150068283081,243.3063201904297,156.93272399902344,0.9999086856842041,319.98284912109375,128.75628662109375,0.17458601295948029,286.71881103515625,92.92652130126953,0.9960212111473083,219.4892120361328,118.46727752685547,0.9986938834190369,295.2126159667969,169.655029296875,0.9647509455680847,293.1870422363281,180.8466796875,0.960799515247345,251.65194702148438,185.61126708984375,0.9612267017364502
515,339.090087890625,105.97476959228516,0.9335403442382812,336.4945068359375,184.75936889648438,0.9627204537391663,321.3080749511719,143.30140686035156,0.7265241742134094,303.8824157714844,146.31402587890625,0.9954240918159485,271.343017578125,152.78225708007812,0.9990400671958923,243.3063201904297,156.94874572753906,0.9999126195907593,320.10321044921875,124.59603881835938,0.09632004052400589,286.71881103515625,92.92652130126953,0.9970460534095764,219.58314514160156,118.4876480102539,0.998699426651001,295.2126159667969,169.655029296875,0.9578338265419006,296.7730407714844,180.8466796875,0.9188752770423889,251.42739868164062,185.8590087890625,0.972274899482727
516,340.1029357910156,105.92462921142578,0.9655440449714661,338.93511962890625,184.48971557617188,0.982492208480835,321.73651123046875,143.5179901123047,0.8348057866096497,305.0161437988281,146.51052856445312,0.996462881565094,271.8844299316406,153.32931518554688,0.9992626309394836,243.9213104248047,157.0377960205078,0.9999085664749146,321.8189392089844,123.40170288085938,0.18858614563941956,286.8009338378906,92.92652130126953,0.9966309666633606,220.65599060058594,118.46727752685547,0.9983757734298706,297.242919921875,167.89541625976562,0.9080958366394043,302.4244384765625,180.8466796875,0.9655203819274902,251.30767822265625,186.29258728027344,0.9857134819030762
517,340.1029357910156,105.92852020263672,0.9470124840736389,341.2584228515625,183.4823760986328,0.9886254072189331,322.5462341308594,143.5179901123047,0.8122275471687317,306.1422424316406,146.6205291748047,0.9941564798355103,272.9164733886719,153.9864959716797,0.9992921352386475,245.3678436279297,157.22039794921875,0.9998918771743774,321.85662841796875,123.40170288085938,0.14889343082904816,286.84332275390625,93.0801010131836,0.9965433478355408,223.73130798339844,118.68047332763672,0.9976750016212463,299.3236389160156,167.60223388671875,0.9454178214073181,305.10906982421875,180.76226806640625,0.9824276566505432,250.5484161376953,186.46258544921875,0.9934335947036743
518,340.1029357910156,105.92852020263672,0.8550081253051758,343.53875732421875,183.4823760986328,0.9876142740249634,323.54638671875,143.45758056640625,0.7048978209495544,306.3929443359375,146.8643341064453,0.990070641040802,273.67138671875,154.13877868652344,0.999178946018219,246.02127075195312,157.22039794921875,0.9998313188552856,322.3904724121094,123.40170288085938,0.07915942370891571,286.84332275390625,93.35575866699219,0.9960151314735413,231.3522186279297,118.33724212646484,0.9975903034210205,299.85797119140625,167.43853759765625,0.9400536417961121,308.0504150390625,179.4153594970703,0.9577604532241821,250.5484161376953,186.46258544921875,0.9947664737701416
519,340.0020751953125,105.92852020263672,0.8473869562149048,345.29107666015625,183.32000732421875,0.9809580445289612,325.53717041015625,143.45758056640625,0.8236181735992432,308.5488586425781,147.45506286621094,0.9947408437728882,274.82391357421875,154.13877868652344,0.9994530081748962,247.91311645507812,157.22039794921875,0.9995280504226685,322.75238037109375,124.38114166259766,0.07082220911979675,286.8009338378906,93.35575866699219,0.9957956075668335,242.56565856933594,117.33576965332031,0.9960731267929077,302.16387939453125,167.43853759765625,0.8167324066162109,315.0655822753906,179.4153594970703,0.8532571196556091,250.5484161376953,186.46258544921875,0.993319034576416
520,340.0020751953125,105.92852020263672,0.8458676934242249,345.66339111328125,183.30755615234375,0.9780716896057129,326.62957763671875,143.45758056640625,0.8430461883544922,309.0140380859375,147.45506286621094,0.996634304523468,275.9671325683594,154.13877868652344,0.9993963241577148,248.58493041992188,156.5937042236328,0.9993171691894531,322.98858642578125,124.96965789794922,0.06279143691062927,286.8009338378906,93.48925018310547,0.9967530369758606,246.27696228027344,115.22196960449219,0.9950507283210754,303.1070861816406,167.14224243164062,0.7758457064628601,319.2359619140625,179.4153594970703,0.8861517906188965,250.5484161376953,186.5523681640625,0.991248607635498
521,340.0020751953125,105.92852020263672,0.8282303214073181,347.5390930175781,183.1285858154297,0.9780437350273132,328.2248840332031,143.23910522460938,0.8813288807868958,310.33349609375,147.4202880859375,0.9968705773353577,276.41595458984375,152.91506958007812,0.9993284940719604,250.86264038085938,155.98907470703125,0.9996026158332825,323.62628173828125,124.96965789794922,0.0567876361310482,287.09088134765625,93.72837829589844,0.9962133765220642,253.61598205566406,114.94951629638672,0.9557464718818665,303.2496643066406,167.14224243164062,0.6873418092727661,319.58843994140625,180.2261199951172,0.9461435675621033,250.61280822753906,186.65884399414062,0.9896337985992432
522,340.394775390625,103.36973571777344,0.8605703115463257,348.853515625,182.40171813964844,0.9746028184890747,328.9871826171875,142.7729949951172,0.9478222727775574,311.5554504394531,147.4202880859375,0.9983665347099304,280.9739990234375,152.7967529296875,0.998957633972168,252.32009887695312,154.93563842773438,0.9996461868286133,324.87664794921875,124.96965789794922,0.16819269955158234,287.4315490722656,93.56044006347656,0.9941473007202148,256.8359680175781,114.59674072265625,0.978452742099762,304.5436096191406,167.14224243164062,0.6504911780357361,319.6787109375,180.2724609375,0.9657670259475708,250.9793243408203,186.44154357910156,0.990653932094574
523,340.94403076171875,102.61026763916016,0.9499406814575195,353.054443359375,180.7235870361328,0.9916633367538452,329.80596923828125,142.69200134277344,0.9699389338493347,312.72308349609375,147.38385009765625,0.9987506866455078,281.9988708496094,152.7967529296875,0.9988358616828918,253.63861083984375,154.93563842773438,0.9996373653411865,325.51531982421875,124.95802307128906,0.2971194386482239,287.4985046386719,93.6588363647461,0.9926779270172119,257.35369873046875,114.42635345458984,0.9703524708747864,308.39056396484375,167.37744140625,0.7883041501045227,320.27899169921875,180.2724609375,0.9914434552192688,251.29922485351562,186.44154357910156,0.9946817755699158
524,341.9188232421875,101.03959655761719,0.9910445213317871,356.9092712402344,178.86155700683594,0.9979299306869507,330.43798828125,142.4370574951172,0.9907647371292114,313.38018798828125,147.04641723632812,0.9992789626121521,282.5648193359375,152.7967529296875,0.9989410042762756,254.86170959472656,154.93563842773438,0.9994588494300842,325.82281494140625,122.67233276367188,0.5866132378578186,287.4985046386719,93.6588363647461,0.9929497241973877,257.86474609375,113.63807678222656,0.9697017073631287,308.69342041015625,167.41050720214844,0.922548770904541,320.654052734375,180.3733673095703,0.997498095035553,251.9733428955078,186.0929412841797,0.9964391589164734
525,342.74481201171875,99.47402954101562,0.9913732409477234,359.82293701171875,178.20310974121094,0.9985100626945496,331.11700439453125,142.31976318359375,0.9943498969078064,314.8067321777344,146.87689208984375,0.9989540576934814,283.725341796875,153.07803344726562,0.9988018274307251,255.10775756835938,154.86094665527344,0.9995761513710022,326.60443115234375,122.52037048339844,0.7161276936531067,287.4985046386719,93.56044006347656,0.9918026328086853,257.8658752441406,113.63807678222656,0.975637674331665,308.8724670410156,167.79847717285156,0.9477386474609375,321.3746643066406,180.46820068359375,0.9970505237579346,252.56906127929688,185.63067626953125,0.9968422651290894
526,343.3565673828125,98.12066650390625,0.9898757338523865,360.8504943847656,176.8647003173828,0.9990009665489197,332.7584533691406,142.31976318359375,0.9960004687309265,316.73651123046875,146.52854919433594,0.99936443567276,285.0162658691406,153.07803344726562,0.9985526204109192,256.2623596191406,154.86094665527344,0.9996863603591919,327.32080078125,122.45780181884766,0.7819604873657227,287.2959289550781,93.36034393310547,0.9929995536804199,257.8658752441406,113.6279296875,0.9788303971290588,309.7601318359375,168.20361328125,0.9399353265762329,322.38427734375,180.47738647460938,0.9971164464950562,252.87933349609375,184.92286682128906,0.9971359968185425
527,344.35614013671875,96.31500244140625,0.9863065481185913,361.6177062988281,172.88990783691406,0.9991457462310791,333.4748840332031,142.31976318359375,0.9930169582366943,317.78228759765625,146.1476593017578,0.9993510842323303,285.748291015625,153.07803344726562,0.9982929825782776,256.66741943359375,154.86094665527344,0.9997162222862244,327.536376953125,122.19905090332031,0.8303548693656921,287.2959289550781,93.1151351928711,0.9930188059806824,258.0060119628906,113.33625793457031,0.9822335839271545,309.8490905761719,168.36085510253906,0.9449703693389893,322.4390563964844,180.46820068359375,0.9972240924835205,252.9486846923828,184.68309020996094,0.9969616532325745
528,344.9352722167969,94.93364715576172,0.977445125579834,362.04638671875,171.1649932861328,0.9990925788879395,333.7938537597656,141.895263671875,0.9935641884803772,318.1150817871094,145.76707458496094,0.999270498752594,286.0866394042969,152.62379455566406,0.9983336329460144,257.3895568847656,154.39361572265625,0.9997010827064514,328.0249938964844,122.19905090332031,0.873163640499115,287.14422607421875,93.1151351928711,0.9941317439079285,257.8658752441406,113.56205749511719,0.9850865602493286,310.0706787109375,168.36085510253906,0.9567960500717163,322.6114501953125,180.46820068359375,0.9976276755332947,253.43341064453125,184.32159423828125,0.9971230626106262
529,344.980712890625,91.86810302734375,0.9780724048614502,363.7380065917969,169.15760803222656,0.9986715316772461,334.1265563964844,141.7848358154297,0.9965546131134033,318.5880432128906,145.2304229736328,0.9993657469749451,286.3199462890625,152.01229858398438,0.99849534034729,258.0471496582031,153.86309814453125,0.9996789693832397,328.4505310058594,121.94112396240234,0.9355981945991516,287.02276611328125,92.97064971923828,0.9945337772369385,257.873046875,113.56205749511719,0.9855015873908997,310.0709533691406,168.36085510253906,0.9664155840873718,322.77203369140625,180.0360870361328,0.9980898499488831,253.74349975585938,183.87730407714844,0.9975870847702026
530,345.3048095703125,91.39989471435547,0.9775502681732178,365.06982421875,168.8758544921875,0.9978514909744263,334.1317138671875,141.4036102294922,0.9961910247802734,318.83355712890625,144.80929565429688,0.9990991353988647,286.47308349609375,151.91905212402344,0.998678982257843,258.6881103515625,153.8043212890625,0.9996885061264038,328.99920654296875,121.86026000976562,0.9497592449188232,286.96624755859375,93.1151351928711,0.9948128461837769,258.054931640625,113.30606842041016,0.977846086025238,310.1424865722656,167.8004913330078,0.9629334211349487,322.77203369140625,179.7233123779297,0.9979755282402039,254.47573852539062,183.26626586914062,0.9978127479553223
531,345.6870422363281,90.5731430053711,0.9731272459030151,365.4547424316406,168.12759399414062,0.9978097081184387,334.9353942871094,140.81011962890625,0.9975326061248779,319.5014953613281,144.42686462402344,0.9989223480224609,287.9433288574219,150.5899200439453,0.9987207055091858,258.9133605957031,153.5654296875,0.9997109770774841,328.99920654296875,121.6629409790039,0.9531726837158203,286.4573974609375,93.12530517578125,0.9933526515960693,258.0904541015625,113.2547378540039,0.9790371060371399,311.0090026855469,167.20578002929688,0.9377318620681763,322.77203369140625,179.61839294433594,0.9974691867828369,254.94369506835938,183.21041870117188,0.9979337453842163
532,346.1213684082031,90.35456848144531,0.9779351949691772,366.138427734375,166.789306640625,0.9981038570404053,335.4725036621094,140.44918823242188,0.9979262351989746,320.4100036621094,144.05470275878906,0.9986716508865356,288.10443115234375,150.52456665039062,0.9987874627113342,259.5639343261719,153.51878356933594,0.9997335076332092,328.99920654296875,121.48474884033203,0.9448171257972717,284.984130859375,93.78588104248047,0.9911952018737793,258.0401916503906,112.40880584716797,0.970215916633606,312.34515380859375,164.02613830566406,0.8906248211860657,322.77203369140625,179.41293334960938,0.9961467981338501,255.09588623046875,182.76744079589844,0.9982116222381592
533,347.1992492675781,90.18035888671875,0.9634009003639221,372.86309814453125,164.3103485107422,0.997734546661377,336.192138671875,139.3661346435547,0.9974990487098694,321.2940673828125,143.38555908203125,0.9980142116546631,288.5085144042969,150.42105102539062,0.9990819692611694,259.6575927734375,152.95016479492188,0.9997033476829529,328.84063720703125,119.89854431152344,0.9267233610153198,277.0597229003906,100.40521240234375,0.9977014660835266,258.3970642089844,111.11158752441406,0.8727207779884338,313.4797058105469,163.7605438232422,0.7019378542900085,321.7955017089844,177.72276306152344,0.9894137382507324,255.11203002929688,182.7053680419922,0.9981233477592468
534,347.7394714355469,89.68513488769531,0.9630576968193054,373.2135925292969,161.79238891601562,0.9980781078338623,336.9577331542969,138.12612915039062,0.9977272152900696,321.5654602050781,143.36495971679688,0.9970988035202026,288.7767333984375,150.4246368408203,0.999098539352417,259.75299072265625,152.83224487304688,0.9997075200080872,328.4490051269531,119.31007385253906,0.9450105428695679,275.46453857421875,100.75474548339844,0.9977800250053406,258.3988342285156,111.10649871826172,0.8384860157966614,323.5151062011719,163.70677185058594,0.6029843091964722,320.8537902832031,177.0592803955078,0.9755405783653259,255.238037109375,182.56680297851562,0.998029887676239
535,347.81732177734375,88.81327056884766,0.9623357057571411,373.5306091308594,158.99673461914062,0.9978231191635132,338.0131530761719,134.41587829589844,0.9978171586990356,321.6626281738281,142.77320861816406,0.996346652507782,289.1241760253906,150.4246368408203,0.9991499185562134,260.1365661621094,152.8028564453125,0.9997393488883972,328.11065673828125,118.93400573730469,0.945656955242157,275.46453857421875,100.75474548339844,0.9982582926750183,258.3988342285156,111.05554962158203,0.8136192560195923,326.3385009765625,162.87281799316406,0.6495580077171326,320.5771484375,177.0361328125,0.9671376943588257,255.40460205078125,182.49510192871094,0.9981181621551514
536,348.0691223144531,88.2646255493164,0.9686019420623779,374.75750732421875,155.99325561523438,0.9989369511604309,338.2019958496094,134.00906372070312,0.998860239982605,321.6626281738281,142.56385803222656,0.9969629645347595,289.2825012207031,150.42105102539062,0.9993950128555298,260.46807861328125,152.8028564453125,0.999748170375824,327.9578552246094,118.65547943115234,0.9415120482444763,275.46453857421875,100.75474548339844,0.9984462857246399,258.2208557128906,111.05554962158203,0.8770618438720703,328.0607604980469,162.7825469970703,0.7059563398361206,319.8447570800781,177.0361328125,0.9444785118103027,255.40667724609375,182.21127319335938,0.9979027509689331
537,348.31500244140625,86.98519134521484,0.9785023927688599,375.4063415527344,152.92495727539062,0.9982309937477112,338.46112060546875,133.51165771484375,0.9992653727531433,321.5654602050781,141.75372314453125,0.997675359249115,289.3957214355469,150.05477905273438,0.9995379447937012,261.2412414550781,152.83224487304688,0.9997155070304871,327.6651306152344,117.97106170654297,0.9480589032173157,278.07415771484375,100.1214370727539,0.9980574250221252,258.28546142578125,111.05554962158203,0.9062514901161194,328.0607604980469,162.7825469970703,0.6205301284790039,319.8447570800781,177.0361328125,0.9162040948867798,255.57395935058594,182.11309814453125,0.9980455636978149
538,348.8868103027344,86.32988739013672,0.9850168228149414,376.31781005859375,150.66619873046875,0.9964839220046997,338.49114990234375,132.56915283203125,0.9994794726371765,320.0203552246094,141.74143981933594,0.9980558156967163,289.4598693847656,149.05593872070312,0.9996780157089233,262.00567626953125,152.974365234375,0.9996767044067383,326.5035095214844,116.53606414794922,0.9336620569229126,285.054443359375,94.22428131103516,0.9935771822929382,258.28546142578125,113.3954849243164,0.979172945022583,328.0607604980469,162.87281799316406,0.4077533483505249,319.7598876953125,177.63546752929688,0.9394946694374084,255.5886993408203,182.1059112548828,0.9979058504104614
539,348.8868103027344,85.63877868652344,0.9849767684936523,378.869873046875,148.90394592285156,0.9754136204719543,339.02587890625,132.30010986328125,0.9995249509811401,320.0203552246094,141.26058959960938,0.9984281063079834,289.48541259765625,148.07374572753906,0.9997339844703674,262.8502197265625,153.23703002929688,0.9996628761291504,326.2060546875,116.46556091308594,0.937690258026123,288.2464294433594,94.22428131103516,0.987251877784729,258.28546142578125,114.820068359375,0.9904136061668396,316.6707763671875,163.12713623046875,0.2616492509841919,319.7598876953125,177.7527618408203,0.9719964265823364,255.95516967773438,181.97225952148438,0.9978677034378052
540,348.8868103027344,83.81966400146484,0.982299268245697,379.24395751953125,147.7068634033203,0.9822196960449219,339.52197265625,132.1591033935547,0.9995168447494507,320.0203552246094,141.04229736328125,0.9981340765953064,289.799560546875,147.5736083984375,0.9997720122337341,262.8502197265625,153.23703002929688,0.9994540810585022,325.9009094238281,115.97574615478516,0.9215899705886841,291.478515625,94.22428131103516,0.9954559803009033,260.0722961425781,115.17241668701172,0.996283233165741,314.7599792480469,164.0095672607422,0.39632490277290344,319.5123291015625,177.7527618408203,0.9824395179748535,255.95516967773438,181.53903198242188,0.998084545135498
541,348.1683044433594,82.05531311035156,0.9817761778831482,379.8875732421875,147.06382751464844,0.9721773266792297,339.8734130859375,130.5227508544922,0.999271810054779,320.94287109375,140.21246337890625,0.9979615211486816,289.9796142578125,147.44537353515625,0.9998167157173157,263.4604797363281,153.23703002929688,0.9993364214897156,325.9009094238281,115.97574615478516,0.8561191558837891,296.669677734375,94.22428131103516,0.9974405765533447,261.34197998046875,115.72684478759766,0.9976075887680054,309.99432373046875,164.6962890625,0.4333097040653229,319.5123291015625,177.7527618408203,0.9793245196342468,255.9718017578125,181.50674438476562,0.9981524348258972
542,346.8694152832031,81.36257934570312,0.9615091681480408,380.1282653808594,147.06382751464844,0.9560279250144958,340.9393615722656,128.50119018554688,0.9983017444610596,322.781982421875,139.12368774414062,0.9979768395423889,290.7003173828125,147.28834533691406,0.9998552799224854,263.6261291503906,152.74835205078125,0.999117910861969,325.9009094238281,115.97574615478516,0.8114885091781616,300.79461669921875,94.2423324584961,0.993513822555542,262.0172119140625,115.72684478759766,0.9975501894950867,309.99432373046875,164.6962890625,0.30598244071006775,319.5123291015625,177.63546752929688,0.9671366810798645,256.5430908203125,181.4687957763672,0.9977815747261047
543,346.8694152832031,80.77066802978516,0.9384254813194275,381.0284423828125,147.06382751464844,0.9071041345596313,341.8539733886719,128.47117614746094,0.9966076612472534,324.0979919433594,138.27572631835938,0.9982813596725464,291.6611633300781,146.89332580566406,0.9998860359191895,263.7861633300781,152.25555419921875,0.9994058609008789,325.4183349609375,116.45320129394531,0.7320155501365662,302.63824462890625,94.599853515625,0.9942210912704468,262.06488037109375,115.72684478759766,0.9977515339851379,309.99432373046875,164.6962890625,0.28413376212120056,319.5288391113281,177.36521911621094,0.9786226749420166,256.5430908203125,181.3004608154297,0.9978017210960388
544,346.8694152832031,79.80215454101562,0.9293769001960754,381.6191101074219,147.08741760253906,0.9495774507522583,342.9797668457031,127.94415283203125,0.9962826371192932,326.4184265136719,138.2664337158203,0.9987046718597412,293.0200500488281,146.25157165527344,0.9998812675476074,263.7861633300781,151.88156127929688,0.9995794892311096,325.37982177734375,116.63105773925781,0.7374058961868286,304.8509521484375,94.599853515625,0.9948205947875977,262.54693603515625,115.49828338623047,0.9981386661529541,362.9244689941406,146.05252075195312,0.3708145320415497,319.5288391113281,177.2731170654297,0.9805399775505066,256.6311340332031,181.14251708984375,0.9973323345184326
545,347.08148193359375,78.6152572631836,0.9032647609710693,381.6191101074219,147.26718139648438,0.9646672010421753,343.8285827636719,127.81562805175781,0.9960305094718933,326.6300354003906,137.8723602294922,0.9989786148071289,294.07366943359375,145.8727569580078,0.999835729598999,264.7201232910156,151.32916259765625,0.9996628761291504,325.4183349609375,116.63105773925781,0.7445152401924133,307.3514709472656,94.2423324584961,0.9957137107849121,262.54693603515625,115.25853729248047,0.9975911378860474,364.065185546875,146.05252075195312,0.44152966141700745,319.8906555175781,176.80149841308594,0.9814351797103882,256.94927978515625,180.37106323242188,0.99824059009552
546,347.1053161621094,78.6152572631836,0.8742882609367371,381.6191101074219,147.8175048828125,0.9791098833084106,344.1893005371094,127.43525695800781,0.9953519105911255,327.6790771484375,137.50180053710938,0.9990946054458618,294.5078125,145.43307495117188,0.9998250603675842,265.3625183105469,151.20550537109375,0.9996658563613892,325.23919677734375,116.45320129394531,0.696265459060669,309.0648193359375,94.2423324584961,0.9961344003677368,262.0172119140625,115.25853729248047,0.997414231300354,364.065185546875,141.91500854492188,0.47899189591407776,319.8906555175781,176.6999053955078,0.9879087805747986,257.1200256347656,180.3050537109375,0.998405396938324
547,347.1053161621094,78.6152572631836,0.8289970755577087,379.30712890625,148.1922149658203,0.9768803119659424,345.1910400390625,126.95137023925781,0.9936488270759583,328.9641418457031,137.50180053710938,0.9991099238395691,295.3275146484375,145.19937133789062,0.9997504353523254,266.0830383300781,150.7709197998047,0.9996880292892456,325.23919677734375,116.61859893798828,0.6079138517379761,313.84503173828125,93.18550872802734,0.9899015426635742,261.7550354003906,115.25853729248047,0.997001588344574,362.9244689941406,141.9099884033203,0.5203400254249573,320.04278564453125,176.11807250976562,0.9891497492790222,257.19775390625,180.27818298339844,0.9983115196228027
548,347.1053161621094,78.710205078125,0.7790795564651489,378.2752990722656,148.7411651611328,0.97845858335495,346.2371826171875,126.95137023925781,0.9909645318984985,330.33514404296875,136.84523010253906,0.9993415474891663,295.3310852050781,144.72528076171875,0.9995397329330444,266.997802734375,150.3386993408203,0.9997429251670837,325.53265380859375,116.61859893798828,0.45625776052474976,313.84503173828125,93.18550872802734,0.9861195087432861,261.7550354003906,115.67615509033203,0.9975014328956604,330.5213317871094,112.34993743896484,0.6984923481941223,320.04278564453125,176.11807250976562,0.9911149740219116,257.3612976074219,180.05418395996094,0.9985479712486267
549,345.8880310058594,79.8817138671875,0.6682642102241516,376.8772888183594,148.7411651611328,0.9698689579963684,347.2460632324219,126.93226623535156,0.9847341179847717,331.0152282714844,136.3190155029297,0.9992753863334656,296.1618347167969,144.54112243652344,0.999593198299408,267.5473937988281,150.3386993408203,0.9996800422668457,325.61102294921875,116.61859893798828,0.35890308022499084,313.84503173828125,93.18550872802734,0.960756242275238,261.7550354003906,116.09221649169922,0.9978435039520264,330.5213317871094,111.1263198852539,0.7949230670928955,320.04278564453125,176.11807250976562,0.9922572374343872,257.8931884765625,179.9719696044922,0.9983036518096924
550,345.8880310058594,81.732666015625,0.3832046687602997,374.9999694824219,148.1922149658203,0.8850387334823608,347.82177734375,126.91343688964844,0.9709620475769043,333.5687561035156,134.86215209960938,0.9990333318710327,297.44708251953125,144.095703125,0.9996002316474915,268.82568359375,150.3386993408203,0.9996238946914673,352.595458984375,122.78533172607422,0.39525794982910156,269.6971130371094,115.31963348388672,0.9284343719482422,262.4339599609375,116.09221649169922,0.9982315897941589,330.5213317871094,105.58255767822266,0.8458454608917236,320.1247253417969,176.73121643066406,0.9932918548583984,258.2671203613281,179.9245147705078,0.9984478950500488
551,345.8880310058594,82.80093383789062,0.1903328150510788,344.3234558105469,78.78160095214844,0.7871921062469482,349.8340759277344,126.55766296386719,0.94189453125,334.59332275390625,134.4767608642578,0.9990598559379578,298.5567932128906,144.01803588867188,0.9995904564857483,270.8335266113281,150.9738006591797,0.9997106194496155,367.10400390625,146.8982696533203,0.40899306535720825,269.6524658203125,115.43956756591797,0.8847662806510925,262.8708190917969,116.09221649169922,0.9988034963607788,331.86822509765625,105.43470001220703,0.866724967956543,320.2137451171875,176.752197265625,0.9930170774459839,258.3446044921875,179.63592529296875,0.9985519051551819
552,365.6659851074219,151.6179962158203,0.11111035943031311,342.9465026855469,78.78160095214844,0.8042727112770081,350.33734130859375,125.80070495605469,0.9101995825767517,335.0967102050781,133.85903930664062,0.9989535808563232,298.9634094238281,143.59153747558594,0.9994646906852722,271.63848876953125,151.01622009277344,0.9997554421424866,367.10400390625,146.8982696533203,0.3160814344882965,269.6382751464844,115.56318664550781,0.8572736382484436,262.8719482421875,116.16070556640625,0.9988073110580444,331.86822509765625,104.48031616210938,0.868209958076477,320.2137451171875,177.035400390625,0.9922160506248474,258.80157470703125,179.63592529296875,0.9985877275466919
553,365.6659851074219,161.4173126220703,0.110228031873703,342.1554870605469,78.78160095214844,0.7912448048591614,350.5528259277344,125.56417083740234,0.8927221894264221,335.33306884765625,133.84585571289062,0.9989321827888489,300.4473571777344,143.59002685546875,0.9993314743041992,272.4889831542969,151.01622009277344,0.9997991919517517,367.10400390625,146.8982696533203,0.23363201320171356,269.6524658203125,115.66520690917969,0.8244695067405701,263.1877136230469,116.06623077392578,0.998898983001709,331.9760437011719,104.43924713134766,0.8588151931762695,320.2137451171875,177.0497589111328,0.9904639720916748,259.2375183105469,179.63592529296875,0.9982603192329407
554,366.8475341796875,161.4173126220703,0.09444409608840942,340.1371154785156,79.49418640136719,0.6522676348686218,350.5528259277344,125.32825469970703,0.8795154094696045,335.54107666015625,133.84585571289062,0.9987030029296875,300.6661376953125,143.59002685546875,0.9993451237678528,273.1795349121094,150.98448181152344,0.9998133778572083,365.69903564453125,146.77804565429688,0.19700920581817627,269.6524658203125,115.70913696289062,0.8103105425834656,263.2183532714844,116.06623077392578,0.9989579916000366,332.3507995605469,104.0038833618164,0.8689414858818054,320.23956298828125,177.17872619628906,0.9898059964179993,259.4120178222656,179.6605224609375,0.9984390139579773
555,366.8475341796875,161.4173126220703,0.0542256161570549,338.4170837402344,80.27134704589844,0.38728418946266174,350.5528259277344,125.15211486816406,0.75697261095047,335.54107666015625,133.84585571289062,0.9977287650108337,300.7333068847656,143.59153747558594,0.9993613362312317,273.6453552246094,150.98448181152344,0.9998359680175781,363.432373046875,145.85256958007812,0.22062145173549652,269.735107421875,115.70913696289062,0.805597186088562,263.9002990722656,116.06623077392578,0.9988610744476318,332.6487121582031,101.91244506835938,0.8242585062980652,320.3851318359375,177.4084014892578,0.9868133068084717,259.44842529296875,179.94430541992188,0.9984466433525085
556,365.6659851074219,148.0270538330078,0.06311224400997162,338.4170837402344,84.75054931640625,0.277637779712677,350.4005126953125,125.15211486816406,0.6692762970924377,335.33306884765625,134.36813354492188,0.996576726436615,300.7716369628906,143.7797393798828,0.9994413256645203,274.1629943847656,151.01622009277344,0.9998365640640259,353.0848693847656,123.71157836914062,0.27832549810409546,269.8385314941406,115.85585021972656,0.7920629978179932,264.0614013671875,116.16047668457031,0.9987490177154541,335.1243896484375,93.440185546875,0.7832722663879395,320.7799987792969,177.4084014892578,0.9783198237419128,259.498779296875,179.94430541992188,0.9978765249252319
557,372.1688537597656,147.37754821777344,0.07732270658016205,338.4170837402344,85.94070434570312,0.15131936967372894,350.2850341796875,125.15211486816406,0.5982606410980225,335.2601623535156,134.81068420410156,0.994721531867981,300.9736328125,143.81045532226562,0.9994567036628723,274.64056396484375,151.2039794921875,0.999811589717865,353.05804443359375,123.63521575927734,0.30480149388313293,269.8385314941406,115.87588500976562,0.8278839588165283,264.0793151855469,116.16047668457031,0.9987533092498779,335.1243896484375,93.440185546875,0.8088713884353638,321.1138916015625,177.4084014892578,0.9768816828727722,259.44842529296875,179.97174072265625,0.9985755681991577
558,372.1688537597656,147.37754821777344,0.10193373262882233,354.4857177734375,172.69259643554688,0.11247699707746506,349.7146911621094,126.1787338256836,0.5659245848655701,334.9617004394531,135.66966247558594,0.9949281215667725,301.1127624511719,144.30484008789062,0.9994557499885559,274.6693115234375,151.3199005126953,0.999823272228241,352.8323059082031,123.71157836914062,0.36161547899246216,269.88055419921875,116.15174102783203,0.818118155002594,264.249267578125,116.3059310913086,0.998775064945221,335.1243896484375,93.4061050415039,0.8507607579231262,321.1138916015625,177.0049285888672,0.9645873308181763,259.4120178222656,179.97174072265625,0.9986918568611145
559,371.6275634765625,147.37754821777344,0.06515582650899887,355.5418395996094,174.2230987548828,0.1524663269519806,349.5887145996094,126.31847381591797,0.33695122599601746,332.36279296875,136.90682983398438,0.993732750415802,301.1309814453125,144.82200622558594,0.9995970129966736,274.67877197265625,151.4442138671875,0.9997991919517517,351.5721740722656,123.71157836914062,0.30946585536003113,269.8901062011719,116.15174102783203,0.8433066010475159,264.36810302734375,116.48058319091797,0.998414158821106,333.9361877441406,93.24101257324219,0.8583362698554993,321.1138916015625,176.65408325195312,0.9634656310081482,259.23004150390625,179.97174072265625,0.9988059997558594
560,370.80712890625,147.96755981445312,0.0661037340760231,357.498779296875,177.5432891845703,0.2577058672904968,349.3267517089844,126.68435668945312,0.22759324312210083,332.23193359375,136.90682983398438,0.9937041401863098,301.2488708496094,144.82200622558594,0.9995765089988708,274.9364929199219,151.54849243164062,0.9998151659965515,351.02484130859375,128.01734924316406,0.2360340654850006,269.8901062011719,116.17516326904297,0.821887195110321,264.3936462402344,116.5181884765625,0.9984966516494751,332.7297668457031,93.24101257324219,0.8268742561340332,321.0252685546875,176.38815307617188,0.9621539115905762,259.1567077636719,180.07159423828125,0.9988093376159668
561,370.80712890625,148.39788818359375,0.049338631331920624,357.76727294921875,179.11524963378906,0.5731418132781982,349.3267517089844,126.68435668945312,0.156438946723938,331.8980712890625,136.90682983398438,0.9931529760360718,301.29376220703125,144.82200622558594,0.9995617270469666,275.1689453125,151.59107971191406,0.9998047947883606,351.02484130859375,128.08152770996094,0.19256335496902466,269.8905029296875,116.22103118896484,0.8179680705070496,264.41845703125,116.54344177246094,0.9985085129737854,332.7297668457031,93.13489532470703,0.8431645631790161,321.0252685546875,176.1943817138672,0.9644806385040283,259.1531982421875,180.31362915039062,0.9988735318183899
562,370.5754089355469,148.3981170654297,0.05347451940178871,358.4764404296875,179.11524963378906,0.8187097311019897,349.3267517089844,126.76988220214844,0.186804860830307,331.6700134277344,136.7703857421875,0.9926939010620117,301.5622253417969,144.68545532226562,0.9995428323745728,276.0876770019531,151.59107971191406,0.9997915625572205,351.02484130859375,128.08152770996094,0.200919508934021,270.0069885253906,116.35722351074219,0.7811688184738159,264.41845703125,116.59563446044922,0.9986139535903931,332.7297668457031,92.7812271118164,0.8392847180366516,321.0252685546875,176.1943817138672,0.9652695059776306,259.1370544433594,180.31362915039062,0.9986528158187866
563,365.2727355957031,155.35894775390625,0.033419471234083176,358.4764404296875,179.11524963378906,0.913057267665863,349.61273193359375,126.76988220214844,0.15322737395763397,331.6527404785156,136.56292724609375,0.989929735660553,302.1253662109375,144.60372924804688,0.9995005130767822,276.51348876953125,151.59107971191406,0.9997920393943787,351.17626953125,128.08152770996094,0.1983874887228012,270.1483154296875,116.35722351074219,0.7687869668006897,264.70458984375,116.64701843261719,0.9984160661697388,334.59356689453125,92.42538452148438,0.8536607027053833,321.1239013671875,176.1943817138672,0.9707829356193542,259.1531982421875,180.31362915039062,0.9984416365623474
564,361.0852966308594,173.58778381347656,0.09847990423440933,361.1069030761719,177.88970947265625,0.9708841443061829,351.8979187011719,127.30570220947266,0.14539475739002228,331.48486328125,135.23284912109375,0.9923014640808105,302.1913146972656,144.36875915527344,0.9993398785591125,277.1964416503906,151.1961669921875,0.9997690320014954,352.4278259277344,128.23080444335938,0.22379963099956512,270.1598815917969,116.35722351074219,0.7808473706245422,264.7167663574219,116.64701843261719,0.9981348514556885,336.9024353027344,91.86752319335938,0.8942732810974121,321.2635803222656,177.33734130859375,0.9755778908729553,259.1531982421875,180.16256713867188,0.9984112977981567
565,361.0852966308594,173.58778381347656,0.326882004737854,363.72467041015625,176.44850158691406,0.9830573201179504,353.260498046875,127.46014404296875,0.12090514600276947,331.48486328125,134.8314971923828,0.9893338084220886,302.7090759277344,142.4823760986328,0.9994211196899414,278.1256408691406,150.8782958984375,0.9997571110725403,355.8273010253906,136.39390563964844,0.24142903089523315,319.7996826171875,89.1991958618164,0.8115500211715698,264.7509460449219,116.64701843261719,0.9979308843612671,336.9024353027344,91.86752319335938,0.8551205992698669,321.4030456542969,177.47315979003906,0.9775533080101013,259.6631774902344,180.08377075195312,0.99872225522995
566,361.0852966308594,173.58778381347656,0.43088826537132263,365.33868408203125,174.53640747070312,0.9729941487312317,354.8702697753906,127.92634582519531,0.11908593773841858,331.48486328125,134.61273193359375,0.9804752469062805,304.62890625,142.3778076171875,0.9996115565299988,279.44598388671875,149.92462158203125,0.9996920824050903,356.1658630371094,136.48524475097656,0.1256576031446457,319.7996826171875,89.1991958618164,0.845763087272644,265.1167297363281,116.34452819824219,0.9980809688568115,337.03741455078125,91.86752319335938,0.7858057022094727,321.4030456542969,177.53897094726562,0.9807907342910767,259.6631774902344,179.9325714111328,0.9986991882324219
567,364.223876953125,173.57260131835938,0.5417254567146301,365.71307373046875,171.48690795898438,0.9668205380439758,355.5621337890625,128.63243103027344,0.17626254260540009,337.1662902832031,133.69515991210938,0.9852954149246216,306.2096252441406,142.12022399902344,0.9996542930603027,279.5571594238281,149.45729064941406,0.999512791633606,356.9403991699219,136.60543823242188,0.06030454859137535,319.7996826171875,89.1991958618164,0.9422648549079895,265.19207763671875,116.09510040283203,0.9984500408172607,337.32940673828125,91.86752319335938,0.5467516183853149,321.3233947753906,177.53897094726562,0.986119270324707,259.7775573730469,179.5610809326172,0.9987712502479553
568,369.14013671875,173.1255340576172,0.5347108244895935,369.7431945800781,169.97691345214844,0.9647305607795715,356.24908447265625,128.63243103027344,0.16304869949817657,338.8452453613281,133.3737335205078,0.9873348474502563,307.4134521484375,142.07228088378906,0.9996821880340576,280.20294189453125,148.81097412109375,0.9993791580200195,356.8115234375,136.60543823242188,0.05443554371595383,317.2702331542969,90.34845733642578,0.9765836000442505,265.44183349609375,115.63984680175781,0.9986604452133179,337.03741455078125,92.67151641845703,0.2773636281490326,321.3394775390625,177.47315979003906,0.9892320036888123,259.95196533203125,179.3537139892578,0.9990360736846924
569,372.054931640625,170.98585510253906,0.36825236678123474,373.73992919921875,169.4898681640625,0.9773772358894348,357.63970947265625,128.63243103027344,0.20730388164520264,339.8817138671875,132.95274353027344,0.9913229942321777,307.9838562011719,141.58914184570312,0.9996426105499268,280.7165832519531,148.18505859375,0.999583899974823,356.8115234375,136.60543823242188,0.06346873193979263,316.4403381347656,90.34845733642578,0.9739819169044495,265.44183349609375,115.29010772705078,0.9984991550445557,337.03741455078125,92.67151641845703,0.3636966645717621,321.3233947753906,177.47315979003906,0.98896723985672,260.1910400390625,179.1350555419922,0.9989456534385681
570,372.0776062011719,168.34072875976562,0.426166832447052,376.37152099609375,168.903076171875,0.9570879340171814,357.9152526855469,128.34649658203125,0.4265526235103607,340.2378845214844,132.12893676757812,0.9938452839851379,308.51068115234375,141.17935180664062,0.9997407793998718,281.0063781738281,147.8645477294922,0.9997016787528992,356.9403991699219,136.60543823242188,0.05944181606173515,316.4244384765625,90.34845733642578,0.9792918562889099,265.6104736328125,115.22587585449219,0.9985200762748718,349.4539489746094,83.85114288330078,0.3050486147403717,321.2198181152344,177.45469665527344,0.9905369877815247,261.4124450683594,179.04502868652344,0.9987155199050903
571,373.63751220703125,89.34042358398438,0.5201488137245178,380.3827209472656,166.60061645507812,0.954738438129425,358.2263488769531,127.00554656982422,0.6945180892944336,341.46923828125,131.12417602539062,0.9969573020935059,309.53466796875,140.73910522460938,0.9997676014900208,281.68011474609375,147.3298797607422,0.9998041987419128,365.2236022949219,137.94366455078125,0.08670014888048172,316.12152099609375,89.86287689208984,0.9879354238510132,265.6661071777344,115.22587585449219,0.9986559152603149,349.4539489746094,83.85114288330078,0.5185085535049438,320.8594665527344,177.45469665527344,0.9935031533241272,261.51336669921875,178.88388061523438,0.998623251914978
572,375.2253723144531,88.85521697998047,0.6712842583656311,387.8590393066406,164.32696533203125,0.984889805316925,360.1288146972656,126.55435943603516,0.8362395167350769,342.9523620605469,129.92869567871094,0.9985114932060242,310.8236083984375,140.73910522460938,0.999734103679657,282.94268798828125,147.3298797607422,0.9998143315315247,365.475341796875,137.94366455078125,0.14819905161857605,315.6065368652344,89.84532928466797,0.989000141620636,265.8675842285156,115.22587585449219,0.9984360337257385,349.5189208984375,147.7294464111328,0.5881215929985046,320.75311279296875,177.45469665527344,0.9911899566650391,262.9507141113281,178.01268005371094,0.9988611936569214
573,376.9070129394531,88.26327514648438,0.41564232110977173,391.1957092285156,162.8091278076172,0.9903186559677124,360.4932556152344,125.78144836425781,0.7490835785865784,343.6081237792969,129.89462280273438,0.9980399012565613,311.888916015625,140.73910522460938,0.9995355606079102,284.3192138671875,147.3298797607422,0.9998176693916321,365.6601867675781,108.96035766601562,0.11322010308504105,315.43670654296875,89.84532928466797,0.9916501045227051,265.8675842285156,115.22587585449219,0.9985775947570801,349.5189208984375,144.95054626464844,0.4491780698299408,320.75311279296875,177.5731658935547,0.9904944896697998,266.7549743652344,176.83311462402344,0.9950675964355469
574,377.9508056640625,87.88465118408203,0.524153470993042,391.1957092285156,161.2710418701172,0.9921948909759521,361.5939025878906,125.188232421875,0.8271322250366211,344.781982421875,128.5796661376953,0.9978348612785339,313.9306945800781,140.71258544921875,0.9995508790016174,286.6326904296875,148.4088592529297,0.9998354911804199,365.6601867675781,108.15956115722656,0.10187409818172455,315.36346435546875,89.66566467285156,0.9936561584472656,265.8675842285156,115.29183197021484,0.9982604384422302,348.85107421875,144.96380615234375,0.4768678843975067,320.75311279296875,177.5731658935547,0.9870523810386658,268.24359130859375,176.8076629638672,0.9863475561141968
575,379.4787902832031,86.86911010742188,0.5964877009391785,391.2532043457031,159.65472412109375,0.9854112863540649,362.7576599121094,124.90495300292969,0.870937168598175,345.3253479003906,128.24697875976562,0.997654139995575,315.1986083984375,140.71258544921875,0.9996294975280762,289.2337646484375,148.4644775390625,0.9998716115951538,367.8910827636719,107.72038269042969,0.10907020419836044,315.13604736328125,89.5367202758789,0.994419276714325,265.6036682128906,115.31441497802734,0.9979763627052307,348.2927551269531,145.10733032226562,0.4242374300956726,320.5526123046875,177.5731658935547,0.9792897701263428,287.18072509765625,176.8076629638672,0.9840213656425476
576,379.4787902832031,86.39176177978516,0.5440399050712585,392.91229248046875,156.7212677001953,0.9879080653190613,363.6106262207031,123.99964904785156,0.9241731762886047,345.78857421875,127.94890594482422,0.9972171783447266,316.1577453613281,140.71258544921875,0.9996544122695923,290.8305358886719,148.52720642089844,0.9998515844345093,367.8050537109375,103.2431411743164,0.08797574788331985,315.12762451171875,89.5367202758789,0.9955337047576904,265.6036682128906,115.30604553222656,0.9978246688842773,348.2927551269531,145.10733032226562,0.5463497638702393,320.0890808105469,176.46734619140625,0.9757530093193054,292.24322509765625,176.2555694580078,0.957736611366272
577,379.4787902832031,86.15511322021484,0.43368229269981384,392.91229248046875,156.5072021484375,0.9847015142440796,364.5824279785156,123.18770599365234,0.929046630859375,346.34442138671875,127.92170715332031,0.9959220886230469,317.10858154296875,140.43077087402344,0.9996507167816162,291.55511474609375,148.49728393554688,0.9999011754989624,367.8050537109375,103.2431411743164,0.1639627069234848,315.0954895019531,89.31977844238281,0.995596706867218,265.3894958496094,115.29183197021484,0.9978390336036682,348.2927551269531,144.96380615234375,0.521186113357544,320.0890808105469,176.01589965820312,0.9506142735481262,295.6513671875,175.18292236328125,0.9180249571800232
578,380.0261535644531,82.36812591552734,0.39730751514434814,394.29364013671875,155.86203002929688,0.9655833840370178,366.1602783203125,122.76847839355469,0.9526030421257019,347.203369140625,127.92170715332031,0.9952303767204285,318.4754943847656,140.43077087402344,0.9996296167373657,292.6890563964844,148.49728393554688,0.999894380569458,367.8050537109375,103.17658233642578,0.16709297895431519,315.12762451171875,89.1496810913086,0.9949849843978882,265.4358825683594,115.29183197021484,0.9973672032356262,349.3318786621094,144.96380615234375,0.4648137390613556,320.0890808105469,173.6580352783203,0.9283369779586792,389.3913879394531,153.7256622314453,0.732894778251648
579,380.48187255859375,82.29997253417969,0.45575031638145447,396.4925537109375,155.32005310058594,0.9772918224334717,366.5183410644531,122.44648742675781,0.9819912314414978,348.0140380859375,127.92170715332031,0.9950278401374817,318.5830078125,140.43077087402344,0.9996520280838013,293.0033874511719,148.50717163085938,0.9998984336853027,367.5536193847656,103.17658233642578,0.22299903631210327,315.12762451171875,89.1496810913086,0.9930365681648254,265.6036682128906,115.28260040283203,0.9969953298568726,370.59429931640625,96.65911865234375,0.684643566608429,320.110595703125,173.19363403320312,0.9422019720077515,391.2743225097656,153.568603515625,0.554063081741333
580,380.56524658203125,81.15184783935547,0.44940581917762756,397.7002258300781,154.67564392089844,0.9761511087417603,366.6668701171875,121.71056365966797,0.990032970905304,349.1242370605469,127.92170715332031,0.9956895709037781,318.7580871582031,140.3306427001953,0.9996418952941895,293.81988525390625,148.52720642089844,0.9998821020126343,366.78338623046875,103.17658233642578,0.22208043932914734,315.0167541503906,89.31977844238281,0.9923900961875916,265.6612243652344,115.22428894042969,0.9968345761299133,370.59429931640625,96.47179412841797,0.781462550163269,320.110595703125,172.96685791015625,0.9375802278518677,392.2438049316406,152.85447692871094,0.4976527988910675
581,382.5474853515625,79.4434814453125,0.5257835984230042,400.25762939453125,153.38851928710938,0.9669363498687744,366.76171875,118.55057525634766,0.9889935851097107,349.3244323730469,127.76842498779297,0.9950207471847534,318.7818908691406,140.2992401123047,0.9996196031570435,293.9932556152344,148.56114196777344,0.9998503923416138,366.78338623046875,103.17658233642578,0.31816962361335754,315.0167541503906,89.1496810913086,0.9920126795768738,265.8528747558594,115.22428894042969,0.9959138035774231,370.59429931640625,96.47179412841797,0.7874018549919128,320.1442565917969,172.78582763671875,0.93944251537323,392.4471435546875,152.01156616210938,0.5533071756362915
582,387.48663330078125,78.61552429199219,0.7210979461669922,401.6241149902344,152.59884643554688,0.9901818633079529,367.2862243652344,118.43366241455078,0.9934009909629822,349.9398498535156,127.4498519897461,0.9958939552307129,318.7580871582031,139.9525604248047,0.9995731711387634,294.1224060058594,148.56114196777344,0.9998409748077393,367.5536193847656,101.23785400390625,0.4467039108276367,315.1566162109375,89.1496810913086,0.9906373620033264,266.0226745605469,115.28260040283203,0.9964983463287354,370.4873046875,96.65911865234375,0.7277235984802246,320.3722839355469,172.5243682861328,0.9268678426742554,393.81756591796875,150.98826599121094,0.2861359119415283
583,387.9811096191406,78.54773712158203,0.7954607605934143,402.671875,151.7841033935547,0.9929781556129456,367.3111877441406,118.43366241455078,0.9943587183952332,350.4533386230469,127.4498519897461,0.9960049986839294,318.7818908691406,139.3165283203125,0.9994668364524841,294.4320068359375,148.56114196777344,0.9998278617858887,367.7135009765625,100.34661102294922,0.4517160952091217,315.1566162109375,89.05020141601562,0.9910423755645752,266.101806640625,115.3021240234375,0.9967420697212219,356.79345703125,146.2900848388672,0.7865172028541565,320.3722839355469,172.4681396484375,0.9218026399612427,393.81756591796875,150.98826599121094,0.24299581348896027
584,389.0951843261719,78.61552429199219,0.8266182541847229,403.0794677734375,151.57835388183594,0.9948445558547974,367.3844299316406,118.55057525634766,0.9958629608154297,350.619873046875,127.4498519897461,0.9967653751373291,318.9385070800781,138.583251953125,0.9994346499443054,294.7612609863281,148.2310791015625,0.9997987151145935,368.3395080566406,100.16742706298828,0.41627222299575806,315.2628479003906,89.05020141601562,0.9910354614257812,266.101806640625,115.44473266601562,0.9958795309066772,355.7070617675781,146.61459350585938,0.8163371682167053,320.6331787109375,172.01593017578125,0.9012453556060791,397.72723388671875,147.65692138671875,0.2196710854768753
585,389.8819885253906,79.10630798339844,0.9203691482543945,403.44244384765625,151.57835388183594,0.9961444139480591,368.1170959472656,118.9886703491211,0.9945570230484009,350.9586181640625,127.57962036132812,0.9971042275428772,318.9524230957031,138.52456665039062,0.9994639754295349,295.12017822265625,148.0052032470703,0.9998041987419128,369.90960693359375,99.34274291992188,0.6231454014778137,315.28460693359375,89.03369140625,0.9902663826942444,266.07989501953125,115.463134765625,0.9965478777885437,354.6525573730469,146.88894653320312,0.8261260390281677,320.9037170410156,171.6551513671875,0.9182278513908386,397.72723388671875,147.65692138671875,0.2246948629617691
586,390.95574951171875,79.10630798339844,0.9614948630332947,403.5823669433594,151.57835388183594,0.9958482980728149,368.7073669433594,119.8467025756836,0.9948504567146301,351.2154846191406,127.94774627685547,0.9972666501998901,319.1058349609375,138.4337615966797,0.9994264841079712,295.30255126953125,147.6647491455078,0.9997461438179016,371.1386413574219,98.48588562011719,0.6598510146141052,315.4411315917969,89.05020141601562,0.9900540113449097,266.1632995605469,115.4951171875,0.9956887364387512,354.6525573730469,147.17799377441406,0.8980488777160645,321.4856262207031,170.30535888671875,0.8757856488227844,319.8855285644531,173.5387725830078,0.19928604364395142
587,392.1422424316406,79.21601867675781,0.9732441306114197,404.70904541015625,151.85987854003906,0.9937753677368164,369.6782531738281,122.22370147705078,0.9929417371749878,351.7547302246094,128.4098663330078,0.9973675608634949,319.12261962890625,138.4337615966797,0.999491810798645,295.7421569824219,146.6387176513672,0.9996377229690552,372.6063537597656,98.031982421875,0.7734847664833069,315.4411315917969,89.0739974975586,0.9909965991973877,266.1775207519531,115.62889862060547,0.9957748055458069,354.6525573730469,147.2399444580078,0.9146860837936401,324.5680847167969,167.87429809570312,0.7871395945549011,313.1963195800781,173.5387725830078,0.40594255924224854
588,393.0442810058594,79.82731628417969,0.9761456251144409,404.8739013671875,151.85987854003906,0.9914235472679138,369.78448486328125,122.37866973876953,0.9913081526756287,351.7615966796875,128.63356018066406,0.9967085123062134,319.27557373046875,138.583251953125,0.9994334578514099,296.1151123046875,146.6387176513672,0.9996820688247681,372.6063537597656,97.984619140625,0.7476076483726501,315.3741149902344,89.20225524902344,0.9904787540435791,266.1775207519531,115.62968444824219,0.994509756565094,353.9051513671875,147.31015014648438,0.8492684960365295,326.3555603027344,165.09300231933594,0.49176910519599915,311.72259521484375,173.5387725830078,0.4366106688976288
589,393.045654296875,80.22205352783203,0.9851742386817932,405.38079833984375,151.85987854003906,0.9954307079315186,370.3655090332031,122.6282958984375,0.9959742426872253,352.005126953125,129.04769897460938,0.997835099697113,319.9765319824219,138.6356201171875,0.9996054768562317,296.89801025390625,146.6387176513672,0.9997764229774475,372.6063537597656,97.81563568115234,0.8110259175300598,315.28460693359375,89.24685668945312,0.9891263842582703,266.18695068359375,115.72013092041016,0.9948327541351318,351.3760681152344,150.1884307861328,0.7002158164978027,337.2682189941406,165.09300231933594,0.41919752955436707,310.9261779785156,173.90650939941406,0.5135985016822815
590,394.17437744140625,80.35778045654297,0.9859257340431213,406.91278076171875,150.9224090576172,0.9942166805267334,371.06591796875,122.70390319824219,0.9961198568344116,352.860595703125,129.38125610351562,0.9979962706565857,320.634765625,139.19485473632812,0.9996411800384521,297.6800537109375,146.6387176513672,0.9998157620429993,372.3238220214844,97.81563568115234,0.8388824462890625,315.3741149902344,91.20964050292969,0.990509033203125,266.32708740234375,115.73350524902344,0.9931592345237732,351.3760681152344,150.75881958007812,0.5838883519172668,342.56610107421875,165.09300231933594,0.4095061719417572,310.87982177734375,173.90650939941406,0.5041084289550781
591,395.7806396484375,80.35778045654297,0.9904054999351501,408.06280517578125,149.94113159179688,0.99810791015625,372.13116455078125,122.86222839355469,0.997783362865448,352.89068603515625,129.52523803710938,0.9985478520393372,321.3776550292969,139.22731018066406,0.9997155070304871,298.08477783203125,146.6387176513672,0.9998441934585571,371.82403564453125,97.6270980834961,0.8917151689529419,315.3741149902344,91.4010009765625,0.9911493062973022,266.71563720703125,115.73350524902344,0.9932475090026855,351.3760681152344,151.09375,0.6056577563285828,353.5149230957031,169.3752899169922,0.6730345487594604,310.72564697265625,174.19178771972656,0.5184268355369568
592,397.1822509765625,80.35778045654297,0.9925007224082947,408.57891845703125,149.19668579101562,0.9984708428382874,373.5063781738281,123.22288513183594,0.9985254406929016,353.79400634765625,129.52523803710938,0.9984999895095825,322.4307556152344,139.22731018066406,0.9997449517250061,298.8334655761719,146.56417846679688,0.9998639822006226,371.2088928222656,97.6270980834961,0.9447677731513977,315.51434326171875,91.4010009765625,0.9914603233337402,266.7689514160156,115.73350524902344,0.9926362037658691,352.64794921875,151.09375,0.6360880136489868,357.66314697265625,169.3752899169922,0.7887910008430481,310.8085632324219,174.93392944335938,0.639274537563324
593,398.0727233886719,79.96344757080078,0.99156254529953,408.7523193359375,149.0308074951172,0.9983793497085571,374.7355651855469,123.27806854248047,0.999140739440918,354.9211120605469,129.52523803710938,0.998191773891449,323.5764465332031,139.3001708984375,0.9997174143791199,299.3233337402344,146.5366973876953,0.9998687505722046,369.02154541015625,97.6270980834961,0.9561570882797241,316.24407958984375,91.4010009765625,0.9897391200065613,267.119140625,115.62433624267578,0.993162989616394,354.6323547363281,151.97433471679688,0.6615849137306213,360.4099426269531,169.3752899169922,0.4957388937473297,310.72564697265625,176.33477783203125,0.5941565036773682
594,398.18438720703125,79.96344757080078,0.9902133345603943,410.0517883300781,149.0308074951172,0.9990295171737671,375.7439270019531,123.2881851196289,0.9987932443618774,354.9374694824219,128.46543884277344,0.9978578686714172,324.44036865234375,139.3001708984375,0.9997298121452332,300.0644226074219,146.5366973876953,0.9998620748519897,369.02154541015625,98.15689086914062,0.9385175704956055,317.0882568359375,90.90181732177734,0.9900060296058655,267.48419189453125,115.32019805908203,0.992088794708252,356.294677734375,151.97433471679688,0.6417866349220276,362.63031005859375,168.01614379882812,0.7792805433273315,310.6991271972656,176.5243682861328,0.6630827784538269
595,398.6955261230469,79.96344757080078,0.9845961928367615,410.9464416503906,149.19668579101562,0.9991313815116882,376.387451171875,123.84880828857422,0.9979052543640137,356.0316162109375,128.46543884277344,0.9975651502609253,325.2264404296875,139.3001708984375,0.9996932744979858,301.0183410644531,146.5366973876953,0.9998007416725159,369.02154541015625,99.34223937988281,0.8619610071182251,317.1116027832031,90.90181732177734,0.9907021522521973,269.3891906738281,115.31842041015625,0.9931121468544006,356.3975524902344,151.97433471679688,0.44164901971817017,369.89678955078125,167.80126953125,0.9337772130966187,310.61346435546875,177.37576293945312,0.7146512866020203
596,400.9342041015625,81.41586303710938,0.9921118021011353,411.2475891113281,149.70469665527344,0.9988573789596558,376.5593566894531,124.7614517211914,0.9987591505050659,356.6606750488281,128.46543884277344,0.9986286163330078,326.16595458984375,139.3204803466797,0.9995661377906799,304.189697265625,148.59194946289062,0.9997484087944031,369.6939392089844,99.66670227050781,0.8763203620910645,317.1116027832031,90.85216522216797,0.9921665191650391,269.4412841796875,115.2928695678711,0.9922497272491455,356.4582824707031,150.92276000976562,0.5563960075378418,371.23211669921875,167.80126953125,0.9126642942428589,310.5833435058594,177.37576293945312,0.8055322766304016
597,401.21783447265625,81.41586303710938,0.9932924509048462,412.3417663574219,151.63853454589844,0.9975637197494507,377.58026123046875,125.08443450927734,0.9987170696258545,358.078369140625,128.68263244628906,0.9985978007316589,327.5206604003906,139.62606811523438,0.999330997467041,305.1658935546875,148.59194946289062,0.9998264908790588,369.806396484375,99.70162963867188,0.8533754348754883,317.1116027832031,90.85216522216797,0.993341863155365,272.60760498046875,114.09703826904297,0.9906598925590515,356.4582824707031,150.92276000976562,0.6333664655685425,371.5491943359375,167.8590850830078,0.9092760682106018,310.5833435058594,177.37576293945312,0.7985488772392273
598,401.94580078125,81.41586303710938,0.9962077140808105,412.34332275390625,152.147216796875,0.9970831274986267,378.1466979980469,125.08443450927734,0.9991764426231384,359.2011413574219,128.9935760498047,0.9989411234855652,328.2652282714844,139.62606811523438,0.999051034450531,305.86749267578125,148.59194946289062,0.9998563528060913,369.8345947265625,99.70913696289062,0.8890448808670044,317.0829162597656,90.77951049804688,0.9940618872642517,275.7511901855469,114.09703826904297,0.9942699670791626,356.6998596191406,150.92276000976562,0.618432343006134,371.7081298828125,167.8590850830078,0.9283332824707031,310.61346435546875,177.32899475097656,0.8573853969573975
599,401.94580078125,81.24016571044922,0.9955281615257263,412.34332275390625,152.54690551757812,0.9963526725769043,379.51202392578125,125.08443450927734,0.9989925026893616,360.54351806640625,129.39137268066406,0.9989038705825806,329.3525390625,139.5055389404297,0.999099850654602,306.6781921386719,148.32398986816406,0.9998316764831543,369.88433837890625,99.70913696289062,0.897907555103302,317.0493469238281,90.72999572753906,0.9939435124397278,277.61871337890625,113.83204650878906,0.9936582446098328,356.7005920410156,150.92276000976562,0.6177446842193604,371.7305603027344,167.80126953125,0.9401360154151917,310.988037109375,176.93421936035156,0.881653904914856
600,401.94580078125,79.40596008300781,0.9857007265090942,412.34332275390625,153.7988739013672,0.993553638458252,381.0399169921875,124.86331939697266,0.9986374974250793,362.4645080566406,129.47454833984375,0.9987745881080627,331.26507568359375,139.3204803466797,0.9991909861564636,307.76739501953125,147.8610076904297,0.999847412109375,369.88433837890625,100.48465728759766,0.87410968542099,317.0493469238281,90.72999572753906,0.9953983426094055,283.0079345703125,113.83204650878906,0.9970700740814209,356.84906005859375,150.92276000976562,0.664749801158905,372.34674072265625,167.49014282226562,0.9228687286376953,310.988037109375,176.92236328125,0.9066912531852722
601,401.5272216796875,79.40596008300781,0.9377769231796265,411.36553955078125,154.4193115234375,0.9947168231010437,381.1168518066406,124.78045654296875,0.997940719127655,364.0852355957031,129.63145446777344,0.9988225102424622,333.0583801269531,139.3952178955078,0.9993725419044495,307.76739501953125,147.21351623535156,0.9998458623886108,369.88433837890625,101.05955505371094,0.782775342464447,317.0493469238281,90.77951049804688,0.9966598749160767,284.2502136230469,113.32593536376953,0.997118353843689,368.7897033691406,104.50260925292969,0.6309229731559753,373.1023864746094,167.3894500732422,0.9287652969360352,311.31573486328125,176.8503875732422,0.9179660677909851
602,401.5272216796875,79.40596008300781,0.8988825082778931,410.9291076660156,155.22665405273438,0.9943033456802368,382.2929992675781,124.65967559814453,0.9985023736953735,364.99407958984375,129.67117309570312,0.999187171459198,333.95977783203125,139.3952178955078,0.9992569088935852,307.8309326171875,147.0777587890625,0.9998038411140442,369.743896484375,102.88754272460938,0.6944752931594849,317.59039306640625,91.5594253540039,0.9954817295074463,290.46990966796875,109.34370422363281,0.9945480227470398,368.82177734375,104.50260925292969,0.7579265236854553,373.1023864746094,166.3927764892578,0.9362327456474304,311.4267578125,176.79542541503906,0.9430771470069885
603,401.5272216796875,80.08406066894531,0.9442348480224609,409.732666015625,156.59841918945312,0.9946421384811401,384.1494445800781,124.44892120361328,0.9991657733917236,366.51263427734375,129.67117309570312,0.9994057416915894,334.896484375,139.3952178955078,0.9991638660430908,308.4773254394531,144.9528045654297,0.9997335076332092,369.743896484375,102.88754272460938,0.653658390045166,318.412353515625,91.95958709716797,0.9949563145637512,296.05938720703125,109.34370422363281,0.9838786125183105,370.0125427246094,104.50260925292969,0.7772464752197266,373.1023864746094,165.9929656982422,0.9202853441238403,311.4669494628906,176.31231689453125,0.935965359210968
604,403.4516296386719,80.95823669433594,0.9532443881034851,409.5472412109375,160.22857666015625,0.99491947889328,385.5256042480469,124.65967559814453,0.9991505146026611,367.81402587890625,130.2575225830078,0.9992347955703735,335.4040832519531,139.3952178955078,0.9989042282104492,308.4773254394531,144.8884735107422,0.9997113347053528,369.743896484375,102.88754272460938,0.44842469692230225,319.1624450683594,93.54693603515625,0.9927001595497131,302.7435607910156,105.5296859741211,0.9408474564552307,370.0125427246094,105.50576782226562,0.8256630897521973,372.9652404785156,165.28176879882812,0.8279404044151306,311.57098388671875,175.82948303222656,0.9397569894790649
605,404.81976318359375,81.75394439697266,0.9644147753715515,409.5472412109375,161.02207946777344,0.9964266419410706,386.7979736328125,124.6845932006836,0.9990911483764648,368.6633605957031,130.2575225830078,0.9992172718048096,335.56414794921875,139.50621032714844,0.9990710020065308,308.7366027832031,144.8884735107422,0.9997672438621521,372.4538269042969,103.98001861572266,0.4172077775001526,320.4125061035156,94.5146255493164,0.992874026298523,308.1138000488281,100.73128509521484,0.8686172962188721,370.0125427246094,105.529541015625,0.7646626830101013,372.9619140625,164.90162658691406,0.7689131498336792,311.57098388671875,175.51364135742188,0.9488748908042908
606,405.6041564941406,81.75394439697266,0.9771521687507629,409.732666015625,161.6711883544922,0.9971057772636414,388.3465881347656,124.6845932006836,0.999439537525177,369.1241149902344,130.2575225830078,0.9993347525596619,335.73980712890625,139.50621032714844,0.9992270469665527,309.324951171875,144.90408325195312,0.9997099041938782,372.5143737792969,104.66422271728516,0.31880447268486023,320.76800537109375,94.96139526367188,0.9925353527069092,309.4483337402344,100.73128509521484,0.8421424031257629,364.3343811035156,152.08633422851562,0.811603844165802,372.9619140625,164.87852478027344,0.6852274537086487,311.57098388671875,175.30950927734375,0.9624539613723755
607,406.26336669921875,81.75394439697266,0.9822913408279419,410.36859130859375,161.6711883544922,0.997051477432251,389.171875,124.6845932006836,0.9995543360710144,369.5058898925781,129.99176025390625,0.9994625449180603,336.28955078125,139.3716583251953,0.9993402361869812,309.5757141113281,144.8884735107422,0.9996334314346313,372.5416564941406,109.97667694091797,0.30049222707748413,320.9407043457031,94.98413848876953,0.990956723690033,309.6788330078125,98.7862777709961,0.8288387060165405,364.3343811035156,154.0012664794922,0.8435245752334595,372.9619140625,164.7747344970703,0.690922200679779,311.57098388671875,175.2952880859375,0.9734338521957397
608,406.26336669921875,81.12531280517578,0.9836180806159973,411.38671875,161.6711883544922,0.9973921775817871,389.7525329589844,124.6845932006836,0.9995437264442444,370.3433532714844,129.88848876953125,0.9995653033256531,337.25189208984375,139.3355712890625,0.999386191368103,309.7711486816406,144.8884735107422,0.9996070265769958,372.7826843261719,110.39511108398438,0.26706403493881226,321.25030517578125,95.40502166748047,0.9904324412345886,309.6788330078125,98.7862777709961,0.8049172759056091,364.3343811035156,154.0012664794922,0.8762139678001404,373.24554443359375,164.81134033203125,0.6760140061378479,311.5925598144531,174.88949584960938,0.9714879393577576
609,406.26336669921875,80.13114929199219,0.9788024425506592,411.38671875,161.25881958007812,0.996235191822052,390.0518798828125,124.59278869628906,0.9995720982551575,370.98724365234375,129.60670471191406,0.9996547698974609,338.1786193847656,139.19265747070312,0.9994102716445923,310.1673889160156,144.6028594970703,0.9995902180671692,372.8492126464844,110.9803695678711,0.26936063170433044,321.258544921875,95.40502166748047,0.9884218573570251,309.82562255859375,98.69059753417969,0.8323214054107666,366.000732421875,154.0012664794922,0.8477034568786621,373.532470703125,164.81134033203125,0.6601936221122742,311.6253662109375,174.81552124023438,0.9751794934272766
610,406.26336669921875,80.13114929199219,0.9409136176109314,411.38671875,159.97943115234375,0.9915281534194946,390.9400939941406,124.11634826660156,0.9992775321006775,372.0741271972656,129.01356506347656,0.9997056126594543,339.1205749511719,138.8093719482422,0.9993348717689514,311.29083251953125,144.22434997558594,0.9993454813957214,382.9029846191406,146.70289611816406,0.34390905499458313,321.4274597167969,95.40502166748047,0.9879451990127563,309.8634338378906,98.69059753417969,0.8810741305351257,370.2900390625,106.20867156982422,0.825609028339386,373.62139892578125,164.7747344970703,0.5907533168792725,312.0261535644531,174.58213806152344,0.9731065034866333
611,405.4582214355469,80.13114929199219,0.7639805674552917,409.7246398925781,156.43307495117188,0.9785133600234985,391.8274841308594,123.11580657958984,0.9977657794952393,372.9729309082031,128.80078125,0.999645471572876,339.74920654296875,138.3687286376953,0.9992645382881165,312.309814453125,144.11631774902344,0.9993046522140503,382.9029846191406,146.70289611816406,0.46981585025787354,321.4274597167969,95.40502166748047,0.9858649969100952,310.2198181152344,98.1985855102539,0.8939817547798157,370.2900390625,105.21649169921875,0.8403225541114807,374.62847900390625,164.4698944091797,0.5468273162841797,312.227294921875,173.9456787109375,0.9688134789466858
612,405.38653564453125,158.020263671875,0.851157546043396,398.6658020019531,75.385986328125,0.9663748145103455,392.2597351074219,122.78778839111328,0.9950001239776611,373.7356872558594,128.70111083984375,0.9994434714317322,340.5006103515625,138.0275115966797,0.9991844296455383,312.5262756347656,142.39356994628906,0.9992853999137878,382.9029846191406,146.70289611816406,0.40403303503990173,322.03497314453125,95.18499755859375,0.9817201495170593,310.2198181152344,98.1985855102539,0.9056302905082703,370.2900390625,104.2967529296875,0.7973664999008179,374.62847900390625,163.8577880859375,0.5515725612640381,312.669921875,173.26361083984375,0.9569373726844788
613,405.2366027832031,158.020263671875,0.7848625779151917,398.6658020019531,75.385986328125,0.9617619514465332,392.3630676269531,122.7619857788086,0.9916714429855347,373.87994384765625,128.64254760742188,0.9993829727172852,340.9827880859375,137.9026641845703,0.9993327260017395,313.7849426269531,142.39356994628906,0.9993695616722107,372.78948974609375,99.4339599609375,0.4767192304134369,322.0498352050781,95.18499755859375,0.9761914014816284,310.2198181152344,98.1985855102539,0.9033411145210266,370.8409423828125,103.83372497558594,0.8248730301856995,373.62139892578125,163.34471130371094,0.6575201749801636,313.1842346191406,172.8658447265625,0.950871467590332
614,405.38653564453125,158.020263671875,0.825978696346283,396.17083740234375,74.54011535644531,0.9598267078399658,392.93695068359375,122.56256866455078,0.9805741906166077,374.20855712890625,128.59524536132812,0.9993090629577637,342.10125732421875,137.8557891845703,0.9994096755981445,314.4908752441406,142.39356994628906,0.9993347525596619,372.78948974609375,97.83744812011719,0.5673424005508423,326.7796936035156,95.66172790527344,0.9688037037849426,310.217529296875,101.31659698486328,0.8867010474205017,370.01934814453125,102.59461975097656,0.8202242255210876,334.7902526855469,89.91031646728516,0.8234280943870544,313.1912536621094,172.6769256591797,0.9591299295425415
615,405.38653564453125,158.0698699951172,0.8453419804573059,396.17083740234375,74.54011535644531,0.9321072101593018,393.1419677734375,122.56256866455078,0.9699184894561768,374.852294921875,128.59524536132812,0.9991322159767151,342.4516906738281,137.56591796875,0.9992923736572266,314.8844299316406,142.95323181152344,0.999386191368103,372.78948974609375,97.83744812011719,0.5920761227607727,376.79754638671875,163.45669555664062,0.9283870458602905,310.217529296875,104.03511810302734,0.9287091493606567,370.01934814453125,101.41851806640625,0.767104983329773,334.7902526855469,87.58435821533203,0.8727645874023438,313.1912536621094,172.675048828125,0.9630044102668762
616,405.9999694824219,158.0698699951172,0.8327119946479797,407.6911315917969,155.32626342773438,0.9342586994171143,393.6387939453125,122.50581359863281,0.9538463950157166,374.9555969238281,128.59524536132812,0.9991971850395203,342.8694763183594,137.4500274658203,0.9991205334663391,315.1112365722656,142.9559783935547,0.9993578791618347,373.214111328125,97.83744812011719,0.5696204900741577,376.79754638671875,163.45669555664062,0.9170792102813721,310.217529296875,105.93087768554688,0.9693324565887451,369.865966796875,100.81552124023438,0.7692357301712036,334.7902526855469,87.58435821533203,0.8604774475097656,313.1842346191406,172.6604461669922,0.9683235287666321
617,407.8586120605469,158.4461212158203,0.7264546751976013,407.6911315917969,155.32626342773438,0.9639167785644531,394.24365234375,122.4248046875,0.9289078116416931,375.3131103515625,128.59524536132812,0.9989734888076782,343.3015441894531,137.4500274658203,0.9993662238121033,315.11517333984375,143.0832977294922,0.9992014765739441,373.8468322753906,98.23399353027344,0.27569708228111267,376.79754638671875,163.45669555664062,0.8575155138969421,310.2639465332031,106.2554931640625,0.9911260008811951,370.4420166015625,100.81552124023438,0.7745040059089661,341.7381591796875,86.86432647705078,0.9469781517982483,312.96661376953125,172.60791015625,0.9721447825431824
618,410.74005126953125,158.4461212158203,0.4419912099838257,393.99603271484375,74.54011535644531,0.9447858333587646,394.2694396972656,122.3863296508789,0.9472371339797974,375.56622314453125,128.13719177246094,0.998696506023407,343.5375671386719,137.34805297851562,0.9995179176330566,315.3933410644531,143.29379272460938,0.9988781809806824,375.4585266113281,98.57037353515625,0.1868411898612976,358.4075622558594,86.94176483154297,0.8774001598358154,310.6001281738281,107.3932876586914,0.994633674621582,370.4420166015625,100.30839538574219,0.7742415070533752,354.4510498046875,86.86432647705078,0.8212642073631287,312.96661376953125,172.57623291015625,0.9758380055427551
619,413.8894958496094,158.4461212158203,0.3042403757572174,393.5423889160156,73.30247497558594,0.9426964521408081,395.3224792480469,122.3863296508789,0.9725701212882996,376.8822326660156,127.36051177978516,0.9986321330070496,344.293212890625,137.18167114257812,0.9992764592170715,316.83642578125,143.61990356445312,0.9990466237068176,413.6100158691406,134.77467346191406,0.20612278580665588,358.4075622558594,85.00426483154297,0.8916015028953552,311.0137634277344,108.52662658691406,0.993658721446991,372.5728759765625,100.30839538574219,0.7052469849586487,373.6066589355469,164.27951049804688,0.8527563214302063,312.96661376953125,172.20164489746094,0.9784672260284424
620,423.9012145996094,135.97056579589844,0.6123918890953064,393.5423889160156,73.0900650024414,0.9328819513320923,395.5254211425781,118.05646514892578,0.9535036087036133,378.5303039550781,126.67938232421875,0.9972836971282959,344.32672119140625,136.8898162841797,0.9995294809341431,317.6715087890625,143.62620544433594,0.9992889165878296,416.51495361328125,134.8516082763672,0.42148879170417786,358.4075622558594,84.59589385986328,0.9570450782775879,311.7371826171875,109.61842346191406,0.9930014610290527,373.8163146972656,100.08179473876953,0.6594821810722351,373.8607482910156,165.62481689453125,0.771694540977478,313.2230224609375,172.15321350097656,0.9786643981933594
621,425.1464538574219,135.74131774902344,0.7829810976982117,393.5423889160156,73.0900650024414,0.9420037865638733,396.9687194824219,116.8842544555664,0.932000994682312,380.3578796386719,126.07571411132812,0.9966291785240173,345.5440979003906,136.5674285888672,0.9996649026870728,318.8733825683594,143.62620544433594,0.9995015859603882,416.58154296875,135.08187866210938,0.4482121169567108,359.7243347167969,84.59589385986328,0.9366466999053955,312.1808166503906,110.06034851074219,0.9951664209365845,374.7528381347656,98.72814178466797,0.7041687965393066,373.8607482910156,165.69276428222656,0.7398594617843628,313.47967529296875,171.86846923828125,0.9781041145324707
622,426.4567565917969,135.74131774902344,0.7354137897491455,394.382080078125,73.07481384277344,0.9660034775733948,397.3450622558594,115.14301300048828,0.9398600459098816,382.0131530761719,125.61036682128906,0.9971221089363098,347.26678466796875,136.41436767578125,0.99973064661026,320.2674560546875,143.61990356445312,0.9995852112770081,418.68505859375,135.08187866210938,0.4993198812007904,365.74603271484375,81.63780975341797,0.9379213452339172,312.2208251953125,110.06034851074219,0.9925588369369507,374.7528381347656,97.52302551269531,0.8438324332237244,374.0850830078125,165.71018981933594,0.8009523153305054,313.4918212890625,171.560302734375,0.9781585931777954
623,426.9084167480469,135.831298828125,0.6994909048080444,397.47503662109375,71.04535675048828,0.9811904430389404,398.6793212890625,114.89723205566406,0.9635531306266785,383.7960205078125,124.89790344238281,0.996947705745697,348.8868103027344,136.1313018798828,0.9997256398200989,321.2926330566406,143.32919311523438,0.9996707439422607,421.3115234375,134.8516082763672,0.6206330060958862,368.76873779296875,81.16505432128906,0.9402547478675842,312.2225341796875,110.06034851074219,0.993716299533844,376.1860656738281,97.50706481933594,0.8372214436531067,374.9764709472656,165.81785583496094,0.7359302043914795,313.77166748046875,171.560302734375,0.9757250547409058
624,427.3453369140625,135.92996215820312,0.653846263885498,401.3218688964844,68.34378051757812,0.987226665019989,399.9600524902344,114.59761047363281,0.9828064441680908,385.25091552734375,124.88882446289062,0.9975530505180359,350.1715087890625,135.96453857421875,0.9996657371520996,321.876708984375,143.02322387695312,0.9997534155845642,422.8482360839844,134.8516082763672,0.7066062688827515,369.0459899902344,80.57548522949219,0.9320822358131409,312.2225341796875,110.04251098632812,0.994796097278595,376.1860656738281,96.66659545898438,0.8499542474746704,374.9764709472656,165.69276428222656,0.6840088367462158,313.84661865234375,171.560302734375,0.9744575619697571
625,427.3453369140625,135.831298828125,0.5247895121574402,405.5554504394531,68.34378051757812,0.996367335319519,401.44061279296875,114.59761047363281,0.9942861199378967,385.58734130859375,124.5070571899414,0.9980410933494568,350.4763488769531,135.55575561523438,0.9996567964553833,322.2593994140625,142.86517333984375,0.9997788071632385,424.166748046875,135.08187866210938,0.74689120054245,369.2594909667969,80.2943115234375,0.9298762679100037,312.8534851074219,109.85216522216797,0.996370792388916,376.458251953125,96.66659545898438,0.9043400883674622,374.9764709472656,165.69276428222656,0.7562194466590881,313.91741943359375,171.5098114013672,0.9768728017807007
626,427.3453369140625,135.831298828125,0.3853159248828888,405.5554504394531,68.34378051757812,0.997401237487793,402.983154296875,114.59761047363281,0.9981586337089539,385.58734130859375,124.47614288330078,0.9978848099708557,350.623046875,135.3153533935547,0.9996127486228943,322.7560119628906,142.6589813232422,0.9997925162315369,424.6192626953125,134.53758239746094,0.6628486514091492,369.8023376464844,78.4584732055664,0.962308943271637,312.2225341796875,109.74293518066406,0.9964269995689392,377.43939208984375,96.66659545898438,0.8239070773124695,375.3330993652344,165.94297790527344,0.8203153610229492,314.28607177734375,171.5098114013672,0.9699562191963196
627,420.9866943359375,71.6473388671875,0.513705313205719,427.9736633300781,154.27354431152344,0.9972990155220032,404.1112060546875,114.94786071777344,0.9993353486061096,385.58734130859375,124.36945343017578,0.9985073208808899,350.88458251953125,134.08712768554688,0.9996721744537354,323.3612976074219,142.369384765625,0.9998070597648621,424.6192626953125,134.53758239746094,0.45682913064956665,369.28778076171875,77.8145751953125,0.9669641256332397,312.2046203613281,109.59374237060547,0.9958673715591431,423.3835754394531,143.90382385253906,0.8572763204574585,375.81451416015625,165.94297790527344,0.8694640398025513,314.3772277832031,171.70150756835938,0.9554043412208557
628,420.9866943359375,71.03618621826172,0.3908410668373108,431.0346374511719,154.27354431152344,0.9954363703727722,405.2177734375,115.00599670410156,0.9997352957725525,384.8396301269531,122.72691345214844,0.9989538192749023,351.09112548828125,133.59669494628906,0.9997959733009338,323.8001708984375,141.84092712402344,0.9998277425765991,424.6192626953125,134.53758239746094,0.3701155483722687,369.28778076171875,75.64491271972656,0.9527234435081482,312.1077575683594,109.41275787353516,0.9974884986877441,423.9674987792969,143.90382385253906,0.9129629135131836,376.57391357421875,166.75677490234375,0.9054749608039856,314.6339111328125,171.70150756835938,0.9443320035934448
629,420.9866943359375,71.03618621826172,0.8333097696304321,432.0133056640625,154.27354431152344,0.9968456625938416,405.684814453125,115.05216217041016,0.9998899698257446,384.8396301269531,122.5357437133789,0.9993698000907898,351.5062561035156,133.35853576660156,0.9998657703399658,323.89300537109375,141.2728271484375,0.9998366832733154,424.0710144042969,134.53758239746094,0.24290214478969574,369.28778076171875,74.12327575683594,0.9630798101425171,312.12127685546875,109.13347625732422,0.9974052309989929,424.28240966796875,143.90382385253906,0.9533752799034119,376.90325927734375,166.75677490234375,0.9190484285354614,315.67803955078125,171.64393615722656,0.934376060962677
630,422.5382385253906,71.6473388671875,0.8877477645874023,433.9437561035156,152.59405517578125,0.9972781538963318,406.1789855957031,115.5202865600586,0.9999386072158813,384.8396301269531,122.4615249633789,0.9994866847991943,352.1718444824219,133.35189819335938,0.9999055862426758,324.5784912109375,140.32876586914062,0.9998214840888977,388.49786376953125,104.60978698730469,0.31534329056739807,369.28778076171875,73.37316131591797,0.9321918487548828,312.12127685546875,109.13347625732422,0.9980910420417786,424.5486145019531,143.90382385253906,0.9398252964019775,376.90325927734375,166.75677490234375,0.8744583129882812,315.8094787597656,171.64474487304688,0.9352818131446838
631,423.9201354980469,71.9126205444336,0.8781930208206177,434.7862854003906,152.59405517578125,0.997681736946106,406.3788757324219,115.85372924804688,0.9999512434005737,384.8783874511719,122.3491439819336,0.9995311498641968,352.5393981933594,132.98931884765625,0.999923586845398,325.0539855957031,140.02284240722656,0.9997894167900085,387.6997985839844,103.89085388183594,0.3343135714530945,368.7347717285156,70.79528045654297,0.9610883593559265,312.2046203613281,109.13347625732422,0.9979269504547119,425.0213317871094,143.90382385253906,0.9558480978012085,376.90325927734375,166.5992431640625,0.8637179136276245,315.8094787597656,171.75607299804688,0.9470142722129822
632,426.3227233886719,73.90758514404297,0.7757395505905151,434.9233093261719,152.59405517578125,0.9984424710273743,406.3788757324219,116.5377197265625,0.9999386072158813,384.8783874511719,122.3491439819336,0.9995313882827759,352.5879211425781,132.96026611328125,0.9999231100082397,325.2536315917969,140.02284240722656,0.9997358918190002,387.1407470703125,103.44172668457031,0.304180383682251,368.7347717285156,70.20494842529297,0.9562024474143982,314.1924743652344,109.6382827758789,0.9965490102767944,425.2811584472656,144.3074188232422,0.9647746086120605,376.5345458984375,166.59173583984375,0.8992809653282166,316.2393798828125,171.75607299804688,0.9661409854888916
633,433.2376403808594,76.7313461303711,0.91722172498703,435.0439147949219,152.59405517578125,0.9986801743507385,406.3788757324219,117.48524475097656,0.999916672706604,384.8783874511719,122.3491439819336,0.9995494484901428,352.7478332519531,132.96026611328125,0.9999333620071411,325.452392578125,139.98365783691406,0.9997192025184631,385.93768310546875,103.0976791381836,0.2544550895690918,368.64764404296875,69.41195678710938,0.9319227933883667,314.9366760253906,109.68255615234375,0.9979026317596436,425.59625244140625,144.56655883789062,0.9588058590888977,376.015625,166.59173583984375,0.8793908953666687,316.3398742675781,171.64474487304688,0.9770156145095825
634,433.2376403808594,78.1595687866211,0.9638396501541138,435.1169738769531,152.59405517578125,0.998664379119873,406.1544494628906,117.48524475097656,0.9998630285263062,384.75396728515625,122.35733032226562,0.999420166015625,352.8849792480469,132.96026611328125,0.9999444484710693,326.0180969238281,139.98365783691406,0.9996330738067627,385.1543884277344,101.63748168945312,0.12623728811740875,368.64764404296875,69.41195678710938,0.8962479829788208,315.43060302734375,109.68255615234375,0.9979324340820312,425.64031982421875,144.87429809570312,0.9501107931137085,375.9465026855469,166.37945556640625,0.8571036458015442,318.5947570800781,171.64474487304688,0.9745780825614929
635,433.2376403808594,78.20677947998047,0.9296359419822693,435.47442626953125,152.27557373046875,0.9984958171844482,405.7322692871094,117.5888671875,0.9997802376747131,384.75396728515625,122.48440551757812,0.9992009997367859,353.0083312988281,133.32986450195312,0.9999380111694336,327.2420654296875,140.10948181152344,0.9993796348571777,385.1123962402344,95.06145477294922,0.11948113143444061,368.64764404296875,69.2641372680664,0.9220248460769653,315.8550109863281,109.65791320800781,0.9972941279411316,425.6817321777344,145.0692596435547,0.9259663820266724,375.5340270996094,166.3479766845703,0.7555405497550964,326.4439392089844,171.76937866210938,0.9118697643280029
636,429.5041809082031,78.80252838134766,0.8848292827606201,435.7172546386719,151.6353759765625,0.9971668124198914,405.6573791503906,117.5888671875,0.9996044039726257,384.6875915527344,122.70967102050781,0.9989684820175171,353.5563659667969,133.67640686035156,0.9999185800552368,327.2889404296875,140.42034912109375,0.9993380904197693,385.1543884277344,95.06145477294922,0.16089275479316711,368.77801513671875,69.2641372680664,0.9429928660392761,315.8565673828125,109.65791320800781,0.9962286949157715,425.6817321777344,145.1672821044922,0.9191934466362,365.1532287597656,67.8880615234375,0.6624734997749329,333.82464599609375,171.28952026367188,0.5411399006843567
637,428.5550842285156,79.33810424804688,0.861260712146759,436.37005615234375,151.00721740722656,0.9952827095985413,405.4815979003906,117.5888671875,0.9995071887969971,384.6875915527344,122.93873596191406,0.999078631401062,354.1978454589844,134.08505249023438,0.9999127388000488,328.24884033203125,140.75332641601562,0.9993295669555664,385.1543884277344,94.94023895263672,0.17919252812862396,376.9014892578125,164.4432830810547,0.9406448006629944,316.2032470703125,109.60419464111328,0.9967514276504517,425.6817321777344,145.26820373535156,0.8592588305473328,365.1532287597656,67.48011779785156,0.6162395477294922,335.95269775390625,171.28952026367188,0.5419777035713196
638,426.69024658203125,79.67203521728516,0.9455777406692505,436.37005615234375,150.90269470214844,0.9932077527046204,405.4815979003906,117.5888671875,0.999531626701355,384.8871765136719,123.50225830078125,0.9993403553962708,354.1978454589844,134.36062622070312,0.9999115467071533,328.86468505859375,141.40151977539062,0.9990978240966797,387.7648620605469,95.06145477294922,0.5333477258682251,376.9014892578125,164.7156524658203,0.9344158172607422,316.3436279296875,109.53124237060547,0.9966393709182739,425.0572814941406,145.52008056640625,0.8055171370506287,365.1532287597656,67.17741394042969,0.6015567779541016,338.9445495605469,171.40830993652344,0.39196187257766724
639,424.59844970703125,80.06488800048828,0.9718692898750305,436.447021484375,150.90269470214844,0.9923856258392334,405.3838195800781,117.6234359741211,0.9992138147354126,384.9029846191406,124.0746078491211,0.9992934465408325,354.2237854003906,134.69386291503906,0.9998908042907715,329.5956115722656,141.59368896484375,0.9990906715393066,390.96649169921875,96.88252258300781,0.8796321153640747,376.9014892578125,164.966064453125,0.9461802840232849,316.3436279296875,109.29669189453125,0.9964548349380493,424.9458312988281,145.52008056640625,0.8279995918273926,365.3833312988281,67.17741394042969,0.5508409142494202,339.8832702636719,171.40830993652344,0.31853899359703064
640,424.59844970703125,81.0677719116211,0.9591690897941589,436.447021484375,150.90269470214844,0.9839787483215332,405.1058654785156,117.98565673828125,0.9972733855247498,385.4124450683594,124.76752471923828,0.9992592930793762,354.294189453125,134.7911376953125,0.9999181032180786,330.0236511230469,141.59368896484375,0.9990390539169312,394.8964538574219,97.46910858154297,0.7517324090003967,377.0357666015625,165.55123901367188,0.9512355923652649,316.3436279296875,109.20125579833984,0.996645987033844,424.91412353515625,145.52008056640625,0.7436936497688293,365.3833312988281,67.17741394042969,0.6362596154212952,339.968505859375,171.28952026367188,0.30509546399116516
641,424.59844970703125,84.41510009765625,0.5532048940658569,436.447021484375,151.21827697753906,0.9797389507293701,405.3825378417969,121.78237915039062,0.988402783870697,385.65008544921875,125.58309936523438,0.9983242154121399,354.962646484375,135.11927795410156,0.9999444484710693,330.0340881347656,141.59368896484375,0.9990978240966797,401.29083251953125,101.00814056396484,0.5003743767738342,377.0357666015625,165.90786743164062,0.948128879070282,316.0663146972656,108.90241241455078,0.9965369701385498,413.4131774902344,145.52008056640625,0.4345838725566864,365.3833312988281,67.12994384765625,0.5671097636222839,340.11224365234375,171.2073974609375,0.3034709393978119
642,434.6900939941406,150.66336059570312,0.36973345279693604,436.50604248046875,151.21827697753906,0.9803333878517151,405.3825378417969,121.78237915039062,0.988670825958252,385.8496398925781,125.73530578613281,0.9982335567474365,355.33563232421875,135.2337646484375,0.9999535083770752,330.11590576171875,141.5575408935547,0.99907386302948,418.822998046875,134.37013244628906,0.18337249755859375,377.4898986816406,166.04873657226562,0.9528244137763977,316.0663146972656,108.88066864013672,0.9972169399261475,406.2925720214844,145.95533752441406,0.4904538094997406,364.962646484375,67.11779022216797,0.5340876579284668,340.1985778808594,171.170166015625,0.3495720624923706
643,436.5095520019531,150.66336059570312,0.4450174868106842,436.53173828125,151.21827697753906,0.9783112406730652,405.3825378417969,121.78237915039062,0.9893953204154968,386.2911376953125,125.73530578613281,0.9984605312347412,355.9988708496094,135.2337646484375,0.9999510049819946,330.1210021972656,141.3639373779297,0.9992719292640686,419.1573791503906,135.0130615234375,0.1660795509815216,377.6600341796875,166.40724182128906,0.9549883604049683,316.0663146972656,108.73353576660156,0.9973799586296082,389.20465087890625,149.2886505126953,0.5304890275001526,364.43560791015625,67.11779022216797,0.5134831070899963,340.52789306640625,170.9121856689453,0.3772248327732086
644,436.5095520019531,150.66336059570312,0.4021986126899719,441.0799560546875,151.0240478515625,0.9794018268585205,405.7023620605469,121.52748107910156,0.9786548018455505,386.87744140625,125.73530578613281,0.9983662962913513,356.0057678222656,135.11927795410156,0.9999479055404663,330.19171142578125,141.3432159423828,0.9993255138397217,419.2055358886719,135.34814453125,0.20344163477420807,377.6600341796875,166.04873657226562,0.9526443481445312,316.3328552246094,108.59428405761719,0.9972398281097412,388.6484069824219,149.3594512939453,0.4622035026550293,364.0076599121094,66.88265228271484,0.5058373212814331,340.52789306640625,170.9121856689453,0.38919374346733093
645,436.5095520019531,147.82110595703125,0.33348348736763,441.6570739746094,149.4337158203125,0.9755089282989502,405.99755859375,120.99553680419922,0.9018245935440063,388.0570983886719,125.58587646484375,0.9967972636222839,356.6194152832031,134.87863159179688,0.999946117401123,330.96112060546875,141.34133911132812,0.9995474219322205,427.9267883300781,138.88209533691406,0.19468222558498383,377.4898986816406,165.90786743164062,0.9494120478630066,316.4200134277344,108.59428405761719,0.9974315762519836,388.6484069824219,149.3594512939453,0.4328393340110779,363.5186462402344,66.08529663085938,0.4956095516681671,434.5547180175781,147.9996795654297,0.473315954208374
646,422.1817932128906,84.19992065429688,0.2460247427225113,442.6180419921875,148.5944061279297,0.9517496228218079,406.2219543457031,120.14723205566406,0.629569411277771,389.033935546875,125.32032775878906,0.9929608702659607,357.4673767089844,134.5612335205078,0.9999333620071411,331.6876525878906,141.3202362060547,0.9995263814926147,427.9267883300781,138.88209533691406,0.16810083389282227,377.9043884277344,166.510986328125,0.9611935615539551,316.61279296875,108.67662048339844,0.997195839881897,388.6484069824219,149.3594512939453,0.3683759272098541,363.5186462402344,66.08529663085938,0.49374762177467346,437.7571105957031,145.81671142578125,0.8098204135894775
647,421.5450134277344,83.41178894042969,0.5859826803207397,442.6180419921875,147.3348388671875,0.9293699264526367,407.3784484863281,116.1975326538086,0.7283892035484314,390.01165771484375,124.20115661621094,0.993293285369873,358.55535888671875,133.86550903320312,0.9999264478683472,332.4551086425781,141.2091522216797,0.9995468258857727,427.9267883300781,138.88209533691406,0.15049181878566742,378.4685363769531,166.510986328125,0.9586539268493652,316.6424865722656,108.67662048339844,0.9970037341117859,414.42706298828125,81.20135498046875,0.672587513923645,363.5186462402344,66.08529663085938,0.5198735594749451,438.90081787109375,143.45156860351562,0.8608860373497009
648,421.4359130859375,83.06591033935547,0.5877858996391296,441.6570739746094,145.34329223632812,0.5674667358398438,408.22845458984375,114.8252182006836,0.7893556952476501,390.7654113769531,123.84599304199219,0.9941127896308899,359.549072265625,133.56517028808594,0.9998950958251953,333.2347412109375,141.1507568359375,0.999496340751648,418.23968505859375,123.46440887451172,0.187786266207695,379.8128967285156,167.96258544921875,0.9467211365699768,316.8526611328125,108.69890594482422,0.9962579011917114,414.5502014160156,81.04936981201172,0.7299133539199829,377.8598937988281,168.27244567871094,0.6813982725143433,439.9748840332031,141.43115234375,0.9437278509140015
649,421.0973205566406,82.42752838134766,0.34593483805656433,396.8958435058594,68.37093353271484,0.27705636620521545,409.3550109863281,113.8954086303711,0.8207983374595642,391.6213073730469,123.33662414550781,0.994357168674469,359.6734313964844,133.2812042236328,0.9998428821563721,334.7899169921875,141.01153564453125,0.9996553659439087,417.9404602050781,122.14256286621094,0.16120727360248566,380.7027282714844,168.13514709472656,0.9420418739318848,317.1711730957031,108.8058090209961,0.996552586555481,414.5502014160156,80.22225952148438,0.5028785467147827,378.92047119140625,168.5567169189453,0.7982849478721619,441.13848876953125,139.82638549804688,0.947278618812561
650,420.84716796875,82.10395812988281,0.28063029050827026,395.7046203613281,67.12530517578125,0.3981649577617645,410.3825988769531,113.56755828857422,0.7766488194465637,392.4203796386719,123.01703643798828,0.9932552576065063,360.6636962890625,133.22698974609375,0.9998457431793213,336.0174560546875,140.7925262451172,0.999768078327179,417.89105224609375,120.55171203613281,0.15484531223773956,380.98919677734375,168.13514709472656,0.9380414485931396,317.2596740722656,108.8058090209961,0.9962726831436157,414.5502014160156,80.22225952148438,0.48250678181648254,379.0441589355469,168.5567169189453,0.8792027831077576,443.6456604003906,137.5285186767578,0.9507536888122559
651,420.84716796875,82.10395812988281,0.27974259853363037,395.7046203613281,64.9109878540039,0.4971126616001129,410.4361572265625,113.52880096435547,0.773237407207489,393.0872497558594,122.796630859375,0.9947904348373413,360.9161682128906,132.87826538085938,0.9998723268508911,336.90142822265625,140.4356689453125,0.9998096823692322,413.6708984375,114.58775329589844,0.17979346215724945,381.07720947265625,168.13514709472656,0.9328742027282715,318.0069580078125,108.73907470703125,0.9962452054023743,414.0182800292969,80.22225952148438,0.5834575295448303,379.0441589355469,168.5567169189453,0.8989595770835876,445.3857727050781,136.5380859375,0.926473081111908
652,420.84716796875,82.10395812988281,0.49069052934646606,395.7046203613281,63.94002914428711,0.7965789437294006,410.9275817871094,111.7214126586914,0.818605899810791,394.6282043457031,122.23467254638672,0.9956145286560059,362.03021240234375,132.47532653808594,0.9998946189880371,337.6563720703125,140.06031799316406,0.9998038411140442,413.5530700683594,113.83761596679688,0.26901257038116455,381.1068420410156,167.3779754638672,0.9383373260498047,318.722900390625,108.69890594482422,0.9965113997459412,413.8627014160156,78.25323486328125,0.800081729888916,379.0914306640625,168.107177734375,0.8796889185905457,445.3857727050781,136.5380859375,0.9068858623504639
653,421.22650146484375,83.51305389404297,0.8193662166595459,400.2200622558594,63.61054229736328,0.8867887854576111,412.4959411621094,111.51100158691406,0.9648610353469849,396.7781066894531,121.91123962402344,0.9962825179100037,364.2643737792969,132.27780151367188,0.9999058246612549,338.43017578125,139.5155792236328,0.999757707118988,413.5530700683594,97.46131896972656,0.4280890226364136,381.2185363769531,166.08299255371094,0.9344396591186523,319.5931701660156,107.6986083984375,0.9971742630004883,413.18719482421875,78.19004821777344,0.898840606212616,379.0441589355469,165.79161071777344,0.8803905844688416,445.3857727050781,136.5380859375,0.8453267812728882
654,455.64727783203125,133.54067993164062,0.8275892734527588,403.16375732421875,63.30298614501953,0.9167277216911316,413.7185363769531,111.3223876953125,0.9434211254119873,398.8642883300781,121.78790283203125,0.9952297210693359,366.2850646972656,131.9920654296875,0.999881386756897,339.47064208984375,138.8739013671875,0.9997429251670837,413.5530700683594,97.46131896972656,0.3652552366256714,384.3577880859375,165.76397705078125,0.8969966769218445,319.6541442871094,107.6986083984375,0.9959213733673096,412.6153869628906,78.19004821777344,0.9139248132705688,363.5377502441406,67.52120208740234,0.8702818751335144,340.5617370605469,134.87644958496094,0.7447280883789062
655,455.64727783203125,133.54067993164062,0.8764622807502747,407.1346740722656,63.61054229736328,0.9145099520683289,414.2797546386719,110.60928344726562,0.9808135628700256,400.8303527832031,121.73285675048828,0.9974552989006042,367.26873779296875,131.07066345214844,0.9998619556427002,340.34381103515625,138.2139892578125,0.9997037053108215,413.495361328125,97.46131896972656,0.3636108338832855,385.99041748046875,165.3810577392578,0.9247750639915466,329.66796875,107.6986083984375,0.9862814545631409,411.9981994628906,78.19004821777344,0.9124964475631714,362.7913818359375,67.26593780517578,0.9064770340919495,340.5330505371094,133.80783081054688,0.819616436958313
656,455.77862548828125,133.54067993164062,0.8823643922805786,412.8096618652344,62.539798736572266,0.951285719871521,414.52301025390625,110.50800323486328,0.9947185516357422,402.0120849609375,121.57058715820312,0.9986943602561951,368.61083984375,130.9284210205078,0.9998786449432373,342.6927185058594,137.97653198242188,0.9996708631515503,415.26171875,98.20155334472656,0.21858279407024384,393.32147216796875,163.25477600097656,0.8672152757644653,343.24981689453125,166.73875427246094,0.9453774094581604,412.6153869628906,84.5848617553711,0.9689675569534302,362.7913818359375,67.26593780517578,0.9506416320800781,340.5330505371094,97.17520141601562,0.9122891426086426
657,456.2521057128906,132.47596740722656,0.861565887928009,417.9979553222656,62.461387634277344,0.9883800745010376,415.7760925292969,110.50800323486328,0.9976775050163269,402.8127136230469,121.03234100341797,0.9990946054458618,369.9432373046875,130.89796447753906,0.9998747110366821,342.79742431640625,137.76844787597656,0.9995267391204834,415.26171875,98.20155334472656,0.2036440372467041,393.32147216796875,160.04345703125,0.8790618777275085,343.6397705078125,166.98268127441406,0.9491872191429138,412.6153869628906,86.50025939941406,0.9749924540519714,362.7011413574219,67.26593780517578,0.9721983671188354,340.5617370605469,97.17520141601562,0.8362340927124023
658,456.55889892578125,132.11402893066406,0.8440130949020386,420.68963623046875,62.00909423828125,0.9899303913116455,416.8570861816406,110.45809936523438,0.9962642788887024,403.01678466796875,120.68466186523438,0.9990480542182922,371.0654602050781,130.89796447753906,0.9998881816864014,343.35546875,136.91220092773438,0.9994083642959595,415.26171875,98.93006134033203,0.16298680007457733,393.32147216796875,154.87869262695312,0.8895949125289917,343.9731140136719,166.98268127441406,0.9307941198348999,412.7273864746094,86.50025939941406,0.9663532376289368,362.52508544921875,67.49864959716797,0.9639822244644165,342.8991394042969,97.17520141601562,0.8299200534820557
659,457.7783203125,131.7628936767578,0.7588539123535156,422.39495849609375,60.69126892089844,0.9866596460342407,418.75579833984375,110.45809936523438,0.9966597557067871,403.71075439453125,120.68466186523438,0.9988744854927063,372.63525390625,130.89796447753906,0.9999008178710938,344.07568359375,136.77578735351562,0.9995014667510986,418.1532287597656,100.01332092285156,0.1879521906375885,363.900390625,69.48356628417969,0.8473002314567566,344.0419921875,166.73875427246094,0.9290921092033386,413.0712890625,86.50025939941406,0.9566547274589539,362.52508544921875,68.11217498779297,0.9650675058364868,342.8991394042969,166.69110107421875,0.8693028092384338
660,459.2507629394531,131.7628936767578,0.8154729008674622,423.64385986328125,60.69126892089844,0.9827881455421448,421.6305847167969,110.47279357910156,0.9930180311203003,404.3005676269531,120.68466186523438,0.9983750581741333,373.3341369628906,130.9456024169922,0.9998486042022705,344.5942077636719,136.71517944335938,0.9995678067207336,422.5562744140625,115.43953704833984,0.19776900112628937,363.868408203125,69.48356628417969,0.8403679728507996,344.0419921875,166.6573486328125,0.9238273501396179,413.45941162109375,86.50025939941406,0.9655871391296387,362.52508544921875,68.58738708496094,0.9675937294960022,342.8991394042969,166.74977111816406,0.8748349547386169
661,463.974853515625,131.68035888671875,0.8105040192604065,425.13543701171875,60.69126892089844,0.9676832556724548,422.96453857421875,110.89844512939453,0.9877612590789795,404.4529113769531,121.187744140625,0.9982245564460754,373.93792724609375,131.1212921142578,0.9998600482940674,345.2947998046875,136.57566833496094,0.9996387958526611,422.5562744140625,115.43953704833984,0.21545416116714478,363.868408203125,69.48356628417969,0.8325506448745728,343.9731140136719,166.38796997070312,0.9115580916404724,413.45941162109375,86.71638488769531,0.9308533072471619,362.52508544921875,69.26907348632812,0.9673255085945129,342.4325256347656,167.05599975585938,0.8991026282310486
662,464.0214538574219,131.68035888671875,0.7355279326438904,428.1170349121094,61.64398956298828,0.9502217769622803,424.4758605957031,110.87998962402344,0.9728944301605225,405.3495788574219,121.2512435913086,0.9972755312919617,374.69720458984375,131.40953063964844,0.9998507499694824,345.31878662109375,136.3807830810547,0.9997335076332092,422.5562744140625,115.43953704833984,0.21131367981433868,363.868408203125,69.93914794921875,0.8654991388320923,344.0419921875,166.11105346679688,0.8663589358329773,413.0712890625,86.71638488769531,0.8847497701644897,362.6165466308594,69.61399841308594,0.9502502679824829,342.4325256347656,167.05599975585938,0.9366204738616943
663,464.1889953613281,131.43896484375,0.7317140102386475,431.8931884765625,63.383506774902344,0.9856006503105164,424.6412658691406,110.96966552734375,0.9746173024177551,406.1280822753906,121.2512435913086,0.9976118803024292,375.3536071777344,131.40953063964844,0.9997807145118713,346.5470275878906,135.95700073242188,0.9997711777687073,411.7898254394531,89.28094482421875,0.32538723945617676,364.1486511230469,71.07361602783203,0.8295109868049622,344.0419921875,165.65054321289062,0.8634078502655029,410.8116455078125,89.13519287109375,0.8152465224266052,362.8595275878906,70.60537719726562,0.9530525207519531,342.4325256347656,167.05599975585938,0.938341498374939
664,466.4407043457031,131.43896484375,0.8578858971595764,433.981689453125,63.93731689453125,0.9893163442611694,424.9461975097656,111.01177978515625,0.9877372980117798,406.6318054199219,121.2512435913086,0.998738706111908,376.0183410644531,131.40953063964844,0.9996613264083862,347.55560302734375,135.95700073242188,0.9997895359992981,409.02239990234375,86.30249786376953,0.4951949715614319,364.1486511230469,71.18156433105469,0.8153676390647888,344.3887939453125,165.44845581054688,0.8705403804779053,410.8116455078125,90.01512908935547,0.777315616607666,362.974609375,70.63742065429688,0.9540736079216003,342.9176025390625,166.67257690429688,0.9216721057891846
665,466.4407043457031,131.3285675048828,0.9280634522438049,436.8348388671875,63.93731689453125,0.9909118413925171,424.9571533203125,111.85102081298828,0.9844680428504944,407.6943664550781,121.05610656738281,0.9988119602203369,376.3457336425781,131.1492919921875,0.9994625449180603,348.18853759765625,135.95700073242188,0.9996843338012695,408.9957275390625,86.30249786376953,0.5276303887367249,364.3278503417969,71.80716705322266,0.7929946184158325,344.72198486328125,165.44436645507812,0.9108123183250427,410.7059631347656,90.65946197509766,0.7442446351051331,420.57177734375,155.79547119140625,0.9594695568084717,344.60723876953125,95.75695037841797,0.8995653390884399
666,466.4407043457031,130.9584197998047,0.8923006057739258,438.22711181640625,64.0339584350586,0.9822607636451721,425.83123779296875,111.85102081298828,0.9885926246643066,407.8456726074219,120.37897491455078,0.9988183379173279,376.6159973144531,130.70547485351562,0.9994519352912903,348.9852294921875,137.11972045898438,0.9997093081474304,408.9957275390625,86.30249786376953,0.569311261177063,364.3633728027344,72.4059066772461,0.8177770972251892,345.14935302734375,165.44436645507812,0.890731692314148,410.8116455078125,90.65946197509766,0.6873685121536255,420.5757751464844,155.828369140625,0.9675746560096741,344.60723876953125,95.63346862792969,0.8960118293762207
667,443.6146545410156,66.2949447631836,0.8641645908355713,439.9301452636719,64.0339584350586,0.962515652179718,426.2281799316406,111.85102081298828,0.993190348148346,408.3722229003906,119.77621459960938,0.9990367889404297,377.2093505859375,130.38433837890625,0.9995232820510864,349.9541320800781,137.11972045898438,0.9997926354408264,408.9957275390625,86.28915405273438,0.5420849323272705,364.5712585449219,72.85169982910156,0.7856199741363525,345.2522277832031,165.44436645507812,0.8720712661743164,410.9454040527344,90.67118835449219,0.6983423829078674,420.5757751464844,155.828369140625,0.965589165687561,344.60723876953125,95.4682388305664,0.9217700362205505
668,443.6146545410156,66.2949447631836,0.8274628520011902,442.1103820800781,64.06047821044922,0.9648791551589966,426.641357421875,111.05089569091797,0.9923502802848816,408.5771179199219,119.05484771728516,0.9988693594932556,377.4830017089844,130.0877685546875,0.9994914531707764,350.56005859375,137.11972045898438,0.9998490810394287,409.1960754394531,86.28915405273438,0.4702947437763214,364.6331787109375,72.98240661621094,0.8445098400115967,345.77581787109375,165.46206665039062,0.8075814843177795,411.07366943359375,90.8856201171875,0.69025057554245,420.5757751464844,155.79547119140625,0.9557904005050659,344.1370544433594,95.24168395996094,0.9218906760215759
669,443.6146545410156,66.2949447631836,0.8116978406906128,464.09954833984375,133.7864532470703,0.9736494421958923,427.79656982421875,110.33307647705078,0.9963944554328918,410.0459899902344,118.20625305175781,0.9991065859794617,378.507568359375,129.4365692138672,0.9995372295379639,352.1457214355469,137.0956573486328,0.9999027252197266,409.1960754394531,86.28915405273438,0.5171938538551331,422.79736328125,155.0877227783203,0.842628538608551,346.0124816894531,165.54469299316406,0.8082810044288635,411.67254638671875,90.8856201171875,0.7287335991859436,363.0328674316406,71.72113037109375,0.9408121109008789,344.06854248046875,95.31551361083984,0.9338704347610474
670,445.8346252441406,66.5252914428711,0.7687976360321045,464.1250915527344,133.7864532470703,0.957169234752655,428.82568359375,109.67778015136719,0.9955453872680664,410.9128112792969,117.8143539428711,0.9987640380859375,379.3912353515625,128.8268585205078,0.9994813799858093,353.41986083984375,136.6718292236328,0.9999305009841919,409.30938720703125,85.81502532958984,0.5147493481636047,422.79736328125,155.0877227783203,0.8634092807769775,346.0124816894531,165.71124267578125,0.8203297853469849,411.67254638671875,90.58916473388672,0.781123697757721,363.0328674316406,70.95716857910156,0.9361014366149902,344.00225830078125,94.91737365722656,0.9487232565879822
671,450.42633056640625,66.5252914428711,0.7838989496231079,464.1250915527344,133.7864532470703,0.9628574848175049,429.9049072265625,109.25228118896484,0.9950546026229858,411.0950927734375,116.96688842773438,0.9986363053321838,379.5752868652344,128.77606201171875,0.9994072914123535,353.9663391113281,136.568603515625,0.9999339580535889,409.30938720703125,85.81502532958984,0.5140748023986816,422.79736328125,156.50210571289062,0.8997620940208435,346.1200256347656,165.72010803222656,0.7623229026794434,411.67254638671875,89.29794311523438,0.690893828868866,363.0328674316406,70.95716857910156,0.9489768743515015,343.9683532714844,94.73014068603516,0.9577952027320862
672,451.2508850097656,66.5252914428711,0.8676006197929382,464.1250915527344,132.51454162597656,0.9717498421669006,430.35858154296875,107.9850082397461,0.9978772401809692,411.20989990234375,116.9619369506836,0.9988239407539368,379.8646240234375,128.36947631835938,0.9992899894714355,354.66510009765625,135.8304901123047,0.9999464750289917,412.9079284667969,85.81502532958984,0.5749521851539612,422.7676696777344,156.50210571289062,0.965451717376709,346.1200256347656,165.71124267578125,0.7694078683853149,411.06256103515625,89.1409683227539,0.635769248008728,365.3961486816406,71.72113037109375,0.9737123847007751,343.9683532714844,94.91737365722656,0.9597399234771729
673,452.0176696777344,66.07477569580078,0.8905277252197266,449.7038879394531,64.32219696044922,0.9738943576812744,430.7081298828125,107.86170196533203,0.9985633492469788,413.5927734375,116.47683715820312,0.9981921315193176,380.8825988769531,128.300048828125,0.9990737438201904,355.4609375,135.37208557128906,0.9999507665634155,413.1295471191406,85.95060729980469,0.49597981572151184,422.1274108886719,156.50210571289062,0.9827044606208801,345.7412414550781,165.71124267578125,0.7829065322875977,409.8824768066406,88.37442779541016,0.566521167755127,370.1359558105469,73.4726791381836,0.9881612062454224,344.06854248046875,95.31551361083984,0.9466356635093689
674,452.0622253417969,65.78560638427734,0.8999848961830139,449.7038879394531,63.81752014160156,0.9745333790779114,430.7097473144531,107.75127410888672,0.9987801909446716,413.5984802246094,116.34165954589844,0.9984482526779175,381.0130920410156,128.205078125,0.9991441965103149,355.858154296875,134.9017333984375,0.9999428987503052,413.9952392578125,85.95060729980469,0.40541309118270874,421.8614807128906,156.50210571289062,0.9616674780845642,343.4710388183594,92.62556457519531,0.8886024355888367,409.8824768066406,88.37442779541016,0.4541648328304291,375.7818603515625,74.50009155273438,0.9339934587478638,346.8055725097656,165.85023498535156,0.9154554009437561
675,452.2782897949219,65.02509307861328,0.9051474928855896,449.6687927246094,63.08479309082031,0.9770084023475647,430.7590026855469,107.75127410888672,0.9990405440330505,413.7221984863281,116.05785369873047,0.9988778233528137,381.3741149902344,127.79059600830078,0.9990399479866028,356.2597351074219,134.86924743652344,0.9999393224716187,414.737060546875,86.13612365722656,0.37314319610595703,421.7997131347656,156.50210571289062,0.9534154534339905,343.4710388183594,92.62556457519531,0.9040993452072144,409.8824768066406,88.37442779541016,0.38515719771385193,420.237060546875,152.84451293945312,0.8958036303520203,346.8062744140625,165.85023498535156,0.8980153203010559
676,452.3508605957031,64.34008026123047,0.9027899503707886,449.6687927246094,62.45568084716797,0.9792270064353943,431.376220703125,107.16232299804688,0.9989473223686218,414.2936096191406,115.55413055419922,0.9988294243812561,381.3741149902344,126.40130615234375,0.999086856842041,356.40625,134.80613708496094,0.9999357461929321,415.033935546875,86.13612365722656,0.3033059239387512,421.7997131347656,155.6892852783203,0.9463748335838318,343.4710388183594,92.62556457519531,0.8702243566513062,408.55029296875,85.84130859375,0.3253328502178192,420.337646484375,152.84451293945312,0.8875412940979004,346.8235778808594,165.85023498535156,0.9032304286956787
677,452.3776550292969,64.34008026123047,0.7748757004737854,449.6687927246094,60.88017654418945,0.9926256537437439,431.5864562988281,106.58706665039062,0.998873770236969,415.2001037597656,115.2420883178711,0.9987524747848511,382.0453186035156,125.98867797851562,0.9989824891090393,356.85107421875,134.8003387451172,0.9999082088470459,452.94219970703125,119.2728271484375,0.3365679383277893,420.9557800292969,155.62474060058594,0.9328557252883911,347.6437683105469,165.0731201171875,0.8142519593238831,408.55029296875,86.5211181640625,0.6041682958602905,420.337646484375,152.84451293945312,0.9340651035308838,348.14910888671875,164.73580932617188,0.9069646000862122
678,452.45166015625,64.34008026123047,0.7569900751113892,448.4227600097656,60.29051208496094,0.9897009134292603,432.10723876953125,106.15402221679688,0.9984460473060608,415.22845458984375,114.70223999023438,0.9986540079116821,382.1157531738281,125.78208923339844,0.999186098575592,357.3728332519531,134.8003387451172,0.9998977184295654,453.0865783691406,119.2728271484375,0.40551993250846863,420.4548034667969,155.27374267578125,0.9167276620864868,347.6437683105469,165.0731201171875,0.8125820755958557,405.304443359375,86.72857666015625,0.7957189679145813,420.237060546875,152.58245849609375,0.9419457316398621,348.16162109375,164.70997619628906,0.9048407673835754
679,468.5208740234375,115.19532775878906,0.839080274105072,446.99420166015625,60.034976959228516,0.9900057911872864,432.881591796875,105.9447021484375,0.9976819753646851,415.72027587890625,114.11227416992188,0.9985308647155762,382.5018310546875,125.68208312988281,0.9994032382965088,357.9671936035156,134.8003387451172,0.9998842477798462,453.4652404785156,119.2728271484375,0.5292980670928955,419.7380676269531,155.2396240234375,0.9424023628234863,347.6437683105469,165.0731201171875,0.8187385201454163,405.2687683105469,86.72857666015625,0.9231756329536438,400.8146667480469,65.19624328613281,0.937754213809967,348.3449401855469,164.59225463867188,0.9084705114364624
680,469.47564697265625,115.19532775878906,0.9444183707237244,443.9772033691406,57.2222900390625,0.9959143996238708,433.5837097167969,105.93710327148438,0.9976955056190491,416.4062194824219,113.1231918334961,0.998299777507782,382.5018310546875,125.40245819091797,0.9995032548904419,358.6442565917969,134.78909301757812,0.9998396635055542,454.3589172363281,119.23236846923828,0.6159301996231079,419.56085205078125,154.8721923828125,0.9548431038856506,346.99969482421875,97.31758880615234,0.8783000707626343,405.2687683105469,86.72857666015625,0.936444103717804,400.4381103515625,64.79415893554688,0.9516704082489014,348.8515625,164.2237548828125,0.9008750319480896
681,470.1033935546875,115.19532775878906,0.9817806482315063,441.5745849609375,56.260746002197266,0.997075080871582,433.70404052734375,101.64588165283203,0.998150646686554,416.64971923828125,112.33820343017578,0.9972937703132629,383.0671691894531,125.3838882446289,0.9996308088302612,359.20831298828125,134.78909301757812,0.9998044371604919,454.4412536621094,118.23666381835938,0.6754596829414368,419.56085205078125,154.77430725097656,0.9644739627838135,346.1416931152344,97.02425384521484,0.901232123374939,405.304443359375,87.28313446044922,0.9392462968826294,400.3972473144531,64.56047821044922,0.9487512111663818,348.93035888671875,164.203125,0.904889702796936
682,470.9931945800781,113.372314453125,0.9868664741516113,440.126220703125,55.432395935058594,0.9965324401855469,434.2854309082031,99.84113311767578,0.9979068040847778,416.64971923828125,111.78400421142578,0.995406985282898,383.93603515625,124.97711181640625,0.9996689558029175,359.4813537597656,134.6315460205078,0.9996764659881592,454.5414733886719,117.56292724609375,0.6810487508773804,419.56085205078125,154.68934631347656,0.969068169593811,343.8858947753906,96.83954620361328,0.9269080758094788,405.8372497558594,87.36419677734375,0.9198287129402161,400.4381103515625,64.23885345458984,0.9217462539672852,349.9267883300781,163.2156524658203,0.8497979640960693
683,473.3301086425781,109.81239318847656,0.9959959983825684,438.42340087890625,54.104164123535156,0.998741090297699,435.2190856933594,97.76325225830078,0.9986017346382141,417.3012390136719,110.3487777709961,0.9965984225273132,385.01678466796875,124.18004608154297,0.9997319579124451,359.8262634277344,133.52413940429688,0.9996522665023804,454.81719970703125,117.0090103149414,0.9028587937355042,419.602783203125,154.13470458984375,0.9758145213127136,343.8858947753906,96.83954620361328,0.9616120457649231,407.3554992675781,87.36419677734375,0.879391074180603,400.8146667480469,64.18931579589844,0.9162822365760803,350.324951171875,162.7804718017578,0.897754967212677
684,473.87701416015625,108.83879852294922,0.9947001934051514,436.4969482421875,53.03660583496094,0.9992783665657043,435.47406005859375,96.59420013427734,0.9974452257156372,417.3012390136719,109.50312805175781,0.9970122575759888,385.6212158203125,123.75821685791016,0.9997352957725525,360.57122802734375,133.0792694091797,0.999679684638977,454.81719970703125,116.39292907714844,0.9578259587287903,419.6607666015625,153.78915405273438,0.9762318730354309,343.8858947753906,97.0135726928711,0.9722002148628235,407.4765625,87.36419677734375,0.8926279544830322,401.8622131347656,64.12410736083984,0.9264456033706665,351.4100341796875,162.7804718017578,0.8909205198287964
685,473.87701416015625,107.94231414794922,0.988373875617981,433.6706237792969,51.5546989440918,0.9993588328361511,435.9009094238281,96.59420013427734,0.9959819316864014,417.3012390136719,108.99072265625,0.9965193271636963,386.3769226074219,123.34087371826172,0.999744713306427,360.57122802734375,132.73092651367188,0.9997169375419617,455.3244323730469,116.05790710449219,0.9601908922195435,420.72674560546875,153.73794555664062,0.9745880961418152,345.4923400878906,96.98597717285156,0.9848191738128662,408.1461181640625,87.31641387939453,0.8664506673812866,401.90216064453125,63.838768005371094,0.9205020666122437,351.4100341796875,162.7804718017578,0.9250950217247009
686,473.87701416015625,107.94214630126953,0.9803281426429749,432.3883056640625,50.93849182128906,0.9987782835960388,436.1257629394531,96.3515853881836,0.99375981092453,418.29595947265625,108.51714324951172,0.9970415234565735,386.8377990722656,123.27666473388672,0.9997346997261047,360.71441650390625,132.42132568359375,0.9997033476829529,456.7411804199219,115.9268569946289,0.9595276117324829,421.07794189453125,153.70077514648438,0.9755836725234985,346.5416564941406,96.83954620361328,0.986653745174408,408.4205322265625,86.93391418457031,0.8580234050750732,402.4429626464844,63.36518478393555,0.9255213141441345,351.4100341796875,162.81790161132812,0.9545959234237671
687,473.4731140136719,107.94214630126953,0.9697626829147339,430.1048583984375,50.19887924194336,0.9974658489227295,436.62542724609375,95.83395385742188,0.9917927384376526,418.9324035644531,108.43666076660156,0.9958892464637756,387.35382080078125,122.7603988647461,0.9997442364692688,360.97821044921875,132.1970977783203,0.9996700286865234,458.73687744140625,115.9268569946289,0.9640817046165466,422.01458740234375,153.54275512695312,0.9647637009620667,347.1401672363281,96.82333374023438,0.9873558878898621,408.5732421875,85.98773956298828,0.8057043552398682,402.4429626464844,62.748111724853516,0.9017313122749329,350.6116027832031,162.9044189453125,0.9603900909423828
688,473.0118408203125,107.94231414794922,0.9474204778671265,430.0018615722656,49.87718963623047,0.9973147511482239,436.8618469238281,95.5497817993164,0.9910078644752502,419.64166259765625,107.27227020263672,0.9961003065109253,387.99163818359375,122.38726043701172,0.999742329120636,361.5122375488281,132.06686401367188,0.9997180104255676,462.18133544921875,116.05790710449219,0.952097475528717,422.9414978027344,153.0822296142578,0.9616383910179138,347.1952819824219,96.62178802490234,0.9881843328475952,410.07342529296875,81.7728500366211,0.8113481998443604,402.4429626464844,61.90618133544922,0.918359100818634,350.0562744140625,162.9044189453125,0.9598484635353088
689,471.9868469238281,128.76141357421875,0.8718435168266296,428.4067687988281,49.33395004272461,0.9971017241477966,437.4596252441406,95.5497817993164,0.9901671409606934,420.47021484375,106.39661407470703,0.9974452257156372,388.8094787597656,121.77020263671875,0.9996392726898193,361.5499267578125,131.71641540527344,0.9997414946556091,463.49005126953125,116.22734069824219,0.9340017437934875,422.947998046875,152.0714111328125,0.9682500958442688,347.3375549316406,96.13142395019531,0.9874199032783508,410.83013916015625,81.61039733886719,0.7990133762359619,401.90216064453125,61.19689178466797,0.8959871530532837,350.0562744140625,162.9044189453125,0.9346053004264832
690,471.9868469238281,128.76141357421875,0.8308884501457214,426.17315673828125,49.25302505493164,0.9953123331069946,437.57501220703125,94.98552703857422,0.989086389541626,421.8009338378906,105.89704132080078,0.9984592199325562,389.0941467285156,120.51638793945312,0.9996833801269531,362.3171691894531,131.71426391601562,0.9997583031654358,463.49005126953125,116.22734069824219,0.8931551575660706,423.28436279296875,152.0714111328125,0.9659395217895508,347.5116882324219,96.12262725830078,0.9900016784667969,412.7333984375,77.02239227294922,0.7734895348548889,401.6346435546875,59.82927703857422,0.8254254460334778,350.0562744140625,162.46258544921875,0.9420357346534729
691,471.9868469238281,128.76141357421875,0.8585214614868164,425.6834411621094,48.04408645629883,0.991775393486023,437.9660949707031,94.64814758300781,0.9898686408996582,422.0733947753906,105.13270568847656,0.9985951781272888,390.1204528808594,119.94979858398438,0.9996877908706665,363.5373229980469,131.48953247070312,0.9997733235359192,463.49005126953125,116.22734069824219,0.7424935102462769,423.9452209472656,152.0714111328125,0.9617236852645874,347.6239929199219,95.86619567871094,0.9885403513908386,412.9520568847656,77.02239227294922,0.8029398322105408,401.2714538574219,59.285221099853516,0.8476830720901489,350.7385559082031,162.2222900390625,0.961340606212616
692,475.338623046875,124.36593627929688,0.926522433757782,425.6834411621094,47.494407653808594,0.9873228669166565,438.6015625,94.48851013183594,0.9920193552970886,422.0733947753906,105.13270568847656,0.9986383318901062,390.3881530761719,119.65214538574219,0.999619722366333,363.9210205078125,131.48953247070312,0.9997420907020569,450.2727355957031,93.33720397949219,0.5443883538246155,424.05712890625,152.7609100341797,0.9626038074493408,347.71990966796875,95.60810852050781,0.9860380291938782,412.97027587890625,76.087890625,0.7843733429908752,401.2714538574219,57.978031158447266,0.8521736264228821,351.1635437011719,162.1595916748047,0.9673731327056885
693,481.0434875488281,119.70487213134766,0.959634006023407,425.6834411621094,47.16031265258789,0.9820469617843628,438.64276123046875,93.77877044677734,0.992358386516571,422.0733947753906,104.93998718261719,0.9987452030181885,390.80780029296875,119.32469177246094,0.999594509601593,364.687744140625,131.48953247070312,0.9996576309204102,450.2727355957031,93.14505004882812,0.6308208703994751,424.527099609375,153.60824584960938,0.9637900590896606,347.9999694824219,95.54733276367188,0.9854938983917236,412.97027587890625,75.43801879882812,0.8059049844741821,400.701904296875,57.543392181396484,0.8747271299362183,358.62908935546875,159.89559936523438,0.9397331476211548
694,482.2972717285156,117.23149871826172,0.9558805823326111,425.85870361328125,47.058860778808594,0.9895486831665039,438.97735595703125,92.89020538330078,0.9930383563041687,421.17529296875,104.70184326171875,0.9985195994377136,391.1124267578125,119.16365051269531,0.999659538269043,366.8757019042969,132.1466064453125,0.9997240900993347,450.2727355957031,93.14505004882812,0.7016814351081848,424.8467102050781,153.62384033203125,0.9621573090553284,348.3224792480469,95.45065307617188,0.9791942238807678,412.9569091796875,74.97953033447266,0.8078759908676147,400.6653137207031,57.09600067138672,0.9030882716178894,369.03094482421875,158.8673858642578,0.9276684522628784
695,483.59503173828125,115.6196517944336,0.9757716059684753,426.6236572265625,47.038700103759766,0.9931637644767761,439.2535705566406,92.42460632324219,0.9933898448944092,421.0434265136719,104.70184326171875,0.9987021684646606,391.1124267578125,118.86067199707031,0.9996774196624756,368.17840576171875,132.1466064453125,0.9997788071632385,450.72967529296875,93.33720397949219,0.7391505837440491,424.9439697265625,153.62384033203125,0.96555495262146,348.558349609375,95.34002685546875,0.98041832447052,412.9520568847656,74.93978881835938,0.812852144241333,400.5054016113281,56.39191818237305,0.929807722568512,369.03094482421875,157.81103515625,0.892890989780426
696,484.12255859375,114.91011047363281,0.9836037158966064,427.4142150878906,46.44321060180664,0.9934744238853455,439.8199462890625,91.64263916015625,0.9940088987350464,421.0434265136719,104.70184326171875,0.9989257454872131,391.5416564941406,118.75191497802734,0.9997058510780334,368.660888671875,132.1466064453125,0.9997554421424866,451.6541748046875,98.43815612792969,0.7372886538505554,424.9439697265625,153.60824584960938,0.9682663083076477,348.6138916015625,95.2645034790039,0.9713449478149414,412.8446350097656,74.93978881835938,0.82097327709198,400.3378601074219,56.174293518066406,0.9496117234230042,369.03094482421875,157.78932189941406,0.8054489493370056
697,485.3486328125,114.01331329345703,0.9826067090034485,427.6834716796875,46.34968566894531,0.9931515455245972,440.10302734375,91.64263916015625,0.9925143122673035,421.0434265136719,104.65065002441406,0.9989049434661865,391.7115173339844,118.42584228515625,0.9997484087944031,368.79693603515625,132.0446014404297,0.9997459053993225,454.1913757324219,99.32374572753906,0.7992469072341919,424.9439697265625,153.38653564453125,0.9681428074836731,348.6138916015625,95.25297546386719,0.9694939851760864,412.6153869628906,74.97953033447266,0.8176310062408447,400.32244873046875,55.45685958862305,0.9548445343971252,349.9801940917969,94.84015655517578,0.5967333912849426
698,485.5552062988281,114.01331329345703,0.9789270758628845,427.70831298828125,45.93084716796875,0.9940348267555237,440.5032958984375,91.64263916015625,0.991333544254303,421.38323974609375,104.65065002441406,0.998892605304718,391.9539794921875,118.11476135253906,0.9997840523719788,368.79693603515625,131.66326904296875,0.9997324347496033,463.8079528808594,113.00102233886719,0.8184499740600586,424.3426513671875,153.38653564453125,0.9612175226211548,348.6138916015625,95.16326904296875,0.9686778783798218,412.8446350097656,74.97953033447266,0.7863500118255615,399.8971252441406,55.07122802734375,0.9648683667182922,349.9746398925781,94.79008483886719,0.6100507378578186
699,485.5552062988281,114.01331329345703,0.9789757132530212,427.86114501953125,45.93084716796875,0.9949512481689453,441.3595886230469,91.7515869140625,0.9924319982528687,422.2462158203125,104.32349395751953,0.9988600015640259,392.0906066894531,118.11476135253906,0.9998294115066528,368.79693603515625,131.1361846923828,0.999657392501831,463.8079528808594,113.00102233886719,0.8105671405792236,423.0370788574219,153.1232147216797,0.9700360894203186,348.6138916015625,95.16326904296875,0.964160144329071,412.8446350097656,74.93978881835938,0.7869619131088257,399.1091003417969,55.064697265625,0.9764318466186523,349.9189147949219,94.75452423095703,0.6353172063827515
700,485.5552062988281,114.73885345458984,0.9848794341087341,429.6052551269531,46.34968566894531,0.9951878786087036,441.578125,92.15807342529297,0.9934791326522827,422.5451354980469,104.32349395751953,0.9987949132919312,392.1636047363281,118.11476135253906,0.9998292922973633,368.79693603515625,131.1361846923828,0.99964439868927,454.1913757324219,98.43815612792969,0.7694748640060425,422.7872009277344,153.10833740234375,0.9796282052993774,348.6138916015625,95.16326904296875,0.958748996257782,418.685546875,74.70389556884766,0.725297749042511,398.4186706542969,55.064697265625,0.9824183583259583,349.88299560546875,94.75452423095703,0.6730902791023254
701,485.51287841796875,116.28860473632812,0.976932168006897,430.15081787109375,50.052127838134766,0.9959304928779602,441.72589111328125,92.42115020751953,0.9922359585762024,424.83251953125,104.97904968261719,0.9984109401702881,392.2651672363281,118.39662170410156,0.9998055100440979,368.79693603515625,131.1361846923828,0.9996451139450073,452.14752197265625,94.64728546142578,0.7757367491722107,421.62481689453125,152.58950805664062,0.9860538840293884,348.3704528808594,95.73658752441406,0.9528517127037048,418.685546875,74.70389556884766,0.6822519302368164,398.3849792480469,55.064697265625,0.9663903117179871,349.8481140136719,94.79008483886719,0.7627823352813721
702,484.9564514160156,117.92677307128906,0.9534559845924377,430.15081787109375,52.06644058227539,0.992796003818512,441.828857421875,92.4426040649414,0.9892082810401917,424.8532409667969,105.05858612060547,0.9984629154205322,392.8741455078125,118.9002914428711,0.9997890591621399,369.1544494628906,131.07412719726562,0.9997238516807556,451.19482421875,94.40911865234375,0.7537516951560974,421.206298828125,152.58950805664062,0.9863255620002747,348.3537902832031,95.73658752441406,0.9461258053779602,420.0979919433594,74.70389556884766,0.6573779582977295,398.08319091796875,55.39425277709961,0.9614790081977844,349.8481140136719,94.93815612792969,0.7565850615501404
703,484.2375183105469,120.92063903808594,0.9409322738647461,430.15081787109375,53.85641098022461,0.9891939163208008,442.1554260253906,93.83037567138672,0.9626576900482178,424.9282531738281,106.37833404541016,0.9976280331611633,393.0061340332031,119.79804229736328,0.9996273517608643,369.68603515625,131.07412719726562,0.9997817873954773,450.0977478027344,94.40911865234375,0.6958051919937134,420.98004150390625,152.58950805664062,0.9896145462989807,348.0969543457031,95.73658752441406,0.9445434212684631,420.66058349609375,74.70389556884766,0.6651705503463745,397.743896484375,56.372493743896484,0.9381276369094849,349.8398742675781,95.10027313232422,0.743509829044342
704,483.4259338378906,123.66357421875,0.9340740442276001,430.15081787109375,57.26386260986328,0.9477959275245667,444.3385925292969,95.94933319091797,0.9401345252990723,424.9282531738281,107.0392074584961,0.9976727366447449,394.20367431640625,120.6990737915039,0.9995867609977722,370.2167663574219,131.07412719726562,0.9997730851173401,450.0977478027344,94.58926391601562,0.6583771109580994,420.86932373046875,152.70510864257812,0.9890135526657104,348.0969543457031,95.73658752441406,0.9396925568580627,422.1482238769531,74.80625915527344,0.8928321599960327,397.671142578125,57.12790298461914,0.934785783290863,349.568603515625,95.1478500366211,0.7437926530838013
705,483.4259338378906,128.36685180664062,0.8853378295898438,430.15081787109375,59.88532257080078,0.826508641242981,445.1664733886719,96.88326263427734,0.9148809909820557,425.5470275878906,107.89640808105469,0.9973925352096558,395.7311706542969,121.19535064697266,0.9995946288108826,371.2330627441406,130.30067443847656,0.9997221827507019,450.0977478027344,94.58926391601562,0.48494669795036316,420.8105773925781,152.8557586669922,0.9862404465675354,348.0857849121094,95.59430694580078,0.9295014142990112,426.47607421875,74.80625915527344,0.9109110236167908,397.0041198730469,57.338401794433594,0.9220693707466125,349.568603515625,95.37117004394531,0.7847015857696533
706,483.4259338378906,130.21737670898438,0.8456742167472839,430.6788635253906,63.89557647705078,0.684374213218689,445.8258361816406,97.21202087402344,0.8817845582962036,426.087890625,108.6397933959961,0.9965623021125793,396.81146240234375,121.4777603149414,0.9995782971382141,371.5063171386719,128.5415496826172,0.9997078776359558,468.4216613769531,121.17829132080078,0.3232412040233612,420.3225402832031,153.2370147705078,0.9840659499168396,348.0969543457031,95.59430694580078,0.9126378297805786,429.1392517089844,74.80625915527344,0.8649147748947144,396.72271728515625,57.338401794433594,0.8939069509506226,349.6083984375,95.47651672363281,0.8087528944015503
707,484.79638671875,131.56109619140625,0.875878095626831,434.629638671875,64.16061401367188,0.7143768668174744,446.3144836425781,97.21500396728516,0.9235332608222961,427.7431335449219,108.99492645263672,0.9950056672096252,397.7400207519531,121.4777603149414,0.9995101690292358,371.6502380371094,128.03611755371094,0.9997431635856628,468.93768310546875,121.66570281982422,0.22770056128501892,419.8242492675781,153.50961303710938,0.9846490025520325,380.5708312988281,156.74038696289062,0.921816349029541,435.0673828125,74.21766662597656,0.8670673966407776,396.5334167480469,57.338401794433594,0.8947491645812988,349.8398742675781,95.55657196044922,0.7947970628738403
708,486.6975402832031,131.85574340820312,0.8083449602127075,440.09307861328125,64.98770141601562,0.573627233505249,447.1410827636719,97.7103042602539,0.9396138191223145,429.97760009765625,111.14019012451172,0.993530809879303,398.42938232421875,121.4777603149414,0.9994596838951111,371.73223876953125,127.660400390625,0.9997524619102478,475.6094665527344,125.18124389648438,0.19325041770935059,419.8242492675781,153.75096130371094,0.9852030873298645,380.5708312988281,156.74038696289062,0.9200878143310547,439.62127685546875,74.94783020019531,0.8489413261413574,396.13238525390625,56.97245407104492,0.8908116817474365,349.89471435546875,95.62406158447266,0.8172798752784729
709,486.6975402832031,132.7474822998047,0.7605322599411011,443.7623596191406,65.49947357177734,0.5701068639755249,448.48321533203125,97.90239715576172,0.948901891708374,430.5191650390625,111.14019012451172,0.9960421323776245,399.32958984375,119.6295166015625,0.9995181560516357,371.8903503417969,127.4952392578125,0.999771773815155,475.6094665527344,125.18124389648438,0.12101278454065323,419.8242492675781,153.8282928466797,0.9809610247612,380.5708312988281,156.1190948486328,0.9101806282997131,444.8712463378906,74.94783020019531,0.8867158889770508,395.8187255859375,56.271705627441406,0.9177948236465454,350.69061279296875,95.62406158447266,0.8621185421943665
710,486.6975402832031,133.2964630126953,0.7679654955863953,451.1233215332031,65.53288269042969,0.6630979180335999,449.74078369140625,98.21908569335938,0.9648571610450745,431.8369140625,111.14019012451172,0.9945183396339417,400.4006652832031,119.62017822265625,0.9996334314346313,372.2159118652344,127.42394256591797,0.9997897744178772,475.6094665527344,125.18124389648438,0.10598603636026382,420.2954406738281,153.8282928466797,0.9818680286407471,381.1196594238281,156.1190948486328,0.9150407910346985,447.45391845703125,75.15556335449219,0.935103714466095,395.8187255859375,56.02796173095703,0.9074479937553406,350.69061279296875,95.86507415771484,0.8607755303382874
711,485.7410888671875,134.05691528320312,0.7075499892234802,489.2143249511719,133.66510009765625,0.8080178499221802,451.34600830078125,98.92878723144531,0.9554534554481506,433.7231140136719,110.80081176757812,0.989543080329895,402.34307861328125,119.61225891113281,0.9997350573539734,373.2469482421875,127.02205657958984,0.9997768998146057,452.5553894042969,125.90270233154297,0.09143245220184326,420.8280944824219,153.8282928466797,0.9759490489959717,381.6993103027344,156.11805725097656,0.9016706347465515,452.0007019042969,76.88697052001953,0.902190625667572,395.8187255859375,56.00848388671875,0.8999024629592896,384.82977294921875,129.7018585205078,0.839931309223175
712,485.2712097167969,134.868408203125,0.6044565439224243,489.2143249511719,135.7966766357422,0.8838817477226257,451.8253479003906,100.4264144897461,0.9270939230918884,433.9382629394531,109.46146392822266,0.9883114695549011,403.25506591796875,119.51277923583984,0.99979168176651,373.94171142578125,126.61319732666016,0.99973064661026,452.5553894042969,87.14608001708984,0.08120236545801163,420.97515869140625,153.078857421875,0.9719265699386597,381.9215393066406,155.6455841064453,0.8971861600875854,452.0007019042969,77.0196304321289,0.7397897839546204,396.0646667480469,56.00848388671875,0.8641309142112732,384.82977294921875,130.3521728515625,0.7974680066108704
713,485.2365417480469,136.59661865234375,0.6203016042709351,489.2143249511719,136.40969848632812,0.9097898602485657,452.3866271972656,100.65149688720703,0.9856941103935242,434.41375732421875,108.71926879882812,0.994607150554657,403.8121643066406,119.20523834228516,0.9998348951339722,375.0284118652344,125.87770080566406,0.9997329115867615,452.5553894042969,85.53641510009766,0.17232030630111694,420.97515869140625,152.22572326660156,0.9790665507316589,382.0729064941406,155.6455841064453,0.9236874580383301,457.15972900390625,78.10855865478516,0.849084198474884,396.2791748046875,56.00848388671875,0.8383070826530457,384.82977294921875,155.64498901367188,0.7955765128135681
714,484.9479064941406,137.6039276123047,0.7123697400093079,486.0452880859375,136.8575439453125,0.9235662221908569,453.3763427734375,101.17939758300781,0.9847846031188965,435.40228271484375,108.50243377685547,0.9952249526977539,404.2050476074219,118.9728775024414,0.9998264908790588,375.6461181640625,125.87770080566406,0.9997138381004333,458.4184265136719,82.75956726074219,0.27491432428359985,420.8280944824219,151.90579223632812,0.9763779640197754,382.3783874511719,155.64230346679688,0.9232008457183838,458.3776550292969,78.10855865478516,0.7574759721755981,417.503662109375,150.983154296875,0.8548552989959717,385.2206115722656,155.64498901367188,0.8322779536247253
715,484.0174865722656,138.30726623535156,0.7989823818206787,484.84375,137.23692321777344,0.9644588828086853,453.8701171875,101.20958709716797,0.9939367175102234,436.40679931640625,108.00637817382812,0.9976620674133301,404.8274841308594,118.759765625,0.9998206496238708,376.36700439453125,125.74864196777344,0.9996211528778076,458.5328369140625,82.74671173095703,0.3880574405193329,420.6515197753906,151.8076171875,0.9759950041770935,382.66534423828125,155.3182373046875,0.9332668781280518,458.3776550292969,79.52291107177734,0.8325634002685547,417.50439453125,150.983154296875,0.8412507772445679,385.572509765625,155.64498901367188,0.8385838270187378
716,482.84063720703125,139.65435791015625,0.8005903959274292,483.84478759765625,138.38577270507812,0.9702648520469666,455.3456115722656,101.20958709716797,0.9905977845191956,437.6458740234375,107.48978424072266,0.997358500957489,405.7494201660156,118.60041809082031,0.999789297580719,376.57427978515625,125.68472290039062,0.9996569156646729,459.5549011230469,82.560302734375,0.4238910973072052,420.6515197753906,151.51336669921875,0.9717794060707092,382.66534423828125,154.87628173828125,0.9460856914520264,431.7449951171875,129.67840576171875,0.7906484603881836,417.5578308105469,150.983154296875,0.8696710467338562,385.6073303222656,155.3966522216797,0.8458024859428406
717,482.1853332519531,141.33094787597656,0.5336085557937622,483.4262390136719,143.45191955566406,0.9858705401420593,455.9941711425781,101.17939758300781,0.9849911332130432,438.2421875,107.48978424072266,0.9971771240234375,406.9409484863281,118.60041809082031,0.9997572302818298,377.4468994140625,125.40198516845703,0.9997289776802063,460.88568115234375,82.545654296875,0.44253823161125183,420.6515197753906,151.0603790283203,0.9688474535942078,382.66534423828125,154.62588500976562,0.9374277591705322,462.1662902832031,78.10855865478516,0.8060669898986816,417.5578308105469,150.59735107421875,0.8915508389472961,385.6607666015625,155.04351806640625,0.8872374296188354
718,482.16375732421875,143.0934295654297,0.4972987174987793,483.4262390136719,144.93359375,0.9909571409225464,456.9957580566406,100.74474334716797,0.9849291443824768,438.8367004394531,107.48978424072266,0.9974111914634705,406.9409484863281,118.60041809082031,0.9997645020484924,377.61627197265625,125.39111328125,0.9997695088386536,461.4822692871094,82.30484771728516,0.44892051815986633,420.6591491699219,151.0603790283203,0.9613802433013916,356.8098449707031,95.62950897216797,0.9416696429252625,462.568359375,77.15384674072266,0.7669745683670044,417.7010498046875,150.59735107421875,0.896449625492096,385.6607666015625,154.6614227294922,0.9242108464241028
719,477.5271301269531,146.5851593017578,0.39651134610176086,483.4262390136719,146.8775634765625,0.9935592412948608,457.9776306152344,100.74474334716797,0.9802901148796082,439.4312744140625,108.0890121459961,0.9970524311065674,407.113525390625,118.82957458496094,0.9997199177742004,377.77960205078125,125.3106689453125,0.9997598528862,462.4908447265625,81.67538452148438,0.5511062145233154,422.0910339355469,151.0603790283203,0.9524742364883423,356.8098449707031,95.62950897216797,0.9539530277252197,463.6090087890625,78.39462280273438,0.8508750796318054,417.7010498046875,150.56504821777344,0.9163208603858948,385.6607666015625,154.40060424804688,0.9018383622169495
720,477.27642822265625,147.4517364501953,0.4965183436870575,483.3213806152344,147.70040893554688,0.994371235370636,458.80120849609375,100.74474334716797,0.9793924689292908,439.86517333984375,108.98702239990234,0.9969902038574219,407.2749938964844,119.20121002197266,0.9996539354324341,377.88037109375,125.14168548583984,0.9997605681419373,462.4908447265625,81.03013610839844,0.6580038666725159,423.4065246582031,151.5167694091797,0.9597011804580688,356.8098449707031,95.62950897216797,0.9767863750457764,463.6090087890625,78.39462280273438,0.8760020732879639,417.7010498046875,149.71131896972656,0.9014581441879272,385.2068786621094,154.3814697265625,0.8998140096664429
721,476.9656677246094,147.88575744628906,0.4925544857978821,482.8976745605469,148.184326171875,0.9950186014175415,460.28594970703125,104.06829071044922,0.9822301864624023,440.7970275878906,108.99807739257812,0.9974905252456665,407.28961181640625,119.25531005859375,0.9996168613433838,378.24285888671875,125.00894165039062,0.999783456325531,462.4908447265625,80.92816162109375,0.6309105157852173,428.3534851074219,151.5167694091797,0.9371938109397888,381.33612060546875,152.5589141845703,0.9104046821594238,463.6090087890625,78.39462280273438,0.8917830586433411,396.4331359863281,56.98585510253906,0.8265876173973083,371.51434326171875,86.05577087402344,0.9163068532943726
722,476.7774963378906,148.0868682861328,0.5167081356048584,483.3213806152344,148.184326171875,0.9942017197608948,461.34918212890625,104.06829071044922,0.9878475666046143,441.6598205566406,109.22207641601562,0.9974834322929382,407.28961181640625,119.3891830444336,0.9994307160377502,378.3440246582031,124.98947143554688,0.9998025298118591,462.1981506347656,80.15520477294922,0.7406744956970215,436.78350830078125,151.5167694091797,0.9590240120887756,381.33612060546875,152.5589141845703,0.8770153522491455,462.4775695800781,79.54396057128906,0.8819960355758667,396.4331359863281,56.73676681518555,0.8244494795799255,371.51434326171875,86.05577087402344,0.9431178569793701
723,475.7134704589844,148.39939880371094,0.6300579309463501,483.3213806152344,148.184326171875,0.9864805936813354,461.9656677246094,104.06829071044922,0.9873111248016357,441.9344482421875,109.368896484375,0.9969207048416138,407.34002685546875,119.3891830444336,0.9993902444839478,378.9672546386719,124.59857940673828,0.9997919201850891,461.04364013671875,79.80330657958984,0.8220188021659851,442.6878356933594,149.59732055664062,0.8709223866462708,381.33612060546875,152.5589141845703,0.9224666357040405,461.36480712890625,80.47490692138672,0.8277853727340698,396.3591613769531,56.73676681518555,0.8980755805969238,371.51434326171875,86.05577087402344,0.960701584815979
724,474.6050109863281,148.4235382080078,0.7633092999458313,485.6848449707031,64.63510131835938,0.9836735725402832,463.4883728027344,102.65641784667969,0.9891276955604553,442.1159973144531,109.59938049316406,0.9966745376586914,408.79046630859375,119.25531005859375,0.9993202686309814,379.55548095703125,124.32170867919922,0.9997907280921936,460.16607666015625,79.80330657958984,0.784078061580658,442.9515380859375,148.62477111816406,0.856719434261322,381.0804138183594,152.30661010742188,0.9029859900474548,460.847412109375,80.96746063232422,0.8394545316696167,396.3591613769531,56.98585510253906,0.9309493899345398,384.125,154.08396911621094,0.9064038395881653
725,473.5105285644531,148.98306274414062,0.9209994673728943,485.7933044433594,64.43421936035156,0.9863173365592957,464.1289978027344,102.65641784667969,0.986260712146759,442.702392578125,109.93270111083984,0.9950513243675232,409.5733642578125,119.25531005859375,0.9994475245475769,380.243896484375,122.41566467285156,0.9998053908348083,458.9590148925781,79.80330657958984,0.5809590816497803,459.7138977050781,67.34050750732422,0.8567423224449158,381.06146240234375,151.90951538085938,0.922804057598114,459.3414611816406,81.36153411865234,0.7689902186393738,395.9644470214844,57.507049560546875,0.8265795707702637,384.125,154.20452880859375,0.8972192406654358
726,472.5716247558594,150.3247833251953,0.8257858753204346,485.8421936035156,64.43421936035156,0.9874305725097656,464.59307861328125,102.65641784667969,0.9814716577529907,442.88397216796875,110.55149841308594,0.9943605065345764,410.3450622558594,119.2558364868164,0.9993966817855835,380.8013610839844,121.66122436523438,0.9998027682304382,458.2517395019531,79.969482421875,0.4533369541168213,459.7138977050781,67.34050750732422,0.917299747467041,381.0194396972656,151.5955352783203,0.8832460045814514,458.40667724609375,81.7208480834961,0.7276843190193176,395.8106994628906,57.80556869506836,0.6498056054115295,384.125,154.2049102783203,0.9269521236419678
727,471.9117736816406,150.3247833251953,0.6435289978981018,485.8421936035156,64.63510131835938,0.9893710613250732,465.00323486328125,103.15210723876953,0.9881505966186523,444.1654357910156,110.60067749023438,0.9957388639450073,411.010009765625,119.2558364868164,0.9993494153022766,381.43023681640625,121.66122436523438,0.9997957348823547,457.3913269042969,82.96310424804688,0.3812883794307709,459.7138977050781,67.34050750732422,0.9349969029426575,380.9166564941406,151.5471954345703,0.8976560235023499,457.3643493652344,82.17639923095703,0.7437745928764343,395.8106994628906,63.42967987060547,0.4494600296020508,383.78118896484375,154.20452880859375,0.9183312654495239
728,471.8276062011719,150.3247833251953,0.6282668709754944,486.4025573730469,65.04135131835938,0.9893858432769775,465.7042541503906,103.91864013671875,0.9938977360725403,444.9530944824219,111.3003158569336,0.9977213740348816,411.73699951171875,119.4429702758789,0.9993613362312317,382.1576843261719,121.66122436523438,0.9997413754463196,456.26123046875,82.96310424804688,0.3783019781112671,458.4879150390625,67.70812225341797,0.9322406649589539,380.9166564941406,151.4258270263672,0.903359591960907,457.2262268066406,82.53752136230469,0.8041057586669922,395.8106994628906,63.50768280029297,0.41758325695991516,383.78118896484375,154.20452880859375,0.9209795594215393
729,390.47265625,56.22294616699219,0.8083444237709045,488.35595703125,65.19532012939453,0.9774816632270813,466.5401611328125,104.94066619873047,0.9945111274719238,446.3423767089844,111.72332763671875,0.9977645874023438,412.8941345214844,119.51484680175781,0.999301552772522,382.1911315917969,122.179443359375,0.9997324347496033,455.7486267089844,82.96310424804688,0.32681313157081604,457.19378662109375,68.63178253173828,0.9441083073616028,380.9166564941406,151.2913055419922,0.8731674551963806,456.97186279296875,82.807373046875,0.8325116634368896,451.3915710449219,149.5147247314453,0.48212939500808716,383.78118896484375,153.8927001953125,0.938720166683197
730,390.47265625,56.1641845703125,0.8561792373657227,492.2265625,65.26607513427734,0.9776870012283325,468.0506591796875,105.8473892211914,0.9977490305900574,447.8990783691406,111.72332763671875,0.998588502407074,413.74737548828125,119.51484680175781,0.9991196990013123,383.2494812011719,122.179443359375,0.9998394250869751,394.5487976074219,78.55120086669922,0.4284043610095978,457.19378662109375,68.74481201171875,0.9467969536781311,381.2931213378906,151.27194213867188,0.8913422226905823,456.838623046875,83.00154876708984,0.8200109004974365,451.68292236328125,149.63250732421875,0.49809935688972473,384.031494140625,153.69561767578125,0.9278904795646667
731,390.47265625,55.99040222167969,0.8680970072746277,493.91607666015625,65.2847900390625,0.9699047207832336,469.0929260253906,106.40188598632812,0.9969143867492676,448.62060546875,111.72332763671875,0.9979379773139954,414.30706787109375,119.51484680175781,0.9990289211273193,383.9535217285156,122.179443359375,0.9998416900634766,394.3453063964844,77.80474090576172,0.5377739071846008,457.03985595703125,68.7479019165039,0.9619813561439514,381.4801940917969,151.25143432617188,0.8855352401733398,456.7425842285156,83.2256851196289,0.7457564473152161,451.83038330078125,149.63250732421875,0.4209185242652893,384.031494140625,153.390869140625,0.9249671101570129
732,390.6238098144531,55.978492736816406,0.9243022799491882,494.5436706542969,65.26607513427734,0.9756100177764893,469.52581787109375,106.90486907958984,0.9983793497085571,449.12933349609375,110.62415313720703,0.9981935620307922,416.11376953125,118.66010284423828,0.9991138577461243,385.05316162109375,121.91461944580078,0.9998775720596313,394.31256103515625,76.89652252197266,0.68075031042099,456.768310546875,68.7479019165039,0.9649619460105896,381.8656005859375,151.1207733154297,0.8932437300682068,456.838623046875,83.2256851196289,0.6980533599853516,451.8440246582031,149.63250732421875,0.38228651881217957,384.031494140625,153.3741455078125,0.926321804523468
733,390.8690185546875,55.67231750488281,0.9502993822097778,494.5885925292969,65.26607513427734,0.9758937358856201,470.64129638671875,106.90486907958984,0.9988400340080261,450.5427551269531,110.50897216796875,0.9986928105354309,416.4464111328125,118.35022735595703,0.999365508556366,385.8200988769531,121.57823181152344,0.9998979568481445,394.2582702636719,75.79474639892578,0.8067732453346252,456.2702331542969,68.63178253173828,0.9530713558197021,381.957275390625,150.84596252441406,0.9037525057792664,456.864501953125,83.20713806152344,0.7422208189964294,453.78411865234375,149.54464721679688,0.277288556098938,383.16131591796875,153.21046447753906,0.9278579950332642
734,390.8690185546875,55.67231750488281,0.9560701251029968,495.68035888671875,65.34637451171875,0.9774541258811951,472.4444580078125,107.01961517333984,0.9984717965126038,451.5776672363281,110.50563049316406,0.9988324046134949,416.625244140625,118.22699737548828,0.9994854927062988,386.5230712890625,121.24141693115234,0.9998874664306641,394.2582702636719,75.79474639892578,0.8070768117904663,455.8468322753906,68.53902435302734,0.948738694190979,381.957275390625,150.75119018554688,0.9055725336074829,456.864501953125,83.20713806152344,0.7584106922149658,454.1135559082031,149.54464721679688,0.31729328632354736,382.97186279296875,153.06333923339844,0.9277394413948059
735,391.0340270996094,55.67231750488281,0.9624176025390625,496.5003662109375,65.9996337890625,0.9723154902458191,472.9300842285156,106.94473266601562,0.9980429410934448,453.054443359375,110.44754791259766,0.9989662170410156,417.1806640625,118.21194458007812,0.9996258020401001,387.51788330078125,121.08219909667969,0.9998886585235596,394.3453063964844,75.79474639892578,0.7913784384727478,455.74725341796875,68.53343200683594,0.9381861090660095,382.0420837402344,150.62196350097656,0.9239649772644043,456.864501953125,83.19845581054688,0.7745506167411804,455.0302734375,149.54464721679688,0.3192881643772125,382.97186279296875,152.8601531982422,0.9299288392066956
736,391.1273193359375,56.52910232543945,0.9261762499809265,498.2967834472656,65.9996337890625,0.9748678207397461,473.61187744140625,106.90486907958984,0.9982126951217651,454.1139221191406,110.20307922363281,0.9992523789405823,417.6209411621094,117.7110824584961,0.9997739195823669,389.284912109375,121.08219909667969,0.9998713731765747,394.58416748046875,75.93492889404297,0.6105895042419434,455.4622497558594,68.12561798095703,0.9381431937217712,382.0481872558594,150.62196350097656,0.9414689540863037,456.864501953125,83.04895782470703,0.7540072798728943,454.1135559082031,149.54464721679688,0.36394017934799194,383.16131591796875,152.44866943359375,0.9239305257797241
737,500.9466247558594,66.01712799072266,0.888716995716095,500.1168212890625,65.9996337890625,0.95556640625,473.960205078125,106.79803466796875,0.9970097541809082,454.6393127441406,109.97379302978516,0.9991543292999268,418.7032775878906,117.64325714111328,0.999775230884552,390.40338134765625,121.08219909667969,0.9998169541358948,454.4050598144531,80.959716796875,0.23686623573303223,455.4622497558594,68.12561798095703,0.9372158646583557,382.35400390625,150.62196350097656,0.9394994378089905,456.80377197265625,82.86746978759766,0.7679859399795532,453.78411865234375,149.54464721679688,0.460383802652359,383.58209228515625,151.87313842773438,0.9243133068084717
738,500.9466247558594,66.01712799072266,0.8900766968727112,500.1168212890625,65.9996337890625,0.9693672060966492,474.2000732421875,106.78704833984375,0.9979261159896851,455.66998291015625,109.8844223022461,0.9992994070053101,419.7605895996094,117.53076934814453,0.9997809529304504,391.5875549316406,121.20150756835938,0.9997512698173523,454.47906494140625,80.959716796875,0.41601628065109253,455.4622497558594,68.12561798095703,0.8614529371261597,382.8231506347656,151.86585998535156,0.9540480971336365,455.6457824707031,82.03649139404297,0.7914884090423584,411.14599609375,67.9005126953125,0.8654481172561646,383.65802001953125,151.51531982421875,0.9153645634651184
739,500.9466247558594,66.85333251953125,0.8972396850585938,500.73162841796875,66.12420654296875,0.9756726622581482,475.08697509765625,106.37696838378906,0.9983820915222168,455.94488525390625,109.85871124267578,0.999424934387207,420.3622131347656,117.53076934814453,0.9997889399528503,392.01275634765625,121.44989776611328,0.999661922454834,455.33282470703125,80.959716796875,0.4438541829586029,462.4559326171875,153.3230438232422,0.8248463273048401,382.8231506347656,151.8828125,0.9542258381843567,455.600830078125,81.77046203613281,0.799723207950592,411.14599609375,67.53944396972656,0.9712858200073242,386.23388671875,82.66529083251953,0.9572492837905884
740,500.4560852050781,66.85333251953125,0.8596030473709106,500.73162841796875,65.58394622802734,0.9908573031425476,475.1752624511719,106.2983169555664,0.9991222023963928,455.9563903808594,109.33971405029297,0.9995535016059875,420.4779968261719,117.53076934814453,0.9997952580451965,392.22015380859375,121.44989776611328,0.9996469020843506,455.3900451660156,80.959716796875,0.5065178871154785,462.47076416015625,153.32684326171875,0.835462749004364,382.8231506347656,151.8828125,0.9639818072319031,454.4407653808594,81.69831848144531,0.8468335866928101,411.14599609375,66.96964263916016,0.9611613750457764,386.6662902832031,82.42452239990234,0.9611261487007141
741,500.4560852050781,142.39523315429688,0.8109990954399109,498.8074951171875,64.45561981201172,0.9959035515785217,475.7789001464844,106.2560043334961,0.9993135929107666,455.9563903808594,108.80879211425781,0.9995657801628113,420.4779968261719,117.64845275878906,0.9998083710670471,392.22015380859375,121.44989776611328,0.9996336698532104,455.78265380859375,79.66280364990234,0.4670606255531311,462.47076416015625,153.51136779785156,0.8814886212348938,382.771484375,151.87118530273438,0.9566574692726135,453.8437805175781,81.69831848144531,0.8707758784294128,414.047119140625,66.32444763183594,0.9517931342124939,386.8453063964844,82.37110900878906,0.965756356716156
742,500.4560852050781,142.78976440429688,0.8223447203636169,498.0496826171875,61.66374588012695,0.9968430995941162,476.39117431640625,105.80135345458984,0.9993360638618469,455.9563903808594,108.75299072265625,0.9995703101158142,420.4779968261719,117.65191650390625,0.9998044371604919,392.22015380859375,121.35578918457031,0.9995763897895813,455.99774169921875,79.66280364990234,0.378190279006958,462.4559326171875,154.52288818359375,0.8961355090141296,382.750732421875,151.87118530273438,0.9618927240371704,452.8870544433594,81.69831848144531,0.8781673908233643,416.9787902832031,65.27561950683594,0.9773731231689453,386.8453063964844,82.36764526367188,0.960966169834137
743,500.73577880859375,142.78976440429688,0.7902095913887024,497.6717529296875,61.32075119018555,0.9974755644798279,476.572509765625,105.36970520019531,0.999283492565155,455.9563903808594,108.68338012695312,0.9996106028556824,420.5027770996094,117.65191650390625,0.9998383522033691,391.6516418457031,120.82608032226562,0.9996151924133301,464.26336669921875,128.77188110351562,0.34275898337364197,462.3482360839844,155.5028076171875,0.884708821773529,382.750732421875,151.60693359375,0.9627754092216492,451.91644287109375,81.69376373291016,0.8354038000106812,422.28863525390625,64.83281707763672,0.9879621863365173,386.6662902832031,81.78266143798828,0.956477701663971
744,503.4293518066406,142.39523315429688,0.8085820078849792,496.6258850097656,61.198936462402344,0.9975588321685791,477.1059875488281,105.13973236083984,0.9990724325180054,456.4263000488281,108.65370178222656,0.9995259046554565,420.5448303222656,117.64845275878906,0.9998537302017212,391.6516418457031,120.50397491455078,0.999631404876709,469.6949157714844,129.97991943359375,0.2990751564502716,462.3482360839844,155.91432189941406,0.9313907623291016,382.7610168457031,151.47845458984375,0.962638258934021,451.3109130859375,81.1786117553711,0.816665768623352,425.2284851074219,64.60396575927734,0.9797497987747192,386.6662902832031,81.78266143798828,0.9495667219161987
745,504.4677429199219,138.5247344970703,0.8771064281463623,493.67877197265625,60.13374328613281,0.9975513815879822,477.1059875488281,103.32608032226562,0.9992470741271973,456.4263000488281,108.35680389404297,0.9995238780975342,420.6014709472656,117.58099365234375,0.9998365640640259,391.6516418457031,120.47777557373047,0.9996325969696045,469.6949157714844,129.97991943359375,0.6430009603500366,462.3482360839844,156.04486083984375,0.9659991264343262,382.771484375,151.38987731933594,0.9675809741020203,449.7586669921875,80.74211120605469,0.7668989300727844,432.26025390625,64.4186782836914,0.9497494697570801,385.9796447753906,81.78266143798828,0.8950875997543335
746,504.9847717285156,136.55172729492188,0.9339661002159119,489.7601318359375,59.84716033935547,0.998594343662262,477.1059875488281,102.70384216308594,0.9994372725486755,456.4263000488281,108.17475128173828,0.9995957016944885,421.0490417480469,117.29339599609375,0.9998437166213989,392.0138244628906,120.4775390625,0.9995738863945007,480.46124267578125,129.97991943359375,0.7585906386375427,462.4059143066406,156.04486083984375,0.9686617851257324,382.902099609375,151.25747680664062,0.956976056098938,449.0538024902344,80.40074920654297,0.643062949180603,434.5182189941406,64.4186782836914,0.970352292060852,384.3879089355469,149.9056854248047,0.9125321507453918
747,504.9847717285156,135.4138641357422,0.9285494089126587,488.04742431640625,59.328346252441406,0.9985228180885315,477.1059875488281,101.11567687988281,0.9993330836296082,456.5829772949219,107.08636474609375,0.999618411064148,421.4343566894531,116.58979797363281,0.9998629093170166,392.188232421875,120.43043518066406,0.9995262622833252,483.8167724609375,129.13584899902344,0.6509790420532227,462.53118896484375,156.0077667236328,0.9673069715499878,383.1387023925781,151.23385620117188,0.9550141096115112,448.6679382324219,79.21904754638672,0.6408930420875549,436.44573974609375,64.60396575927734,0.9631015658378601,384.3879089355469,149.9056854248047,0.9123621582984924
748,506.6130065917969,135.01158142089844,0.9387004971504211,486.3010559082031,58.236778259277344,0.9988605976104736,477.1059875488281,99.9571762084961,0.999004065990448,456.5829772949219,106.96220397949219,0.9995774626731873,421.7159729003906,115.92054748535156,0.9998611211776733,392.3653869628906,120.31668853759766,0.9995282888412476,484.8158264160156,129.13584899902344,0.6201574206352234,462.6770324707031,156.04486083984375,0.9518970251083374,383.1882629394531,151.088623046875,0.951438307762146,448.6637878417969,78.08833312988281,0.6538270711898804,438.41851806640625,64.4186782836914,0.9407926797866821,384.3421936035156,149.9056854248047,0.9218002557754517
749,507.4033203125,131.28878784179688,0.9533477425575256,484.9233093261719,57.16242980957031,0.9988377690315247,477.2069396972656,99.73313903808594,0.9990229606628418,456.6496276855469,106.76383209228516,0.999565064907074,421.9635925292969,115.14591979980469,0.9998465776443481,392.3768310546875,120.15789794921875,0.9996551275253296,491.8373107910156,128.4220733642578,0.4121895134449005,462.6770324707031,156.0077667236328,0.9239548444747925,383.2006530761719,151.088623046875,0.9675178527832031,448.5792541503906,77.80433654785156,0.682712733745575,440.5880126953125,64.08724975585938,0.8694869875907898,384.3879089355469,149.83518981933594,0.884105920791626
750,508.95733642578125,130.58578491210938,0.9041799306869507,484.3751220703125,56.227577209472656,0.9987213015556335,477.53656005859375,98.51386260986328,0.998128354549408,457.3389892578125,106.26022338867188,0.9992827773094177,422.0603332519531,114.75270080566406,0.9998291730880737,392.607421875,120.10029602050781,0.9996892213821411,498.47979736328125,121.53910827636719,0.695205569267273,462.53118896484375,155.81500244140625,0.8489211201667786,383.2006530761719,151.088623046875,0.9526696801185608,448.38739013671875,77.77027893066406,0.8282714486122131,443.1976623535156,62.80949401855469,0.8926591277122498,384.3879089355469,149.7854461669922,0.9038690328598022
751,509.604248046875,129.50205993652344,0.8964464664459229,482.07635498046875,55.87788772583008,0.9990500807762146,477.53656005859375,96.72688293457031,0.995053768157959,458.1916809082031,105.70700073242188,0.9988874793052673,422.5730285644531,114.56920623779297,0.9997990727424622,392.6952819824219,119.96163940429688,0.9997058510780334,499.445556640625,116.20673370361328,0.9253078699111938,460.82244873046875,154.49203491210938,0.7538890838623047,383.4767150878906,151.1098175048828,0.9631568789482117,447.9986572265625,77.77027893066406,0.9394491314888,445.9076232910156,60.94402313232422,0.9506425857543945,384.5128173828125,149.69308471679688,0.8527618646621704
752,509.604248046875,117.94991302490234,0.812900722026825,478.1897888183594,54.823970794677734,0.9988747239112854,477.53656005859375,96.37995910644531,0.9918898940086365,458.96258544921875,105.54218292236328,0.9989050626754761,423.3097229003906,114.08760070800781,0.9997425675392151,392.8913269042969,119.96163940429688,0.9997257590293884,499.445556640625,114.80956268310547,0.9001970887184143,460.7215881347656,154.46063232421875,0.7030930519104004,383.4767150878906,151.1098175048828,0.9651222229003906,447.0957336425781,77.77027893066406,0.9414973855018616,447.253662109375,58.92890548706055,0.9633283019065857,384.5128173828125,149.69308471679688,0.8448339700698853
753,509.604248046875,117.58457946777344,0.842961311340332,476.916015625,49.209163665771484,0.997857391834259,477.48065185546875,95.97197723388672,0.9944726824760437,458.98077392578125,104.79869079589844,0.9992117881774902,423.8226013183594,113.47430419921875,0.9996650218963623,393.0150451660156,119.96163940429688,0.9997244477272034,499.547607421875,114.80956268310547,0.8336793184280396,460.2682800292969,154.1224822998047,0.688602864742279,383.6809387207031,151.1098175048828,0.9706004858016968,446.5207214355469,77.99440002441406,0.9506703615188599,447.5578918457031,58.15935516357422,0.9627595543861389,384.7989196777344,149.69308471679688,0.7816933989524841
754,515.7319946289062,117.58457946777344,0.9010623097419739,476.884033203125,48.845703125,0.9973370432853699,475.75830078125,95.55742645263672,0.9955138564109802,458.98077392578125,104.39701080322266,0.9993199110031128,423.9882507324219,113.05464172363281,0.9996300935745239,393.1322326660156,119.67434692382812,0.9997519850730896,499.547607421875,114.80956268310547,0.8177115321159363,459.66583251953125,153.7532501220703,0.6934999823570251,384.01702880859375,150.9905548095703,0.9660249352455139,446.434814453125,77.99440002441406,0.9450330138206482,448.2897033691406,57.82491683959961,0.9606647491455078,385.1035461425781,149.56190490722656,0.8117451071739197
755,515.7319946289062,117.58457946777344,0.897095263004303,476.8810119628906,48.685611724853516,0.997098445892334,475.75830078125,95.5449447631836,0.9957284331321716,458.98431396484375,104.361083984375,0.9994425177574158,424.088134765625,112.7385025024414,0.9995657801628113,393.2954406738281,119.18632507324219,0.9997937083244324,499.547607421875,114.9906997680664,0.8146411180496216,458.5533752441406,152.30564880371094,0.6465006470680237,384.17755126953125,150.73587036132812,0.9751992225646973,446.018310546875,77.99440002441406,0.9488310813903809,448.3424072265625,57.42151641845703,0.9653171300888062,385.28558349609375,149.4690704345703,0.8136090636253357
756,515.7319946289062,118.02025604248047,0.8496646285057068,476.8052673339844,48.685611724853516,0.9971967935562134,475.75830078125,95.52861785888672,0.9948092699050903,458.98431396484375,104.19590759277344,0.9994632601737976,424.088134765625,112.71580505371094,0.9996302127838135,393.39739990234375,118.99839782714844,0.9997844099998474,500.3324890136719,114.9906997680664,0.8263879418373108,457.4804992675781,151.9688720703125,0.6762494444847107,384.3282165527344,150.6432342529297,0.9712635278701782,445.90716552734375,77.95195007324219,0.9459388256072998,448.5255126953125,57.42151641845703,0.969325065612793,385.3323059082031,149.36636352539062,0.8447486758232117
757,514.880126953125,118.55081176757812,0.7336899042129517,476.8052673339844,48.36439895629883,0.9972844123840332,476.5244140625,95.52861785888672,0.9939883947372437,459.1534423828125,104.00611114501953,0.9994632601737976,424.088134765625,112.71580505371094,0.9996019005775452,393.39739990234375,118.55369567871094,0.999829888343811,500.48541259765625,115.2281723022461,0.8506360054016113,456.0714111328125,151.47886657714844,0.644589364528656,384.4971923828125,150.53736877441406,0.9745033979415894,445.6745300292969,73.9829330444336,0.9488034844398499,449.1202392578125,56.73731231689453,0.9690448045730591,385.3723449707031,149.36636352539062,0.8575394749641418
758,514.880126953125,122.60824584960938,0.793986439704895,476.6307373046875,48.36439895629883,0.9977248311042786,476.5266418457031,95.5066146850586,0.9949876070022583,459.38916015625,103.76119232177734,0.9995957016944885,424.088134765625,112.71580505371094,0.9996777772903442,393.39739990234375,118.29263305664062,0.9998286962509155,500.5796813964844,115.34103393554688,0.8659571409225464,455.16070556640625,151.36264038085938,0.6837376356124878,384.5094299316406,150.53736877441406,0.972374439239502,445.6745300292969,73.94476318359375,0.9496912956237793,449.35943603515625,56.43879318237305,0.9774353504180908,385.3827819824219,149.27313232421875,0.8466362357139587
759,514.880126953125,122.60824584960938,0.856559693813324,476.6307373046875,48.71005630493164,0.9975726008415222,478.3299865722656,94.04298400878906,0.9944462776184082,459.41876220703125,103.5201416015625,0.9995536208152771,424.3243713378906,112.43814086914062,0.9996213912963867,393.5456848144531,118.10331726074219,0.9998171925544739,500.78204345703125,115.34103393554688,0.8812335729598999,454.6585388183594,150.53965759277344,0.74173903465271,384.8803405761719,150.4954071044922,0.9738765954971313,445.6745300292969,73.94476318359375,0.9585720896720886,449.35943603515625,55.819801330566406,0.9752946496009827,385.55657958984375,149.0687713623047,0.8534314632415771
760,516.064208984375,122.60824584960938,0.9222676157951355,476.9882507324219,50.446533203125,0.9976947903633118,479.2041015625,93.86486053466797,0.9965943694114685,459.6269836425781,103.1011962890625,0.9995245933532715,424.4476013183594,112.43814086914062,0.9996812343597412,393.6996154785156,117.75833892822266,0.9998168349266052,500.78204345703125,115.79954528808594,0.8843196034431458,454.552734375,149.92420959472656,0.7690663933753967,385.4505920410156,150.39134216308594,0.9789949059486389,445.9507751464844,73.94476318359375,0.9675511121749878,449.35943603515625,55.77138137817383,0.9774004817008972,385.6955261230469,149.00787353515625,0.8144261240959167
761,516.7244873046875,120.6903305053711,0.9471055865287781,477.77227783203125,50.446533203125,0.998492956161499,480.15057373046875,93.84502410888672,0.9981781244277954,461.9424133300781,102.47248077392578,0.9994897842407227,424.8781433105469,112.43814086914062,0.9997001886367798,394.1194152832031,117.45272064208984,0.9998594522476196,500.8084716796875,115.79954528808594,0.8050458431243896,454.50885009765625,149.90467834472656,0.7453499436378479,386.2929382324219,150.29086303710938,0.9719541668891907,446.4584655761719,74.05557250976562,0.9643009305000305,447.5635681152344,54.260250091552734,0.9854539632797241,386.3108825683594,148.51589965820312,0.8801860809326172
762,517.6185913085938,119.872314453125,0.9511265754699707,482.2125549316406,50.446533203125,0.9990299940109253,480.47857666015625,93.12570190429688,0.9980796575546265,462.6727600097656,102.34185028076172,0.9993728995323181,425.2374572753906,112.12852478027344,0.999700665473938,395.1087646484375,117.0150146484375,0.9998648166656494,501.88751220703125,115.79954528808594,0.797652006149292,454.4459533691406,149.88980102539062,0.6934100985527039,387.13427734375,150.29086303710938,0.9737868309020996,446.6047058105469,74.12096405029297,0.9529476165771484,447.3824462890625,53.76707077026367,0.9894710779190063,386.6709289550781,148.46286010742188,0.8882840275764465
763,518.4009399414062,119.872314453125,0.9605552554130554,486.1048889160156,50.338993072509766,0.9983006119728088,480.60491943359375,93.12570190429688,0.9977288842201233,463.1560363769531,102.29747009277344,0.9991762042045593,425.83831787109375,111.88799285888672,0.9997196793556213,395.7895812988281,116.92167663574219,0.999847412109375,502.47479248046875,115.79954528808594,0.7932841181755066,454.44500732421875,149.77134704589844,0.7000929713249207,387.1691589355469,150.29086303710938,0.9700126051902771,446.6047058105469,74.1697006225586,0.9475633502006531,447.2725830078125,53.280460357666016,0.991592526435852,386.8717041015625,148.39151000976562,0.9065099954605103
764,519.156494140625,119.872314453125,0.9485167264938354,487.259033203125,50.338993072509766,0.9975233674049377,481.2214050292969,93.12570190429688,0.9974262118339539,464.0104064941406,102.2701416015625,0.9991328120231628,426.52960205078125,111.77477264404297,0.9996823072433472,395.97271728515625,116.92167663574219,0.9998113512992859,503.32769775390625,115.79954528808594,0.7486588358879089,454.2923889160156,149.77134704589844,0.6813045740127563,387.2877502441406,150.57379150390625,0.9604617953300476,446.6955261230469,74.1697006225586,0.9279493093490601,446.8192443847656,53.09482192993164,0.9899690747261047,387.2425537109375,148.22413635253906,0.9043399691581726
765,519.4560546875,120.2125473022461,0.9519879817962646,487.84722900390625,50.338993072509766,0.9968193769454956,481.5052185058594,93.12251281738281,0.9977551102638245,464.26446533203125,102.2701416015625,0.9991843104362488,426.79888916015625,111.66118621826172,0.9997022747993469,396.3187561035156,116.92167663574219,0.9997908473014832,503.5775146484375,116.02034759521484,0.739307165145874,454.2660827636719,149.48268127441406,0.6868297457695007,387.3699645996094,150.60511779785156,0.9582801461219788,446.8520812988281,74.12096405029297,0.9287911653518677,446.2821960449219,52.581241607666016,0.9913074374198914,387.2427062988281,148.0897674560547,0.9140034914016724
766,520.0375366210938,120.2125473022461,0.9499242305755615,489.160888671875,50.64767074584961,0.9936375617980957,482.96881103515625,93.12369537353516,0.9977467656135559,465.287353515625,102.2701416015625,0.9991311430931091,427.3017578125,111.41935729980469,0.9997119307518005,396.53515625,118.8047866821289,0.9998214840888977,504.0229797363281,116.02034759521484,0.6870842576026917,454.0149841308594,149.2431640625,0.6868430376052856,387.4244689941406,150.60511779785156,0.9606032371520996,450.0393371582031,73.41841125488281,0.875298798084259,445.2598571777344,51.46529769897461,0.9853503704071045,387.320068359375,148.06727600097656,0.893062174320221
767,520.4127197265625,120.2125473022461,0.9253302216529846,491.4133605957031,50.87643051147461,0.9916660189628601,483.78021240234375,93.2270736694336,0.998214602470398,465.6981506347656,102.29208374023438,0.9992332458496094,427.3218994140625,111.36809539794922,0.9997405409812927,396.8247985839844,118.85585021972656,0.9998307228088379,504.5422058105469,116.09220123291016,0.6438899636268616,446.9032287597656,51.02712631225586,0.6610662341117859,387.55194091796875,150.57379150390625,0.957243800163269,450.0393371582031,73.03309631347656,0.8735143542289734,445.1153259277344,51.46529769897461,0.9832454919815063,387.3422546386719,147.93641662597656,0.9076900482177734
768,520.8090209960938,119.84980773925781,0.909382700920105,494.0279235839844,52.32562255859375,0.9744762182235718,483.8525695800781,93.30258178710938,0.9985572695732117,465.7945861816406,102.49202728271484,0.9993168115615845,427.6622009277344,111.36809539794922,0.999727189540863,397.0162658691406,118.85585021972656,0.9998388290405273,505.48095703125,116.09220123291016,0.6069167852401733,446.9032287597656,51.02712631225586,0.6811345815658569,387.589111328125,150.50289916992188,0.9614577293395996,450.0393371582031,72.74923706054688,0.8469312787055969,445.1153259277344,51.46529769897461,0.978442907333374,387.3422546386719,147.82850646972656,0.8983209133148193
769,522.0252075195312,119.04922485351562,0.9073106050491333,495.04541015625,52.92999267578125,0.978503406047821,483.91357421875,93.8682632446289,0.9980624318122864,465.80657958984375,102.6268310546875,0.9992641806602478,427.8928527832031,111.24320220947266,0.9996509552001953,397.8087158203125,118.8047866821289,0.999848484992981,506.13385009765625,114.9814682006836,0.5449932217597961,446.9032287597656,51.02712631225586,0.6317378282546997,387.6695556640625,150.42893981933594,0.9570922255516052,450.0393371582031,71.84117889404297,0.8904144763946533,445.1153259277344,51.529197692871094,0.9854883551597595,387.3422546386719,147.82098388671875,0.9117406010627747
770,522.4588012695312,119.04922485351562,0.9228391647338867,495.04541015625,55.55016326904297,0.9813041687011719,484.1287841796875,93.90088653564453,0.998513400554657,466.05767822265625,102.8218994140625,0.9994168281555176,428.60455322265625,111.24320220947266,0.9996284246444702,398.6805114746094,118.80473327636719,0.9998610019683838,506.3119812011719,114.88469696044922,0.5938718914985657,454.2077941894531,150.6405029296875,0.6703477501869202,388.2245178222656,83.96869659423828,0.9537198543548584,450.95489501953125,70.29441833496094,0.9414920210838318,445.0989990234375,52.70764923095703,0.9939525723457336,387.32440185546875,147.82098388671875,0.9351340532302856
771,523.0078735351562,119.04922485351562,0.9305980205535889,495.04541015625,57.35036849975586,0.9624121785163879,484.6572265625,94.07942199707031,0.9981845021247864,466.589111328125,103.12776184082031,0.999305248260498,429.1673583984375,111.28410339355469,0.9996436834335327,399.5231628417969,118.73411560058594,0.9998868703842163,506.3119812011719,114.32181549072266,0.6604340076446533,454.5292663574219,150.7407989501953,0.7095153331756592,389.0337219238281,83.76587677001953,0.9563496708869934,451.3190612792969,70.12169647216797,0.9153897762298584,445.2619934082031,52.77518844604492,0.9917618036270142,387.32440185546875,147.82098388671875,0.961373507976532
772,523.0562133789062,118.88088989257812,0.8910584449768066,491.6942138671875,58.97793197631836,0.9336290955543518,485.09222412109375,94.45364379882812,0.9936237335205078,466.589111328125,103.50650787353516,0.9989038705825806,430.37786865234375,111.03075408935547,0.9995481371879578,401.1267395019531,118.39595794677734,0.999942421913147,506.13385009765625,114.03813934326172,0.5707390308380127,454.8876647949219,151.00335693359375,0.7091535329818726,389.1038513183594,83.76587677001953,0.9467002749443054,454.48651123046875,69.89653778076172,0.8600342273712158,445.45379638671875,52.96172332763672,0.9808105826377869,386.5480041503906,148.0004425048828,0.9615260362625122
773,523.3724975585938,118.88088989257812,0.8915567994117737,488.4012451171875,61.85991668701172,0.9316565990447998,485.7179870605469,94.45364379882812,0.9873688817024231,466.7588806152344,103.74858093261719,0.9989070892333984,430.86090087890625,111.03075408935547,0.9994705319404602,402.1648254394531,118.29307556152344,0.999954342842102,501.1845397949219,109.5063247680664,0.5354865789413452,455.0345764160156,151.06224060058594,0.7624597549438477,390.5277099609375,83.8380126953125,0.9656570553779602,471.8548583984375,68.97594451904297,0.8723378777503967,446.6600646972656,53.167755126953125,0.9690607786178589,386.5480041503906,148.0004425048828,0.9515618085861206
774,523.3938598632812,118.88088989257812,0.8721144199371338,486.2473449707031,61.85991668701172,0.9512222409248352,486.23797607421875,94.45364379882812,0.9831749796867371,467.6092834472656,103.74858093261719,0.9987597465515137,431.5797424316406,111.10051727294922,0.99947589635849,402.9684143066406,118.29307556152344,0.9999549388885498,500.9787292480469,109.36193084716797,0.48610740900039673,455.4245910644531,151.1242218017578,0.7734759449958801,391.05865478515625,83.80005645751953,0.9701031446456909,472.3795166015625,67.90818786621094,0.9470385313034058,455.12542724609375,150.94900512695312,0.9582419395446777,386.5480041503906,148.0004425048828,0.9544708132743835
775,528.1602172851562,118.17803192138672,0.8036273717880249,481.3420104980469,61.85991668701172,0.870303213596344,486.23797607421875,93.31048583984375,0.9478450417518616,467.8069763183594,103.74858093261719,0.9982811212539673,431.98883056640625,111.22402954101562,0.9995998740196228,404.4565734863281,118.29307556152344,0.9999550580978394,500.8465881347656,107.85944366455078,0.36301013827323914,455.6152038574219,151.25706481933594,0.8260344862937927,391.40948486328125,83.8380126953125,0.9629824161529541,472.6913146972656,65.38619232177734,0.9530419111251831,455.7499694824219,150.94900512695312,0.9363842010498047,388.1913757324219,147.76779174804688,0.9763009548187256
776,528.8967895507812,117.45467376708984,0.8595881462097168,481.3420104980469,60.18259048461914,0.5430543422698975,486.2489318847656,92.56781005859375,0.8604801297187805,468.2892150878906,103.15397644042969,0.9981497526168823,431.9986572265625,111.10051727294922,0.9997177720069885,405.7420959472656,118.2943344116211,0.9999265670776367,496.2761535644531,101.4464340209961,0.4192112386226654,455.6445007324219,151.262939453125,0.8220097422599792,391.4232177734375,83.87420654296875,0.9543004035949707,474.33111572265625,65.38619232177734,0.9357898235321045,455.8858642578125,150.0277557373047,0.943326473236084,388.9556579589844,147.01393127441406,0.921510636806488
777,529.5328979492188,117.16133117675781,0.8703621029853821,481.3420104980469,60.18259048461914,0.6360746026039124,486.2489318847656,92.55691528320312,0.9097165465354919,468.2892150878906,102.85285186767578,0.9981575608253479,432.6603698730469,111.10051727294922,0.999731719493866,406.6290588378906,118.2943344116211,0.9999005794525146,496.0919494628906,101.36542510986328,0.40354329347610474,455.6445007324219,151.262939453125,0.8499747514724731,401.6731262207031,147.7072296142578,0.9601145386695862,476.28070068359375,65.38619232177734,0.945105791091919,456.9632873535156,150.0277557373047,0.9248595833778381,388.9556579589844,145.10498046875,0.8598170280456543
778,529.64990234375,117.15532684326172,0.9078226685523987,487.0593566894531,60.18259048461914,0.658469557762146,486.5873718261719,92.55581665039062,0.921701192855835,468.2892150878906,102.45755767822266,0.9973183274269104,433.5457458496094,111.04981231689453,0.9997398257255554,407.1165771484375,118.2943344116211,0.9998675584793091,495.79791259765625,101.25019073486328,0.394773930311203,455.4245910644531,151.25706481933594,0.8582133650779724,402.74462890625,147.84910583496094,0.9638444185256958,480.8228454589844,68.07392120361328,0.8972788453102112,457.1607666015625,149.8472137451172,0.9226716756820679,398.36846923828125,145.10498046875,0.8642671704292297
779,529.8656005859375,117.15532684326172,0.924299955368042,489.23114013671875,59.526493072509766,0.5536222457885742,486.6803283691406,92.55581665039062,0.8990570902824402,468.84918212890625,102.1189956665039,0.9962896108627319,434.1540222167969,110.6328125,0.9997584223747253,407.14239501953125,118.00086212158203,0.9998828172683716,496.0919494628906,101.25019073486328,0.3076866567134857,443.92742919921875,51.34766387939453,0.8955543041229248,403.02972412109375,147.84910583496094,0.9734107851982117,484.796142578125,68.39582824707031,0.7642027735710144,457.8489685058594,149.60995483398438,0.9131627678871155,402.3302001953125,146.96090698242188,0.8643044829368591
780,529.9241943359375,117.15532684326172,0.9311254620552063,494.5780334472656,59.526493072509766,0.6059466004371643,486.68719482421875,92.55691528320312,0.9214126467704773,469.11822509765625,101.51913452148438,0.9973835349082947,434.80731201171875,110.33118438720703,0.9997798800468445,407.7672119140625,117.91557312011719,0.9998413324356079,496.2761535644531,101.4464340209961,0.300235390663147,442.9268798828125,51.088905334472656,0.9327839612960815,403.2393493652344,147.84910583496094,0.9710912704467773,486.85198974609375,68.39582824707031,0.7713531255722046,458.1734619140625,149.6077423095703,0.919096827507019,402.864990234375,146.96090698242188,0.886540949344635
781,530.49462890625,117.65444946289062,0.9312566518783569,499.3452453613281,58.954010009765625,0.737953245639801,488.5960388183594,92.8467025756836,0.850898265838623,469.78289794921875,101.51913452148438,0.9978904128074646,435.1623229980469,109.7234115600586,0.9998030066490173,407.99749755859375,117.61572265625,0.9998093247413635,500.7582702636719,104.77559661865234,0.2231951653957367,440.956787109375,51.01340866088867,0.956667959690094,403.5629577636719,147.8078155517578,0.9671438336372375,489.39251708984375,68.39582824707031,0.870150089263916,458.8062438964844,149.53050231933594,0.9378678798675537,403.1266784667969,146.81260681152344,0.896608293056488
782,531.4536743164062,117.89733123779297,0.9196109175682068,501.2595520019531,57.75346755981445,0.7336429953575134,490.486572265625,92.8467025756836,0.8995472192764282,471.3935852050781,101.34180450439453,0.9986904263496399,436.4964294433594,109.66749572753906,0.9997997879981995,408.5672912597656,115.84222412109375,0.9998513460159302,500.79827880859375,105.1592788696289,0.15744052827358246,440.5494384765625,51.01340866088867,0.9620652794837952,403.5629577636719,147.6436767578125,0.9631614089012146,493.78936767578125,68.37866973876953,0.913898229598999,458.92694091796875,149.53050231933594,0.940330982208252,403.1923828125,146.81260681152344,0.905937910079956
783,532.8088989257812,117.89733123779297,0.9422177672386169,502.142578125,55.111228942871094,0.5753228664398193,492.1002197265625,92.8467025756836,0.954985499382019,472.5013427734375,101.160400390625,0.999071478843689,437.7099914550781,109.39453125,0.9997997879981995,409.37060546875,115.56763458251953,0.9999048709869385,507.2666015625,105.1592788696289,0.18870064616203308,440.5494384765625,50.7830810546875,0.9609878659248352,403.5629577636719,147.55430603027344,0.9524435997009277,495.9356689453125,68.25074768066406,0.9509194493293762,458.99127197265625,149.53050231933594,0.9397490620613098,403.2295227050781,146.43478393554688,0.9186771512031555
784,533.9539184570312,117.89733123779297,0.9484003782272339,502.51605224609375,52.29924011230469,0.637150228023529,493.75604248046875,92.31683349609375,0.9801210165023804,473.63702392578125,101.09754943847656,0.9992102384567261,438.6838684082031,109.39453125,0.9997907280921936,410.7872619628906,115.56763458251953,0.9999212026596069,508.6495666503906,105.1592788696289,0.23045337200164795,440.5494384765625,50.76236343383789,0.9520206451416016,403.45355224609375,147.48536682128906,0.9345980286598206,497.51995849609375,66.57788848876953,0.9700489640235901,459.1184387207031,149.60743713378906,0.9440191388130188,403.3299255371094,146.2048797607422,0.9289801120758057
785,534.8194580078125,117.20696258544922,0.9412063360214233,505.7173767089844,49.08185577392578,0.6763219833374023,494.5398864746094,92.12092590332031,0.9766567945480347,474.433349609375,100.47168731689453,0.9989639520645142,439.9034118652344,109.18537139892578,0.9997064471244812,411.7258605957031,115.56763458251953,0.9999175071716309,511.65570068359375,104.36109161376953,0.16938398778438568,442.2617492675781,49.879669189453125,0.9601028561592102,393.0276794433594,83.6324691772461,0.9180208444595337,497.79583740234375,66.54853820800781,0.9819759130477905,459.1535949707031,150.0076904296875,0.9696031808853149,403.3407897949219,146.2048797607422,0.9620282053947449
786,535.5322265625,115.67798614501953,0.9216486215591431,506.39862060546875,48.595458984375,0.749357283115387,495.7063903808594,91.93424224853516,0.9818329811096191,475.7781066894531,100.33407592773438,0.9990096092224121,441.90679931640625,109.17520141601562,0.9996252059936523,412.854736328125,115.62652587890625,0.9999226331710815,513.5570068359375,103.62483215332031,0.23495735228061676,442.356689453125,49.56098556518555,0.9588309526443481,392.6429443359375,83.6324691772461,0.9245619773864746,498.4261474609375,66.54853820800781,0.9725989103317261,459.2705993652344,150.0076904296875,0.9672734141349792,403.638916015625,146.2048797607422,0.9598702788352966
787,535.919677734375,114.36759185791016,0.834286093711853,507.5257873535156,48.591156005859375,0.6870713233947754,496.42669677734375,90.09671783447266,0.9788510799407959,479.1462097167969,98.54383087158203,0.9983648657798767,444.02197265625,109.0988998413086,0.9997537732124329,413.92034912109375,117.61811065673828,0.9999114274978638,514.3794555664062,102.05860900878906,0.29737067222595215,442.4004821777344,49.14328384399414,0.9563469886779785,392.6429443359375,83.6324691772461,0.9227275848388672,499.8563232421875,66.57788848876953,0.9659952521324158,459.5068054199219,150.0583038330078,0.9694811105728149,403.73077392578125,146.17971801757812,0.9748913049697876
788,536.2513427734375,110.19320678710938,0.8332279920578003,508.08258056640625,48.38575744628906,0.7045742869377136,497.5210266113281,90.09671783447266,0.9898763298988342,480.7590026855469,98.54383087158203,0.998589813709259,445.4417419433594,109.18537139892578,0.9998167157173157,415.5142517089844,117.61811065673828,0.999946117401123,514.56640625,101.19863891601562,0.31062713265419006,442.6737365722656,48.98268127441406,0.9362747669219971,393.0276794433594,83.96963500976562,0.9468500018119812,501.12164306640625,66.63800048828125,0.9800381064414978,459.5068054199219,150.0583038330078,0.9605600237846375,403.8505554199219,146.17286682128906,0.9699031710624695
789,543.772216796875,104.02226257324219,0.9232696294784546,508.2099914550781,47.99393844604492,0.7977674603462219,498.6606750488281,90.09671783447266,0.9970000386238098,481.2381896972656,98.33758544921875,0.9988811612129211,446.43316650390625,109.18537139892578,0.9997983574867249,416.89703369140625,117.61811065673828,0.9999599456787109,515.2509765625,101.19863891601562,0.4418718218803406,442.9612121582031,48.98268127441406,0.9122088551521301,393.02838134765625,83.96963500976562,0.9552068114280701,501.9454345703125,67.25402069091797,0.9860996603965759,459.5068054199219,150.23098754882812,0.9526181817054749,404.3953552246094,146.17286682128906,0.974989652633667
790,544.7926635742188,103.33914947509766,0.9693371653556824,510.0821838378906,47.97062683105469,0.855363130569458,499.80548095703125,90.83700561523438,0.99801105260849,481.5989074707031,98.33758544921875,0.9983981251716614,447.5452575683594,109.13701629638672,0.9996510744094849,417.8685607910156,117.4765396118164,0.9999603033065796,516.600830078125,101.19863891601562,0.46483132243156433,443.0273132324219,48.98268127441406,0.9210171699523926,393.79937744140625,83.96963500976562,0.9463889598846436,503.8012390136719,67.30836486816406,0.9889816641807556,459.4007873535156,150.3929443359375,0.9509538412094116,404.9767150878906,146.13002014160156,0.972201406955719
791,545.8722534179688,103.33914947509766,0.9837961196899414,513.820556640625,47.97062683105469,0.9720385074615479,501.2684326171875,91.77725219726562,0.9984896183013916,482.9443664550781,98.68544006347656,0.9983845949172974,447.58660888671875,109.23612976074219,0.9995692372322083,418.77301025390625,117.38069915771484,0.9999589920043945,518.041015625,103.29363250732422,0.4335264265537262,443.34088134765625,49.47763442993164,0.9433934092521667,394.17547607421875,83.96963500976562,0.9317167401313782,504.83966064453125,67.6326904296875,0.9912109971046448,459.3763732910156,150.3929443359375,0.9354689121246338,405.1106872558594,146.08596801757812,0.9716513156890869
792,546.4505615234375,103.33914947509766,0.9841774702072144,516.7125854492188,47.97062683105469,0.9607504606246948,503.2355651855469,92.57121276855469,0.9970232844352722,483.1329345703125,99.38243103027344,0.9987881779670715,448.8096923828125,109.23612976074219,0.9996830224990845,419.5231018066406,116.89620208740234,0.9999467134475708,518.3463134765625,104.08487701416016,0.42092663049697876,443.65240478515625,49.75149154663086,0.9378090500831604,394.7819519042969,83.96963500976562,0.9200770854949951,504.83966064453125,68.31057739257812,0.9869958758354187,459.3266906738281,150.3929443359375,0.9515586495399475,405.1307373046875,145.8232879638672,0.9668466448783875
793,546.5475463867188,104.0385971069336,0.9745283126831055,518.795654296875,49.16794204711914,0.9768424034118652,504.8401184082031,93.29341125488281,0.9970526695251465,484.6813049316406,101.23817443847656,0.9993807077407837,449.8605651855469,109.13701629638672,0.9996843338012695,420.5277099609375,116.56513977050781,0.9999151229858398,521.2131958007812,107.15615844726562,0.38551974296569824,443.9584045410156,50.63127899169922,0.8714870810508728,405.8825378417969,147.22979736328125,0.8492532968521118,504.83966064453125,69.44270324707031,0.9833452701568604,444.1623840332031,51.886898040771484,0.9457594156265259,406.35797119140625,144.80674743652344,0.9581562280654907
794,547.221923828125,108.0893783569336,0.966498851776123,519.5079345703125,51.100528717041016,0.9783580303192139,506.48968505859375,94.02272033691406,0.9919790029525757,486.6103515625,102.47769927978516,0.9996078610420227,451.5979309082031,108.36935424804688,0.9996237754821777,421.4839782714844,116.11885833740234,0.9998821020126343,521.6182861328125,107.99492645263672,0.36932945251464844,460.58538818359375,151.52291870117188,0.7772189378738403,405.9471740722656,147.22979736328125,0.8553637862205505,504.7294616699219,70.18405151367188,0.9741676449775696,444.02685546875,51.886898040771484,0.9775171279907227,406.614990234375,144.5697784423828,0.9685437679290771
795,548.0706176757812,112.22659301757812,0.979140043258667,522.95166015625,51.728050231933594,0.9962831139564514,506.80023193359375,96.12347412109375,0.9960691928863525,488.310302734375,103.307373046875,0.9997963309288025,451.99847412109375,108.20264434814453,0.9995506405830383,422.18255615234375,114.93596649169922,0.9998242259025574,521.6182861328125,109.47120666503906,0.3021111488342285,467.6683654785156,151.52291870117188,0.7810688018798828,405.9471740722656,147.22979736328125,0.8595011830329895,498.7236022949219,70.3761978149414,0.9753152132034302,443.8797912597656,51.886898040771484,0.98456871509552,406.614990234375,144.3259735107422,0.9546160101890564
796,548.7362060546875,113.48483276367188,0.9851979613304138,524.5781860351562,51.9622802734375,0.9975659847259521,507.3504638671875,96.1937026977539,0.9978733062744141,489.0932922363281,103.39447784423828,0.9998340606689453,452.9507751464844,108.13180541992188,0.9994640946388245,422.3113708496094,114.83381652832031,0.999778687953949,521.6182861328125,110.15582275390625,0.2335335910320282,471.5638732910156,151.52291870117188,0.8080417513847351,405.8825378417969,147.06631469726562,0.825401246547699,497.1267395019531,71.7423324584961,0.9698015451431274,443.8797912597656,53.005401611328125,0.9864351749420166,406.35797119140625,144.1929168701172,0.9640008211135864
797,549.4252319335938,113.48483276367188,0.9900249242782593,524.9039306640625,51.9622802734375,0.9980623126029968,507.65203857421875,96.1937026977539,0.9979631900787354,489.6435546875,103.54049682617188,0.9998047947883606,453.86163330078125,108.13180541992188,0.9993791580200195,422.3294677734375,113.42241668701172,0.9997125267982483,490.6943359375,119.71937561035156,0.29416990280151367,476.51666259765625,149.5323944091797,0.819581151008606,405.65899658203125,146.4927215576172,0.7926814556121826,496.3701171875,71.78482818603516,0.96860271692276,443.6484375,53.005401611328125,0.9844456315040588,405.6810607910156,144.1929168701172,0.9577903747558594
798,549.8699951171875,113.48483276367188,0.9914454221725464,525.5278930664062,51.9622802734375,0.9980098605155945,507.9259948730469,96.1937026977539,0.998083233833313,490.3877258300781,103.67538452148438,0.9998084902763367,453.9434814453125,108.13180541992188,0.9993545413017273,422.3113708496094,113.28575134277344,0.9997181296348572,490.6943359375,119.87506103515625,0.31841742992401123,478.28338623046875,147.24253845214844,0.8228245973587036,405.6080322265625,146.4085235595703,0.7755313515663147,496.288818359375,71.78482818603516,0.9704142212867737,443.6484375,53.067787170410156,0.9799787402153015,405.6810607910156,144.15823364257812,0.9649006724357605
799,550.4900512695312,113.65764617919922,0.9918826222419739,525.8013305664062,51.9622802734375,0.9974495768547058,509.4813232421875,94.76216888427734,0.9978154897689819,490.785888671875,103.54049682617188,0.9997579455375671,453.9434814453125,108.28665924072266,0.9993109703063965,422.3113708496094,112.98822784423828,0.9997124075889587,490.6943359375,120.06983184814453,0.4381679594516754,482.5783386230469,144.6394500732422,0.9138458967208862,405.553955078125,146.22311401367188,0.757653534412384,496.24859619140625,71.78482818603516,0.967521071434021,443.6484375,53.27986145019531,0.9810313582420349,405.6810607910156,143.88156127929688,0.9699894189834595
800,551.3787841796875,113.65764617919922,0.9926596283912659,526.0967407226562,51.9622802734375,0.997825562953949,510.28668212890625,94.74446105957031,0.998539924621582,491.66845703125,103.54049682617188,0.9997114539146423,453.9434814453125,108.28665924072266,0.9992712140083313,422.3294677734375,112.66791534423828,0.9997547268867493,491.844482421875,120.550537109375,0.5202378630638123,485.5244445800781,144.39654541015625,0.9300520420074463,405.553955078125,146.1847686767578,0.7027586102485657,495.7447814941406,71.82938385009766,0.9679700136184692,443.7497863769531,53.361080169677734,0.9794456362724304,407.4396057128906,143.8520050048828,0.971949577331543
801,551.6605834960938,114.71221160888672,0.9911261200904846,528.3720703125,52.59562301635742,0.9985186457633972,510.80950927734375,94.66246795654297,0.9989811778068542,491.7102966308594,103.52368927001953,0.9997310042381287,453.8596496582031,108.28665924072266,0.9992940425872803,422.4508361816406,112.12667846679688,0.9998070597648621,492.2611999511719,120.76828002929688,0.4650513827800751,486.330078125,144.14642333984375,0.9100443720817566,405.553955078125,146.15634155273438,0.6148038506507874,494.91357421875,71.82938385009766,0.9691153168678284,443.91290283203125,53.49461364746094,0.9793455600738525,407.46466064453125,143.80575561523438,0.9684308171272278
802,551.6605834960938,115.87327575683594,0.9885556101799011,530.4287719726562,52.70677947998047,0.9985910058021545,511.1329040527344,94.50265502929688,0.9988101720809937,491.8190002441406,103.01300048828125,0.9996119141578674,453.8596496582031,107.70024108886719,0.9992197751998901,422.60943603515625,111.63795471191406,0.9998001456260681,493.0030517578125,120.76828002929688,0.3879197835922241,486.8899841308594,143.86790466308594,0.8831310868263245,405.7034606933594,145.98565673828125,0.6440473794937134,494.1504821777344,71.7325210571289,0.9742184281349182,444.1356506347656,53.912841796875,0.9854679703712463,407.8161926269531,143.27197265625,0.9714155197143555
803,551.6605834960938,117.31071472167969,0.9889800548553467,531.5357666015625,52.70677947998047,0.9984207153320312,511.23309326171875,94.2998275756836,0.9988895058631897,491.8190002441406,102.49250030517578,0.999675989151001,453.8596496582031,107.56507110595703,0.999333918094635,423.08709716796875,111.43699645996094,0.9997581839561462,493.09869384765625,120.76828002929688,0.3535788059234619,488.4667663574219,142.28839111328125,0.9283407926559448,405.8075256347656,145.98565673828125,0.6463133096694946,494.1504821777344,71.82938385009766,0.977508544921875,444.26611328125,54.72759246826172,0.9875890612602234,407.9326477050781,143.1636199951172,0.9705047011375427
804,551.3065795898438,118.31866455078125,0.986914336681366,532.02490234375,52.70677947998047,0.9981207251548767,511.32171630859375,93.77191162109375,0.9990299940109253,491.8190002441406,101.82234191894531,0.9996351003646851,453.9293212890625,107.4368896484375,0.9992321729660034,423.2335205078125,111.33541870117188,0.9997397065162659,493.1619567871094,120.33952331542969,0.304717093706131,488.4667663574219,141.5930938720703,0.9466264843940735,406.5513916015625,145.98565673828125,0.5817394256591797,494.1504821777344,71.82938385009766,0.9750880002975464,444.4987487792969,54.72759246826172,0.987700879573822,408.6742248535156,143.03411865234375,0.9623958468437195
805,550.054443359375,120.14067840576172,0.9828946590423584,532.28271484375,52.70677947998047,0.9978508949279785,511.32659912109375,93.77191162109375,0.9989522695541382,491.8190002441406,101.42239379882812,0.9996472597122192,454.1877136230469,107.4368896484375,0.9993008375167847,423.93731689453125,111.33541870117188,0.9996969699859619,493.1619567871094,119.00528717041016,0.35289615392684937,488.4667663574219,141.05096435546875,0.9591513276100159,406.98876953125,146.10150146484375,0.5874704718589783,496.26507568359375,71.95873260498047,0.9758619666099548,444.6596984863281,54.98899841308594,0.9874039888381958,408.77838134765625,143.03411865234375,0.9630478620529175
806,547.4524536132812,122.59292602539062,0.9761677980422974,532.707275390625,52.70677947998047,0.9971586465835571,511.4390869140625,93.71502685546875,0.9989756345748901,492.2294921875,101.19456481933594,0.9995114803314209,454.47308349609375,107.4368896484375,0.9991890788078308,424.4684753417969,111.33541870117188,0.9995688796043396,493.09869384765625,118.77701568603516,0.32265806198120117,487.9489440917969,141.0485382080078,0.9661073684692383,407.2126770019531,146.2189178466797,0.6496344208717346,496.26507568359375,71.95873260498047,0.9732562899589539,445.7578125,55.20700454711914,0.9889798164367676,408.9980163574219,142.9868621826172,0.9491028785705566
807,546.32958984375,124.84980773925781,0.9584970474243164,533.4835205078125,52.57521438598633,0.9960624575614929,511.8713073730469,93.70751190185547,0.9990829229354858,492.8085021972656,100.82208251953125,0.9995393753051758,457.1330261230469,107.73219299316406,0.9991532564163208,424.5950622558594,111.3829116821289,0.9995619654655457,493.1619567871094,114.43778228759766,0.3516928255558014,487.097900390625,140.72947692871094,0.9739682078361511,407.3159484863281,146.2189178466797,0.5528887510299683,496.26507568359375,71.95873260498047,0.9690459370613098,446.633544921875,55.302101135253906,0.9956845045089722,409.25653076171875,142.97824096679688,0.9456900358200073
808,545.0137939453125,128.6087646484375,0.9571083784103394,533.8178100585938,52.70825958251953,0.996504545211792,512.1649169921875,93.70751190185547,0.9989567995071411,492.912109375,100.56094360351562,0.9994959831237793,457.15411376953125,107.73219299316406,0.9990548491477966,424.8452453613281,111.57723999023438,0.9995802044868469,493.334716796875,114.33405303955078,0.3884327709674835,486.6227722167969,140.69650268554688,0.9787387251853943,407.45269775390625,146.2189178466797,0.5971894264221191,495.3223876953125,71.1289291381836,0.9655995965003967,450.2710266113281,55.302101135253906,0.9975844621658325,411.044921875,142.97824096679688,0.9374094605445862
809,540.2530517578125,130.70252990722656,0.9545444250106812,534.7012939453125,52.70825958251953,0.9962096214294434,512.906982421875,93.48051452636719,0.9990453124046326,493.1931457519531,100.29344940185547,0.9994214773178101,457.6092529296875,107.73219299316406,0.9989901185035706,425.15234375,111.65279388427734,0.9995985627174377,497.4046325683594,65.11969757080078,0.5097939968109131,486.36505126953125,140.3681182861328,0.9793771505355835,409.8850402832031,145.5308074951172,0.6053603291511536,495.3223876953125,70.0955810546875,0.9554583430290222,453.379638671875,55.302101135253906,0.9953716397285461,412.5716247558594,142.953125,0.9231849908828735
810,539.2796630859375,130.70252990722656,0.9106425642967224,534.7012939453125,52.18183898925781,0.9965330362319946,512.9330444335938,93.10333251953125,0.9990987777709961,493.4957275390625,99.41813659667969,0.9994456171989441,457.6092529296875,107.35882568359375,0.9990808963775635,425.1589050292969,111.73823547363281,0.999599039554596,497.4247741699219,63.88594436645508,0.6973835229873657,486.36505126953125,140.15478515625,0.9797107577323914,410.6094055175781,145.5308074951172,0.5881961584091187,495.2302551269531,67.9977798461914,0.9152165055274963,459.24688720703125,53.94486618041992,0.9835247993469238,412.8930358886719,142.52532958984375,0.9173599481582642
811,539.2796630859375,130.70252990722656,0.9326651692390442,534.7012939453125,52.08286666870117,0.99709153175354,513.5123291015625,92.37873840332031,0.9992831349372864,494.22015380859375,99.16145324707031,0.9994213581085205,457.7103271484375,105.92830657958984,0.9992032647132874,425.5610046386719,111.65279388427734,0.9995657801628113,497.4247741699219,63.88594436645508,0.7618364691734314,486.6227722167969,139.69760131835938,0.9834039807319641,410.817138671875,145.5308074951172,0.6041746735572815,495.20819091796875,67.54524993896484,0.8760168552398682,462.9256286621094,52.96479797363281,0.9704840779304504,412.8990783691406,142.5214385986328,0.9191860556602478
812,539.2796630859375,129.8861846923828,0.9335858821868896,534.5936279296875,47.80582809448242,0.9979275465011597,514.2112426757812,91.57798767089844,0.9992891550064087,494.6924133300781,98.85772705078125,0.9992673993110657,457.7165222167969,105.45721435546875,0.9992746710777283,425.56396484375,111.65279388427734,0.9993439316749573,497.42669677734375,63.88594436645508,0.7134248614311218,486.6227722167969,139.47042846679688,0.9867027997970581,410.817138671875,145.5487060546875,0.6244505047798157,494.366455078125,66.86221313476562,0.8761876225471497,465.57440185546875,52.96479797363281,0.9728941917419434,412.8990783691406,142.39926147460938,0.9062693119049072
813,539.3463134765625,128.0174102783203,0.9667414426803589,533.0720825195312,47.67314147949219,0.998073935508728,514.6475830078125,90.67029571533203,0.9993070363998413,495.37115478515625,98.02449035644531,0.9988214373588562,457.7165222167969,104.98160552978516,0.9993994235992432,425.7174072265625,111.41679382324219,0.9994220733642578,497.6103820800781,113.1994400024414,0.8649002909660339,486.36505126953125,139.47042846679688,0.9874446392059326,410.817138671875,145.773193359375,0.5630772709846497,492.02099609375,64.61165618896484,0.8521040081977844,471.40814208984375,52.584896087646484,0.9734415411949158,412.8990783691406,142.3963165283203,0.9088184833526611
814,543.69775390625,123.35083770751953,0.9841049313545227,532.4707641601562,45.84710693359375,0.998138427734375,514.8616333007812,90.12301635742188,0.9991082549095154,495.7958984375,97.90450286865234,0.9985552430152893,457.8269958496094,104.62410736083984,0.9993752837181091,426.0389099121094,111.03242492675781,0.9994984865188599,497.7475280761719,114.64020538330078,0.8830772042274475,486.2605285644531,139.47042846679688,0.9870144128799438,410.47021484375,145.780517578125,0.5412750840187073,490.89599609375,64.0430679321289,0.8358874917030334,474.5788269042969,52.584896087646484,0.9369553327560425,412.7843933105469,142.30979919433594,0.911629855632782
815,545.2060546875,121.13892364501953,0.9909875988960266,531.6839599609375,45.23926544189453,0.9967821836471558,516.0340576171875,86.127197265625,0.9991132616996765,495.7958984375,97.6042709350586,0.9987665414810181,458.61676025390625,104.36138153076172,0.9991773962974548,426.54931640625,110.73184204101562,0.9994944334030151,501.68829345703125,114.64020538330078,0.5718821883201599,485.79986572265625,139.47042846679688,0.9789888858795166,410.47021484375,145.780517578125,0.5484228134155273,489.8335266113281,64.0430679321289,0.8377883434295654,476.04144287109375,50.804893493652344,0.9546070098876953,412.7843933105469,142.3081512451172,0.9012130498886108
816,548.8276977539062,121.13892364501953,0.9956362843513489,531.6839599609375,45.15583038330078,0.9953613877296448,517.6603393554688,86.11994934082031,0.9993263483047485,495.9867248535156,97.26822662353516,0.998176097869873,459.6278381347656,104.01631164550781,0.9990295171737671,427.11669921875,110.1095962524414,0.9994359612464905,526.7481079101562,113.84310913085938,0.8226467370986938,485.2663879394531,139.34420776367188,0.9694663286209106,410.47021484375,145.780517578125,0.5332955718040466,488.62200927734375,64.0430679321289,0.8147392272949219,478.4934997558594,50.804893493652344,0.987827479839325,412.7843933105469,142.11126708984375,0.8811050057411194
817,550.0493774414062,121.13892364501953,0.9918700456619263,531.6839599609375,45.15583038330078,0.9942407608032227,518.0343017578125,86.11994934082031,0.9995489716529846,496.715087890625,94.26539611816406,0.9979240894317627,460.56536865234375,103.95832061767578,0.9990243911743164,427.8262023925781,110.05261993408203,0.9994063377380371,530.2692260742188,113.84310913085938,0.7586615085601807,485.2265625,139.46224975585938,0.9634019732475281,427.6810607910156,77.0851058959961,0.5985638499259949,486.584228515625,65.27538299560547,0.8412759304046631,480.2720642089844,50.804893493652344,0.9931372404098511,412.7843933105469,142.0701141357422,0.8793759346008301
818,550.0493774414062,122.1829833984375,0.9899181723594666,532.382080078125,45.23926544189453,0.9934473633766174,519.3761596679688,86.11994934082031,0.9995306730270386,497.33599853515625,94.03018951416016,0.9988186955451965,462.1093444824219,101.90565490722656,0.9992996454238892,429.0361633300781,109.8228759765625,0.9992602467536926,533.1893920898438,114.3326187133789,0.7481763362884521,485.1122741699219,139.46224975585938,0.9431939125061035,429.33416748046875,76.65242004394531,0.7979048490524292,486.584228515625,65.27538299560547,0.795430064201355,480.6847839355469,50.995872497558594,0.9922178983688354,412.7843933105469,141.97042846679688,0.8488598465919495
819,550.583251953125,124.59862518310547,0.988281786441803,532.382080078125,45.321815490722656,0.9945777654647827,520.2680053710938,86.07749938964844,0.9995255470275879,497.33599853515625,93.8851318359375,0.9992726445198059,463.5028381347656,101.54053497314453,0.9996194839477539,429.73516845703125,109.76844787597656,0.9991759657859802,534.5413818359375,113.84310913085938,0.8004199266433716,485.1122741699219,139.46224975585938,0.9233794808387756,429.44561767578125,76.65242004394531,0.8520349860191345,486.584228515625,65.27538299560547,0.7738359570503235,482.022216796875,51.759029388427734,0.9905282258987427,412.5041198730469,141.63555908203125,0.6882231831550598
820,550.7552490234375,126.1629638671875,0.9644724130630493,532.8207397460938,45.38908386230469,0.9950992465019226,521.1145629882812,86.01078033447266,0.9991428852081299,498.6007080078125,93.86332702636719,0.9991890788078308,464.447509765625,101.51445007324219,0.9996936321258545,430.4870300292969,109.17838287353516,0.999518871307373,543.5105590820312,113.84310913085938,0.7420758605003357,484.9739074707031,139.52267456054688,0.8908382654190063,429.735107421875,76.65242004394531,0.829497754573822,488.853759765625,67.19219207763672,0.812554121017456,484.32269287109375,52.1645622253418,0.9859007000923157,412.1645202636719,141.63555908203125,0.6870548129081726
821,551.69189453125,127.97859954833984,0.9175938367843628,532.8207397460938,45.677371978759766,0.9952213168144226,521.3800659179688,85.84622192382812,0.9989427924156189,499.7498779296875,93.17402648925781,0.9991896748542786,465.4549560546875,101.35995483398438,0.9997825026512146,431.49365234375,108.49576568603516,0.9996153116226196,545.7019653320312,109.86034393310547,0.7680724263191223,484.9739074707031,139.52267456054688,0.87996906042099,430.8128662109375,76.73857116699219,0.8428813219070435,489.8036193847656,67.19219207763672,0.823925256729126,484.52825927734375,52.304203033447266,0.9757900238037109,412.01336669921875,141.4133758544922,0.5517644882202148
822,551.69189453125,127.97859954833984,0.8025516271591187,532.615234375,45.713050842285156,0.9952740669250488,522.354736328125,85.52843475341797,0.9983260035514832,500.86322021484375,92.78588104248047,0.999340832233429,466.40728759765625,100.93441009521484,0.9998619556427002,432.281982421875,107.8953857421875,0.9997015595436096,548.2882690429688,109.57281494140625,0.8484612107276917,485.1122741699219,139.52267456054688,0.8820597529411316,431.1484680175781,76.7908935546875,0.8499540686607361,493.35101318359375,67.1891098022461,0.7782871127128601,484.7159423828125,136.84902954101562,0.963083803653717,412.1645202636719,141.0216064453125,0.5327922701835632
823,552.5773315429688,127.97859954833984,0.7946226000785828,532.615234375,45.9241943359375,0.9957302212715149,523.123779296875,85.48545837402344,0.9980771541595459,501.5763854980469,92.50562286376953,0.999294638633728,466.9787292480469,100.89083862304688,0.9998698234558105,433.0456237792969,107.39118957519531,0.9997463822364807,550.1310424804688,109.36632537841797,0.8986871242523193,485.18756103515625,139.47488403320312,0.8616578578948975,431.4234924316406,76.7908935546875,0.8665344715118408,494.1896057128906,67.19219207763672,0.7586500644683838,484.91461181640625,136.94268798828125,0.9590612053871155,412.1645202636719,140.59339904785156,0.49439239501953125
824,554.18701171875,127.9565658569336,0.8668527603149414,532.6458129882812,45.9241943359375,0.9956904053688049,523.468017578125,85.33847045898438,0.9980436563491821,502.2002258300781,92.33338928222656,0.9992349147796631,467.59576416015625,100.73414611816406,0.9998829364776611,433.2827453613281,106.92390441894531,0.9997476935386658,550.1310424804688,107.85221862792969,0.9325150847434998,485.18756103515625,139.22250366210938,0.8636394739151001,431.54693603515625,76.7802963256836,0.8768139481544495,494.1896057128906,67.42340087890625,0.7674108743667603,484.7159423828125,136.97816467285156,0.9515828490257263,430.65875244140625,77.86927032470703,0.503500759601593
825,555.3697509765625,126.64772033691406,0.899939775466919,532.6458129882812,45.9241943359375,0.9957360029220581,523.5397338867188,85.33847045898438,0.9983130693435669,502.32318115234375,92.33338928222656,0.9992934465408325,467.7717590332031,100.70536041259766,0.9998887777328491,433.8033752441406,106.78374481201172,0.9997615218162537,550.2390747070312,107.85221862792969,0.9269737601280212,485.18756103515625,139.1250457763672,0.8760825991630554,431.570556640625,76.73857116699219,0.8871647715568542,494.1896057128906,67.71171569824219,0.7672622203826904,484.91461181640625,136.97816467285156,0.9474162459373474,430.920654296875,77.76627349853516,0.5119932293891907
826,560.7761840820312,123.40837097167969,0.9035866856575012,532.6615600585938,45.9241943359375,0.9965521097183228,523.62451171875,85.33847045898438,0.9983905553817749,502.8724670410156,92.33338928222656,0.9993346333503723,468.2376708984375,100.70136260986328,0.9998917579650879,433.94744873046875,106.24272918701172,0.9997836947441101,550.8145751953125,107.85221862792969,0.8938067555427551,485.1595458984375,139.22250366210938,0.8692500591278076,431.570556640625,76.7802963256836,0.874312162399292,494.14385986328125,67.8309326171875,0.7837972640991211,484.98760986328125,136.97816467285156,0.9419514536857605,430.9247131347656,77.60598754882812,0.5699409246444702
827,562.4166870117188,121.88233947753906,0.9582142233848572,532.7805786132812,45.9241943359375,0.9970705509185791,523.7314453125,85.62106323242188,0.9986900687217712,503.2272033691406,92.66584014892578,0.9994040727615356,468.80718994140625,100.6022720336914,0.9998865127563477,434.2325134277344,106.10855102539062,0.9997430443763733,550.2390747070312,109.92459869384766,0.8772709965705872,484.7730712890625,139.10267639160156,0.8849338889122009,431.54693603515625,76.7802963256836,0.8674550652503967,494.14385986328125,67.93025207519531,0.7927351593971252,492.0283508300781,51.096988677978516,0.9409252405166626,431.0517578125,77.46485137939453,0.6024035215377808
828,563.7601928710938,120.07821655273438,0.9646307229995728,533.254638671875,46.0262565612793,0.9976041913032532,524.2948608398438,85.97407531738281,0.9987090826034546,503.6058044433594,92.66584014892578,0.9994219541549683,468.98773193359375,100.56808471679688,0.9999035596847534,435.0931396484375,105.8358154296875,0.9997501969337463,550.0806274414062,110.46426391601562,0.843770444393158,484.7730712890625,139.22198486328125,0.8763700723648071,414.61328125,136.53744506835938,0.8614805340766907,494.14385986328125,68.00782775878906,0.8676196336746216,492.7122497558594,50.45294952392578,0.9585995674133301,431.0517578125,77.46485137939453,0.6132657527923584
829,565.0611572265625,117.9748764038086,0.9771425724029541,533.4000854492188,46.3184814453125,0.9975637197494507,524.6590576171875,86.30878448486328,0.9991784691810608,504.6412658691406,92.66584014892578,0.9994065761566162,469.7640686035156,100.53936767578125,0.9998754262924194,435.57110595703125,105.80424499511719,0.9997857213020325,550.0806274414062,110.52899932861328,0.8294731378555298,484.7730712890625,139.22198486328125,0.8895286917686462,414.61328125,137.77493286132812,0.8925746083259583,494.16143798828125,68.00782775878906,0.8892667293548584,492.9640808105469,50.074562072753906,0.9650780558586121,431.5513916015625,77.46485137939453,0.6374718546867371
830,565.3109130859375,116.9170913696289,0.9828837513923645,533.4295043945312,46.604278564453125,0.9975515007972717,525.0367431640625,86.45686340332031,0.9992600083351135,505.4895935058594,92.43638610839844,0.9994838237762451,470.63018798828125,100.28782653808594,0.9998619556427002,437.11627197265625,105.58075714111328,0.9997959733009338,548.6431274414062,111.470703125,0.759053111076355,485.25390625,139.2747802734375,0.8986722826957703,414.61328125,137.77493286132812,0.9459521174430847,494.5987548828125,67.9324951171875,0.8974713087081909,494.4622497558594,47.625770568847656,0.9711987972259521,431.94720458984375,77.51566314697266,0.6468495726585388
831,565.5213623046875,116.57400512695312,0.9894653558731079,533.8897705078125,46.604278564453125,0.9974960684776306,525.6190795898438,86.54768371582031,0.9993202686309814,505.9755859375,92.21926879882812,0.9994578957557678,471.2481994628906,100.15081024169922,0.9998385906219482,438.2353515625,105.58075714111328,0.9997511506080627,548.6431274414062,111.67970275878906,0.7588849067687988,485.36102294921875,139.3037567138672,0.8988419771194458,416.2188415527344,136.8969268798828,0.9697932600975037,494.69000244140625,67.9324951171875,0.9077292084693909,494.6593322753906,47.60137939453125,0.9865111112594604,431.94720458984375,77.5583724975586,0.6621499061584473
832,566.0824584960938,116.57400512695312,0.990010678768158,534.9508666992188,46.604278564453125,0.9976701140403748,526.1580200195312,86.61030578613281,0.999322772026062,506.51031494140625,91.978271484375,0.9994314312934875,471.91546630859375,100.15081024169922,0.9998258948326111,439.3624267578125,105.28878784179688,0.9996492862701416,548.6431274414062,111.67970275878906,0.7734807729721069,485.83978271484375,139.552001953125,0.9127868413925171,419.98583984375,136.53744506835938,0.9726076722145081,495.0550842285156,67.585693359375,0.8935459852218628,494.6593322753906,47.467567443847656,0.9908055663108826,431.94720458984375,77.5722427368164,0.663331925868988
833,566.6346435546875,116.57400512695312,0.986670196056366,535.9537353515625,46.46528625488281,0.997818112373352,526.6940307617188,86.61030578613281,0.9992311000823975,507.356201171875,91.978271484375,0.9993610978126526,472.3096008300781,100.15081024169922,0.9997915625572205,439.93170166015625,105.28878784179688,0.999573290348053,548.9144287109375,111.67970275878906,0.7667887806892395,486.5780944824219,140.40972900390625,0.9153088331222534,423.7323913574219,135.53932189941406,0.9658616781234741,495.1326599121094,67.585693359375,0.9019089937210083,494.6593322753906,47.467567443847656,0.9917668700218201,432.3590087890625,133.37973022460938,0.7405116558074951
834,567.194091796875,116.64234161376953,0.987415611743927,537.6989135742188,46.19709014892578,0.99812251329422,527.3160400390625,86.54768371582031,0.9989569187164307,508.20721435546875,91.978271484375,0.9992252588272095,472.343505859375,100.45311737060547,0.9998099207878113,440.212890625,105.66454315185547,0.9995854496955872,550.3899536132812,110.97036743164062,0.8142606019973755,486.5780944824219,141.1555938720703,0.922879159450531,426.4361572265625,135.53932189941406,0.9502695202827454,495.351806640625,67.585693359375,0.8672721982002258,494.30584716796875,47.467567443847656,0.9906238913536072,432.401611328125,133.37973022460938,0.8227859735488892
835,567.194091796875,117.12722778320312,0.9868698716163635,539.4657592773438,46.19709014892578,0.998406708240509,527.56787109375,86.54768371582031,0.9989864230155945,508.9164123535156,92.75342559814453,0.9991855025291443,472.5008239746094,100.89444732666016,0.9997393488883972,441.1834716796875,105.73155212402344,0.999645471572876,551.2991333007812,110.68050384521484,0.8534892797470093,486.5780944824219,141.67259216308594,0.9373034238815308,431.26824951171875,135.53932189941406,0.9527450799942017,496.3017272949219,67.8741455078125,0.8377719521522522,494.2982177734375,47.93712615966797,0.9900722503662109,432.401611328125,133.37973022460938,0.8375806212425232
836,567.194091796875,119.14686584472656,0.9826876521110535,541.2138061523438,46.46528625488281,0.9971855282783508,527.6507568359375,87.10359191894531,0.998789370059967,509.4386291503906,93.52224731445312,0.9990811347961426,472.5008239746094,101.39144897460938,0.9996895790100098,441.8931579589844,105.73994445800781,0.9995404481887817,551.2991333007812,109.2267074584961,0.907654881477356,486.51873779296875,142.31985473632812,0.951011061668396,439.5220947265625,136.00088500976562,0.9734176993370056,496.4382629394531,68.03475952148438,0.8189800381660461,493.9465637207031,48.38929748535156,0.9901065230369568,432.8812255859375,77.4119873046875,0.832819938659668
837,565.8126831054688,119.47953796386719,0.97492516040802,543.7003784179688,47.52081298828125,0.9864999651908875,527.8263549804688,87.15670013427734,0.9973069429397583,511.92718505859375,95.53858947753906,0.9989521503448486,472.97235107421875,102.22106170654297,0.9997219443321228,442.8534240722656,106.29475402832031,0.9995768666267395,551.2991333007812,109.2267074584961,0.8750154972076416,486.51873779296875,142.31985473632812,0.9427757263183594,440.6451416015625,137.31439208984375,0.9371306896209717,531.489501953125,69.40423583984375,0.7834447622299194,492.9381103515625,48.616477966308594,0.9764612913131714,433.06341552734375,77.4119873046875,0.846204400062561
838,565.8126831054688,120.07437133789062,0.9621446132659912,546.4105834960938,48.3629264831543,0.99112868309021,528.1641845703125,88.29145050048828,0.9965644478797913,512.1103515625,96.19268035888672,0.9992726445198059,473.7444763183594,102.53529357910156,0.999794065952301,443.56298828125,106.5068130493164,0.9995518326759338,551.5875244140625,109.2267074584961,0.8233004212379456,486.51873779296875,142.31985473632812,0.9639284014701843,448.1161804199219,139.09896850585938,0.9722011089324951,533.3114624023438,69.40423583984375,0.8305409550666809,492.591064453125,48.65314483642578,0.9675067663192749,433.1192626953125,77.40259552001953,0.8696873784065247
839,565.626220703125,120.07437133789062,0.9536295533180237,548.2388916015625,50.351905822753906,0.9905875325202942,528.1839599609375,90.27864074707031,0.995013415813446,512.2135009765625,97.14080047607422,0.9993459582328796,474.27178955078125,103.4701156616211,0.9997527003288269,443.85809326171875,107.07615661621094,0.9994180202484131,551.1985473632812,108.50829315185547,0.7858770489692688,494.6838684082031,49.653724670410156,0.9691183567047119,452.74029541015625,139.1198272705078,0.9823985695838928,533.3114624023438,69.40423583984375,0.8579012155532837,492.591064453125,48.671852111816406,0.9497295618057251,433.2173156738281,77.40259552001953,0.8601689338684082
840,565.626220703125,120.07437133789062,0.9315667748451233,548.5787963867188,51.291202545166016,0.9881615042686462,528.76123046875,90.89083862304688,0.994236171245575,512.328125,97.62064361572266,0.9991455078125,475.0152587890625,103.4701156616211,0.9997014403343201,444.6310729980469,107.07615661621094,0.9991410970687866,551.11181640625,109.32266235351562,0.8079589009284973,494.6838684082031,49.653724670410156,0.9755750894546509,456.5326232910156,140.11672973632812,0.9668776392936707,534.2155151367188,69.40423583984375,0.8468836545944214,492.591064453125,48.79109573364258,0.9306858777999878,433.3082275390625,77.34871673583984,0.8953056335449219
841,566.1842041015625,117.80445861816406,0.9078037738800049,549.375732421875,52.897518157958984,0.9846790432929993,529.588623046875,90.93714141845703,0.9953457713127136,512.6979370117188,97.7170639038086,0.9992091059684753,476.3653259277344,103.4701156616211,0.9996514320373535,446.3141784667969,107.07615661621094,0.9992510676383972,551.11181640625,109.32266235351562,0.6873551607131958,494.6838684082031,49.653724670410156,0.9665247201919556,457.9824523925781,140.21597290039062,0.946372926235199,535.9094848632812,69.40423583984375,0.8383561372756958,493.05816650390625,49.26963424682617,0.9517690539360046,433.44549560546875,77.34871673583984,0.8990961313247681
842,566.7529907226562,116.5472640991211,0.9451119899749756,551.4479370117188,54.912601470947266,0.9776619076728821,530.3370361328125,90.94451904296875,0.9947848916053772,513.4346313476562,97.73843383789062,0.9991816878318787,477.3101501464844,103.45873260498047,0.9996376037597656,447.0809020996094,106.87371063232422,0.9994070529937744,551.0880737304688,109.32266235351562,0.6434316039085388,485.60186767578125,143.14276123046875,0.9706622958183289,458.07940673828125,143.01730346679688,0.9492731094360352,536.1962280273438,69.53742218017578,0.9059901237487793,493.6622619628906,49.26963424682617,0.9713549613952637,433.6275634765625,77.34871673583984,0.9070503115653992
843,567.3056640625,116.28510284423828,0.9493712186813354,553.140625,57.59820556640625,0.988614559173584,531.6123657226562,91.09288787841797,0.9972966313362122,514.260986328125,97.73843383789062,0.9991125464439392,479.1615905761719,102.71537017822266,0.999723494052887,447.7409973144531,106.37271881103516,0.9996278285980225,550.7135009765625,109.32266235351562,0.6129851341247559,485.60186767578125,143.64486694335938,0.9760161638259888,458.07940673828125,143.01730346679688,0.9541407823562622,534.2155151367188,69.53742218017578,0.9096096158027649,494.3255310058594,49.26963424682617,0.971580982208252,433.8763732910156,77.34871673583984,0.9096358418464661
844,567.888916015625,116.28510284423828,0.9593318700790405,554.8717651367188,57.72311019897461,0.9840944409370422,532.1644897460938,91.24681854248047,0.9967347979545593,514.46533203125,97.7170639038086,0.998977780342102,479.3672180175781,102.71537017822266,0.9996702671051025,448.50006103515625,105.91553497314453,0.99969482421875,550.7135009765625,109.32266235351562,0.48675432801246643,485.60186767578125,143.6721649169922,0.978090763092041,458.07940673828125,143.01730346679688,0.9595815539360046,534.2155151367188,69.53742218017578,0.8467546701431274,494.92816162109375,48.14193344116211,0.9638634920120239,434.2377624511719,77.35961151123047,0.9203686714172363
845,567.9434204101562,116.28510284423828,0.9619268178939819,557.5347290039062,59.49256896972656,0.9656432867050171,532.4151611328125,91.25704193115234,0.9959293007850647,514.597412109375,97.16410064697266,0.9987095594406128,479.8731384277344,102.71537017822266,0.9996411800384521,449.09033203125,105.61576843261719,0.9996932744979858,549.948486328125,109.27960205078125,0.2883443236351013,485.94329833984375,143.6721649169922,0.9772157669067383,457.79644775390625,142.8059844970703,0.9616141319274902,522.891357421875,66.24443817138672,0.7711893320083618,494.92816162109375,48.14193344116211,0.9370805025100708,435.1250305175781,77.37652587890625,0.9288427233695984
846,568.571044921875,118.53052520751953,0.9602771997451782,560.4580078125,60.93052291870117,0.9683110117912292,533.0623779296875,91.74684143066406,0.9980313181877136,514.6769409179688,97.16410064697266,0.9992076754570007,480.2235412597656,102.76873779296875,0.9996894598007202,449.9044494628906,105.4677734375,0.999743640422821,525.7335205078125,65.17865753173828,0.2282879501581192,486.26885986328125,144.50465393066406,0.981969952583313,457.79644775390625,142.6725311279297,0.966480016708374,522.891357421875,66.19292449951172,0.6435545682907104,494.92816162109375,48.14193344116211,0.8699100613594055,435.36065673828125,77.38371276855469,0.9383501410484314
847,569.0797119140625,122.36965942382812,0.8898851275444031,561.3526000976562,63.18398666381836,0.9715486764907837,534.5449829101562,92.140380859375,0.9963275790214539,515.6399536132812,97.16410064697266,0.9992225170135498,480.79132080078125,103.1912841796875,0.9996719360351562,450.9287414550781,105.30210876464844,0.9997709393501282,525.7335205078125,65.17865753173828,0.5624758005142212,486.44720458984375,144.66891479492188,0.9785706400871277,457.79644775390625,142.44187927246094,0.9625227451324463,522.891357421875,66.19292449951172,0.8800637125968933,494.4349060058594,48.36399841308594,0.8657811284065247,435.4726867675781,77.38371276855469,0.9440692067146301
848,570.3302001953125,123.23713684082031,0.901522159576416,563.5091552734375,63.50657272338867,0.9703421592712402,536.0643920898438,93.15242767333984,0.996837854385376,516.617431640625,97.99881744384766,0.9995290040969849,481.7610168457031,103.93328094482422,0.9996747970581055,451.9540710449219,105.30210876464844,0.9997928738594055,525.7335205078125,65.17865753173828,0.5932148098945618,486.5257873535156,145.1934356689453,0.9833620190620422,458.31146240234375,141.9531707763672,0.9638322591781616,525.2784423828125,66.24443817138672,0.9119086265563965,493.6773681640625,48.423828125,0.8368977904319763,435.7156677246094,77.37652587890625,0.9498823881149292
849,575.21533203125,123.72947692871094,0.918506920337677,566.9121704101562,63.8750114440918,0.9829020500183105,537.7779541015625,93.777099609375,0.9957112073898315,517.8533325195312,98.2725601196289,0.9994403719902039,482.8406066894531,104.18892669677734,0.9997199177742004,453.2873229980469,105.30210876464844,0.9997326731681824,531.5492553710938,67.93905639648438,0.5945689082145691,486.92974853515625,145.40431213378906,0.9867629408836365,459.5625915527344,141.66995239257812,0.9515970945358276,531.63330078125,68.84380340576172,0.8706729412078857,491.96051025390625,48.86114501953125,0.6591574549674988,436.4277648925781,77.29177856445312,0.9524720311164856
850,575.21533203125,123.97388458251953,0.9136631488800049,567.48193359375,65.3779067993164,0.9819783568382263,539.955322265625,94.1502685546875,0.9964690208435059,519.7162475585938,98.55921173095703,0.9991845488548279,484.4667663574219,104.2336654663086,0.9997383952140808,455.0457458496094,105.75944519042969,0.999482274055481,535.5419921875,68.59099578857422,0.5698940753936768,486.92974853515625,145.40431213378906,0.9833675622940063,460.6069641113281,141.3003692626953,0.9441879987716675,531.63330078125,69.5305404663086,0.8152835369110107,491.96051025390625,49.0416374206543,0.6593385338783264,436.8966979980469,77.28192138671875,0.947245717048645
851,575.21533203125,126.4819107055664,0.905097484588623,568.5413818359375,65.41287994384766,0.9796885848045349,540.8047485351562,95.68025207519531,0.9925436973571777,520.8295288085938,99.4856948852539,0.9990108013153076,485.11468505859375,104.87935638427734,0.9996553659439087,455.9125671386719,106.33345794677734,0.9995498061180115,541.2891845703125,71.49663543701172,0.7330370545387268,487.0856628417969,145.40431213378906,0.9823402166366577,460.6069641113281,141.2963409423828,0.9398462176322937,531.63330078125,70.76270294189453,0.7667562961578369,491.96051025390625,49.68972396850586,0.6856122612953186,437.6905517578125,77.24700164794922,0.9542096853256226
852,570.7769165039062,129.7767791748047,0.787230908870697,571.3173217773438,66.22350311279297,0.9566864967346191,541.115234375,96.51960754394531,0.9861679673194885,521.8765258789062,100.54661560058594,0.9988124370574951,486.36004638671875,104.91737365722656,0.999579131603241,456.9683532714844,106.352783203125,0.99969482421875,545.7841796875,76.56721496582031,0.904635488986969,487.22802734375,144.56439208984375,0.9787054657936096,460.90350341796875,141.2963409423828,0.944347620010376,517.5549926757812,122.78109741210938,0.8807099461555481,492.942626953125,49.68972396850586,0.6316348910331726,438.10552978515625,77.17721557617188,0.9567119479179382
853,570.5076904296875,130.78675842285156,0.7468037009239197,573.614990234375,66.64138793945312,0.8794592618942261,542.4366455078125,97.53534698486328,0.9859387874603271,522.6934814453125,101.2124252319336,0.9992243051528931,486.91168212890625,104.95886993408203,0.9995297193527222,458.1109619140625,106.47637939453125,0.9997887015342712,552.2108764648438,78.07506561279297,0.9257957935333252,487.97552490234375,144.4200439453125,0.9751999974250793,461.15985107421875,141.3003692626953,0.9384322166442871,517.12890625,123.35991668701172,0.9539923071861267,492.942626953125,50.16161346435547,0.5692955851554871,438.43975830078125,77.12116241455078,0.953044593334198
854,570.4699096679688,134.5896759033203,0.8987641334533691,573.614990234375,68.49381256103516,0.8228213787078857,542.9749755859375,99.50846099853516,0.9893046617507935,524.0032348632812,101.8656997680664,0.9993959665298462,488.1011962890625,106.06756591796875,0.9991655349731445,459.135009765625,106.83586120605469,0.9998642206192017,554.181396484375,78.48719787597656,0.8622161746025085,488.939697265625,143.64483642578125,0.975654125213623,463.2662353515625,141.8470001220703,0.9531861543655396,517.12890625,124.48248291015625,0.8837401270866394,493.0054626464844,50.16161346435547,0.6364500522613525,439.3970947265625,76.91696166992188,0.9343468546867371
855,570.4699096679688,138.91644287109375,0.9054920673370361,574.5538330078125,68.71259307861328,0.759841799736023,545.226318359375,100.81073760986328,0.991391658782959,526.49169921875,102.427001953125,0.99953293800354,491.65484619140625,106.17185974121094,0.9993413090705872,460.1545715332031,107.37003326416016,0.9998756647109985,557.089111328125,79.57158660888672,0.9150652289390564,494.410888671875,143.63685607910156,0.9690989851951599,464.4504089355469,141.8470001220703,0.974254310131073,517.12890625,124.48248291015625,0.9185585975646973,493.0054626464844,140.50909423828125,0.8021066188812256,439.8094177246094,76.70357513427734,0.9367632269859314
856,570.5076904296875,141.0289764404297,0.8887798190116882,574.7940063476562,139.2216339111328,0.7643039226531982,547.2992553710938,101.6047592163086,0.9931920170783997,528.3964233398438,102.4785385131836,0.9996034502983093,492.5055847167969,106.28195190429688,0.9994207620620728,461.0843505859375,107.64684295654297,0.9998272061347961,558.4072875976562,79.71631622314453,0.9048036932945251,495.19879150390625,143.56866455078125,0.9708425998687744,464.4504089355469,141.8470001220703,0.9661651253700256,518.1484985351562,125.9957046508789,0.911702573299408,496.1466979980469,141.5318603515625,0.9017935395240784,440.3281555175781,76.70357513427734,0.9188245534896851
857,571.3602294921875,141.54522705078125,0.8931686878204346,575.849853515625,141.39173889160156,0.7632543444633484,549.3382568359375,101.91380310058594,0.9929146766662598,530.7085571289062,103.01937103271484,0.9994091987609863,494.4478759765625,106.4002456665039,0.9993353486061096,462.563232421875,107.66368865966797,0.9997966885566711,558.5178833007812,80.38114166259766,0.7920153141021729,495.3822937011719,50.18745803833008,0.97407466173172,464.4504089355469,140.51663208007812,0.9277941584587097,523.3164672851562,126.3204574584961,0.894740879535675,504.2824401855469,141.91001892089844,0.7597298622131348,440.7911071777344,76.39456176757812,0.951790452003479
858,576.6160278320312,142.4086151123047,0.8953908681869507,578.5833129882812,142.8050537109375,0.9067041277885437,551.5841064453125,102.01742553710938,0.9935041069984436,531.9860229492188,103.60176849365234,0.9988403916358948,494.7314758300781,106.40840148925781,0.9993610978126526,463.64849853515625,108.02590942382812,0.9998565912246704,558.5178833007812,80.39119720458984,0.7403591871261597,495.6130676269531,50.18745803833008,0.9736213684082031,463.6750793457031,140.05569458007812,0.9571154713630676,523.706298828125,126.58421325683594,0.8922001123428345,512.1548461914062,143.9534912109375,0.8437968492507935,445.11285400390625,76.12690734863281,0.8950220942497253
859,576.6160278320312,143.41603088378906,0.8889845013618469,580.4257202148438,143.979736328125,0.9759224653244019,552.9274291992188,102.8226547241211,0.9936572909355164,532.91552734375,104.9985580444336,0.9988372921943665,495.5108947753906,106.52544403076172,0.9994198083877563,465.175048828125,108.20772552490234,0.9999381303787231,558.5178833007812,80.85420227050781,0.5580421090126038,495.6130676269531,50.18745803833008,0.9683794379234314,463.6750793457031,139.4722900390625,0.966618001461029,524.3787231445312,128.58848571777344,0.8671849966049194,512.1548461914062,143.9534912109375,0.8025324940681458,453.7896728515625,73.84144592285156,0.9461926221847534
860,576.6160278320312,143.41603088378906,0.9230141043663025,582.4457397460938,144.87063598632812,0.9839239716529846,554.3214111328125,103.77085876464844,0.9948137998580933,535.6829223632812,105.22631072998047,0.999065101146698,497.23577880859375,106.52544403076172,0.9994915723800659,466.69439697265625,108.20772552490234,0.9999309778213501,531.86474609375,125.56644439697266,0.6634057760238647,522.4244384765625,147.44700622558594,0.9376901388168335,463.6750793457031,139.39393615722656,0.9744362831115723,525.8362426757812,129.00387573242188,0.8339793682098389,512.1548461914062,143.9534912109375,0.9296795129776001,462.97552490234375,73.84144592285156,0.943337619304657
861,576.5108642578125,145.14825439453125,0.909853994846344,582.4457397460938,145.96839904785156,0.9876086711883545,557.5615844726562,106.1700210571289,0.9958285689353943,537.1021118164062,105.77082061767578,0.9991488456726074,498.40087890625,106.56754302978516,0.9995033740997314,468.8219909667969,108.20772552490234,0.9999147653579712,531.86474609375,127.10768127441406,0.6817043423652649,524.8733520507812,147.44700622558594,0.9587985277175903,463.8404235839844,139.0181427001953,0.979978621006012,527.4869995117188,130.7464599609375,0.8664214015007019,517.3220825195312,144.20684814453125,0.9632994532585144,467.3696594238281,73.84144592285156,0.8623446226119995
862,576.3570556640625,146.58401489257812,0.8768575191497803,582.4457397460938,146.9898681640625,0.9895920157432556,560.4140625,106.29724884033203,0.9969775676727295,538.5260620117188,107.11199188232422,0.9989859461784363,499.9852294921875,106.6274185180664,0.9996213912963867,471.7369689941406,107.5939712524414,0.9998272061347961,531.86474609375,127.99275207519531,0.604128360748291,529.9135131835938,147.44700622558594,0.9363825917243958,464.5284729003906,138.73300170898438,0.9807227253913879,529.7099609375,132.6212158203125,0.8425464630126953,522.2139282226562,146.02587890625,0.9461064338684082,467.6483459472656,138.86825561523438,0.7759461998939514
863,576.2794799804688,147.6356201171875,0.9038161635398865,582.63232421875,147.78855895996094,0.9841517210006714,562.05517578125,108.09964752197266,0.9962310194969177,539.3365478515625,108.71220397949219,0.9985557198524475,501.7809753417969,107.22645568847656,0.9996360540390015,472.7903747558594,105.58662414550781,0.9997590184211731,539.6285400390625,130.04238891601562,0.4925961494445801,569.4705810546875,68.24131774902344,0.9474133253097534,465.7862548828125,136.83847045898438,0.9778834581375122,530.0650634765625,132.8988800048828,0.7991486191749573,533.6087036132812,146.21725463867188,0.8811677098274231,467.6791076660156,138.86825561523438,0.8117828369140625
864,576.2794799804688,148.2789306640625,0.9257351160049438,582.63232421875,148.23507690429688,0.9787317514419556,564.2387084960938,109.09285736083984,0.99769526720047,541.881591796875,108.71220397949219,0.9981912970542908,503.94146728515625,107.3395767211914,0.9992363452911377,473.89910888671875,105.35926055908203,0.9998101592063904,545.5995483398438,130.04238891601562,0.6111293435096741,570.9322509765625,68.16483306884766,0.9731774926185608,466.2935485839844,136.72079467773438,0.9766719341278076,530.6572265625,132.89950561523438,0.6782827973365784,534.0675659179688,147.80731201171875,0.8417534232139587,467.6791076660156,138.86825561523438,0.8243137001991272
865,576.2794799804688,148.92283630371094,0.8896510004997253,582.63232421875,148.50482177734375,0.9884190559387207,565.801513671875,109.6526870727539,0.9977565407752991,542.9932250976562,108.71220397949219,0.9978469610214233,508.09130859375,108.10525512695312,0.9990729093551636,475.5297546386719,105.35926055908203,0.9998255372047424,546.078125,130.04238891601562,0.5985371470451355,571.7781982421875,67.95164489746094,0.9803798198699951,466.2945861816406,136.53494262695312,0.9795896410942078,530.8873901367188,133.24481201171875,0.6773181557655334,535.435791015625,147.91209411621094,0.9041265249252319,467.8229675292969,138.6643829345703,0.8363268971443176
866,576.6531372070312,148.92283630371094,0.7750152945518494,583.6466674804688,148.50482177734375,0.9896427989006042,566.73779296875,109.6526870727539,0.9972399473190308,544.8472900390625,107.82242584228516,0.997928261756897,509.1856384277344,108.10525512695312,0.9992362260818481,475.94744873046875,105.35926055908203,0.9998364448547363,546.078125,130.7891845703125,0.4878590703010559,572.2132568359375,67.95164489746094,0.9792503118515015,466.3135070800781,136.52049255371094,0.9799434542655945,531.7310180664062,133.24481201171875,0.656319797039032,536.5494995117188,147.91209411621094,0.9666798710823059,467.8247375488281,138.56878662109375,0.8574882745742798
867,576.8717651367188,148.92283630371094,0.7830130457878113,584.6015014648438,148.69776916503906,0.9864393472671509,567.08154296875,109.6526870727539,0.9981762170791626,545.5047607421875,107.5699234008789,0.9985511898994446,509.50128173828125,108.10525512695312,0.9993163347244263,476.3288269042969,105.36265563964844,0.9998481273651123,546.078125,128.7433624267578,0.518634021282196,572.2132568359375,67.91567993164062,0.9776641726493835,466.3836975097656,136.47422790527344,0.9806862473487854,532.4458618164062,133.24481201171875,0.5863430500030518,536.8526611328125,147.91209411621094,0.9654166102409363,467.8382568359375,138.46615600585938,0.8656659126281738
868,577.3460693359375,148.61668395996094,0.804561972618103,584.7183227539062,148.8287811279297,0.9845815300941467,567.1107177734375,109.16900634765625,0.9978076815605164,545.552734375,107.0975570678711,0.9984050393104553,509.6581726074219,107.48374938964844,0.9993917942047119,476.6626281738281,105.36369323730469,0.9998471736907959,564.3501586914062,83.76539611816406,0.534757673740387,572.2132568359375,67.90874481201172,0.9827352166175842,466.4132080078125,136.47422790527344,0.9830411672592163,532.6334838867188,132.7416229248047,0.6044556498527527,536.8526611328125,146.62608337402344,0.9450482130050659,467.9658203125,138.1318359375,0.848906934261322
869,606.1434326171875,78.47227478027344,0.8770220279693604,585.2708740234375,148.50482177734375,0.9781306385993958,568.0665893554688,108.51847076416016,0.9981011748313904,546.2080688476562,106.50651550292969,0.9986567497253418,510.2090759277344,106.84728240966797,0.9995052814483643,476.66650390625,105.39298248291016,0.9998509883880615,564.1702880859375,83.56382751464844,0.6039708852767944,572.1940307617188,67.36785125732422,0.983180820941925,466.5833740234375,136.26368713378906,0.983583390712738,533.542724609375,132.1780548095703,0.5086995959281921,536.8526611328125,145.14865112304688,0.900510847568512,468.4140319824219,137.63003540039062,0.8643566370010376
870,606.4124755859375,78.36182403564453,0.8830952048301697,585.857666015625,147.96478271484375,0.9773113131523132,568.0667114257812,107.50455474853516,0.9984681010246277,546.9274291992188,106.0420913696289,0.9990631937980652,510.7403869628906,106.51215362548828,0.9994714856147766,477.3602294921875,105.40888214111328,0.9998558759689331,564.014404296875,81.69810485839844,0.6208816766738892,572.1762084960938,66.88306427001953,0.9814262986183167,466.5833740234375,136.03602600097656,0.9833824038505554,535.214111328125,131.19439697265625,0.5401184558868408,499.15325927734375,52.67414093017578,0.9416612982749939,468.55010986328125,137.0636444091797,0.8674193024635315
871,606.7138671875,78.19461059570312,0.9139994978904724,587.0770874023438,147.75985717773438,0.967979371547699,568.0667114257812,106.69087982177734,0.9977719187736511,547.1934814453125,105.42318725585938,0.9991987347602844,510.763671875,106.22888946533203,0.9994675517082214,477.72216796875,105.40888214111328,0.999846339225769,564.1395263671875,80.94705963134766,0.6667390465736389,572.0493774414062,66.50359344482422,0.9777296185493469,466.5833740234375,136.0253143310547,0.982704222202301,536.1511840820312,130.8338165283203,0.636614203453064,499.15325927734375,52.17586135864258,0.9788328409194946,468.79638671875,137.0177764892578,0.8385423421859741
872,606.8629150390625,78.03824615478516,0.9068832993507385,587.6298217773438,145.64060974121094,0.9585064649581909,568.0665893554688,106.12450408935547,0.9972789883613586,547.4207763671875,105.31855010986328,0.9991206526756287,511.2173767089844,106.03800964355469,0.9993705153465271,478.1407165527344,105.39298248291016,0.9998408555984497,564.1702880859375,80.7137680053711,0.6387699246406555,571.9039916992188,66.50359344482422,0.9732205271720886,466.71893310546875,135.9125213623047,0.9832134246826172,538.0271606445312,127.18695831298828,0.4315027594566345,499.15325927734375,52.17586135864258,0.9885731935501099,485.60858154296875,66.46345520019531,0.8778819441795349
873,606.8629150390625,78.03824615478516,0.91139817237854,587.7562866210938,143.03384399414062,0.9029096961021423,568.0665893554688,105.73619842529297,0.9968616962432861,548.3118286132812,104.73939514160156,0.9991610050201416,511.93603515625,105.71381378173828,0.999153733253479,478.3467712402344,104.5647964477539,0.9998310804367065,564.1395263671875,79.8351821899414,0.6328797340393066,571.666748046875,66.50359344482422,0.9628174901008606,466.93890380859375,135.58847045898438,0.981801450252533,564.640380859375,79.97142028808594,0.4191160500049591,499.24725341796875,52.32660675048828,0.9802832007408142,485.60858154296875,66.18043518066406,0.9183014035224915
874,606.8629150390625,78.03824615478516,0.8372459411621094,587.9700317382812,141.9090576171875,0.8779199719429016,568.083740234375,105.71642303466797,0.9936771988868713,548.4207153320312,104.70349884033203,0.9987928867340088,512.6759033203125,105.71381378173828,0.9990824460983276,478.8339538574219,104.5009765625,0.9998488426208496,564.1395263671875,79.51368713378906,0.652183473110199,539.0835571289062,144.63169860839844,0.9622941613197327,466.9420471191406,135.52679443359375,0.9830363392829895,564.640380859375,79.31240844726562,0.4170137345790863,499.37200927734375,52.67414093017578,0.9797775149345398,485.60858154296875,66.1121597290039,0.9015557169914246
875,585.4216918945312,139.3474578857422,0.7662412524223328,601.5443115234375,72.77558898925781,0.8530568480491638,568.1721801757812,104.1187515258789,0.986866295337677,548.448974609375,104.44532775878906,0.9983479976654053,512.6878051757812,105.6717758178711,0.999153733253479,478.9364318847656,104.49349212646484,0.9998447895050049,564.378173828125,79.49376678466797,0.649965763092041,538.6726684570312,144.63169860839844,0.9614135026931763,466.9653015136719,135.47511291503906,0.9828004837036133,565.0827026367188,77.74479675292969,0.5213241577148438,499.68096923828125,54.159339904785156,0.9843614101409912,485.4356689453125,66.09329223632812,0.8632824420928955
876,585.0134887695312,139.3474578857422,0.8524799942970276,601.5443115234375,70.47775268554688,0.9144967198371887,568.4297485351562,103.4350357055664,0.9831821918487549,548.55810546875,104.23036193847656,0.9986542463302612,512.7273559570312,105.6717758178711,0.9990835189819336,479.21783447265625,104.34644317626953,0.9998457431793213,564.378173828125,79.49376678466797,0.6465524435043335,538.016845703125,144.63169860839844,0.9739366769790649,466.9653015136719,135.47398376464844,0.9814608693122864,565.432861328125,77.3429183959961,0.6742490530014038,499.68096923828125,54.6642951965332,0.9724899530410767,485.2303466796875,65.85659790039062,0.8898184895515442
877,584.603759765625,139.3474578857422,0.8939723372459412,601.5443115234375,66.3182144165039,0.9674362540245056,568.4639282226562,101.82267761230469,0.9747344851493835,548.9639892578125,103.77449798583984,0.9985835552215576,512.7726440429688,105.42549133300781,0.9990690350532532,479.3432312011719,104.20184326171875,0.9998544454574585,564.0401000976562,79.51368713378906,0.6059421896934509,538.016845703125,144.55615234375,0.9719040393829346,467.237548828125,135.45523071289062,0.980381429195404,567.6524047851562,77.26527404785156,0.7155135869979858,499.68096923828125,55.1241569519043,0.9637966156005859,485.22967529296875,65.43199157714844,0.8841089606285095
878,583.1748046875,136.35107421875,0.940281093120575,596.2723999023438,63.61577606201172,0.9784013628959656,568.4639282226562,100.31981658935547,0.9228366017341614,548.9639892578125,103.64555358886719,0.9976750016212463,512.9146118164062,105.34723663330078,0.9989883303642273,479.39080810546875,104.20184326171875,0.9998495578765869,555.7266235351562,120.13117980957031,0.4831613004207611,537.9326782226562,144.1425018310547,0.9696773290634155,467.364990234375,135.4212188720703,0.9809020757675171,567.6524047851562,76.46232604980469,0.8164875507354736,500.94952392578125,55.1241569519043,0.9340175986289978,485.0103454589844,65.08413696289062,0.9021638035774231
879,581.68798828125,135.8028564453125,0.9644598960876465,594.5729370117188,59.58917999267578,0.9942094087600708,568.4639282226562,98.337158203125,0.945231556892395,548.55810546875,102.83248901367188,0.9984161853790283,513.1129150390625,105.330322265625,0.9990837574005127,479.4029846191406,104.20184326171875,0.9998542070388794,555.7266235351562,121.228759765625,0.5357410311698914,537.7489624023438,143.45254516601562,0.9779291749000549,467.4905700683594,135.35655212402344,0.9823349714279175,567.6524047851562,75.91555786132812,0.8648871779441833,501.6447448730469,55.200992584228516,0.9455985426902771,485.0103454589844,65.01026916503906,0.9159665107727051
880,581.68798828125,134.3162078857422,0.9789066910743713,589.5692749023438,56.43134689331055,0.9925375580787659,568.5681762695312,98.02767944335938,0.953597903251648,548.2784423828125,100.17326354980469,0.9982609152793884,513.3519287109375,105.10733032226562,0.9992745518684387,479.6918029785156,104.37049102783203,0.9998695850372314,555.7266235351562,121.228759765625,0.426548570394516,537.6421508789062,143.02212524414062,0.9800357222557068,467.7069091796875,135.3446807861328,0.9841205477714539,566.7467651367188,75.2079086303711,0.8851070404052734,506.6758728027344,55.1241569519043,0.9470844268798828,485.22967529296875,64.82621765136719,0.9434945583343506
881,581.68798828125,134.1431121826172,0.9885537624359131,588.9207763671875,53.7219352722168,0.9831293225288391,568.5681762695312,97.30623626708984,0.9866184592247009,548.2784423828125,99.82620239257812,0.9994131326675415,513.6953125,104.21895599365234,0.9995810389518738,480.2605285644531,104.4592056274414,0.9999129772186279,557.9666137695312,120.40605163574219,0.44957059621810913,537.9326782226562,143.02212524414062,0.9738935828208923,468.7877197265625,135.25738525390625,0.9875603318214417,566.7467651367188,74.0400161743164,0.8164408206939697,508.5703430175781,54.849246978759766,0.9730230569839478,485.587646484375,64.59156036376953,0.9585944414138794
882,583.1802368164062,133.96998596191406,0.942467987537384,588.6739501953125,53.406429290771484,0.9503371715545654,568.5681762695312,96.94132232666016,0.9788714051246643,548.2784423828125,99.7591552734375,0.9995132684707642,514.3207397460938,103.73323822021484,0.9995841383934021,480.99847412109375,104.4592056274414,0.9999183416366577,577.8623657226562,120.40605163574219,0.3876826763153076,537.4929809570312,142.97288513183594,0.9460760951042175,469.10675048828125,135.25738525390625,0.9884098768234253,566.7467651367188,73.83921813964844,0.695579469203949,510.1572570800781,54.84591293334961,0.9834649562835693,485.831298828125,64.40432739257812,0.9688940048217773
883,583.856689453125,133.4344940185547,0.8929004669189453,586.8139038085938,53.33195495605469,0.9301884770393372,569.7171020507812,96.80549621582031,0.986446738243103,549.13671875,99.66556549072266,0.9996758699417114,514.3551635742188,103.283203125,0.999584972858429,482.1493835449219,104.52394104003906,0.9999290704727173,584.6563110351562,120.21902465820312,0.737135648727417,537.2860107421875,142.71873474121094,0.9260143041610718,469.3994140625,135.20062255859375,0.9862250089645386,566.371826171875,72.06393432617188,0.7758926749229431,511.84033203125,54.712318420410156,0.982160210609436,486.2049255371094,64.20390319824219,0.9738790988922119
884,585.0818481445312,133.31838989257812,0.8175811767578125,584.135009765625,51.260005950927734,0.9274120330810547,570.0060424804688,95.96116638183594,0.9518395662307739,549.6785278320312,99.35265350341797,0.9994763731956482,515.0013427734375,102.80035400390625,0.9996422529220581,483.3782958984375,104.52394104003906,0.9999269247055054,586.2892456054688,118.89907836914062,0.6616701483726501,537.2860107421875,142.97288513183594,0.8880632519721985,469.92950439453125,135.25738525390625,0.9877158999443054,567.184814453125,70.17987823486328,0.7911353707313538,512.2570190429688,54.71170425415039,0.9934095144271851,486.9197692871094,64.20390319824219,0.9766554832458496
885,585.2261352539062,131.85108947753906,0.599449634552002,577.5885620117188,51.039642333984375,0.9094114899635315,570.13623046875,95.4682846069336,0.6701658368110657,550.10009765625,99.05724334716797,0.9989450573921204,516.0030517578125,102.1108169555664,0.9997356534004211,484.4678955078125,105.64370727539062,0.9999287128448486,586.6377563476562,118.89907836914062,0.35567307472229004,538.3384399414062,143.64151000976562,0.8657038807868958,471.09197998046875,135.3604736328125,0.9853458404541016,567.184814453125,70.10720825195312,0.8146113753318787,516.416015625,53.902671813964844,0.9947109222412109,487.32672119140625,64.20390319824219,0.9771696925163269
886,586.0597534179688,130.44808959960938,0.5105307102203369,570.8600463867188,46.174217224121094,0.9912664294242859,570.3831787109375,91.32769775390625,0.598843514919281,551.0311279296875,98.10724639892578,0.9988621473312378,516.8212890625,101.6206283569336,0.9998446702957153,485.9366149902344,105.64370727539062,0.9998934268951416,587.1101684570312,118.33402252197266,0.1455167680978775,539.8242797851562,143.52850341796875,0.6888953447341919,471.1210632324219,135.3604736328125,0.986816942691803,565.4711303710938,67.04755401611328,0.8804794549942017,522.0452270507812,52.71711349487305,0.9904347658157349,588.9523315429688,118.91995239257812,0.984660804271698
887,588.0714111328125,129.11138916015625,0.7145379185676575,569.2614135742188,45.7435188293457,0.9919021725654602,572.250244140625,90.20439910888672,0.5369530320167542,553.0537719726562,97.63780212402344,0.9982696771621704,518.2953491210938,101.05525970458984,0.9998795986175537,486.24664306640625,105.64370727539062,0.9998373985290527,591.7743530273438,115.54376983642578,0.20473016798496246,540.1722412109375,143.6558074951172,0.7427753806114197,471.6712646484375,135.2911376953125,0.9867479801177979,563.646240234375,66.62519836425781,0.8438276648521423,525.0469360351562,51.94442367553711,0.9783469438552856,591.4244995117188,118.91995239257812,0.9889999032020569
888,594.9542236328125,126.8677749633789,0.5831500887870789,568.8369750976562,45.677188873291016,0.9889681935310364,574.8850708007812,89.92327117919922,0.7981420159339905,555.8770141601562,94.89808654785156,0.9986649751663208,520.1604614257812,100.60542297363281,0.9998569488525391,487.1075439453125,103.9397964477539,0.9997844099998474,594.2542114257812,114.34201049804688,0.3444879949092865,541.3245239257812,143.6558074951172,0.7892391085624695,472.7793884277344,135.2911376953125,0.9799704551696777,563.646240234375,66.34185791015625,0.7853437066078186,528.152587890625,51.94442367553711,0.9884966611862183,593.4130859375,118.91995239257812,0.9816853404045105
889,599.1070556640625,125.1746597290039,0.7192413806915283,568.6788940429688,45.7435188293457,0.9891216158866882,576.1265258789062,89.52596282958984,0.9321983456611633,557.3004760742188,94.8686294555664,0.9982174038887024,521.35986328125,100.31036376953125,0.9997645020484924,487.6480712890625,103.04811096191406,0.9998217225074768,596.1047973632812,112.24504852294922,0.4310509264469147,541.3245239257812,143.52850341796875,0.8020288348197937,473.4059143066406,134.86373901367188,0.9733124375343323,557.9098510742188,66.16143798828125,0.6666079759597778,532.7987670898438,51.94442367553711,0.9911676645278931,596.7801513671875,117.88819122314453,0.9656909704208374
890,600.8347778320312,124.04083251953125,0.5712817311286926,568.0753784179688,45.7435188293457,0.9906813502311707,576.525634765625,84.80674743652344,0.9066458940505981,557.4242553710938,94.1149673461914,0.9982289671897888,521.9103393554688,100.03411102294922,0.9997857213020325,488.7987976074219,102.32781219482422,0.9998326301574707,598.066650390625,108.57115173339844,0.33325183391571045,542.4872436523438,143.14596557617188,0.7405274510383606,473.4059143066406,134.83737182617188,0.9668269157409668,553.7677612304688,66.34185791015625,0.6708284020423889,536.5883178710938,52.184120178222656,0.9857875108718872,599.4539794921875,114.74655151367188,0.9740575551986694
891,611.90673828125,121.39389038085938,0.26336607336997986,567.7282104492188,46.107200622558594,0.9879725575447083,577.9702758789062,84.54956817626953,0.8838744163513184,557.8419189453125,93.74984741210938,0.9976969361305237,523.5336303710938,100.0193099975586,0.9998051524162292,489.5530700683594,102.32781219482422,0.9998379945755005,601.0206909179688,104.60594940185547,0.26108652353286743,543.0625,51.892486572265625,0.6411659121513367,473.4059143066406,134.6161346435547,0.9458968639373779,553.7677612304688,66.34185791015625,0.7216638922691345,537.4087524414062,52.746070861816406,0.9286590814590454,603.9254150390625,113.97489166259766,0.9857727885246277
892,612.7510375976562,121.39389038085938,0.37819838523864746,567.7282104492188,46.41059875488281,0.963487982749939,579.724853515625,84.35331726074219,0.8688230514526367,558.8421630859375,93.18732452392578,0.9964451193809509,524.5294189453125,99.62892150878906,0.9997953772544861,490.1686096191406,102.32320404052734,0.9998154044151306,601.8668823242188,104.27423095703125,0.23828965425491333,544.0536499023438,50.1639289855957,0.6711624264717102,473.4059143066406,134.4942169189453,0.9294678568840027,553.7677612304688,66.57687377929688,0.7520609498023987,542.0897827148438,140.31150817871094,0.9094913601875305,606.7628784179688,112.94194030761719,0.9703402519226074
893,614.069580078125,121.39389038085938,0.7274250984191895,567.7282104492188,46.41059875488281,0.9549475908279419,581.1072387695312,84.35331726074219,0.8485199213027954,559.3084106445312,92.36429595947266,0.9951353669166565,526.2008666992188,98.806884765625,0.9997887015342712,491.1883544921875,102.2215347290039,0.9998170733451843,607.8653564453125,103.81932067871094,0.4014129340648651,545.6123046875,50.15972137451172,0.6850152611732483,473.1960144042969,134.4942169189453,0.9171527028083801,554.4559326171875,67.07080078125,0.7450868487358093,542.25927734375,140.5884246826172,0.885797917842865,610.8527221679688,112.5591049194336,0.953967273235321
894,614.6381225585938,121.39389038085938,0.776982307434082,568.0244750976562,46.41059875488281,0.9457185864448547,582.98486328125,84.35331726074219,0.8240905404090881,562.7347412109375,92.31233215332031,0.9947870969772339,526.21728515625,98.26934051513672,0.9997634291648865,492.8604736328125,102.2215347290039,0.9998979568481445,609.4893798828125,103.81932067871094,0.5452541708946228,545.9598388671875,50.105438232421875,0.6142144203186035,472.9879455566406,134.4654083251953,0.8827522397041321,555.5203857421875,67.07080078125,0.7531892657279968,542.2870483398438,140.5957794189453,0.9189958572387695,610.8527221679688,110.00276184082031,0.923651933670044
895,615.96142578125,121.7543716430664,0.8031811714172363,569.2012329101562,46.41059875488281,0.9355959892272949,584.2080078125,84.35331726074219,0.6546114087104797,563.2489013671875,92.31233215332031,0.9886922836303711,526.9888305664062,98.1339340209961,0.9998005032539368,494.1587829589844,102.2215347290039,0.9999340772628784,610.8527221679688,103.83952331542969,0.508597731590271,547.4277954101562,49.746917724609375,0.7123681902885437,472.9879455566406,134.4654083251953,0.9122146368026733,556.8438720703125,66.97615814208984,0.6584632396697998,542.25927734375,140.5957794189453,0.9431070685386658,610.8527221679688,109.59927368164062,0.9319837689399719
896,618.2764282226562,121.85515594482422,0.9291580319404602,571.9595336914062,46.41059875488281,0.9502667188644409,585.3739013671875,84.45333099365234,0.7893416881561279,563.8033447265625,92.36429595947266,0.994114339351654,528.4597778320312,97.83967590332031,0.9998452663421631,495.4828796386719,101.80787658691406,0.9999483823776245,613.2946166992188,103.83952331542969,0.6951248645782471,549.429931640625,48.77446365356445,0.6512383222579956,472.9879455566406,134.62110900878906,0.9208932518959045,556.9109497070312,66.97615814208984,0.7396472096443176,542.25927734375,140.77110290527344,0.9619614481925964,486.4960021972656,63.062294006347656,0.8958246111869812
897,620.2879638671875,121.97317504882812,0.8852653503417969,575.239013671875,47.10466766357422,0.979889452457428,586.6658935546875,84.45333099365234,0.8166278600692749,565.1064453125,92.5960464477539,0.9959172606468201,530.0916137695312,97.8212890625,0.9998970031738281,496.63665771484375,101.58528137207031,0.9999560117721558,614.9038696289062,104.41889953613281,0.7640028595924377,552.069091796875,47.659915924072266,0.6263098120689392,472.9879455566406,134.65145874023438,0.9318816065788269,557.5423583984375,66.96944427490234,0.7469635605812073,542.0177612304688,141.29086303710938,0.9674779772758484,486.4960021972656,63.062294006347656,0.9046953916549683
898,623.6693115234375,121.97317504882812,0.9072110056877136,579.6994018554688,47.52144241333008,0.9751631617546082,587.6539916992188,84.77169799804688,0.7078127861022949,565.4905395507812,92.5960464477539,0.9952567219734192,531.3988037109375,97.8212890625,0.999910831451416,497.71502685546875,101.52960968017578,0.9999563694000244,614.9038696289062,104.45828247070312,0.7938851714134216,553.1177368164062,47.23986053466797,0.8227735161781311,473.0904846191406,134.65145874023438,0.936889111995697,557.6653442382812,63.79217529296875,0.6586653590202332,541.9635009765625,141.42713928222656,0.9586864709854126,486.4960021972656,63.062294006347656,0.9320528507232666
899,624.313720703125,121.97317504882812,0.8899814486503601,582.3287353515625,47.96721267700195,0.9835032224655151,588.3519897460938,84.8416519165039,0.8834158778190613,566.393310546875,92.5960464477539,0.9977752566337585,531.9326171875,97.8212890625,0.999924898147583,498.84002685546875,101.52960968017578,0.9999567270278931,614.9038696289062,104.41889953613281,0.7978438138961792,557.720703125,46.138336181640625,0.808982253074646,475.84521484375,134.911376953125,0.838819682598114,559.0582885742188,62.242698669433594,0.8063404560089111,541.9375,141.75680541992188,0.9574241042137146,486.5777587890625,63.23237991333008,0.9377405643463135
900,624.9393920898438,119.69632720947266,0.8737487196922302,590.1152954101562,49.95774841308594,0.9756195545196533,588.5570068359375,85.10558319091797,0.9074310064315796,566.5410766601562,92.5546646118164,0.99802565574646,532.3931274414062,98.11439514160156,0.9999140501022339,500.4096984863281,101.58528137207031,0.9999562501907349,612.8684692382812,104.45828247070312,0.7192186117172241,557.720703125,46.1106071472168,0.9238450527191162,488.87701416015625,135.00538635253906,0.8528502583503723,559.4542236328125,62.242698669433594,0.7358856797218323,541.4907836914062,142.56344604492188,0.937583863735199,486.8321228027344,63.484283447265625,0.9540901780128479
901,627.1593627929688,117.33676147460938,0.9374740719795227,594.5205688476562,50.91777038574219,0.9397624135017395,589.9508056640625,88.478759765625,0.9151199460029602,567.7012329101562,92.5546646118164,0.9986991882324219,533.4255981445312,98.2775650024414,0.999895453453064,501.4543151855469,101.5003890991211,0.999950647354126,612.8684692382812,105.15254974365234,0.728922963142395,557.720703125,46.1106071472168,0.9224342703819275,494.89654541015625,135.00538635253906,0.9611600637435913,559.5711669921875,62.242698669433594,0.6429420709609985,541.1671752929688,143.30340576171875,0.8956640958786011,486.8623046875,63.584678649902344,0.966772198677063
902,628.7289428710938,116.88182067871094,0.9413142800331116,601.978271484375,50.91877365112305,0.5684085488319397,591.7760620117188,88.55522918701172,0.8835744261741638,568.6871337890625,92.5546646118164,0.9982026815414429,534.6045532226562,98.54986572265625,0.9998900890350342,503.46307373046875,101.39171600341797,0.9999175071716309,612.8684692382812,105.44671630859375,0.6846739053726196,556.8378295898438,46.1106071472168,0.9711016416549683,500.7365417480469,135.0391845703125,0.9750457406044006,559.6157836914062,62.526756286621094,0.49816563725471497,540.8185424804688,144.0386199951172,0.8309952616691589,487.06640625,63.944759368896484,0.966788113117218
903,629.353515625,116.6873779296875,0.9470232725143433,609.035888671875,51.351131439208984,0.7189911603927612,593.0479736328125,88.55522918701172,0.9452623724937439,569.9864501953125,92.56962585449219,0.9984562397003174,535.8213500976562,99.19491577148438,0.9998414516448975,503.7857971191406,101.5255126953125,0.9998282194137573,613.9443359375,107.04598999023438,0.7036314606666565,542.1311645507812,146.62384033203125,0.9791303277015686,500.7365417480469,137.08973693847656,0.9845905303955078,559.6450805664062,63.267574310302734,0.4714854061603546,540.8185424804688,144.0386199951172,0.7909263372421265,487.3117980957031,63.944759368896484,0.9766880869865417
904,630.5338134765625,116.15128326416016,0.9362444281578064,613.888427734375,51.351131439208984,0.6788636445999146,593.466552734375,88.90301513671875,0.9485262632369995,571.7100219726562,93.65180969238281,0.9976796507835388,536.1004028320312,99.87202453613281,0.9998519420623779,504.91827392578125,101.5255126953125,0.9998379945755005,615.1220092773438,107.34745025634766,0.7897157073020935,542.0927734375,147.27969360351562,0.9886675477027893,505.03985595703125,138.48606872558594,0.9667688608169556,559.6529541015625,67.12965393066406,0.38971906900405884,540.807373046875,144.07960510253906,0.7900584936141968,487.3959655761719,64.03917694091797,0.9730548858642578
905,631.761962890625,116.15128326416016,0.9631104469299316,618.3408813476562,54.135162353515625,0.6758367419242859,594.3191528320312,89.57395935058594,0.9824063777923584,572.3311157226562,94.14073181152344,0.9981348514556885,537.87646484375,100.42784118652344,0.9998791217803955,505.2699890136719,101.5255126953125,0.9998136162757874,615.1220092773438,107.34745025634766,0.7859187722206116,541.5239868164062,147.37136840820312,0.9923288226127625,511.3807678222656,143.45205688476562,0.9807939529418945,560.0533447265625,67.8900146484375,0.40047135949134827,540.6900634765625,144.9158477783203,0.7796525359153748,488.43316650390625,64.1031494140625,0.9716153144836426
906,632.1439819335938,116.15128326416016,0.9609535932540894,620.9471435546875,55.21684265136719,0.6301050782203674,594.3489379882812,89.97534942626953,0.9796039462089539,573.0676879882812,94.37186431884766,0.9970687031745911,538.962890625,100.85256958007812,0.9998996257781982,506.3994445800781,102.18208312988281,0.9997766613960266,615.1220092773438,107.04598999023438,0.7183014154434204,541.5239868164062,147.55418395996094,0.9882155656814575,514.3732299804688,144.68896484375,0.9885618686676025,560.215576171875,67.8900146484375,0.30810821056365967,539.6148071289062,145.25831604003906,0.7444174885749817,488.5643005371094,64.11052703857422,0.9694616198539734
907,632.6848754882812,116.32777404785156,0.9201790690422058,622.9610595703125,57.59536361694336,0.7742729187011719,595.03125,91.22723388671875,0.9952219128608704,576.8298950195312,96.2182388305664,0.9988501071929932,540.8135986328125,100.94879913330078,0.9998692274093628,507.0433654785156,103.149658203125,0.9997147917747498,616.0744018554688,107.34745025634766,0.7072911858558655,541.3517456054688,149.12156677246094,0.9781689643859863,517.9840698242188,145.14083862304688,0.9859737157821655,563.8468017578125,68.0125961303711,0.32734766602516174,539.5664672851562,146.32601928710938,0.9055042862892151,488.5919494628906,64.26314544677734,0.9659112691879272
908,633.5287475585938,116.97279357910156,0.7937568426132202,629.32275390625,60.293121337890625,0.9006972908973694,597.16357421875,92.35791015625,0.9988939166069031,577.8089599609375,96.49504852294922,0.9990418553352356,542.464599609375,101.1170883178711,0.9998183846473694,507.574951171875,103.58441162109375,0.9997332692146301,616.489501953125,107.34745025634766,0.44145023822784424,541.5239868164062,149.66079711914062,0.979598879814148,518.451904296875,145.14686584472656,0.9834348559379578,567.3941650390625,69.73986053466797,0.342221736907959,538.91259765625,146.3524169921875,0.882587194442749,488.7353515625,64.2763671875,0.9651058316230774
909,633.9359741210938,118.89820098876953,0.7118929624557495,630.200439453125,60.781494140625,0.8984853625297546,598.5143432617188,93.584716796875,0.9990333318710327,578.4954223632812,96.87806701660156,0.999224066734314,543.3325805664062,101.36019134521484,0.9998365640640259,510.2682800292969,105.49981689453125,0.9997949004173279,614.2734375,104.25534057617188,0.45291948318481445,541.658203125,149.8486785888672,0.9806180596351624,518.5684814453125,145.3095245361328,0.9823960065841675,611.4063720703125,70.33783721923828,0.3916153609752655,538.91259765625,146.4204559326172,0.8976783156394958,488.84912109375,64.45697021484375,0.9657241106033325
910,634.8759155273438,124.25030517578125,0.8651943802833557,630.200439453125,61.52149963378906,0.8907744884490967,599.7548217773438,95.431396484375,0.9990037083625793,578.6804809570312,96.8821792602539,0.9996024966239929,543.9557495117188,101.39360046386719,0.9998373985290527,511.0663757324219,105.49981689453125,0.999862790107727,613.7186279296875,103.5218734741211,0.303811252117157,541.7119750976562,149.9185333251953,0.9836505055427551,518.6105346679688,145.33438110351562,0.9806926846504211,611.4063720703125,70.8304214477539,0.4516676962375641,538.91259765625,146.44227600097656,0.9234041571617126,489.0592956542969,64.54106140136719,0.964240312576294
911,634.8759155273438,124.25030517578125,0.8926368355751038,629.5228881835938,61.52149963378906,0.9226449131965637,601.2562866210938,96.22203826904297,0.9990719556808472,579.9269409179688,97.51416015625,0.9997261166572571,544.7477416992188,101.44538116455078,0.999828577041626,511.6673278808594,105.7545166015625,0.9999043941497803,600.3380126953125,75.65628814697266,0.3979051113128662,541.8046264648438,149.9638671875,0.9832262396812439,518.6190185546875,145.9664306640625,0.9809984564781189,611.4063720703125,71.2860336303711,0.4778318703174591,539.0106811523438,146.51266479492188,0.9309929609298706,489.2237854003906,64.61363983154297,0.9654581546783447
912,634.8759155273438,124.6307601928711,0.8958175778388977,629.32275390625,61.52149963378906,0.9557121992111206,601.331787109375,96.50750732421875,0.9992276430130005,580.7369384765625,98.06986999511719,0.9997361302375793,545.4896850585938,101.70024108886719,0.9997995495796204,512.7147216796875,105.7545166015625,0.9998966455459595,600.3380126953125,75.65628814697266,0.3434959053993225,542.2791137695312,149.9638671875,0.9820317029953003,518.932373046875,146.1700439453125,0.9774914979934692,610.6914672851562,71.49494934082031,0.564111590385437,539.0858764648438,146.6709442138672,0.9398277401924133,489.2254333496094,64.74620056152344,0.9637317061424255
913,639.9236450195312,124.84982299804688,0.874792218208313,629.5228881835938,62.87831115722656,0.9748060703277588,601.9317626953125,96.50750732421875,0.9990463852882385,581.9933471679688,98.85567474365234,0.9996402263641357,545.716552734375,102.59200286865234,0.9998084902763367,513.3104248046875,105.49981689453125,0.9998794794082642,600.3380126953125,75.65628814697266,0.4692510664463043,542.7711791992188,150.05618286132812,0.9858178496360779,519.1053466796875,146.35873413085938,0.9820205569267273,610.6914672851562,71.57340240478516,0.6414879560470581,539.2814331054688,146.81765747070312,0.9107245206832886,489.23394775390625,64.9333267211914,0.9483886957168579
914,639.9236450195312,124.84982299804688,0.8054965138435364,629.5228881835938,63.303993225097656,0.9768253564834595,602.39013671875,97.03002166748047,0.9974532723426819,583.2598876953125,99.27730560302734,0.9994179010391235,545.7577514648438,102.96096801757812,0.999790370464325,514.028076171875,105.30168914794922,0.9998651742935181,604.6555786132812,75.7664794921875,0.7399826049804688,542.7711791992188,150.05618286132812,0.9836949110031128,519.4699096679688,146.57362365722656,0.9782270193099976,610.6914672851562,74.70382690429688,0.7629561424255371,539.2814331054688,146.81765747070312,0.8964824080467224,489.3345947265625,64.97584533691406,0.9379096627235413
915,639.9236450195312,127.26956939697266,0.8017316460609436,631.9739990234375,63.91127014160156,0.9807190895080566,603.2193603515625,97.04479217529297,0.9937731623649597,583.9472045898438,99.5781021118164,0.9991963505744934,546.5901489257812,103.29854583740234,0.999777615070343,514.1107177734375,105.82154083251953,0.9998750686645508,608.1746826171875,78.3418960571289,0.754447340965271,542.7711791992188,150.02481079101562,0.9801297187805176,519.5219116210938,146.57362365722656,0.9753196239471436,610.2744140625,75.99120330810547,0.9054949879646301,539.2814331054688,146.81765747070312,0.9108173847198486,489.9401550292969,64.97584533691406,0.9453797340393066
916,637.4971923828125,131.0017547607422,0.6482374668121338,638.8455200195312,131.6796112060547,0.9637864232063293,604.5469360351562,97.42504119873047,0.9897651672363281,584.2294311523438,99.69453430175781,0.9988600015640259,546.9617919921875,103.510498046875,0.9997633099555969,514.6633911132812,104.82750701904297,0.9998846054077148,609.5831909179688,79.08487701416016,0.6500064134597778,542.650390625,149.85311889648438,0.977156400680542,519.741943359375,146.57362365722656,0.9740850329399109,609.4764404296875,76.03614044189453,0.8852351903915405,538.84716796875,146.73426818847656,0.8946664333343506,490.2564697265625,64.97584533691406,0.927604615688324
917,637.3577880859375,131.5312957763672,0.7603003978729248,641.9970703125,131.7019500732422,0.921887993812561,605.397216796875,97.42504119873047,0.9806108474731445,584.7354736328125,100.53839111328125,0.9985981583595276,547.6287231445312,103.7994613647461,0.9996827840805054,515.7044067382812,104.78975677490234,0.9999008178710938,611.52294921875,81.24868774414062,0.35803842544555664,542.650390625,148.50762939453125,0.9786353707313538,520.16748046875,146.6043243408203,0.9624068737030029,584.0318603515625,118.16033935546875,0.8212407231330872,538.84716796875,146.1911163330078,0.8804323673248291,490.5357360839844,64.77348327636719,0.924159824848175
918,636.494384765625,133.29647827148438,0.6865153908729553,641.9970703125,133.94467163085938,0.9599352478981018,606.128173828125,97.80814361572266,0.9588046669960022,585.3519897460938,101.1328353881836,0.9984245300292969,548.1807861328125,103.81605529785156,0.9996391534805298,515.9393310546875,104.78975677490234,0.9998899698257446,612.4561767578125,82.43255615234375,0.24002854526042938,542.650390625,147.8926239013672,0.9701851606369019,520.4122314453125,145.77061462402344,0.9426258206367493,583.9000244140625,118.97640228271484,0.8470461368560791,538.84716796875,146.1911163330078,0.9023913145065308,490.7444763183594,64.64600372314453,0.9141084551811218
919,636.1195678710938,135.21495056152344,0.6331650614738464,638.8455200195312,136.30987548828125,0.9244363307952881,607.053466796875,98.1928482055664,0.944776713848114,586.3345947265625,101.8004379272461,0.9986187219619751,548.7987670898438,104.05221557617188,0.9996405839920044,517.1510620117188,104.81472778320312,0.9998799562454224,613.3005981445312,82.43255615234375,0.14874544739723206,557.1737060546875,46.34798049926758,0.9497275352478027,520.5988159179688,145.49227905273438,0.9172245264053345,583.0189208984375,119.95156860351562,0.8440595269203186,540.1171264648438,144.28207397460938,0.8585304021835327,491.5260925292969,64.56209564208984,0.9140481352806091
920,635.7666015625,138.32090759277344,0.6831578016281128,637.6680908203125,137.60586547851562,0.8492971062660217,608.7111206054688,101.38685607910156,0.9113100171089172,587.5732421875,102.19062042236328,0.9983200430870056,550.1834716796875,104.05221557617188,0.9995162487030029,519.3499145507812,104.81472778320312,0.9998086094856262,614.1924438476562,82.43255615234375,0.09242619574069977,557.3059692382812,46.34798049926758,0.9531751871109009,627.0298461914062,70.27964782714844,0.9480405449867249,583.0189208984375,119.95156860351562,0.8714953660964966,541.1369018554688,144.0463409423828,0.856971025466919,491.9856262207031,64.54552459716797,0.910582959651947
921,634.6807250976562,140.0723114013672,0.7626124024391174,637.5660400390625,138.55015563964844,0.8246381282806396,609.4168701171875,101.44584655761719,0.9330853223800659,589.978515625,102.19062042236328,0.9978488683700562,553.005126953125,104.05221557617188,0.9996174573898315,520.0021362304688,105.69123077392578,0.9997956156730652,620.9284057617188,81.68999481201172,0.22739684581756592,557.5482788085938,46.34798049926758,0.949876070022583,629.4501953125,68.74242401123047,0.9669331312179565,582.9276733398438,120.01771545410156,0.9021634459495544,555.8529052734375,138.7103729248047,0.8180150985717773,492.71435546875,64.64600372314453,0.9171931147575378
922,634.599365234375,142.1979217529297,0.7516354322433472,637.5660400390625,141.1756591796875,0.7364801168441772,611.4750366210938,101.44584655761719,0.8660394549369812,591.940673828125,102.19062042236328,0.9979409575462341,555.0162353515625,103.62364196777344,0.9997615218162537,521.4688720703125,105.83935546875,0.9998303651809692,621.5047607421875,81.68999481201172,0.2807292640209198,557.7564697265625,46.521976470947266,0.9563289880752563,631.7412719726562,68.24219512939453,0.9795280694961548,582.6028442382812,120.50316619873047,0.860044538974762,556.1767578125,138.7103729248047,0.7992927432060242,493.6631164550781,64.64600372314453,0.9157037138938904
923,634.599365234375,143.35557556152344,0.7815531492233276,637.6680908203125,142.8435516357422,0.7758708596229553,613.3978881835938,101.44584655761719,0.9173179864883423,593.9778442382812,102.03536987304688,0.9990874528884888,557.3991088867188,103.26728057861328,0.9998410940170288,523.3136596679688,105.97921752929688,0.9998699426651001,621.6631469726562,81.68999481201172,0.369653582572937,557.9812622070312,46.82862091064453,0.9637147784233093,634.3568115234375,68.16114807128906,0.9797547459602356,582.9276733398438,123.35110473632812,0.9158886671066284,556.3748168945312,48.390018463134766,0.9210431575775146,495.6290588378906,66.02059173583984,0.8648127317428589
924,634.599365234375,143.7342987060547,0.8081172704696655,638.525146484375,143.31346130371094,0.7773213386535645,615.00146484375,100.85942840576172,0.9529412984848022,595.7691650390625,101.94319152832031,0.9991114735603333,559.4030151367188,103.02800750732422,0.9997894167900085,524.9473266601562,106.72538757324219,0.9997628331184387,622.2977905273438,82.1512680053711,0.34800559282302856,558.1583251953125,47.176979064941406,0.9637359380722046,634.3568115234375,68.16114807128906,0.9681276082992554,583.7578125,124.4139175415039,0.9636226892471313,560.5090942382812,138.7103729248047,0.965393602848053,503.0258483886719,66.02059173583984,0.9177609086036682
925,634.925048828125,143.82252502441406,0.8521664142608643,640.6360473632812,144.67831420898438,0.8428797125816345,615.9361572265625,100.85942840576172,0.9865585565567017,596.7872314453125,101.58892059326172,0.9991248250007629,561.166015625,102.73046875,0.9998672008514404,526.24560546875,106.72538757324219,0.9997976422309875,622.2977905273438,82.75856018066406,0.3028905987739563,558.2105712890625,47.63970184326172,0.9611433148384094,636.3007202148438,68.16114807128906,0.9206343293190002,586.2401123046875,125.80596923828125,0.9433718919754028,560.5090942382812,138.7103729248047,0.859865665435791,516.765869140625,66.02059173583984,0.8990155458450317
926,635.2672729492188,143.82252502441406,0.8961531519889832,641.1690063476562,145.08486938476562,0.8712435364723206,617.0982055664062,100.81031799316406,0.9871920347213745,597.1951293945312,101.58892059326172,0.99912029504776,562.3141479492188,102.67481231689453,0.9998680353164673,527.8096923828125,106.72538757324219,0.9998623132705688,622.2977905273438,83.34585571289062,0.20305676758289337,558.3937377929688,48.23737335205078,0.966218113899231,636.3007202148438,68.24219512939453,0.8714102506637573,587.1072998046875,124.4139175415039,0.9078734517097473,558.4749755859375,48.79601287841797,0.915742039680481,528.3973999023438,141.9719696044922,0.9429275393486023
927,635.6079711914062,144.5893096923828,0.9377641677856445,641.775146484375,145.08486938476562,0.8509693145751953,618.2276611328125,100.81031799316406,0.9732710123062134,598.0253295898438,101.58892059326172,0.9990873336791992,562.7144165039062,102.58912658691406,0.9998759031295776,529.871826171875,105.24349975585938,0.9999309778213501,605.8185424804688,122.25586700439453,0.3038215637207031,558.5536499023438,48.80335998535156,0.9717627763748169,529.1052856445312,143.8614959716797,0.874212384223938,587.5540771484375,123.35110473632812,0.9306139349937439,558.4749755859375,48.6389045715332,0.8433976173400879,529.1275024414062,64.37604522705078,0.9507980942726135
928,636.6492309570312,145.46759033203125,0.9730789661407471,641.775146484375,145.48104858398438,0.8619089126586914,619.160400390625,101.38524627685547,0.969775915145874,599.7836303710938,101.98936462402344,0.9994704127311707,563.2092895507812,102.58912658691406,0.9998804330825806,532.1759033203125,103.87297821044922,0.9999231100082397,605.8185424804688,127.53582763671875,0.5719707608222961,592.171630859375,140.2711181640625,0.9755367040634155,529.1052856445312,143.8614959716797,0.9186390042304993,589.7855834960938,121.86103057861328,0.8689965605735779,558.4749755859375,48.79601287841797,0.8555858135223389,530.5055541992188,63.540496826171875,0.9168514013290405
929,638.3790283203125,145.80494689941406,0.9938932657241821,642.1878662109375,145.48104858398438,0.6935716867446899,622.2550048828125,102.22962951660156,0.9673100113868713,601.6166381835938,103.4439697265625,0.9992984533309937,564.587646484375,102.58912658691406,0.9998596906661987,535.2523193359375,102.85108947753906,0.9998501539230347,605.8185424804688,129.81393432617188,0.6736447215080261,598.6554565429688,142.603759765625,0.9402561187744141,529.1212768554688,138.4018096923828,0.9546399116516113,632.8010864257812,80.70658111572266,0.7515281438827515,558.4749755859375,48.761322021484375,0.9346029162406921,530.7606201171875,61.85122299194336,0.8956549167633057
930,639.3756103515625,146.6558837890625,0.9934934973716736,647.2905883789062,65.68102264404297,0.6695734858512878,623.740966796875,103.77696228027344,0.9366817474365234,602.4579467773438,104.35206604003906,0.998894989490509,566.5735473632812,102.58912658691406,0.9997486472129822,535.8132934570312,100.50165557861328,0.9998185038566589,609.8345947265625,134.693603515625,0.7808564305305481,600.737060546875,142.954833984375,0.9153899550437927,529.1052856445312,138.4018096923828,0.9671114683151245,633.0592651367188,80.70658111572266,0.7191751003265381,558.5562133789062,48.757530212402344,0.9652332067489624,536.9545288085938,61.66679000854492,0.8929771780967712
931,639.6304931640625,147.0792694091797,0.9963692426681519,653.3037109375,65.60895538330078,0.6213151216506958,626.0597534179688,103.9142837524414,0.9290668964385986,603.5494384765625,104.67243957519531,0.9979668259620667,568.0944213867188,102.8984375,0.9995842576026917,537.6810302734375,99.60635375976562,0.9998335838317871,612.916748046875,134.7530517578125,0.8314208388328552,605.9985961914062,145.77024841308594,0.791307270526886,529.1212768554688,138.13626098632812,0.9699627161026001,633.0592651367188,80.70658111572266,0.7778432965278625,558.5963134765625,48.761322021484375,0.9746335744857788,536.9545288085938,61.66679000854492,0.9375025629997253
932,643.193359375,147.48562622070312,0.9955515265464783,655.8994140625,65.60895538330078,0.8607778549194336,627.4169921875,103.9142837524414,0.948259711265564,607.7221069335938,104.67243957519531,0.996932864189148,569.83740234375,103.01338958740234,0.9997594952583313,538.8719482421875,99.60635375976562,0.999864935874939,616.9837646484375,135.45816040039062,0.8172184824943542,611.1079711914062,146.32766723632812,0.758143961429596,529.2412109375,138.0338134765625,0.959193766117096,633.0592651367188,80.70658111572266,0.8324951529502869,558.5963134765625,48.940765380859375,0.9768774509429932,536.9545288085938,61.85122299194336,0.9182498455047607
933,645.4722900390625,147.48562622070312,0.9969336986541748,658.3751220703125,64.80423736572266,0.9918462634086609,630.3150024414062,103.77696228027344,0.9908862113952637,609.0578002929688,104.67243957519531,0.9981217980384827,571.9201049804688,103.01338958740234,0.9997507929801941,539.899658203125,99.60635375976562,0.9998592138290405,618.8320922851562,135.45816040039062,0.8762314319610596,611.6486206054688,146.32766723632812,0.8719624280929565,529.3007202148438,137.87339782714844,0.9606033563613892,632.50830078125,80.70658111572266,0.9396306276321411,559.17822265625,48.940765380859375,0.9576969146728516,531.65576171875,141.29608154296875,0.8883000016212463
934,647.2981567382812,147.48562622070312,0.9951679706573486,660.9756469726562,64.36441040039062,0.995819091796875,631.5618896484375,103.73185729980469,0.9923762679100037,609.7994384765625,104.48909759521484,0.9986237287521362,573.203857421875,102.8984375,0.9997186064720154,540.7168579101562,102.43177795410156,0.999840259552002,618.8320922851562,135.45816040039062,0.8511624932289124,612.0009155273438,146.32766723632812,0.8629299998283386,529.4795532226562,137.87339782714844,0.9608067870140076,632.0308837890625,79.86275482177734,0.9442219138145447,559.7974243164062,49.540367126464844,0.9265794157981873,531.65576171875,141.29608154296875,0.9041674733161926
935,649.3651123046875,145.54177856445312,0.9946610331535339,663.7157592773438,64.0489730834961,0.9972288012504578,633.2205200195312,103.53704833984375,0.9945251941680908,611.0260009765625,103.97987365722656,0.9991377592086792,573.7998657226562,102.88529205322266,0.9997451901435852,541.12890625,102.5064468383789,0.9998879432678223,618.8320922851562,134.94094848632812,0.8091922402381897,612.0009155273438,145.72647094726562,0.9001340270042419,529.7972412109375,138.0338134765625,0.961055338382721,631.1566772460938,78.9030990600586,0.9488428831100464,559.9501953125,50.234832763671875,0.9135785698890686,531.65576171875,141.29608154296875,0.9048935174942017
936,649.9032592773438,144.4243621826172,0.99411940574646,665.5388793945312,64.00566101074219,0.9978723526000977,633.236328125,102.38284301757812,0.997065007686615,611.3929443359375,103.14321899414062,0.9994182586669922,574.2667846679688,102.26763153076172,0.9997945427894592,541.4098510742188,102.52593231201172,0.9999029636383057,618.5325927734375,132.45152282714844,0.7878108024597168,612.0009155273438,144.76708984375,0.931083619594574,530.0015258789062,138.0864715576172,0.966124415397644,630.5218505859375,78.12310791015625,0.9523540735244751,560.044677734375,50.31882858276367,0.9048274159431458,531.9613647460938,141.2754669189453,0.9004987478256226
937,649.9060668945312,143.58407592773438,0.9944942593574524,665.5388793945312,63.571929931640625,0.9969382286071777,633.4318237304688,101.37283325195312,0.9969472289085388,611.7239990234375,102.7220687866211,0.9994621872901917,574.5986938476562,101.94102478027344,0.9997987151145935,541.6762084960938,102.6783447265625,0.9999260902404785,618.2044067382812,131.69667053222656,0.760572075843811,611.7044677734375,143.97996520996094,0.9326669573783875,530.1607055664062,138.16268920898438,0.9679356813430786,630.5106201171875,77.16365814208984,0.9131696820259094,560.0903930664062,50.71507263183594,0.8923429250717163,532.0355834960938,141.17483520507812,0.88021320104599
938,650.5069580078125,143.17593383789062,0.9924511313438416,665.5388793945312,63.24376678466797,0.9963812828063965,633.6964721679688,100.54618072509766,0.9954202175140381,612.2833251953125,102.28206634521484,0.9993809461593628,575.0469970703125,101.91617584228516,0.9997847676277161,541.861083984375,103.06234741210938,0.9999415874481201,618.2044067382812,130.29420471191406,0.6691729426383972,611.338134765625,143.3772735595703,0.9502615928649902,530.1821899414062,138.23690795898438,0.9694488644599915,630.5106201171875,76.63188171386719,0.9108433127403259,560.0903930664062,50.79248809814453,0.9032153487205505,532.1387329101562,141.05616760253906,0.8773444890975952
939,652.357666015625,142.0022430419922,0.9914447665214539,665.528564453125,62.61408615112305,0.9965338706970215,633.7470092773438,100.31807708740234,0.9957103729248047,612.3471069335938,102.13140869140625,0.9994581341743469,575.6710205078125,101.84520721435547,0.999790608882904,541.9337768554688,103.23577880859375,0.999948263168335,618.2044067382812,129.43177795410156,0.5916500091552734,611.338134765625,141.861083984375,0.9601314663887024,530.4207153320312,138.23690795898438,0.9618295431137085,630.5106201171875,76.595458984375,0.9137681126594543,560.2243041992188,51.431827545166016,0.9337182641029358,532.3897705078125,140.955078125,0.8766865134239197
940,657.797119140625,140.38272094726562,0.994083821773529,665.528564453125,62.61408615112305,0.9958164095878601,634.1539916992188,99.38140106201172,0.9947702288627625,612.8043212890625,101.68502807617188,0.9993034601211548,576.1293334960938,101.81002807617188,0.9997996687889099,542.188232421875,103.30425262451172,0.9999481439590454,618.2044067382812,128.12246704101562,0.5358362197875977,611.338134765625,141.42091369628906,0.9741483926773071,530.4512939453125,138.16268920898438,0.9609197974205017,630.5106201171875,76.595458984375,0.922287106513977,560.5423583984375,52.3371467590332,0.9742009043693542,532.4154052734375,140.93609619140625,0.856935977935791
941,658.124755859375,140.26429748535156,0.9902167320251465,665.528564453125,62.61408615112305,0.9945706725120544,634.15869140625,99.15696716308594,0.9968256950378418,614.419189453125,100.92317199707031,0.9994458556175232,577.3942260742188,101.36878967285156,0.9997949004173279,542.4951782226562,103.52377319335938,0.9999502897262573,618.2044067382812,123.37882995605469,0.4617781341075897,611.7134399414062,141.42091369628906,0.9760831594467163,530.6154174804688,138.03973388671875,0.9707446098327637,630.5045776367188,76.595458984375,0.9012450575828552,563.0543823242188,53.78656005859375,0.9842135906219482,550.6320190429688,66.99986267089844,0.9082877039909363
942,658.9493408203125,140.1102294921875,0.9929425716400146,666.9668579101562,63.28553771972656,0.9894744157791138,634.4520874023438,99.01013946533203,0.9961445331573486,615.35400390625,100.90457153320312,0.9995341300964355,578.0382690429688,101.2656021118164,0.9998055100440979,543.29443359375,103.52377319335938,0.9999626874923706,618.3358764648438,123.29544830322266,0.38278424739837646,612.013916015625,141.42091369628906,0.9783711433410645,530.8765869140625,138.016845703125,0.9725348353385925,630.4143676757812,76.63188171386719,0.8897526860237122,563.7802124023438,53.78656005859375,0.9912782311439514,550.6320190429688,66.88510131835938,0.9506999850273132
943,659.2113647460938,139.6580352783203,0.9951759576797485,669.64794921875,65.30648803710938,0.9751478433609009,634.4647216796875,99.01013946533203,0.9948274493217468,616.0438232421875,100.74866485595703,0.999553382396698,578.4735107421875,101.2656021118164,0.9998089671134949,544.3414306640625,103.30425262451172,0.9999709129333496,618.9918823242188,123.29544830322266,0.49651023745536804,613.286376953125,142.51707458496094,0.9873091578483582,531.013671875,137.92361450195312,0.9653545022010803,630.0609130859375,76.72604370117188,0.8809215426445007,566.0394287109375,53.78656005859375,0.9949584603309631,550.6320190429688,66.8573226928711,0.9685233235359192
944,660.4270629882812,139.5690460205078,0.9955886602401733,670.688232421875,67.54989624023438,0.9143221974372864,634.6527709960938,99.03569793701172,0.9953631162643433,616.8505249023438,100.74866485595703,0.999581515789032,578.5112915039062,101.2656021118164,0.9998164772987366,545.3762817382812,103.18119812011719,0.9999773502349854,620.3976440429688,123.29544830322266,0.6459224820137024,613.316162109375,142.69200134277344,0.9918367266654968,531.3283081054688,138.016845703125,0.96353679895401,629.9908447265625,77.06021881103516,0.8272660970687866,570.4140625,53.10822296142578,0.9939716458320618,550.672607421875,65.06489562988281,0.9805248975753784
945,662.2236328125,139.53662109375,0.9954368472099304,670.8848266601562,68.51667785644531,0.8844491839408875,635.328125,99.03569793701172,0.9969115853309631,617.369873046875,100.74498748779297,0.9996111989021301,579.0523681640625,101.42760467529297,0.9998140931129456,546.6487426757812,102.74891662597656,0.999977707862854,624.2662963867188,125.77407836914062,0.809897780418396,613.5616455078125,143.17510986328125,0.9960059523582458,531.338623046875,138.03973388671875,0.9656311869621277,629.3309936523438,77.54290008544922,0.8629329204559326,573.8651123046875,53.10822296142578,0.9962400197982788,550.672607421875,64.60865783691406,0.9893765449523926
946,663.7235717773438,139.17491149902344,0.9958928823471069,671.4068603515625,68.51667785644531,0.878926694393158,636.7050170898438,99.5219497680664,0.9986907839775085,618.8865356445312,100.74498748779297,0.9996316432952881,579.2875366210938,101.98474884033203,0.9997273087501526,547.5249633789062,102.52410125732422,0.9999749660491943,629.233642578125,125.77407836914062,0.9691113233566284,613.5616455078125,143.62803649902344,0.9971820116043091,531.5142822265625,137.9154052734375,0.9643591046333313,629.2489013671875,77.54290008544922,0.8610363602638245,575.6744384765625,53.098812103271484,0.9978995323181152,550.672607421875,64.34015655517578,0.9920936226844788
947,666.2531127929688,139.0430450439453,0.9967526197433472,672.8593139648438,68.51667785644531,0.9024243950843811,638.0659790039062,99.5219497680664,0.9990882873535156,620.2525634765625,100.74498748779297,0.9995834231376648,579.8639526367188,102.05581665039062,0.9996557235717773,548.4666748046875,102.52410125732422,0.9999774694442749,632.0001831054688,126.8313217163086,0.9713805317878723,613.286376953125,143.62803649902344,0.9971293807029724,532.0450439453125,137.9154052734375,0.9724985361099243,629.2489013671875,77.54290008544922,0.8264090418815613,577.4576416015625,53.098812103271484,0.9985191226005554,551.0956420898438,64.16165924072266,0.993871808052063
948,667.9556884765625,138.07789611816406,0.9950535893440247,672.8593139648438,68.00213623046875,0.9138116240501404,638.2817993164062,99.5219497680664,0.9992231130599976,620.5244140625,100.30182647705078,0.9995458722114563,580.4876098632812,102.05581665039062,0.9995895028114319,549.421630859375,102.52410125732422,0.9999747276306152,632.0001831054688,125.77407836914062,0.9644575715065002,613.461669921875,143.62803649902344,0.996727705001831,532.8635864257812,137.72401428222656,0.9715797901153564,629.2489013671875,77.33170318603516,0.8562600016593933,579.590087890625,53.098812103271484,0.9986407160758972,551.3779296875,64.13920593261719,0.9942852854728699
949,668.0009155273438,137.89181518554688,0.9900851249694824,672.8593139648438,68.00213623046875,0.9114213585853577,640.084228515625,98.07843780517578,0.9992994070053101,620.6265258789062,100.10330200195312,0.9997372031211853,581.6221923828125,102.05581665039062,0.9997333884239197,550.4488525390625,102.52410125732422,0.9999654293060303,632.0001831054688,124.24059295654297,0.7803295254707336,613.36962890625,142.58384704589844,0.9915741086006165,533.5171508789062,137.68174743652344,0.9693724513053894,630.2967529296875,75.5345458984375,0.7472814321517944,583.1615600585938,51.63099670410156,0.9964655637741089,551.3779296875,63.96157455444336,0.9916326403617859
950,674.8594970703125,135.94871520996094,0.9860270023345947,674.4174194335938,68.00213623046875,0.9169730544090271,641.0182495117188,97.12834167480469,0.9995357990264893,621.4161987304688,99.72200012207031,0.9998458623886108,582.551025390625,101.61837768554688,0.9997497200965881,551.2902221679688,102.52410125732422,0.9999438524246216,633.0103149414062,122.91682434082031,0.6053393483161926,613.36962890625,142.3039093017578,0.9896684885025024,534.1490478515625,137.4857177734375,0.9741898775100708,630.2967529296875,74.6021957397461,0.7362577319145203,587.3209838867188,51.56721878051758,0.9814630746841431,551.3779296875,63.7236442565918,0.9887998104095459
951,675.971923828125,133.25291442871094,0.9620214700698853,675.8009643554688,66.96895599365234,0.9478543996810913,642.5198364257812,96.6261978149414,0.9995356798171997,622.3468627929688,99.45964813232422,0.9998672008514404,583.1474609375,100.83438873291016,0.9997929930686951,551.3735961914062,102.51766967773438,0.9999043941497803,636.5309448242188,120.30621337890625,0.6796861886978149,613.461669921875,142.06106567382812,0.986107587814331,535.6898193359375,137.03759765625,0.9695740342140198,630.5328979492188,74.37640380859375,0.5397379398345947,589.0917358398438,51.18760299682617,0.9860013723373413,551.0645751953125,63.7236442565918,0.9885491728782654
952,676.797119140625,131.3154754638672,0.9517356753349304,675.8009643554688,66.08486938476562,0.9424986839294434,643.7909545898438,96.39422607421875,0.9989476799964905,623.5777587890625,98.64179229736328,0.9997863173484802,584.2907104492188,99.70914459228516,0.9997872710227966,552.0955810546875,101.36746215820312,0.9998856782913208,662.5205078125,118.85232543945312,0.7261713743209839,613.7440795898438,142.0119171142578,0.986497700214386,536.1082153320312,137.03744506835938,0.9754009246826172,630.7203979492188,74.03795623779297,0.38567864894866943,593.447021484375,51.18760299682617,0.9947115182876587,550.9876098632812,63.643917083740234,0.9859674572944641
953,681.3922119140625,130.19058227539062,0.9800691604614258,675.8009643554688,64.06564331054688,0.8206637501716614,645.7691040039062,95.71753692626953,0.9988939166069031,624.7295532226562,97.5021743774414,0.9996052384376526,584.5709228515625,99.00118255615234,0.9996976852416992,552.5443115234375,100.79724884033203,0.9999066591262817,663.5695190429688,118.85232543945312,0.7557640671730042,614.382080078125,141.8157196044922,0.9848310947418213,538.2622680664062,136.58689880371094,0.9810091257095337,634.4837036132812,71.34461975097656,0.3834894597530365,598.0667114257812,51.56721878051758,0.9752948880195618,549.9205322265625,63.59592819213867,0.9793965816497803
954,683.0548706054688,129.0074920654297,0.9895920157432556,675.680419921875,62.88383483886719,0.8528749942779541,646.9480590820312,95.5484848022461,0.9993867874145508,625.57373046875,96.08147430419922,0.998898983001709,584.8749389648438,98.740234375,0.9995943903923035,553.2506713867188,100.12876892089844,0.9999290704727173,666.9428100585938,118.85232543945312,0.7541932463645935,615.1039428710938,141.66041564941406,0.9781534671783447,538.9500732421875,136.58689880371094,0.9811990261077881,635.2708740234375,69.8558578491211,0.3396916091442108,611.2802124023438,51.56721878051758,0.8625785112380981,549.7265014648438,63.59592819213867,0.9698293805122375
955,683.2811889648438,129.0074920654297,0.9875339269638062,675.680419921875,60.3814582824707,0.8810076117515564,647.7422485351562,94.12639617919922,0.9995511174201965,626.025634765625,93.17301940917969,0.9991550445556641,585.653564453125,98.44957733154297,0.9995447993278503,553.7589111328125,99.69180297851562,0.999909520149231,669.5343627929688,115.09786224365234,0.7271139025688171,615.1945190429688,141.0216064453125,0.975302517414093,538.9500732421875,136.35736083984375,0.9761848449707031,663.8662719726562,68.56652069091797,0.26743388175964355,612.991943359375,51.18760299682617,0.8664873838424683,548.7659301757812,63.4399528503418,0.9648535847663879
956,688.7420654296875,126.21261596679688,0.9854620695114136,675.680419921875,59.22417449951172,0.8868070840835571,648.6486206054688,91.92196655273438,0.9991406202316284,627.189453125,91.6745834350586,0.999481737613678,587.5480346679688,97.31815338134766,0.9994593262672424,554.8177490234375,99.15138244628906,0.9998966455459595,672.83203125,112.49626922607422,0.845305323600769,615.3309936523438,140.36770629882812,0.9746596217155457,539.0449829101562,136.1446990966797,0.9634436964988708,663.8662719726562,68.20332336425781,0.33801713585853577,613.2224731445312,48.204410552978516,0.9561114311218262,548.5772705078125,63.136802673339844,0.9671624302864075
957,689.989990234375,122.72969818115234,0.9879926443099976,676.11669921875,58.640689849853516,0.888116717338562,649.31884765625,88.66452026367188,0.9988164901733398,627.5984497070312,91.15850830078125,0.9994162321090698,589.579833984375,96.4084243774414,0.9991211295127869,556.2230834960938,99.11268615722656,0.9998509883880615,676.833984375,110.58379364013672,0.896941065788269,615.3766479492188,139.56103515625,0.9716473817825317,539.4334716796875,134.51495361328125,0.9454749226570129,663.8662719726562,67.7956314086914,0.3800581395626068,613.7770385742188,46.19904327392578,0.9355188012123108,548.2008056640625,62.88507080078125,0.9720803499221802
958,690.4050903320312,121.09542846679688,0.9893770217895508,676.560302734375,57.43560791015625,0.8275030851364136,650.3042602539062,86.40394592285156,0.9980339407920837,628.9766235351562,90.54193115234375,0.9992801547050476,591.1765747070312,95.60343170166016,0.9989192485809326,557.283447265625,98.609619140625,0.9997325539588928,679.3743286132812,108.17411804199219,0.9066025018692017,615.4022216796875,139.56103515625,0.9580652713775635,539.8106079101562,133.6802520751953,0.9405401349067688,658.6934814453125,67.63542938232422,0.4903651475906372,613.9500732421875,46.19904327392578,0.9135197401046753,548.2008056640625,62.48503494262695,0.9669418334960938
959,693.1690063476562,117.74095153808594,0.9932110905647278,677.6597290039062,55.60822677612305,0.7971094846725464,652.3121337890625,85.73025512695312,0.9984689354896545,631.0430297851562,89.61683654785156,0.999437153339386,592.86181640625,93.36189270019531,0.9992619156837463,559.294677734375,96.33907318115234,0.999818742275238,679.417724609375,107.12801361083984,0.9276050329208374,615.45263671875,139.56103515625,0.9390082955360413,539.8106079101562,133.56875610351562,0.9211491942405701,657.3666381835938,67.06915283203125,0.5849438309669495,614.4785766601562,45.779808044433594,0.9129395484924316,548.2008056640625,62.46957015991211,0.9671632051467896
960,694.9874877929688,117.16824340820312,0.9929220676422119,678.4417724609375,51.76455307006836,0.8531400561332703,653.9509887695312,85.71221160888672,0.9984996318817139,632.7998046875,89.31551361083984,0.9995657801628113,594.955322265625,92.38591003417969,0.9995224475860596,561.6613159179688,95.40076446533203,0.9998010993003845,679.83154296875,106.6182861328125,0.9158095121383667,616.0687255859375,139.64422607421875,0.9129122495651245,540.7431030273438,132.61514282226562,0.917558491230011,657.0911254882812,66.74488830566406,0.6581799983978271,614.9361572265625,44.58047103881836,0.8992019295692444,548.2879028320312,62.46957015991211,0.9698209762573242
961,695.1019897460938,117.08240509033203,0.9900676012039185,679.0032958984375,49.21040344238281,0.8512844443321228,655.6898193359375,85.37055206298828,0.9980602860450745,633.7438354492188,89.16106414794922,0.9995220899581909,596.2335205078125,91.90094757080078,0.999562680721283,563.3867797851562,94.37583923339844,0.9998356103897095,680.0514526367188,104.0581283569336,0.912583589553833,616.0836181640625,139.64422607421875,0.9003273248672485,541.1092529296875,132.38897705078125,0.9289972186088562,656.884765625,66.39002990722656,0.5323854684829712,615.4843139648438,44.575584411621094,0.9117425680160522,549.0217895507812,62.46957015991211,0.9764408469200134
962,695.8486938476562,116.9979248046875,0.9858174920082092,679.375,46.990848541259766,0.914620578289032,655.7050170898438,83.46070098876953,0.9986434578895569,634.9132080078125,89.0691146850586,0.9993778467178345,597.2901611328125,91.71487426757812,0.9996008276939392,564.8024291992188,94.37583923339844,0.999796450138092,680.7667236328125,104.0581283569336,0.9257365465164185,616.1978759765625,139.8140106201172,0.8833752274513245,541.122314453125,132.38897705078125,0.9258418679237366,622.7907104492188,66.39002990722656,0.6293379068374634,616.3060913085938,44.54763412475586,0.932896614074707,549.5689086914062,62.638450622558594,0.9752445816993713
963,696.6321411132812,116.53295135498047,0.9854426383972168,679.5142211914062,45.16472625732422,0.978571891784668,657.4448852539062,83.24365997314453,0.9991925358772278,636.03271484375,88.87610626220703,0.99922776222229,598.366455078125,91.71487426757812,0.9996294975280762,566.6063842773438,94.37583923339844,0.9996452331542969,680.7667236328125,104.0581283569336,0.9550076723098755,616.62744140625,139.8140106201172,0.89854896068573,541.122314453125,132.38897705078125,0.9082828760147095,622.6350708007812,66.34479522705078,0.7433010935783386,618.3898315429688,44.42578887939453,0.9426800608634949,550.0764770507812,62.98058319091797,0.9742045998573303
964,697.0698852539062,116.9979248046875,0.9879717230796814,679.5142211914062,45.112342834472656,0.9832603335380554,658.8117065429688,83.24365997314453,0.9994803071022034,637.2587280273438,88.87610626220703,0.9993694424629211,599.3136596679688,91.71487426757812,0.9996210336685181,568.1495971679688,94.51439666748047,0.9992663264274597,680.8026733398438,104.26896667480469,0.9593542814254761,616.6300659179688,139.74404907226562,0.9097921252250671,541.1092529296875,132.466064453125,0.9170790314674377,622.6350708007812,66.39002990722656,0.7551032304763794,618.5516357421875,43.7304801940918,0.9483473300933838,550.1045532226562,63.04475021362305,0.9694902300834656
965,697.0698852539062,117.08240509033203,0.9930035471916199,679.6498413085938,45.059814453125,0.9853670597076416,660.203125,83.24365997314453,0.9996922016143799,638.8714599609375,88.87610626220703,0.999373733997345,601.1678466796875,93.75870513916016,0.999661922454834,568.5048828125,96.9999771118164,0.9995242357254028,681.4442138671875,106.41717529296875,0.9644086956977844,616.8407592773438,139.74404907226562,0.9195799827575684,541.1092529296875,132.495849609375,0.9288237690925598,622.1044921875,66.43659973144531,0.8193625807762146,619.1913452148438,43.72829055786133,0.9614298343658447,550.7120361328125,63.31690979003906,0.9721160531044006
966,697.0698852539062,117.38299560546875,0.9940758943557739,680.5348510742188,45.059814453125,0.9881507158279419,661.1884155273438,83.76553344726562,0.9997121691703796,639.8602905273438,89.15522003173828,0.9992266893386841,601.7257690429688,94.0428237915039,0.9996898174285889,568.8350219726562,97.1528549194336,0.9996135830879211,680.7667236328125,106.68519592285156,0.9590718150138855,616.9674072265625,139.74404907226562,0.9272421002388,540.73291015625,132.495849609375,0.934733510017395,622.1044921875,66.72029876708984,0.8084793090820312,619.22216796875,43.478660583496094,0.9628634452819824,550.9496459960938,63.458492279052734,0.9696534872055054
967,695.3513793945312,118.20577239990234,0.9955930113792419,681.2079467773438,45.112342834472656,0.9892299771308899,661.6707153320312,84.00920867919922,0.9997202754020691,640.5191650390625,89.18465423583984,0.9993077516555786,602.4937744140625,94.31922149658203,0.9997463822364807,569.4544067382812,97.1528549194336,0.9997093081474304,680.7059326171875,106.68519592285156,0.9504098296165466,617.0147705078125,139.74404907226562,0.9290376305580139,540.73291015625,132.495849609375,0.9297287464141846,622.1044921875,66.72029876708984,0.784301221370697,619.3080444335938,43.29315185546875,0.9665666818618774,550.97705078125,63.532066345214844,0.9665197134017944
968,694.3717651367188,123.33670043945312,0.9945487380027771,681.7357177734375,45.27817153930664,0.9872809052467346,662.9910278320312,84.17813110351562,0.9991377592086792,641.1467895507812,89.2623519897461,0.9989922642707825,602.960693359375,94.6202392578125,0.9997830986976624,570.2258911132812,97.25829315185547,0.9997273087501526,681.8882446289062,106.78156280517578,0.9009882807731628,617.0147705078125,139.88421630859375,0.9287840723991394,544.4680786132812,132.49549865722656,0.9180025458335876,671.1136474609375,67.8249282836914,0.833156943321228,619.3640747070312,43.249576568603516,0.9463595747947693,551.0719604492188,63.53437042236328,0.9640141129493713
969,689.9179077148438,127.2855224609375,0.9824616312980652,683.509765625,46.45030975341797,0.9739310145378113,663.9708862304688,84.84416961669922,0.9980329871177673,641.8212890625,89.4778823852539,0.9990062117576599,604.3676147460938,95.05463409423828,0.9997773766517639,571.1823120117188,97.4307632446289,0.9997944235801697,682.41259765625,106.99775695800781,0.8550866842269897,616.9674072265625,139.95553588867188,0.91963791847229,545.1698608398438,132.2396240234375,0.90493243932724,673.3259887695312,68.12251281738281,0.8188309073448181,619.4439697265625,43.238075256347656,0.9317691922187805,551.1273803710938,63.5850715637207,0.9676471948623657
970,689.8433837890625,130.7487335205078,0.9771232604980469,686.8763427734375,49.807220458984375,0.9234362244606018,665.6558837890625,85.01639556884766,0.9962421655654907,643.0400390625,89.8132095336914,0.9993999004364014,605.7393798828125,95.05463409423828,0.9996328353881836,573.04931640625,97.4307632446289,0.9998134970664978,680.8419189453125,108.92218780517578,0.6438132524490356,616.5492553710938,140.10684204101562,0.9183405041694641,551.12890625,129.86573791503906,0.8844057321548462,675.8843994140625,68.37202453613281,0.8518146276473999,619.3640747070312,43.238075256347656,0.9170061349868774,551.2117309570312,63.71124267578125,0.964726448059082
971,689.8253173828125,131.45724487304688,0.9724159836769104,687.177490234375,51.58340072631836,0.8773729205131531,666.2525024414062,85.30445861816406,0.9943869113922119,644.3595581054688,89.93586730957031,0.9994315505027771,606.7242431640625,95.40252685546875,0.9994031190872192,575.2399291992188,98.46945190429688,0.9998589754104614,680.8419189453125,108.92218780517578,0.48353874683380127,616.2354125976562,140.29981994628906,0.936958909034729,561.16845703125,127.70967864990234,0.9422925710678101,677.64599609375,68.44650268554688,0.7745974063873291,619.3080444335938,43.238075256347656,0.8923696279525757,551.446533203125,63.721134185791016,0.9572311639785767
972,689.4702758789062,132.0624542236328,0.9793468117713928,687.1951904296875,53.1307373046875,0.8988074064254761,667.0488891601562,85.66693878173828,0.9908297061920166,646.8991088867188,90.08824920654297,0.9994619488716125,609.6270751953125,95.44557189941406,0.9995006322860718,578.144287109375,98.56253814697266,0.9999288320541382,680.8419189453125,108.92218780517578,0.42186957597732544,616.2354125976562,140.66339111328125,0.9476118683815002,568.150634765625,127.70967864990234,0.9707814455032349,677.64599609375,68.44650268554688,0.7438706159591675,618.61328125,44.51966857910156,0.8923773169517517,551.7780151367188,63.808109283447266,0.9468188881874084
973,689.4681396484375,132.8074188232422,0.9704557657241821,687.2378540039062,55.02014923095703,0.8817229270935059,667.4742431640625,86.30343627929688,0.9841524958610535,647.83349609375,90.14298248291016,0.9993404746055603,610.254638671875,95.44984436035156,0.9995291233062744,580.1480712890625,98.56253814697266,0.9999306201934814,679.9188842773438,108.38741302490234,0.4220014810562134,616.2354125976562,140.66339111328125,0.9458187222480774,573.15234375,127.70967864990234,0.9473125338554382,677.64599609375,68.37202453613281,0.7812554240226746,618.543701171875,44.63855743408203,0.8654584884643555,551.9943237304688,63.948387145996094,0.9451818466186523
974,689.4681396484375,133.3227996826172,0.9657317996025085,687.1951904296875,56.03969955444336,0.9066989421844482,668.22119140625,86.38042449951172,0.9859969019889832,648.3851318359375,90.14298248291016,0.9994081258773804,610.7809448242188,96.00851440429688,0.9996198415756226,581.3706665039062,98.56253814697266,0.9999371767044067,678.918701171875,108.02630615234375,0.46552345156669617,616.343017578125,140.66339111328125,0.9534188508987427,576.825927734375,130.40084838867188,0.9897963404655457,677.6131591796875,67.81796264648438,0.8014868497848511,618.0481567382812,44.69713592529297,0.8595568537712097,552.2371215820312,64.03736114501953,0.9376189112663269
975,689.4105224609375,133.88414001464844,0.9538708329200745,687.177490234375,57.65369415283203,0.8757856488227844,669.491455078125,86.55609893798828,0.9677942395210266,649.7633666992188,90.70716857910156,0.9990383386611938,612.2297973632812,96.326416015625,0.9996656179428101,582.5853881835938,98.73834991455078,0.9999294281005859,676.99755859375,107.67807006835938,0.34081003069877625,616.951171875,140.67095947265625,0.9614838361740112,579.588134765625,131.5610809326172,0.9958465695381165,669.1845092773438,65.1559829711914,0.8938637971878052,617.9232177734375,45.75955581665039,0.8640439510345459,554.3667602539062,64.3909912109375,0.94089674949646
976,689.4105224609375,133.88414001464844,0.9214848279953003,687.2378540039062,134.6988067626953,0.7285290360450745,670.5889282226562,88.61450958251953,0.8504810929298401,650.18212890625,90.70716857910156,0.997696578502655,613.0332641601562,96.326416015625,0.9997127652168274,583.9815063476562,98.73834991455078,0.9999172687530518,675.7420654296875,106.43852996826172,0.20472507178783417,616.9530639648438,140.70663452148438,0.9665171504020691,580.9327392578125,131.5610809326172,0.9944812059402466,669.1845092773438,65.1559829711914,0.8263729214668274,615.638671875,45.75955581665039,0.8784180879592896,554.3667602539062,64.3909912109375,0.9486297965049744
977,689.4105224609375,133.88414001464844,0.8956226706504822,687.9178466796875,134.6988067626953,0.7671239972114563,672.2952270507812,88.61450958251953,0.6809865236282349,650.57080078125,90.70716857910156,0.9964452385902405,614.0377807617188,96.326416015625,0.9996715784072876,584.1149291992188,98.56148529052734,0.9998856782913208,671.63916015625,106.0483627319336,0.1676807701587677,617.5817260742188,140.70663452148438,0.9714467525482178,583.5431518554688,131.5610809326172,0.9902293086051941,663.0984497070312,65.1559829711914,0.7520748376846313,615.255126953125,45.768680572509766,0.8898444175720215,554.3667602539062,64.3909912109375,0.9421704411506653
978,690.1190795898438,133.5612335205078,0.9620634913444519,687.9178466796875,134.6988067626953,0.7142758369445801,673.4990234375,88.83556365966797,0.7771492600440979,651.2099609375,90.68577575683594,0.9963189363479614,615.016357421875,95.97538757324219,0.9996077418327332,584.954345703125,98.43456268310547,0.9998741149902344,668.7766723632812,100.09178161621094,0.3085814416408539,618.0438842773438,140.9910430908203,0.9701884388923645,583.7484130859375,131.40957641601562,0.9899588227272034,663.0984497070312,65.27619934082031,0.576402485370636,614.7722778320312,45.777610778808594,0.9144909381866455,555.1710815429688,64.91622161865234,0.9407432079315186
979,691.12548828125,132.89002990722656,0.9846892356872559,690.5618286132812,134.28640747070312,0.6938931941986084,674.9356079101562,88.61450958251953,0.854284942150116,651.8825073242188,90.42082214355469,0.9970018267631531,615.10595703125,95.95000457763672,0.9996163845062256,585.03662109375,98.43456268310547,0.9998996257781982,668.6383666992188,100.09178161621094,0.17331351339817047,618.1052856445312,141.08798217773438,0.9778140187263489,584.332763671875,131.1576690673828,0.9827014803886414,649.0689086914062,115.57244110107422,0.4815157949924469,614.7469482421875,45.777610778808594,0.9224414825439453,555.7215576171875,64.91622161865234,0.933748722076416
980,692.4483032226562,132.78897094726562,0.9889386892318726,694.0800170898438,133.4083709716797,0.6509104371070862,676.1815795898438,88.41764831542969,0.8502782583236694,653.274169921875,90.30123138427734,0.995941698551178,616.0018310546875,95.7125244140625,0.9996583461761475,585.5010986328125,98.33399963378906,0.9999245405197144,668.6383666992188,100.09178161621094,0.1366061568260193,618.4122924804688,141.20281982421875,0.9774582386016846,584.3756713867188,131.1576690673828,0.9810475707054138,649.0689086914062,115.57244110107422,0.5773391723632812,614.726806640625,45.89468002319336,0.9403573274612427,556.0758666992188,64.9461898803711,0.9472784399986267
981,694.5823364257812,131.8557586669922,0.9820307493209839,694.584716796875,133.30508422851562,0.46550849080085754,676.1839599609375,88.41764831542969,0.9226995706558228,656.3279418945312,90.28104400634766,0.9951502680778503,617.846435546875,95.42646026611328,0.9996104836463928,586.5563354492188,98.33399963378906,0.9999381303787231,668.6383666992188,100.09178161621094,0.0892859697341919,618.41455078125,141.3026123046875,0.9784618616104126,585.6730346679688,131.09632873535156,0.9813235402107239,649.0689086914062,115.57244110107422,0.7062137126922607,614.7469482421875,46.221439361572266,0.9562034010887146,556.8997802734375,64.96941375732422,0.9598905444145203
982,702.9033203125,131.8557586669922,0.9551038146018982,701.5850219726562,133.0871124267578,0.501553475856781,676.9431762695312,88.8485336303711,0.9454434514045715,658.02001953125,90.22269439697266,0.9969751834869385,620.5047607421875,95.42646026611328,0.9996312856674194,587.7642211914062,98.43456268310547,0.9999352693557739,684.6930541992188,67.25047302246094,0.17781147360801697,618.6693115234375,141.389404296875,0.9775981903076172,586.9893188476562,131.09632873535156,0.9796792268753052,649.7623901367188,115.32176971435547,0.7794588208198547,614.726806640625,46.221439361572266,0.9491675496101379,557.2372436523438,65.21368408203125,0.9492290616035461
983,703.6522216796875,131.8557586669922,0.9242100119590759,706.2410278320312,132.89764404296875,0.6421254873275757,677.4854125976562,88.8485336303711,0.9604848027229309,659.0205688476562,90.22269439697266,0.9976613521575928,621.7178344726562,95.35184478759766,0.9995166063308716,589.3881225585938,98.26506805419922,0.9999253749847412,685.3343505859375,67.25047302246094,0.3536655306816101,619.2894897460938,141.389404296875,0.9784804582595825,587.7560424804688,131.1576690673828,0.977706253528595,650.243896484375,115.32176971435547,0.8770918250083923,614.726806640625,46.221439361572266,0.9173114895820618,557.5401000976562,65.21368408203125,0.9488399028778076
984,704.7472534179688,131.7162628173828,0.9257197976112366,707.9029541015625,132.89764404296875,0.7099689841270447,678.220947265625,89.01187896728516,0.9823833703994751,660.243896484375,90.22269439697266,0.9982319474220276,622.66064453125,95.35184478759766,0.9993446469306946,591.9727783203125,98.26506805419922,0.9999343156814575,685.7413940429688,67.25047302246094,0.39637717604637146,619.7280883789062,141.389404296875,0.9771285057067871,587.8265380859375,131.38491821289062,0.9825690984725952,650.69482421875,113.51580810546875,0.8987456560134888,614.8685913085938,46.221439361572266,0.9095091819763184,558.7764282226562,65.22803497314453,0.9633580446243286
985,705.5584716796875,131.96522521972656,0.9367619752883911,709.0322875976562,132.7073974609375,0.8311721086502075,680.4739990234375,89.1624755859375,0.9771137833595276,660.5330810546875,90.5414810180664,0.9983941912651062,624.3090209960938,94.93496704101562,0.9994264841079712,593.6280517578125,98.3328628540039,0.9999644756317139,685.7413940429688,67.25047302246094,0.35696932673454285,620.0678100585938,140.46176147460938,0.9796046018600464,592.3168334960938,131.09632873535156,0.9781684279441833,651.6234130859375,114.11032104492188,0.9451289176940918,614.95166015625,46.295352935791016,0.8661225438117981,559.5337524414062,65.20196533203125,0.9446760416030884
986,707.1427001953125,132.0074920654297,0.9523550271987915,711.5007934570312,132.666015625,0.9071170091629028,682.7650146484375,90.28839874267578,0.9646531939506531,662.4645385742188,91.18390655517578,0.9986445307731628,625.63427734375,94.93496704101562,0.9995912909507751,595.1715087890625,98.3328628540039,0.9999734163284302,686.79833984375,67.59172821044922,0.21487508714199066,620.9921264648438,139.4940643310547,0.9832063913345337,592.43115234375,131.101318359375,0.9836658835411072,653.4251708984375,115.11156463623047,0.9390087127685547,615.0798950195312,46.407615661621094,0.882796049118042,561.9634399414062,65.20196533203125,0.9678508043289185
987,709.1050415039062,131.99057006835938,0.9660683274269104,711.8908081054688,131.74847412109375,0.8685079216957092,686.3838500976562,90.7884750366211,0.980885922908783,664.4981079101562,92.22787475585938,0.9984896183013916,626.5537109375,94.70093536376953,0.999724805355072,596.1500854492188,98.28108215332031,0.9999727010726929,686.79833984375,67.84722900390625,0.17215467989444733,622.5245971679688,138.8670654296875,0.9849833846092224,592.4609985351562,131.101318359375,0.9893636703491211,655.6387329101562,115.11156463623047,0.960459291934967,615.1058959960938,46.610084533691406,0.8574559092521667,563.1435546875,65.1184310913086,0.9073886275291443
988,710.7684326171875,131.99057006835938,0.9391689300537109,713.4995727539062,130.79098510742188,0.8396405577659607,688.0831298828125,90.7884750366211,0.9851105213165283,666.0089111328125,93.02587890625,0.9983200430870056,627.3843994140625,94.93496704101562,0.9996997117996216,597.6396484375,98.28108215332031,0.9999593496322632,649.4945068359375,111.91227722167969,0.09701885282993317,624.5160522460938,138.46041870117188,0.9862340688705444,593.1427001953125,130.94915771484375,0.9871070981025696,656.0148315429688,115.11156463623047,0.9524474740028381,615.1058959960938,47.21100997924805,0.7779263257980347,563.2755737304688,63.90713119506836,0.861009955406189
989,712.8604125976562,131.99057006835938,0.9375845193862915,714.7352905273438,56.61488723754883,0.6619884371757507,688.931884765625,90.7884750366211,0.9781057834625244,668.0275268554688,93.02587890625,0.9980999827384949,629.4375,94.99443817138672,0.9995326995849609,599.9388427734375,98.1266860961914,0.999902606010437,649.4945068359375,111.91227722167969,0.19177019596099854,631.4595947265625,134.4359893798828,0.9849680066108704,594.4226684570312,130.76296997070312,0.9938593506813049,656.5008544921875,115.5330581665039,0.9135507941246033,623.599609375,49.53331756591797,0.8080448508262634,575.61767578125,63.700950622558594,0.9561994671821594
990,713.9234619140625,131.1399383544922,0.9020665287971497,714.9319458007812,55.9625129699707,0.7472277879714966,690.03759765625,89.67906188964844,0.9805185794830322,669.5245971679688,93.02587890625,0.9980523586273193,631.5662231445312,94.99443817138672,0.9992550015449524,600.39990234375,97.70499420166016,0.9998505115509033,656.24951171875,111.91227722167969,0.32937055826187134,636.9232788085938,133.24462890625,0.9714531898498535,594.5247192382812,130.7021484375,0.9936167001724243,656.5289306640625,115.5330581665039,0.8129212260246277,623.599609375,49.53331756591797,0.8144190907478333,587.341064453125,62.226261138916016,0.8673484921455383
991,719.5530395507812,131.08763122558594,0.9283280372619629,714.9319458007812,54.5155143737793,0.835786759853363,692.4835205078125,89.67906188964844,0.9816789031028748,671.2472534179688,93.18987274169922,0.9973961114883423,634.284912109375,94.70093536376953,0.999492883682251,601.6976928710938,97.62322998046875,0.9999067783355713,656.24951171875,111.22087860107422,0.13345113396644592,642.8271484375,132.8957061767578,0.9500634670257568,594.5648803710938,130.5347137451172,0.9949761629104614,657.1369018554688,115.5330581665039,0.8651557564735413,624.4754028320312,51.299903869628906,0.8990082144737244,589.99462890625,60.03175354003906,0.9427268505096436
992,720.9063110351562,130.1258544921875,0.9505838751792908,717.6859741210938,52.65863037109375,0.904617428779602,694.4638061523438,89.67906188964844,0.9864369034767151,673.9508056640625,92.43508911132812,0.998467743396759,636.239013671875,94.99443817138672,0.9997034668922424,602.8787231445312,97.55680084228516,0.9999010562896729,659.848388671875,111.22087860107422,0.29080769419670105,649.5086059570312,132.8957061767578,0.9501691460609436,594.9005737304688,130.53091430664062,0.9942119717597961,696.48095703125,66.6188735961914,0.8415488600730896,624.4754028320312,51.299903869628906,0.9304398894309998,592.564453125,57.11751937866211,0.7626867890357971
993,723.6834106445312,128.99639892578125,0.9825184345245361,718.9039916992188,52.362632751464844,0.9496784210205078,696.3225708007812,89.97053527832031,0.9902191758155823,674.6320190429688,92.29989624023438,0.9986477494239807,637.7478637695312,95.25354766845703,0.9996566772460938,603.8758544921875,97.046142578125,0.999824583530426,659.848388671875,110.4154052734375,0.2361930012702942,653.7491455078125,131.97573852539062,0.9420112371444702,596.4314575195312,130.51986694335938,0.9954132437705994,696.48095703125,66.6188735961914,0.8704271912574768,624.4754028320312,51.299903869628906,0.8914170265197754,598.1683349609375,57.11751937866211,0.8823124766349792
994,725.135498046875,128.3863983154297,0.9772846698760986,724.1400146484375,52.047027587890625,0.9901637434959412,698.654052734375,89.97053527832031,0.9907103180885315,676.7139282226562,91.47759246826172,0.9986943602561951,639.1187133789062,94.98237609863281,0.999337375164032,604.9859619140625,95.94044494628906,0.9996802806854248,659.848388671875,111.22087860107422,0.38787028193473816,664.0838012695312,132.8957061767578,0.9495694637298584,597.247802734375,130.50575256347656,0.9936610460281372,696.9346313476562,66.52953338623047,0.9112414121627808,666.393798828125,51.53717803955078,0.7543635964393616,598.8432006835938,60.03175354003906,0.6577420830726624
995,727.1195068359375,128.05972290039062,0.9761442542076111,724.5849609375,51.140262603759766,0.9951726794242859,700.135986328125,89.97053527832031,0.9939075112342834,679.01904296875,91.47759246826172,0.9988918900489807,639.5914306640625,95.17079162597656,0.9993897676467896,606.605224609375,95.14311218261719,0.9998700618743896,672.87841796875,115.26399230957031,0.2703130841255188,675.6016845703125,133.682373046875,0.7987411618232727,597.569091796875,130.21185302734375,0.9923386573791504,701.2879028320312,66.10507202148438,0.9681817293167114,674.5513305664062,51.53717803955078,0.603374719619751,599.224609375,127.10594177246094,0.6656836271286011
996,728.8861694335938,126.70149993896484,0.9501718282699585,728.0015258789062,50.98521423339844,0.9984180927276611,701.7114868164062,89.61624145507812,0.9951901435852051,680.606689453125,91.47759246826172,0.9989063739776611,640.7671508789062,95.17079162597656,0.9996544122695923,608.3448486328125,94.80718231201172,0.9999035596847534,672.87841796875,115.26399230957031,0.3189218044281006,682.0601196289062,134.95558166503906,0.9067391157150269,598.2533569335938,130.1256866455078,0.9903056621551514,701.6724853515625,66.10507202148438,0.9561373591423035,701.3008422851562,51.53717803955078,0.5002676844596863,599.224609375,127.10594177246094,0.6941697597503662
997,729.8693237304688,124.5098876953125,0.9690055251121521,728.8021240234375,50.44428253173828,0.9987891316413879,703.0847778320312,89.59847259521484,0.995329737663269,681.4432373046875,91.92467498779297,0.9988810420036316,641.7089233398438,94.98237609863281,0.9997808337211609,610.041748046875,94.31983947753906,0.999923825263977,620.5756225585938,50.208160400390625,0.3808446526527405,688.4779052734375,134.95558166503906,0.8411075472831726,598.2533569335938,130.01760864257812,0.9914892911911011,701.814453125,66.28717803955078,0.9509125351905823,701.3770141601562,51.40422439575195,0.5572810769081116,598.8432006835938,127.10594177246094,0.6763673424720764
998,733.611083984375,123.62165832519531,0.9750639796257019,728.89306640625,50.41872787475586,0.9990226030349731,704.1221313476562,89.59847259521484,0.9948135614395142,683.0012817382812,93.44810485839844,0.9988154172897339,643.2131958007812,94.8807601928711,0.9998158812522888,611.58544921875,93.38416290283203,0.9999319314956665,691.8457641601562,121.88819122314453,0.3265371024608612,689.9799194335938,134.95558166503906,0.8253577947616577,598.608642578125,130.01760864257812,0.9923560619354248,701.8621826171875,66.28717803955078,0.9647870063781738,702.0167236328125,51.40422439575195,0.6301066279411316,599.224609375,127.06559753417969,0.7267053723335266
999,737.4713745117188,119.29651641845703,0.9892978668212891,729.7907104492188,50.06564712524414,0.9991372227668762,705.6738891601562,89.59847259521484,0.9942898750305176,684.5958862304688,94.90097045898438,0.998189389705658,644.873779296875,94.75296020507812,0.9998050332069397,613.1135864257812,93.09651184082031,0.9999222755432129,692.7745971679688,121.95767211914062,0.44642195105552673,702.2646484375,50.780696868896484,0.8079563975334167,598.6671142578125,130.01760864257812,0.992837131023407,702.0760498046875,67.08238983154297,0.9622527956962585,702.1962890625,51.40422439575195,0.6966456174850464,611.2199096679688,50.81494140625,0.6192337870597839
1000,738.779052734375,119.11345672607422,0.9934009909629822,730.7603759765625,50.0615119934082,0.9991884827613831,707.264892578125,89.51544189453125,0.996613085269928,685.919921875,95.69635772705078,0.9977989792823792,646.1515502929688,94.75296020507812,0.9997590184211731,614.3616943359375,93.09651184082031,0.9998893737792969,698.3555908203125,125.39527893066406,0.49378371238708496,702.2646484375,50.780696868896484,0.777679443359375,598.6671142578125,129.92843627929688,0.9920340180397034,702.6942138671875,67.08238983154297,0.9714965224266052,702.6798706054688,51.232704162597656,0.7786225080490112,612.557861328125,50.81494140625,0.6626933813095093
1001,739.6965942382812,119.11345672607422,0.9942979216575623,733.1073608398438,49.49470901489258,0.9986901879310608,710.2698364257812,89.51544189453125,0.9971020817756653,687.2705078125,95.69635772705078,0.9972171783447266,647.793212890625,94.75296020507812,0.9996856451034546,616.3909301757812,93.09651184082031,0.9997747540473938,698.764404296875,125.41285705566406,0.5556433200836182,702.2646484375,50.780696868896484,0.7326299548149109,599.2288818359375,129.92843627929688,0.9881479144096375,702.7021484375,67.08238983154297,0.9767969250679016,702.6798706054688,51.232704162597656,0.7746385931968689,613.322509765625,50.91950607299805,0.7396047711372375
1002,740.1739501953125,118.84004211425781,0.9927797913551331,733.4517211914062,49.356788635253906,0.9978273510932922,711.67626953125,88.86776733398438,0.9972973465919495,687.3516845703125,95.69635772705078,0.9969668984413147,651.1589965820312,96.84442901611328,0.9995895028114319,616.4547119140625,93.15987396240234,0.9996265172958374,698.764404296875,125.41285705566406,0.4892449676990509,693.1358642578125,134.49586486816406,0.7568781971931458,599.304931640625,129.92843627929688,0.98542320728302,702.7021484375,66.84532928466797,0.9768328666687012,702.6798706054688,51.45014190673828,0.7470590472221375,613.70068359375,50.91950607299805,0.7166704535484314
1003,740.7026977539062,119.0773696899414,0.9920991659164429,734.1950073242188,49.356788635253906,0.9968135952949524,711.7169799804688,88.26582336425781,0.9977712631225586,688.7718505859375,95.31615447998047,0.9967420697212219,651.3936767578125,96.85742950439453,0.9996026158332825,617.2273559570312,93.15987396240234,0.9996466636657715,698.8107299804688,125.41285705566406,0.46342572569847107,693.0262451171875,134.71131896972656,0.8048112988471985,599.3954467773438,129.92843627929688,0.9850570559501648,702.6942138671875,66.36817932128906,0.977984607219696,702.49853515625,51.08469772338867,0.7324977517127991,619.6428833007812,58.218605041503906,0.790505051612854
1004,741.9830322265625,119.11345672607422,0.9853175282478333,734.3197631835938,49.356788635253906,0.9970651268959045,712.0783081054688,88.26582336425781,0.9978922009468079,689.1402587890625,95.01251983642578,0.9973050355911255,651.6070556640625,96.85742950439453,0.9996476173400879,617.6620483398438,93.16370391845703,0.9997102618217468,698.8131713867188,125.17440795898438,0.4297148585319519,693.0237426757812,134.8674774169922,0.8329734802246094,599.3970336914062,129.92843627929688,0.9843196272850037,702.3623657226562,65.83990478515625,0.967034101486206,638.5114135742188,51.08469772338867,0.7810859084129333,619.6853637695312,58.42327880859375,0.8743804097175598
1005,742.0361328125,119.1940689086914,0.9874163269996643,735.9514770507812,49.56589889526367,0.9974365830421448,712.1992797851562,88.00175476074219,0.9974114298820496,689.45947265625,91.94447326660156,0.9972667694091797,651.6317138671875,96.84442901611328,0.9996147155761719,618.2041015625,93.15987396240234,0.9997352957725525,698.86328125,125.16685485839844,0.43367379903793335,692.9976196289062,134.8674774169922,0.8643274903297424,599.559814453125,129.98287963867188,0.98382967710495,702.1063232421875,65.53219604492188,0.9643474817276001,638.5114135742188,51.08469772338867,0.8861732482910156,619.6853637695312,58.42327880859375,0.873153567314148
1006,742.1226806640625,120.24754333496094,0.9808798432350159,736.7304077148438,49.56589889526367,0.9972777962684631,712.446044921875,87.8916015625,0.9971517324447632,689.7103881835938,91.83646392822266,0.9974996447563171,651.858154296875,96.77642059326172,0.9996389150619507,618.5641479492188,93.15987396240234,0.9997552037239075,699.3512573242188,124.49867248535156,0.44524461030960083,692.91259765625,135.07455444335938,0.9066029191017151,599.5739135742188,130.00363159179688,0.9793744087219238,701.6693115234375,65.16944885253906,0.9540941119194031,638.5114135742188,51.08469772338867,0.9313955307006836,619.6428833007812,58.42327880859375,0.889392077922821
1007,742.5359497070312,121.17488098144531,0.9840466380119324,737.2531127929688,49.56589889526367,0.997379720211029,712.89453125,87.83910369873047,0.9974147081375122,689.7103881835938,91.6165542602539,0.9979588985443115,651.9661865234375,96.66802978515625,0.9996504783630371,618.9739990234375,93.1387939453125,0.9997739195823669,699.3512573242188,123.33416748046875,0.5275022983551025,692.58056640625,135.2250213623047,0.9290807843208313,600.0604858398438,130.1192626953125,0.9758062362670898,700.5733642578125,65.08296966552734,0.9257535338401794,639.493896484375,50.792144775390625,0.9526944756507874,616.2197875976562,55.63739776611328,0.885647714138031
1008,742.7159423828125,121.47935485839844,0.9881701469421387,737.333984375,48.70505142211914,0.9968308806419373,713.4506225585938,86.99124908447266,0.9964914917945862,689.9490356445312,91.58734130859375,0.9976605176925659,652.1712646484375,96.57830810546875,0.9996633529663086,619.249267578125,93.1387939453125,0.9997465014457703,699.3512573242188,122.50031280517578,0.6536692380905151,692.39501953125,135.2250213623047,0.9453489780426025,600.250732421875,130.13558959960938,0.9750076532363892,700.3368530273438,64.12504577636719,0.9093061089515686,641.2979125976562,50.43960952758789,0.9791852831840515,616.0591430664062,55.57868194580078,0.9201767444610596
1009,743.1053466796875,121.47935485839844,0.9902170896530151,737.3952026367188,48.474098205566406,0.996360719203949,714.0108642578125,86.46045684814453,0.9945852160453796,690.2908935546875,91.45989227294922,0.9972320199012756,652.6779174804688,96.54396057128906,0.9996389150619507,619.6344604492188,93.1387939453125,0.9997426867485046,699.9103393554688,117.59927368164062,0.8575704097747803,691.8990478515625,135.2250213623047,0.9620321989059448,600.2813110351562,130.22418212890625,0.972182035446167,700.1699829101562,64.12504577636719,0.8991615176200867,642.2189331054688,50.332008361816406,0.9691257476806641,616.0591430664062,55.328399658203125,0.9011028409004211
1010,743.2040405273438,121.47935485839844,0.9926002621650696,737.6978149414062,47.813743591308594,0.9971619844436646,714.0108642578125,85.70936584472656,0.9959855675697327,690.4163818359375,91.44095611572266,0.9975009560585022,653.0287475585938,96.54396057128906,0.9996675252914429,619.79443359375,93.16775512695312,0.9997434020042419,699.9103393554688,117.06790161132812,0.9325551986694336,691.8990478515625,135.32009887695312,0.970214307308197,600.3457641601562,130.22418212890625,0.9680955410003662,700.0057373046875,64.12504577636719,0.8915079236030579,642.6203002929688,50.06938934326172,0.9668663740158081,616.2197875976562,55.328399658203125,0.9058334827423096
1011,744.8839111328125,121.16529846191406,0.9953573346138,737.95849609375,47.62337875366211,0.9971745014190674,714.0108642578125,85.27257537841797,0.997032880783081,691.6495361328125,91.43058776855469,0.9985111355781555,653.9234008789062,96.54396057128906,0.9995598196983337,620.0909423828125,93.16775512695312,0.9997013211250305,701.8375244140625,116.74960327148438,0.9468110799789429,691.8990478515625,135.20343017578125,0.9855960607528687,600.3457641601562,130.22418212890625,0.9657314419746399,696.4301147460938,64.21996307373047,0.9023609161376953,643.7636108398438,49.874755859375,0.950903594493866,616.3585815429688,55.328399658203125,0.9016980528831482
1012,745.7557373046875,119.30947875976562,0.9969948530197144,737.95849609375,47.05455780029297,0.9973625540733337,713.537841796875,84.34840393066406,0.9985198378562927,691.7042846679688,90.9013900756836,0.9989736080169678,654.0573120117188,96.54396057128906,0.9993627667427063,620.2320556640625,93.17945861816406,0.9997482895851135,704.6693725585938,116.74960327148438,0.8770565986633301,691.8726196289062,135.17811584472656,0.988501787185669,600.250732421875,129.80941772460938,0.9610306620597839,695.2631225585938,64.21996307373047,0.9311771392822266,645.4902954101562,49.59147262573242,0.9406464695930481,616.430908203125,55.66210174560547,0.889541745185852
1013,747.2422485351562,118.83980560302734,0.9982166886329651,737.95849609375,45.91913604736328,0.9976931214332581,713.537841796875,83.99057006835938,0.9990123510360718,692.3516845703125,90.65132904052734,0.9992045760154724,654.2342529296875,96.54396057128906,0.998752236366272,620.69970703125,93.53462982177734,0.9996592998504639,704.923095703125,116.39764404296875,0.8482440114021301,691.8726196289062,134.8212890625,0.9930016398429871,600.3457641601562,128.86610412597656,0.9565457701683044,694.2022094726562,64.21996307373047,0.9555606245994568,646.9966430664062,49.394466400146484,0.9384769201278687,616.430908203125,55.66210174560547,0.9279205799102783
1014,747.4518432617188,118.07037353515625,0.9983008503913879,737.5027465820312,45.097110748291016,0.9975243210792542,713.537841796875,83.224365234375,0.9989535808563232,693.0619506835938,89.61983489990234,0.9994387030601501,654.76416015625,96.16963958740234,0.9986051917076111,620.7613525390625,94.14265441894531,0.9997939467430115,704.923095703125,116.39764404296875,0.8199270367622375,691.8726196289062,134.4254608154297,0.9926655888557434,600.39013671875,128.7958984375,0.9481854438781738,693.3173217773438,63.5710563659668,0.9549871683120728,649.3463134765625,48.450496673583984,0.9275949001312256,616.430908203125,55.66210174560547,0.9470890164375305
1015,747.734375,116.51378631591797,0.998028576374054,736.542236328125,44.266937255859375,0.9968205690383911,713.8561401367188,82.32395935058594,0.9989749193191528,693.9740600585938,89.23062896728516,0.9995453953742981,654.8275146484375,95.67481994628906,0.9987890124320984,621.2132568359375,94.14265441894531,0.9998601675033569,705.4838256835938,116.12162780761719,0.8208076357841492,691.8726196289062,133.13612365722656,0.9930610060691833,600.39013671875,128.73477172851562,0.9473029375076294,693.08935546875,63.22132873535156,0.9207125306129456,649.82861328125,46.42426681518555,0.8783261179924011,616.3820190429688,55.65721130371094,0.9501569867134094
1016,748.8909301757812,114.52584838867188,0.9976149797439575,736.09765625,43.825477600097656,0.9961028099060059,714.6953125,81.75792694091797,0.9989126920700073,695.28662109375,88.45899963378906,0.999526858329773,654.8439331054688,93.17073059082031,0.9986016154289246,621.930908203125,94.14265441894531,0.9999096393585205,705.4838256835938,115.58177947998047,0.7186784744262695,691.8726196289062,132.39663696289062,0.9893432855606079,601.444580078125,128.45306396484375,0.9377745389938354,693.08935546875,62.220726013183594,0.8722729682922363,654.4456176757812,45.877437591552734,0.9290289282798767,615.88134765625,55.509727478027344,0.9429693222045898
1017,750.0489501953125,112.05680084228516,0.9966942071914673,735.989013671875,43.02872848510742,0.9957550764083862,715.6378784179688,80.30806732177734,0.9977651834487915,696.4682006835938,87.17633819580078,0.9994186162948608,655.6276245117188,92.4720458984375,0.9991639852523804,623.03076171875,93.7091064453125,0.999943733215332,732.2110595703125,102.59618377685547,0.8517449498176575,692.080810546875,131.5623779296875,0.987509548664093,602.0305786132812,128.22076416015625,0.9246358275413513,693.08935546875,60.94205856323242,0.8285334706306458,658.21337890625,45.531097412109375,0.9802455306053162,615.8380126953125,55.423091888427734,0.9610095024108887
1018,755.0951538085938,107.75312805175781,0.9964543581008911,735.9889526367188,42.54313659667969,0.9958509206771851,716.2774047851562,79.98709869384766,0.9966225624084473,697.5423583984375,85.8453598022461,0.9993952512741089,656.4810180664062,91.84445190429688,0.9992719292640686,623.9860229492188,92.84907531738281,0.99994957447052,735.6727905273438,100.3104019165039,0.8847509026527405,692.4224853515625,130.6703643798828,0.9866489768028259,603.1509399414062,128.02243041992188,0.8888033628463745,696.4750366210938,58.13059616088867,0.8529917001724243,661.5201416015625,45.25486373901367,0.9823538064956665,614.9879150390625,55.22809982299805,0.9579029679298401
1019,757.0982666015625,107.43087768554688,0.9944085478782654,735.989013671875,42.43014907836914,0.9947319030761719,716.7096557617188,79.06149291992188,0.9962060451507568,698.4469604492188,84.79551696777344,0.9992227554321289,657.0963745117188,91.05564880371094,0.9994683861732483,624.9555053710938,92.45928192138672,0.9999456405639648,739.7869262695312,96.55713653564453,0.9326044321060181,692.901611328125,130.57925415039062,0.9770330190658569,603.7914428710938,127.42513275146484,0.8567536473274231,696.6151123046875,56.60436248779297,0.8630285263061523,663.212158203125,44.25486373901367,0.9650155305862427,614.9879150390625,55.057220458984375,0.9581775665283203
1020,758.3326416015625,107.43087768554688,0.9879619479179382,735.989013671875,42.33817672729492,0.9933345317840576,717.5521240234375,78.38888549804688,0.9969326257705688,699.018310546875,84.0385971069336,0.9989380240440369,658.2557373046875,90.34395599365234,0.9995249509811401,626.345947265625,91.54400634765625,0.9999525547027588,743.5772094726562,95.98966217041016,0.9389026761054993,692.901611328125,130.54217529296875,0.9811680316925049,605.9241333007812,125.35111236572266,0.8555334210395813,696.6151123046875,55.54805374145508,0.8010615110397339,665.1399536132812,44.25486373901367,0.8090102672576904,614.9879150390625,55.057220458984375,0.9552289843559265
1021,758.5405883789062,107.75312805175781,0.9749062061309814,736.7169799804688,41.915313720703125,0.9900327920913696,719.4454345703125,77.62676239013672,0.9969639182090759,700.2167358398438,82.55709838867188,0.9987199306488037,659.371337890625,89.65348052978516,0.9995212554931641,627.8408203125,90.83316040039062,0.9999536275863647,747.0921630859375,94.03147888183594,0.9185658693313599,692.901611328125,130.10658264160156,0.9793714284896851,606.3524169921875,124.51151275634766,0.8635056614875793,696.8489990234375,55.54805374145508,0.7129746675491333,667.0846557617188,44.25486373901367,0.8146408796310425,615.5576782226562,55.057220458984375,0.9624271988868713
1022,759.0467529296875,108.28453826904297,0.9680829048156738,737.960693359375,41.76927947998047,0.9874120950698853,720.8164672851562,76.93573760986328,0.9980800151824951,700.4625244140625,81.33236694335938,0.9978000521659851,660.6398315429688,88.94098663330078,0.9995228052139282,629.1918334960938,90.61183166503906,0.9999316930770874,748.3875122070312,93.34239196777344,0.9394345879554749,692.7633056640625,130.05355834960938,0.9711968898773193,606.8638916015625,124.19853973388672,0.8633914589881897,697.0291748046875,55.32951736450195,0.6514662504196167,690.1116333007812,125.94038391113281,0.8401405215263367,615.6783447265625,55.28948211669922,0.9692422151565552
1023,759.1064453125,108.7264175415039,0.9740139842033386,739.4310302734375,41.76927947998047,0.9815053343772888,722.3750610351562,75.91100311279297,0.9981301426887512,703.8826293945312,81.1253662109375,0.9967709183692932,662.405517578125,88.0058822631836,0.9993599057197571,630.89013671875,90.61183166503906,0.9998830556869507,750.3925170898438,93.19654083251953,0.9579445123672485,692.7633056640625,129.60110473632812,0.9702503681182861,609.1636352539062,123.79531860351562,0.8629166483879089,722.6980590820312,55.01240539550781,0.639636754989624,690.1500244140625,125.94038391113281,0.848700225353241,615.8798217773438,55.31426239013672,0.9664137959480286
1024,759.1064453125,109.2882080078125,0.967080295085907,740.4126586914062,41.76927947998047,0.9602475166320801,724.2727661132812,74.78849792480469,0.9976141452789307,704.307373046875,80.70655059814453,0.9954535961151123,665.769287109375,87.59380340576172,0.9992269277572632,632.3489990234375,90.57775115966797,0.9997358918190002,751.5505981445312,93.02638244628906,0.9730497002601624,692.487060546875,129.44598388671875,0.961427628993988,609.528564453125,123.46759796142578,0.8634252548217773,724.619140625,54.5037727355957,0.8599874377250671,690.2850341796875,125.94038391113281,0.8981683850288391,615.8798217773438,55.376346588134766,0.9697063565254211
1025,759.1064453125,110.47273254394531,0.9760437607765198,741.5740356445312,42.530094146728516,0.9014737606048584,725.3942260742188,74.5120620727539,0.9967561364173889,705.3595581054688,78.37031555175781,0.9953502416610718,667.6299438476562,86.68115234375,0.9994261264801025,632.69775390625,90.13838195800781,0.9997232556343079,751.6106567382812,93.02638244628906,0.96860671043396,692.1105346679688,129.12844848632812,0.9576243162155151,610.1909790039062,123.35993194580078,0.8707375526428223,728.2380981445312,54.5037727355957,0.8607344627380371,690.763671875,125.94038391113281,0.893950879573822,615.8798217773438,55.376346588134766,0.9525956511497498
1026,758.7472534179688,112.72998046875,0.9764531254768372,742.1968383789062,43.080238342285156,0.8521628975868225,726.0529174804688,74.5120620727539,0.9949658513069153,705.9702758789062,78.30485534667969,0.9950131773948669,668.5577392578125,86.53255462646484,0.9993236064910889,633.6156616210938,89.56055450439453,0.999733030796051,751.6106567382812,92.41494750976562,0.96148681640625,677.7655029296875,44.63642501831055,0.9620694518089294,611.142333984375,123.0555648803711,0.8840697407722473,732.09716796875,53.7434196472168,0.8233414888381958,691.1103515625,125.94038391113281,0.8958861231803894,615.8756103515625,55.33096694946289,0.9496779441833496
1027,755.928955078125,115.22261810302734,0.9869242906570435,742.720703125,43.709041595458984,0.609083890914917,726.8084716796875,74.5120620727539,0.98189377784729,706.31884765625,78.1693115234375,0.991837203502655,669.2838745117188,86.3291244506836,0.9994004964828491,633.9447631835938,88.14199829101562,0.9997864365577698,751.6106567382812,91.50220489501953,0.946575939655304,677.4530639648438,44.290470123291016,0.9882199764251709,611.2098999023438,123.02544403076172,0.8670928478240967,733.6043090820312,53.7434196472168,0.776220977306366,691.2942504882812,126.05742645263672,0.9083122611045837,615.738525390625,55.31426239013672,0.9347362518310547
1028,755.7164306640625,119.8922348022461,0.9776736497879028,742.720703125,45.32472229003906,0.3300938904285431,727.4519653320312,75.070556640625,0.9491807818412781,706.8120727539062,78.1693115234375,0.9883379340171814,670.318603515625,86.2123031616211,0.9993399977684021,634.70166015625,87.76492309570312,0.9998112320899963,750.802001953125,90.31582641601562,0.8066403865814209,677.4530639648438,44.075645446777344,0.9909441471099854,611.964599609375,122.26737213134766,0.8685230612754822,734.4702758789062,53.7434196472168,0.7034260034561157,693.7316284179688,126.98956298828125,0.9069819450378418,615.738525390625,55.23436737060547,0.9252554178237915
1029,754.2549438476562,121.87934112548828,0.971789538860321,742.720703125,45.70530319213867,0.3346047103404999,728.2647094726562,75.45552062988281,0.9301460981369019,707.7833862304688,78.21885681152344,0.9905746579170227,671.1316528320312,85.94723510742188,0.9992942810058594,635.2890625,87.76492309570312,0.9998109936714172,750.7174072265625,90.31582641601562,0.6735582947731018,677.7655029296875,44.04372787475586,0.9905497431755066,612.3753051757812,122.04900360107422,0.879148006439209,735.188232421875,54.05030822753906,0.7180095911026001,693.9853515625,126.98956298828125,0.9193423986434937,615.738525390625,55.221343994140625,0.9202165007591248
1030,754.2549438476562,122.88307189941406,0.9704959392547607,744.7269287109375,124.24530029296875,0.4303222894668579,728.96240234375,75.86097717285156,0.8694757223129272,709.2454833984375,78.30485534667969,0.9863054752349854,671.8123168945312,85.72190856933594,0.9989084005355835,635.8875732421875,87.76492309570312,0.9998176693916321,750.7174072265625,90.31582641601562,0.5814442038536072,677.8853759765625,43.97201919555664,0.9908985495567322,746.5084838867188,49.36445236206055,0.8726801872253418,736.5260009765625,55.017024993896484,0.7310953736305237,694.291259765625,126.98956298828125,0.910747766494751,616.0064086914062,55.18505859375,0.922591507434845
1031,754.2549438476562,124.29873657226562,0.9815868735313416,745.7301635742188,124.24530029296875,0.5496693849563599,729.5953369140625,76.37760162353516,0.8790321946144104,709.8208618164062,78.43501281738281,0.9863507151603699,672.756103515625,85.63082122802734,0.9992467164993286,637.78759765625,88.68901062011719,0.9998674392700195,750.7174072265625,90.36750030517578,0.5991324782371521,678.9275512695312,43.89238739013672,0.9886295795440674,748.7607421875,49.36445236206055,0.8426515460014343,738.0447998046875,55.766056060791016,0.7182499766349792,694.3269653320312,126.9319076538086,0.8998794555664062,616.208740234375,55.18505859375,0.9252097010612488
1032,754.7927856445312,124.7532958984375,0.9823645949363708,753.3729248046875,124.24530029296875,0.5697183609008789,730.0234375,76.99935150146484,0.8930791020393372,710.6218872070312,78.59910583496094,0.9911969900131226,673.4884643554688,85.61079406738281,0.9994282126426697,638.8434448242188,88.68901062011719,0.9999167919158936,751.01708984375,90.80897521972656,0.5518208742141724,679.5975341796875,43.89238739013672,0.9827835559844971,750.7785034179688,49.219459533691406,0.8660120368003845,739.2675170898438,56.3543701171875,0.6501850485801697,694.4180297851562,126.9319076538086,0.9015343189239502,616.3063354492188,55.18505859375,0.9272630214691162
1033,755.8568725585938,125.2597427368164,0.9826050996780396,754.3779907226562,47.12543869018555,0.5622406005859375,731.8416748046875,76.99935150146484,0.9164958596229553,710.9583740234375,78.59910583496094,0.9920725226402283,673.6786499023438,85.5975112915039,0.9995850920677185,639.4816284179688,88.68901062011719,0.9999494552612305,751.249267578125,90.87980651855469,0.6115982532501221,682.8584594726562,43.92842102050781,0.977799117565155,750.7785034179688,49.36445236206055,0.8691639304161072,740.2750854492188,56.971309661865234,0.6244940161705017,694.4180297851562,126.93114471435547,0.9118630290031433,616.3920288085938,55.28554153442383,0.913129448890686
1034,757.0484619140625,125.2597427368164,0.9817080497741699,754.7667236328125,46.59468078613281,0.6949008107185364,732.225341796875,76.99935150146484,0.9172515869140625,711.0557250976562,78.43501281738281,0.9921106696128845,674.0127563476562,85.22889709472656,0.9996302127838135,639.967041015625,88.6767578125,0.999955415725708,751.7545166015625,90.91271209716797,0.6738236546516418,684.2910766601562,43.97201919555664,0.9767882823944092,750.7785034179688,49.87882995605469,0.868645429611206,740.86474609375,57.257572174072266,0.58847576379776,694.4180297851562,126.93114471435547,0.9211199283599854,616.3987426757812,55.288448333740234,0.9077745079994202
1035,758.6068115234375,125.2597427368164,0.9714635610580444,754.7667236328125,45.1332893371582,0.8797436952590942,733.024169921875,76.31582641601562,0.9621776342391968,711.4781494140625,78.56388854980469,0.9964740872383118,674.6132202148438,84.97151947021484,0.9997128844261169,640.4568481445312,88.61469268798828,0.9999563694000244,752.0269165039062,91.43360900878906,0.6743248105049133,687.5620727539062,44.98381042480469,0.9574798345565796,618.7849731445312,119.97105407714844,0.8685178160667419,741.095947265625,57.257572174072266,0.7294308543205261,694.0929565429688,126.89820098876953,0.9145941138267517,616.8642578125,55.30342102050781,0.9081808924674988
1036,759.4437866210938,125.23006439208984,0.9767329096794128,756.1369018554688,45.1332893371582,0.9536153674125671,733.7880249023438,76.31582641601562,0.9807753562927246,711.7325439453125,78.56388854980469,0.9979714751243591,674.6279907226562,84.61688995361328,0.9997437596321106,640.8707275390625,88.43663787841797,0.9999650716781616,752.300537109375,92.2928237915039,0.7161661982536316,691.7136840820312,129.09017944335938,0.9507958889007568,618.5247802734375,120.1484603881836,0.825293242931366,741.095947265625,57.257572174072266,0.6686192154884338,693.8187255859375,126.73177337646484,0.8878156542778015,616.9984741210938,55.37811279296875,0.9277839660644531
1037,760.8433227539062,124.12608337402344,0.9849387407302856,757.9898681640625,44.84035873413086,0.9468855857849121,734.2151489257812,76.31582641601562,0.9912416934967041,712.21875,78.56388854980469,0.9987276196479797,675.0701904296875,84.24900817871094,0.9998251795768738,641.5697021484375,88.42390441894531,0.9999639987945557,752.3508911132812,93.89775085449219,0.6102872490882874,691.8990478515625,129.3546142578125,0.9605175256729126,618.5247802734375,120.3026123046875,0.866908073425293,741.095947265625,56.38129425048828,0.32150253653526306,693.660400390625,126.50595092773438,0.8852896094322205,617.0474853515625,55.40616989135742,0.9185531735420227
1038,760.9223022460938,123.11853790283203,0.9830846190452576,758.9475708007812,44.84035873413086,0.9686123132705688,734.606201171875,76.35795593261719,0.9951918125152588,713.4673461914062,78.57000732421875,0.9991145730018616,675.851318359375,84.10533142089844,0.9998403787612915,641.836181640625,88.14018249511719,0.9999641180038452,752.3508911132812,93.89775085449219,0.7036808729171753,691.9116821289062,129.4248504638672,0.9608837962150574,618.5247802734375,120.32383728027344,0.8352697491645813,715.0846557617188,54.86539840698242,0.4984433352947235,690.6740112304688,44.375911712646484,0.8454485535621643,617.0498657226562,55.42635726928711,0.9096381068229675
1039,762.078125,119.00540161132812,0.9757344722747803,759.666015625,45.45107650756836,0.9882986545562744,735.0011596679688,76.42594146728516,0.9954420328140259,714.4226684570312,78.57000732421875,0.999150276184082,677.0093383789062,84.03813934326172,0.9998732805252075,642.931884765625,88.14018249511719,0.99996018409729,752.3508911132812,93.89775085449219,0.7186176180839539,691.9116821289062,129.4834747314453,0.9664977788925171,618.7849731445312,120.49618530273438,0.8391478657722473,715.0846557617188,54.34832763671875,0.6484308838844299,678.6459350585938,44.180641174316406,0.8584133386611938,617.2903442382812,55.45033645629883,0.9184867143630981
1040,763.046142578125,118.92578125,0.9771162867546082,761.724365234375,46.641719818115234,0.9773281812667847,735.7860717773438,76.97831726074219,0.993954598903656,715.1915893554688,78.68470001220703,0.9987425208091736,678.3255615234375,84.03813934326172,0.9998503923416138,643.724609375,88.14018249511719,0.9999451637268066,723.9276733398438,55.11248779296875,0.612899899482727,691.9116821289062,129.9528045654297,0.9635348916053772,619.41748046875,120.49618530273438,0.7550450563430786,715.0846557617188,54.34832763671875,0.8364683985710144,678.3536987304688,44.1635856628418,0.8757888078689575,617.2903442382812,55.45033645629883,0.9152421355247498
1041,767.3841552734375,115.9373550415039,0.9908037185668945,763.7499389648438,48.121192932128906,0.9743915796279907,736.1214599609375,77.2108383178711,0.9942072629928589,715.2421264648438,78.68470001220703,0.9985529780387878,679.4033813476562,84.10533142089844,0.9998050332069397,645.0792846679688,88.19496154785156,0.9999459981918335,722.068603515625,55.11248779296875,0.5495047569274902,691.8990478515625,130.53054809570312,0.9595346450805664,620.4647216796875,120.49618530273438,0.8007610440254211,717.0621948242188,54.34832763671875,0.7518706917762756,678.3536987304688,44.07344055175781,0.8665821552276611,617.2903442382812,55.57573318481445,0.912185549736023
1042,768.408935546875,115.15457916259766,0.9912160634994507,763.9466552734375,50.33003616333008,0.9733127951622009,736.1522827148438,77.2108383178711,0.9953576922416687,715.5574340820312,78.74465942382812,0.9983924031257629,679.9308471679688,84.27971649169922,0.9997639060020447,647.5574951171875,88.19496154785156,0.9999004602432251,717.53759765625,55.11248779296875,0.5034002065658569,691.9116821289062,130.74102783203125,0.9578140377998352,626.7965698242188,118.12012481689453,0.9027180671691895,720.0648803710938,55.822059631347656,0.6351932883262634,678.3536987304688,44.07344055175781,0.9193530082702637,617.2841186523438,55.787376403808594,0.9253936409950256
1043,769.7575073242188,114.22515106201172,0.9931426048278809,764.9884643554688,52.943641662597656,0.9596076607704163,736.8285522460938,77.2108383178711,0.9927061200141907,716.8514404296875,80.72380065917969,0.9983654618263245,680.120361328125,84.99293518066406,0.9997625946998596,648.6787109375,88.19496154785156,0.9997993111610413,722.068603515625,56.7873420715332,0.22666572034358978,691.8316040039062,131.31414794921875,0.9678696990013123,636.2550048828125,118.12012481689453,0.949238657951355,727.71533203125,55.89345169067383,0.6597863435745239,678.3536987304688,43.96661376953125,0.9203243255615234,617.1180419921875,55.82918930053711,0.922862708568573
1044,771.2422485351562,113.63117980957031,0.9919648170471191,764.9884643554688,54.33189010620117,0.9190057516098022,738.0817260742188,77.13057708740234,0.9902216196060181,717.2754516601562,80.9815673828125,0.997627317905426,680.4716796875,85.33380126953125,0.9996814727783203,648.8733520507812,88.05963134765625,0.9997941851615906,723.9276733398438,56.7873420715332,0.1733010858297348,691.6912841796875,131.84593200683594,0.9705454707145691,639.3062133789062,118.12012481689453,0.9823774099349976,728.9384155273438,55.89345169067383,0.7303263545036316,678.3536987304688,43.96661376953125,0.9102378487586975,617.0045166015625,55.96778869628906,0.9268586039543152
1045,772.0549926757812,113.63117980957031,0.9916921854019165,765.4850463867188,54.630489349365234,0.9142888784408569,738.357421875,77.13057708740234,0.9914534091949463,717.6514892578125,81.12391662597656,0.9978833794593811,681.3466186523438,85.33380126953125,0.9997150301933289,649.6664428710938,88.03892517089844,0.9998059868812561,734.6461791992188,56.7873420715332,0.3936251103878021,691.4669189453125,132.7560577392578,0.9781516194343567,643.4470825195312,119.95404815673828,0.9878134727478027,728.9384155273438,55.89345169067383,0.8213275671005249,678.2206420898438,43.92782211303711,0.8978540301322937,616.9669189453125,56.29817199707031,0.9209844470024109
1046,772.0693969726562,113.63117980957031,0.9907208681106567,766.7581176757812,55.025089263916016,0.7844420075416565,739.8683471679688,77.13057708740234,0.9887624382972717,718.2928466796875,81.48101806640625,0.9981123208999634,682.02392578125,85.33380126953125,0.9996892213821411,650.7606811523438,88.03892517089844,0.9998107552528381,737.8934326171875,56.7873420715332,0.41642647981643677,691.2478637695312,133.034912109375,0.9860103130340576,645.7936401367188,120.05128479003906,0.98371821641922,728.9384155273438,56.38616180419922,0.6127971410751343,678.1507568359375,43.86488342285156,0.8748992085456848,616.9321899414062,56.327301025390625,0.9135487079620361
1047,772.6336059570312,114.30784606933594,0.988791823387146,766.7616577148438,55.22579574584961,0.6555467247962952,740.8637084960938,77.73597717285156,0.9854227304458618,719.7654418945312,81.58938598632812,0.9983727931976318,683.321044921875,85.24774169921875,0.9996885061264038,651.6219482421875,88.05963134765625,0.9998534917831421,742.237060546875,56.7873420715332,0.4846072793006897,691.2478637695312,133.13006591796875,0.9940435290336609,646.6567993164062,120.06719207763672,0.9813463091850281,715.338623046875,99.3023910522461,0.5382996797561646,678.1507568359375,43.65176010131836,0.8551927804946899,616.9321899414062,56.34874725341797,0.8981236815452576
1048,772.746826171875,114.36365509033203,0.9905168414115906,767.7451782226562,55.22579574584961,0.7091372609138489,741.85302734375,78.14070129394531,0.9821986556053162,720.8079833984375,81.80316162109375,0.9985988736152649,684.7869262695312,85.06622314453125,0.9996652603149414,652.207763671875,88.05963134765625,0.999869704246521,747.1114501953125,57.67967987060547,0.3713216483592987,690.7496948242188,133.5561065673828,0.9937844276428223,647.0983276367188,120.54955291748047,0.9819276332855225,715.2496948242188,99.84526824951172,0.6529629230499268,678.1924438476562,43.38392639160156,0.8388843536376953,616.9321899414062,56.34874725341797,0.8936831951141357
1049,774.466552734375,114.4641342163086,0.9868701100349426,769.4668579101562,55.22579574584961,0.8214517831802368,742.2203979492188,78.92697143554688,0.9825223684310913,721.5538940429688,82.1327896118164,0.9988658428192139,686.94287109375,85.06622314453125,0.9998041987419128,653.2838745117188,88.03892517089844,0.9998756647109985,748.8037109375,58.15141677856445,0.5154542326927185,690.7496948242188,133.5561065673828,0.9964451193809509,653.07080078125,125.31243133544922,0.9814842939376831,715.2496948242188,100.98637390136719,0.7712067365646362,678.2206420898438,42.96422576904297,0.8371515870094299,617.04638671875,56.39012145996094,0.8732548356056213
1050,775.3799438476562,114.93920135498047,0.9813643097877502,772.0994873046875,55.22579574584961,0.7782737612724304,742.4918212890625,79.6435775756836,0.9859095215797424,722.1283569335938,82.4208755493164,0.99904865026474,687.7743530273438,85.06622314453125,0.999836802482605,656.5593872070312,88.22085571289062,0.9998806715011597,749.6011962890625,58.43662643432617,0.6377668976783752,690.8362426757812,133.73509216308594,0.9973899722099304,654.6083374023438,125.33214569091797,0.983426570892334,715.338623046875,101.05276489257812,0.8152217268943787,678.2305297851562,42.89229965209961,0.8199751377105713,617.2407836914062,56.39012145996094,0.875379741191864
1051,775.5320434570312,115.34848022460938,0.9787601828575134,774.0951538085938,55.22579574584961,0.731346070766449,743.0253295898438,80.52399444580078,0.9843279123306274,723.0159912109375,82.91703033447266,0.998986542224884,688.7033081054688,85.06771087646484,0.999850869178772,656.7123413085938,88.22085571289062,0.9999037981033325,751.3104858398438,60.51628875732422,0.7906776666641235,690.952392578125,133.5561065673828,0.9973883032798767,655.4999389648438,126.59590911865234,0.9882657527923584,715.8173217773438,101.2801513671875,0.8444532752037048,678.5455932617188,42.680362701416016,0.7338532209396362,617.2600708007812,56.39012145996094,0.8429499268531799
1052,775.7550048828125,115.65312957763672,0.9833133816719055,774.9213256835938,57.334999084472656,0.6749628186225891,743.7173461914062,81.34441375732422,0.984031617641449,724.0791625976562,82.91703033447266,0.9987970590591431,689.8895263671875,85.2269287109375,0.9998446702957153,657.3931884765625,88.22085571289062,0.9999290704727173,751.517578125,60.97708511352539,0.8392354249954224,690.9363403320312,133.5561065673828,0.9972009658813477,658.3325805664062,127.28695678710938,0.9869422912597656,716.2171020507812,101.50476837158203,0.8544823527336121,678.5927734375,42.680362701416016,0.7393816709518433,617.2970581054688,56.43209457397461,0.8291728496551514
1053,777.0219116210938,116.87686920166016,0.9900050759315491,776.7293701171875,57.53447723388672,0.7267012596130371,745.1939697265625,82.2089614868164,0.9834923148155212,724.9266357421875,83.17818450927734,0.9984177350997925,690.7040405273438,85.29383087158203,0.9998464584350586,657.7467041015625,88.3259506225586,0.99992835521698,752.5404663085938,61.71194076538086,0.8348578214645386,690.952392578125,133.4126434326172,0.9972534775733948,658.3325805664062,127.45663452148438,0.9879612326622009,716.523681640625,101.78348541259766,0.8663414120674133,678.8703002929688,42.680362701416016,0.6434010863304138,617.3414306640625,56.43209457397461,0.8370924592018127
1054,777.5114135742188,118.62235260009766,0.9930787682533264,778.5068969726562,57.53447723388672,0.6915926337242126,746.2357788085938,82.2089614868164,0.9782012701034546,725.2048950195312,83.35270690917969,0.9978501796722412,691.2487182617188,85.38066101074219,0.9998093247413635,658.01611328125,88.3259506225586,0.9999366998672485,753.2520141601562,62.84883499145508,0.6045446991920471,691.0892944335938,133.06593322753906,0.9962892532348633,658.3815307617188,127.62225341796875,0.9879012107849121,717.3558959960938,102.57550048828125,0.8922612071037292,689.864990234375,127.40213012695312,0.6840535402297974,617.7139282226562,56.486446380615234,0.8055779933929443
1055,777.5114135742188,120.26925659179688,0.9831515550613403,779.3793334960938,57.53447723388672,0.6032180190086365,747.2999877929688,82.2089614868164,0.9711829423904419,726.8919067382812,83.49151611328125,0.9982016086578369,691.6643676757812,85.45628356933594,0.9997547268867493,658.0795288085938,88.3259506225586,0.9999430179595947,756.1145629882812,62.84883499145508,0.6008986234664917,691.0892944335938,132.42941284179688,0.9966415166854858,658.3815307617188,127.64678192138672,0.9872061014175415,718.0865478515625,103.31522369384766,0.8837172389030457,689.864990234375,127.40213012695312,0.627934992313385,617.9238891601562,56.486446380615234,0.7729432582855225
1056,778.339111328125,123.60968780517578,0.9750449657440186,781.127197265625,56.95228576660156,0.6060821413993835,747.7314453125,81.74789428710938,0.9688149094581604,728.18408203125,83.8711166381836,0.9984079003334045,692.5429077148438,85.59619903564453,0.9997618794441223,658.7545776367188,88.22437286376953,0.9999420642852783,758.5301513671875,62.84883499145508,0.5858238339424133,691.0892944335938,131.8087615966797,0.9963977336883545,658.4967041015625,127.69297790527344,0.9879527688026428,718.5992431640625,103.31522369384766,0.9076759815216064,689.864990234375,127.40213012695312,0.6619937419891357,618.1558837890625,56.399208068847656,0.7694287896156311
1057,778.6259155273438,124.17213439941406,0.9794801473617554,783.588623046875,56.77108383178711,0.6769875884056091,749.624755859375,81.74789428710938,0.9775847792625427,730.4761962890625,84.8396224975586,0.9987585544586182,694.0304565429688,85.89381408691406,0.9996182918548584,659.6318359375,88.11705017089844,0.9999300241470337,763.5868530273438,60.823394775390625,0.7643635869026184,691.1821899414062,131.70912170410156,0.9966804385185242,658.5651245117188,127.64678192138672,0.98968106508255,719.778564453125,103.88312530517578,0.8300022482872009,689.2409057617188,127.20897674560547,0.6815037727355957,620.1199951171875,56.099205017089844,0.7973446846008301
1058,778.6259155273438,124.44974517822266,0.9885624647140503,788.2753295898438,56.616153717041016,0.6930147409439087,750.9357299804688,81.74789428710938,0.9794687032699585,731.6314697265625,85.06648254394531,0.9989714622497559,694.9157104492188,85.9459457397461,0.9995005130767822,660.201416015625,88.06189727783203,0.999930739402771,764.851806640625,60.245643615722656,0.8737823963165283,691.6989135742188,130.9850616455078,0.9965726137161255,658.724609375,127.64678192138672,0.9901841282844543,720.3125,104.4602279663086,0.8617210388183594,688.76220703125,127.1188735961914,0.6197974681854248,620.778564453125,56.07046890258789,0.8006492257118225
1059,778.6259155273438,125.02864074707031,0.9915870428085327,790.6162719726562,56.21489334106445,0.752517819404602,751.8378295898438,82.39818572998047,0.9784849286079407,732.7119140625,85.240966796875,0.9989973902702332,695.7702026367188,86.22554016113281,0.9995793700218201,660.89990234375,88.02230072021484,0.9999285936355591,764.851806640625,60.24104690551758,0.9034374952316284,692.7781372070312,130.75440979003906,0.994101345539093,659.0030517578125,126.66262817382812,0.9884442687034607,720.3125,106.90372467041016,0.8905919194221497,687.950439453125,126.645263671875,0.6022921800613403,622.2789916992188,55.28679656982422,0.8595125675201416
1060,778.6259155273438,125.82035827636719,0.9910763502120972,791.989013671875,55.60811996459961,0.8750091791152954,756.0811157226562,84.86552429199219,0.9840562343597412,733.7744750976562,85.85266876220703,0.999133288860321,696.867431640625,87.05418395996094,0.9996286630630493,662.7742309570312,88.02230072021484,0.9998277425765991,764.851806640625,60.24104690551758,0.8995323777198792,694.634765625,129.92884826660156,0.9905526638031006,659.0030517578125,125.9952392578125,0.9891279339790344,720.3125,108.0046157836914,0.8957085609436035,686.7288818359375,47.15785598754883,0.6409561038017273,639.6630859375,55.26527404785156,0.8447038531303406
1061,778.2520751953125,128.8339385986328,0.970793604850769,793.6221923828125,55.60811996459961,0.9307516813278198,757.7130737304688,85.91329956054688,0.9829303622245789,734.7891235351562,85.98534393310547,0.9989967942237854,698.8232421875,88.0419692993164,0.9996156692504883,664.7245483398438,88.02230072021484,0.9998552799224854,764.779296875,60.22105026245117,0.7809007167816162,696.9681396484375,129.92884826660156,0.9907383322715759,659.6016235351562,125.1828842163086,0.9883731007575989,720.275146484375,109.15021514892578,0.8091296553611755,686.7288818359375,47.15785598754883,0.6330592632293701,643.3946533203125,54.820247650146484,0.9796182513237
1062,777.8525390625,128.86253356933594,0.965004026889801,794.2922973632812,55.28128433227539,0.9272103309631348,758.4134521484375,86.84809112548828,0.9818467497825623,735.8772583007812,86.8480224609375,0.9989942908287048,700.0623779296875,88.37631225585938,0.9995505213737488,666.4264526367188,88.29204559326172,0.9999035596847534,764.4490356445312,60.22105026245117,0.7609347105026245,700.6519165039062,129.92884826660156,0.9856263995170593,659.8246459960938,124.83261108398438,0.9841710925102234,720.275146484375,109.38082885742188,0.821638822555542,686.7288818359375,47.15785598754883,0.8030438423156738,653.2557983398438,53.389312744140625,0.9714865684509277
1063,777.8525390625,129.63937377929688,0.9697158932685852,795.1874389648438,55.103355407714844,0.9615574479103088,759.1002197265625,87.53214263916016,0.9880532622337341,736.2913208007812,87.10892486572266,0.9991598129272461,700.5018310546875,88.916748046875,0.9995033740997314,667.7279052734375,88.65709686279297,0.9999086856842041,764.4490356445312,60.22105026245117,0.788210928440094,705.9575805664062,129.30384826660156,0.9890710115432739,659.8331909179688,124.65514373779297,0.9784411191940308,720.275146484375,109.5636215209961,0.7974446415901184,687.0554809570312,48.109554290771484,0.8810628056526184,662.8636474609375,52.975284576416016,0.9755603075027466
1064,777.8525390625,130.26150512695312,0.9802224040031433,796.0390014648438,54.6003532409668,0.9796338677406311,759.6219482421875,87.53214263916016,0.9938463568687439,737.7634887695312,87.1486587524414,0.9994708895683289,702.1574096679688,88.916748046875,0.999525785446167,668.1633911132812,88.73067474365234,0.9999091625213623,764.4490356445312,60.0732536315918,0.7737805247306824,714.43505859375,129.9799346923828,0.964656412601471,661.1507568359375,124.51427459716797,0.9779314398765564,723.9013671875,109.5636215209961,0.8669163584709167,688.2506103515625,48.155235290527344,0.8803890943527222,667.87890625,52.3303108215332,0.9389469027519226
1065,778.42529296875,130.31504821777344,0.9873110055923462,797.7176513671875,53.68772506713867,0.9818296432495117,761.065185546875,87.53214263916016,0.9937923550605774,739.201171875,87.1486587524414,0.9992745518684387,702.7828979492188,88.916748046875,0.99934321641922,669.203125,89.11355590820312,0.999868631362915,764.929931640625,59.29423522949219,0.7184404134750366,721.6797485351562,132.13026428222656,0.9778769612312317,662.151123046875,124.49871063232422,0.9772216081619263,725.36083984375,109.38082885742188,0.8132546544075012,688.4114990234375,48.16481018066406,0.8007547855377197,668.9179077148438,51.88886260986328,0.9480343461036682
1066,778.42529296875,130.44369506835938,0.989522397518158,797.7723388671875,52.89996337890625,0.9756587743759155,761.4277954101562,87.36588287353516,0.9929428100585938,740.5170288085938,87.1486587524414,0.9991424083709717,703.4052734375,88.78300476074219,0.9991733431816101,669.8203125,89.18384552001953,0.9998138546943665,765.560791015625,59.265865325927734,0.6824043393135071,729.9052734375,132.1764678955078,0.9764601588249207,663.7529296875,124.46342468261719,0.9783856272697449,767.6643676757812,63.20389938354492,0.7895358800888062,689.271728515625,48.16481018066406,0.6913580894470215,668.9360961914062,51.37120056152344,0.9418693780899048
1067,778.42529296875,130.82205200195312,0.9956971406936646,799.4111938476562,52.595611572265625,0.9845147132873535,761.96337890625,85.96065521240234,0.9924381375312805,742.1619873046875,87.21508026123047,0.9988665580749512,704.4221801757812,88.78300476074219,0.9992984533309937,671.083740234375,89.11355590820312,0.9998643398284912,765.68310546875,58.9332160949707,0.6815281510353088,733.3197021484375,133.89022827148438,0.9810402393341064,663.8345336914062,124.36089324951172,0.9788720011711121,767.6643676757812,62.94028091430664,0.8258129358291626,689.3484497070312,48.155235290527344,0.6801013946533203,669.5018920898438,51.250389099121094,0.9408543109893799
1068,777.685546875,131.36582946777344,0.9984138011932373,800.882568359375,52.58543014526367,0.9771881103515625,762.7899780273438,85.96065521240234,0.9924139380455017,743.8659057617188,87.52638244628906,0.9987483024597168,705.154541015625,88.78300476074219,0.9990921020507812,672.1702270507812,88.87113189697266,0.9998857975006104,765.68310546875,58.9332160949707,0.6927487850189209,739.271728515625,134.14266967773438,0.9902811050415039,664.0244750976562,124.29800415039062,0.9792114496231079,767.6643676757812,62.737396240234375,0.8424485921859741,690.4601440429688,47.33964920043945,0.44522467255592346,670.3663330078125,51.204994201660156,0.94203120470047
1069,777.685546875,131.63681030273438,0.999175488948822,802.103271484375,52.58543014526367,0.9789231419563293,764.1133422851562,85.96065521240234,0.9920262694358826,744.3656005859375,87.9403305053711,0.9986324906349182,705.3779296875,89.01178741455078,0.9990081191062927,672.7517700195312,88.87113189697266,0.9998793601989746,765.68310546875,58.9332160949707,0.6165052652359009,745.6260375976562,136.7017059326172,0.9738120436668396,664.3131103515625,124.16650390625,0.9764376282691956,767.1006469726562,62.737396240234375,0.8916347622871399,690.4601440429688,47.33964920043945,0.4121606945991516,670.8348388671875,51.204994201660156,0.9471447467803955
1070,777.63330078125,131.7315673828125,0.9991893172264099,802.8541870117188,52.595611572265625,0.9863749742507935,765.9791870117188,86.56646728515625,0.9936757683753967,745.7371215820312,88.16980743408203,0.9986690282821655,705.6973876953125,89.04236602783203,0.9991426467895508,673.6738891601562,88.79364776611328,0.9998887777328491,755.0136108398438,110.86810302734375,0.5414544939994812,746.5274047851562,136.89752197265625,0.9611386060714722,664.6243896484375,124.16650390625,0.97798752784729,766.9855346679688,62.737396240234375,0.9245896935462952,690.4601440429688,47.33964920043945,0.4784415662288666,671.8230590820312,51.250389099121094,0.9514373540878296
1071,777.6131591796875,133.2312774658203,0.9986421465873718,804.0866088867188,53.84847640991211,0.9714800715446472,770.5501708984375,87.11338806152344,0.9955435395240784,746.3674926757812,88.43606567382812,0.998539924621582,706.1880493164062,89.04236602783203,0.9992121458053589,674.7921752929688,88.79364776611328,0.9998718500137329,752.2130126953125,110.91863250732422,0.5622638463973999,746.9307250976562,136.89752197265625,0.9436079859733582,665.9390258789062,124.16650390625,0.9782363772392273,765.98095703125,63.124664306640625,0.9382704496383667,768.341064453125,49.49428939819336,0.5730121731758118,672.59619140625,51.204994201660156,0.9452124238014221
1072,777.6131591796875,134.54318237304688,0.9970418810844421,805.7172241210938,54.386329650878906,0.9199743866920471,771.9259643554688,87.26480865478516,0.9971815347671509,747.4013671875,88.83855438232422,0.9988583326339722,707.6060180664062,89.04236602783203,0.9990733861923218,675.8303833007812,88.87113189697266,0.999862551689148,751.4725952148438,115.71551513671875,0.5633318424224854,747.0734252929688,136.89752197265625,0.9004217386245728,669.0632934570312,124.16207885742188,0.9856131672859192,765.5519409179688,63.32991027832031,0.9374545812606812,768.5379028320312,49.604061126708984,0.6110020875930786,673.10986328125,51.204994201660156,0.9415481090545654
1073,776.3031005859375,139.22781372070312,0.9935380816459656,810.4545288085938,56.1910285949707,0.9189665913581848,773.3034057617188,88.0466079711914,0.9966719150543213,748.7872924804688,89.3550796508789,0.9989853501319885,709.17919921875,89.04236602783203,0.9990723133087158,677.6361694335938,89.13417053222656,0.9998351335525513,749.79541015625,115.71551513671875,0.5594761967658997,771.8384399414062,49.11070251464844,0.9203143119812012,669.7310180664062,124.16207885742188,0.9860347509384155,765.5519409179688,63.604774475097656,0.8991333246231079,768.5379028320312,49.73976135253906,0.6108507513999939,675.41748046875,51.556034088134766,0.9536622762680054
1074,774.70703125,140.094482421875,0.9874656796455383,811.7559814453125,56.92988967895508,0.8682728409767151,773.4246215820312,89.0611572265625,0.9977207779884338,749.9393310546875,89.55610656738281,0.9990310668945312,710.8247680664062,89.04236602783203,0.9989646673202515,679.4872436523438,89.24444580078125,0.9996920824050903,749.79541015625,115.71551513671875,0.6050400733947754,772.206787109375,48.944725036621094,0.9339135885238647,669.8617553710938,124.00514221191406,0.9909294247627258,765.5519409179688,64.36837005615234,0.8688908815383911,768.341064453125,49.73976135253906,0.6171871423721313,677.1080322265625,51.58378601074219,0.9544830322265625
1075,773.29150390625,142.13938903808594,0.9595332145690918,814.225341796875,58.137794494628906,0.7986246347427368,773.6831665039062,90.2677230834961,0.9978725910186768,751.9850463867188,89.55610656738281,0.9991763234138489,712.9560546875,89.9124755859375,0.9988065958023071,681.2503051757812,89.24444580078125,0.9997357726097107,749.79541015625,115.12947082519531,0.6086283922195435,772.4424438476562,48.91614532470703,0.9496378898620605,669.8619384765625,123.92047882080078,0.9892817735671997,765.5687866210938,65.22705841064453,0.7901608943939209,706.9786987304688,49.604061126708984,0.7400698661804199,678.720703125,51.877418518066406,0.9611530303955078
1076,773.29150390625,142.38189697265625,0.8373878598213196,814.7816772460938,59.74298858642578,0.6543675065040588,773.8816528320312,91.64103698730469,0.9982838034629822,753.0345458984375,89.55610656738281,0.9990906715393066,714.1862182617188,90.15734100341797,0.9990814924240112,682.193359375,89.13417053222656,0.9997876286506653,750.0303344726562,115.12947082519531,0.44596800208091736,772.5975341796875,47.514652252197266,0.9692121744155884,670.1043090820312,123.92047882080078,0.9903197884559631,766.126953125,65.48759460449219,0.6455790400505066,706.76806640625,49.468170166015625,0.8512078523635864,679.6986694335938,52.260162353515625,0.9618000984191895
1077,773.29150390625,142.38189697265625,0.7924584150314331,815.8985595703125,60.76361083984375,0.7570533752441406,773.8959350585938,92.42462158203125,0.9983471632003784,753.446044921875,89.70477294921875,0.9991287589073181,714.842041015625,90.207763671875,0.99913090467453,683.0286254882812,88.80862426757812,0.9997852444648743,750.0670776367188,115.06401062011719,0.34061944484710693,772.5975341796875,47.397010803222656,0.9748443961143494,670.2326049804688,123.92047882080078,0.989690899848938,766.5665893554688,65.86406707763672,0.5515744090080261,706.76806640625,49.24302291870117,0.905749499797821,680.5611572265625,52.260162353515625,0.9710284471511841
1078,774.6981811523438,142.16822814941406,0.9137135148048401,816.7062377929688,62.04176330566406,0.7216687202453613,775.0599975585938,92.49881744384766,0.9984737038612366,754.4121704101562,89.64552307128906,0.9993270635604858,715.7622680664062,90.24612426757812,0.9992774128913879,683.8244018554688,88.80862426757812,0.9998226761817932,750.0796508789062,114.82868957519531,0.2659672200679779,772.5113525390625,47.37853240966797,0.9744983911514282,670.7866821289062,123.93391418457031,0.9893669486045837,766.5665893554688,66.24087524414062,0.5875627398490906,706.9786987304688,49.24302291870117,0.9559887051582336,680.5611572265625,52.260162353515625,0.9704022407531738
1079,776.6945190429688,142.16822814941406,0.9681360125541687,817.1969604492188,62.04176330566406,0.7046638131141663,775.8335571289062,92.49881744384766,0.9986300468444824,756.079833984375,89.6042251586914,0.9994968175888062,716.88720703125,91.18514251708984,0.9993851184844971,684.66845703125,88.80862426757812,0.9998393058776855,751.05810546875,115.06401062011719,0.284200519323349,772.5113525390625,47.397010803222656,0.9750391840934753,671.10791015625,124.21443939208984,0.9911360740661621,766.5665893554688,66.24087524414062,0.6121723651885986,708.4229125976562,49.28600311279297,0.9643329381942749,680.5611572265625,52.0244026184082,0.9625030755996704
1080,780.504150390625,141.58273315429688,0.9824986457824707,818.0306396484375,62.04176330566406,0.7429805397987366,776.9208984375,92.49881744384766,0.9980078339576721,757.9931640625,89.64552307128906,0.9995803236961365,718.7752075195312,91.35462188720703,0.9994516968727112,685.181396484375,88.95500946044922,0.9998719692230225,752.2875366210938,115.52838134765625,0.5042024850845337,771.5427856445312,47.397010803222656,0.9647768139839172,671.1437377929688,124.78904724121094,0.9915669560432434,766.508544921875,66.44828033447266,0.6146694421768188,708.625732421875,49.28600311279297,0.9651584625244141,680.341064453125,51.64764404296875,0.9625575542449951
1081,785.9622802734375,139.86422729492188,0.9916110634803772,818.734130859375,61.51612091064453,0.7709439992904663,777.6502075195312,92.39637756347656,0.99795001745224,759.6851196289062,89.70477294921875,0.9996644258499146,719.9185180664062,91.75601959228516,0.9994503855705261,686.0494995117188,89.26224517822266,0.9998835325241089,764.7183227539062,115.83065032958984,0.5639253854751587,751.5914916992188,138.05996704101562,0.9471585154533386,671.76171875,124.8016128540039,0.9937067627906799,766.508544921875,66.44828033447266,0.6498351097106934,710.374267578125,49.28600311279297,0.9716424345970154,680.2776489257812,51.34938049316406,0.974115252494812
1082,788.0659790039062,139.75961303710938,0.9971083998680115,819.7930908203125,61.4897575378418,0.7888871431350708,778.5433959960938,92.29745483398438,0.9982656836509705,760.5970458984375,89.90823364257812,0.999678373336792,719.9185180664062,91.75601959228516,0.9993927478790283,686.39892578125,89.5853042602539,0.9999097585678101,764.7183227539062,116.15312194824219,0.658052921295166,751.5914916992188,139.3881072998047,0.9438212513923645,672.1141967773438,124.8016128540039,0.9937731623649597,766.4312133789062,66.21720886230469,0.7491379976272583,713.6947631835938,49.46564483642578,0.9323158860206604,679.941650390625,51.18498992919922,0.9790490865707397
1083,793.2396240234375,139.2646026611328,0.997042715549469,820.4591064453125,61.19126510620117,0.6677266359329224,780.1223754882812,92.11289978027344,0.9985581040382385,761.296142578125,90.38645935058594,0.9997027516365051,720.4163818359375,91.75601959228516,0.9992344379425049,687.1261596679688,89.60868835449219,0.9999291896820068,765.0504760742188,116.15312194824219,0.787380576133728,751.3756103515625,140.7020721435547,0.9535140991210938,672.388916015625,124.8016128540039,0.9938861727714539,766.40478515625,66.05989074707031,0.7845430374145508,721.1254272460938,49.28600311279297,0.9629220366477966,679.7424926757812,51.094112396240234,0.977562427520752
1084,793.635009765625,138.4001922607422,0.9952782392501831,821.4406127929688,60.550418853759766,0.5766129493713379,780.9019775390625,91.74703979492188,0.9987032413482666,761.692626953125,90.56859588623047,0.9996963739395142,720.966064453125,91.18758392333984,0.9994174242019653,687.9290771484375,89.60868835449219,0.9999401569366455,765.8038940429688,115.83065032958984,0.766154944896698,751.3756103515625,141.0390167236328,0.9573605060577393,672.8436279296875,124.81379699707031,0.9933099746704102,766.33154296875,65.04563903808594,0.8313568234443665,723.3198852539062,48.49672317504883,0.9799799919128418,679.59765625,50.88375473022461,0.9748134613037109
1085,796.110595703125,138.35491943359375,0.9981822967529297,821.4406127929688,60.550418853759766,0.6039746999740601,781.8583984375,91.74703979492188,0.9986228942871094,763.1968994140625,90.56859588623047,0.9997115731239319,721.3399658203125,90.69823455810547,0.999630331993103,688.89453125,89.61276245117188,0.9999420642852783,765.8038940429688,116.15312194824219,0.7619146704673767,750.9797973632812,141.0390167236328,0.9687255024909973,673.0610961914062,124.6940689086914,0.9914576411247253,764.7490234375,64.8265380859375,0.8689185976982117,726.6236572265625,48.49672317504883,0.9731979370117188,679.2474365234375,50.77547073364258,0.9710143208503723
1086,801.0035400390625,138.35491943359375,0.9979113936424255,821.4406127929688,60.550418853759766,0.5736226439476013,782.6633911132812,91.74703979492188,0.9985635876655579,764.2942504882812,90.56859588623047,0.9995115995407104,721.8233032226562,90.59066772460938,0.9994670748710632,689.277099609375,89.61276245117188,0.9999415874481201,767.1488037109375,116.15312194824219,0.7352034449577332,750.6408081054688,141.0632781982422,0.9685987830162048,673.4520874023438,124.6097412109375,0.9911858439445496,762.971923828125,63.58900451660156,0.8546409606933594,731.0230102539062,48.49672317504883,0.8843458890914917,678.842041015625,50.77547073364258,0.9694459438323975
1087,804.0508422851562,138.35491943359375,0.9963524341583252,822.3558349609375,59.94451904296875,0.7479963302612305,783.2412719726562,91.71401977539062,0.9988002777099609,764.9144897460938,90.21434020996094,0.9993900060653687,722.5563354492188,90.52788543701172,0.9994353652000427,689.8381958007812,89.61276245117188,0.9999445676803589,787.6506958007812,115.28263854980469,0.5791184902191162,749.8818969726562,141.0390167236328,0.9456244707107544,673.7098388671875,124.442626953125,0.989092230796814,761.748046875,61.59531021118164,0.7815054655075073,733.9595336914062,48.49672317504883,0.8879067301750183,677.4669799804688,50.77547073364258,0.9756411910057068
1088,807.2752075195312,137.78419494628906,0.9953813552856445,823.4163208007812,58.64923858642578,0.7023550271987915,784.41259765625,91.53358459472656,0.9989356398582458,765.0070190429688,89.702880859375,0.9990812540054321,722.7434692382812,90.21460723876953,0.9993714690208435,690.18798828125,89.58271026611328,0.9999451637268066,801.2125854492188,116.41447448730469,0.8600289225578308,749.8818969726562,141.00157165527344,0.8963142037391663,673.939453125,124.40230560302734,0.9863731861114502,761.693115234375,60.80295181274414,0.6455428004264832,750.32373046875,135.08848571777344,0.8868209719657898,676.3992919921875,51.110416412353516,0.9746193289756775
1089,809.874755859375,137.78419494628906,0.9915449619293213,825.195068359375,54.28922653198242,0.698402464389801,784.82470703125,88.9057846069336,0.998870313167572,765.2076416015625,89.11829376220703,0.9987989664077759,722.8318481445312,89.72610473632812,0.9993076324462891,690.6525268554688,89.54530334472656,0.999942421913147,805.6758422851562,116.8572998046875,0.9445595741271973,749.8818969726562,140.78411865234375,0.8946910500526428,674.5033569335938,124.05305480957031,0.9829927086830139,761.693115234375,60.80295181274414,0.3998797833919525,752.013916015625,135.2126007080078,0.9205362796783447,675.4912719726562,51.64372634887695,0.9772811532020569
1090,815.5414428710938,135.60086059570312,0.9889673590660095,826.3279418945312,53.872764587402344,0.870280385017395,786.1705322265625,87.91707611083984,0.9993280172348022,765.6306762695312,88.91880798339844,0.9989558458328247,723.4310913085938,89.28474426269531,0.9994112253189087,691.4232177734375,89.3712387084961,0.999932050704956,808.3646240234375,116.41447448730469,0.9629672765731812,753.5047607421875,48.69378662109375,0.9278225898742676,675.083251953125,123.43891143798828,0.9805921316146851,761.748046875,60.80295181274414,0.2648729085922241,752.0233154296875,135.2126007080078,0.8911055326461792,675.3572998046875,51.73363494873047,0.9819693565368652
1091,817.4713134765625,132.1108856201172,0.9868469834327698,826.4852294921875,52.02972412109375,0.9186400175094604,787.1431884765625,87.54462432861328,0.9995855689048767,766.7639770507812,88.48963165283203,0.9992967844009399,724.7318725585938,89.03517150878906,0.9994519352912903,692.5501098632812,89.21823120117188,0.9999165534973145,810.8042602539062,115.28263854980469,0.9101582169532776,754.6369018554688,48.31080627441406,0.9655956029891968,675.895263671875,122.0428237915039,0.9800794720649719,761.3798828125,60.80295181274414,0.5821331739425659,752.0233154296875,135.20130920410156,0.8650608062744141,674.97607421875,51.74789047241211,0.9823890328407288
1092,817.9121704101562,129.5152587890625,0.9917212128639221,826.5908813476562,49.86957550048828,0.931509256362915,788.071533203125,86.97080993652344,0.999718964099884,767.692138671875,88.28269958496094,0.9992122650146484,726.2991333007812,89.03517150878906,0.9992491602897644,693.4522094726562,89.110595703125,0.9999010562896729,811.9428100585938,115.16981506347656,0.9115861654281616,755.4024047851562,48.24150466918945,0.9632933735847473,677.5064697265625,119.44041442871094,0.9820702075958252,807.38330078125,116.79527282714844,0.43010810017585754,752.0233154296875,135.2126007080078,0.8441892266273499,674.8159790039062,51.74789047241211,0.9833409190177917
1093,820.1394653320312,129.24513244628906,0.9891776442527771,827.1473999023438,48.527278900146484,0.958962619304657,789.5700073242188,86.97080993652344,0.9997336268424988,768.5963134765625,88.26148986816406,0.9991649389266968,727.8436279296875,89.03517150878906,0.9991416931152344,694.5828857421875,89.110595703125,0.9998823404312134,813.6326904296875,114.75586700439453,0.915901780128479,755.42724609375,48.31080627441406,0.972539484500885,678.0159301757812,119.35230255126953,0.9656234979629517,809.3338623046875,116.85301208496094,0.3801548480987549,751.9864501953125,135.45114135742188,0.867907702922821,674.8027954101562,51.78754806518555,0.9833946228027344
1094,821.1004028320312,129.24513244628906,0.9798972010612488,827.805419921875,47.92267608642578,0.9725200533866882,790.0831909179688,86.97080993652344,0.9996764659881592,769.2721557617188,86.48946380615234,0.9992333650588989,731.2515869140625,89.01667022705078,0.9990529417991638,696.0328369140625,89.110595703125,0.9997722506523132,813.8099975585938,114.75586700439453,0.8971415162086487,755.5034790039062,48.594520568847656,0.9765447378158569,678.0159301757812,119.35230255126953,0.9658259749412537,811.8445434570312,116.85301208496094,0.5551565885543823,751.4797973632812,135.45114135742188,0.8443210124969482,674.7294921875,51.78754806518555,0.9810712933540344
1095,821.4878540039062,128.60470581054688,0.9714174270629883,829.4805297851562,47.76640319824219,0.9635235071182251,791.0668334960938,86.88416290283203,0.9996535778045654,770.8704833984375,86.47100067138672,0.9994858503341675,732.3530883789062,89.01667022705078,0.9991382360458374,696.8489379882812,89.58072662353516,0.9997954964637756,814.2904663085938,114.84327697753906,0.8862884044647217,755.772216796875,48.594520568847656,0.9739276170730591,677.5064697265625,119.44041442871094,0.9623975157737732,811.8445434570312,116.85301208496094,0.4920090138912201,751.076904296875,135.45997619628906,0.7523288130760193,674.538330078125,51.78754806518555,0.982736349105835
1096,821.719970703125,128.60470581054688,0.9750710129737854,830.1123046875,46.93001174926758,0.9700288772583008,792.1650390625,86.88416290283203,0.9995272159576416,772.321044921875,86.43229675292969,0.9995076656341553,733.7420043945312,89.01667022705078,0.9989967942237854,697.3673095703125,89.63013458251953,0.9998082518577576,815.682373046875,114.84327697753906,0.9036833643913269,756.284423828125,48.594520568847656,0.9674884080886841,676.822021484375,121.44219970703125,0.9532952308654785,812.7296752929688,116.85301208496094,0.455859512090683,750.9083251953125,135.57177734375,0.7171651721000671,674.538330078125,51.60676193237305,0.9824870228767395
1097,822.697021484375,128.60470581054688,0.9706388115882874,830.1123046875,45.58165740966797,0.974141001701355,793.1875610351562,86.63056945800781,0.99941086769104,773.5685424804688,86.2295150756836,0.9995604157447815,734.767333984375,88.83707427978516,0.9991243481636047,698.0747680664062,89.66960144042969,0.9998313188552856,815.7318725585938,114.75586700439453,0.8993614912033081,756.284423828125,48.594520568847656,0.9699750542640686,676.822021484375,121.63288879394531,0.953940212726593,812.7296752929688,116.12879943847656,0.4742058217525482,750.2469482421875,135.6745147705078,0.6315651535987854,674.7315673828125,51.477874755859375,0.9812927842140198
1098,824.1057739257812,128.44989013671875,0.9536618590354919,830.254150390625,44.88467025756836,0.9757541418075562,794.32470703125,86.00691223144531,0.9993403553962708,774.8280639648438,85.69495391845703,0.999476969242096,735.693115234375,88.7362289428711,0.9989987015724182,698.9298095703125,89.66960144042969,0.9998641014099121,815.7318725585938,114.12555694580078,0.8653759360313416,756.6333618164062,48.433570861816406,0.97126704454422,676.822021484375,121.63288879394531,0.9584149122238159,812.656494140625,115.86079406738281,0.5006127953529358,750.0925903320312,135.86624145507812,0.6372899413108826,674.7315673828125,51.42716979980469,0.9812718033790588
1099,824.5965576171875,128.13539123535156,0.9541826248168945,830.1123046875,44.71634292602539,0.9817987084388733,794.969482421875,86.00691223144531,0.9992430210113525,775.5116577148438,85.43228149414062,0.9993085861206055,736.4028930664062,88.39480590820312,0.9990233182907104,699.4795532226562,89.895263671875,0.9998703002929688,815.7318725585938,114.12555694580078,0.8571265339851379,756.6464233398438,48.112667083740234,0.9720982313156128,677.5000610351562,121.63288879394531,0.9540207386016846,809.7341918945312,115.75028991699219,0.5439558029174805,749.962890625,135.97357177734375,0.6523758769035339,674.838134765625,51.39501953125,0.9780979156494141
1100,826.540771484375,127.97871398925781,0.9741716980934143,830.1123046875,44.71634292602539,0.9774124622344971,795.885498046875,86.00691223144531,0.9992361068725586,776.6107788085938,85.42264556884766,0.9992013573646545,736.6950073242188,87.61019897460938,0.9991254210472107,700.1743774414062,89.895263671875,0.9998407363891602,815.6575927734375,114.12555694580078,0.8554741144180298,756.7286376953125,47.880615234375,0.9711049199104309,679.822021484375,120.75235748291016,0.9551562070846558,809.7341918945312,115.35638427734375,0.5311262607574463,749.962890625,136.05422973632812,0.7088101506233215,674.8875732421875,51.39501953125,0.9785405993461609
1101,827.8740234375,126.77115631103516,0.9907113909721375,830.2769775390625,44.71634292602539,0.9823196530342102,796.7628784179688,86.15328216552734,0.9992904663085938,777.4933471679688,85.42264556884766,0.9992235898971558,737.0324096679688,87.61019897460938,0.9992392063140869,700.9168090820312,89.895263671875,0.9998307228088379,815.35791015625,114.8483657836914,0.8552182912826538,757.0899658203125,47.880615234375,0.9692107439041138,681.2852172851562,120.01194763183594,0.9630411863327026,804.60546875,66.48480987548828,0.3982098698616028,750.0925903320312,136.05422973632812,0.7137525081634521,674.9200439453125,51.387847900390625,0.9749704599380493
1102,829.3764038085938,125.68523406982422,0.9955378770828247,830.81103515625,45.02582931518555,0.9798238277435303,797.5097045898438,86.29476165771484,0.9993150234222412,777.5813598632812,85.42264556884766,0.9991828799247742,738.1646118164062,87.61019897460938,0.9992786049842834,703.333984375,89.38050079345703,0.9998639822006226,815.35791015625,114.8483657836914,0.8635495901107788,757.6717529296875,47.880615234375,0.9661509990692139,682.5930786132812,119.66642761230469,0.9610651135444641,804.60546875,63.35353088378906,0.4353993237018585,750.1047973632812,136.05422973632812,0.6706663370132446,675.0391235351562,51.374549865722656,0.9785808324813843
1103,830.883056640625,122.4842529296875,0.9967257976531982,831.7791748046875,47.67970657348633,0.9793354868888855,798.0272216796875,86.459228515625,0.9993023872375488,778.006591796875,85.44432067871094,0.9992840886116028,738.9889526367188,87.74922943115234,0.9992457628250122,704.2142944335938,89.2091064453125,0.999910831451416,815.35791015625,114.8483657836914,0.8714191317558289,757.6717529296875,47.880615234375,0.9649210572242737,684.9572143554688,118.30020141601562,0.9768113493919373,804.60546875,63.35353088378906,0.5437613725662231,750.4878540039062,135.84893798828125,0.6232628226280212,674.9200439453125,51.36056900024414,0.9787610769271851
1104,832.7977905273438,121.50359344482422,0.9968953132629395,832.2473754882812,47.759803771972656,0.984926700592041,798.8162841796875,86.459228515625,0.9993176460266113,778.23876953125,85.96394348144531,0.9992757439613342,739.5556640625,88.2116470336914,0.9993125200271606,705.1857299804688,89.05536651611328,0.9999239444732666,815.404296875,114.78656005859375,0.8852460980415344,757.6717529296875,48.084903717041016,0.9611508250236511,689.6406860351562,118.03221893310547,0.9774969220161438,804.767822265625,63.35353088378906,0.5429814457893372,754.9741821289062,46.65388488769531,0.6896269917488098,674.8938598632812,51.36056900024414,0.9756520986557007
1105,834.1331787109375,121.50359344482422,0.9965662956237793,832.2782592773438,49.35350799560547,0.9893940091133118,798.9966430664062,86.459228515625,0.9993784427642822,778.2693481445312,86.45487213134766,0.999382495880127,739.5556640625,88.6566162109375,0.9992375373840332,705.9109497070312,88.9402084350586,0.9999301433563232,815.404296875,113.98661041259766,0.889319658279419,750.116455078125,139.3707275390625,0.9621654748916626,694.5548095703125,117.70075988769531,0.9848853349685669,805.2714233398438,64.08343505859375,0.49190041422843933,756.9142456054688,46.28779220581055,0.696169912815094,674.8938598632812,51.30687713623047,0.9736059308052063
1106,834.4876708984375,121.57608795166016,0.9975103139877319,832.2782592773438,50.87999725341797,0.9925562739372253,799.0689697265625,86.4718246459961,0.9990622401237488,778.2693481445312,87.66761779785156,0.9993126392364502,739.5556640625,89.04737091064453,0.999041736125946,706.282470703125,88.56819915771484,0.9999370574951172,815.404296875,113.98661041259766,0.8847944736480713,750.0,139.77476501464844,0.9713929891586304,698.2957763671875,117.70075988769531,0.9762380719184875,806.6195678710938,64.62849426269531,0.533077597618103,756.9142456054688,46.28779220581055,0.7130759954452515,674.8634643554688,51.25407409667969,0.9680067300796509
1107,834.4876708984375,121.57608795166016,0.9982287287712097,832.2782592773438,51.60288619995117,0.9925215840339661,799.0689697265625,86.49095153808594,0.9980952143669128,778.30859375,88.72833251953125,0.9990001320838928,739.7631225585938,89.0542221069336,0.9985582232475281,706.638916015625,88.09762573242188,0.9999358654022217,815.3592529296875,113.98661041259766,0.8950588703155518,749.8734741210938,139.77476501464844,0.97747802734375,700.6677856445312,117.70075988769531,0.982250988483429,808.3240356445312,65.90119934082031,0.5332263708114624,756.9142456054688,46.28779220581055,0.6673577427864075,674.8634643554688,51.30687713623047,0.9657016396522522
1108,834.4876708984375,124.59942626953125,0.9966841340065002,829.4834594726562,53.92303466796875,0.9860767126083374,799.0740356445312,86.63868713378906,0.9979261159896851,778.3782958984375,89.50469970703125,0.9990957975387573,740.0756225585938,89.0542221069336,0.9986916184425354,707.0119018554688,88.09762573242188,0.9999314546585083,814.2800903320312,114.28760528564453,0.812101423740387,749.8146362304688,139.3707275390625,0.9798552989959717,702.21337890625,118.6832046508789,0.9782024025917053,808.3240356445312,65.90119934082031,0.6382940411567688,755.3221435546875,47.84415054321289,0.6729835867881775,674.8634643554688,51.30687713623047,0.9687107801437378
1109,827.8937377929688,128.17623901367188,0.9916604161262512,828.642578125,56.245357513427734,0.9842260479927063,799.0740356445312,87.3357162475586,0.9982366561889648,778.3782958984375,89.78807830810547,0.9991000890731812,738.5507202148438,89.09703063964844,0.9985613226890564,707.0933837890625,88.09762573242188,0.9999356269836426,813.3936767578125,114.28760528564453,0.4792200028896332,749.728515625,139.42715454101562,0.9855740666389465,702.3945922851562,118.82666778564453,0.9791178703308105,808.3240356445312,65.90119934082031,0.6598036289215088,754.35693359375,48.69436264038086,0.6222761869430542,674.8412475585938,51.35664749145508,0.9661197066307068
1110,826.8209228515625,129.18426513671875,0.9876967072486877,828.4529418945312,57.36394119262695,0.9743010997772217,799.1265258789062,87.6540756225586,0.9981696605682373,778.5297241210938,89.95211029052734,0.9990946054458618,738.638916015625,89.42227935791016,0.9987097978591919,707.1637573242188,88.18836212158203,0.9999397993087769,812.9415893554688,114.28760528564453,0.36664220690727234,749.6207275390625,139.42715454101562,0.982914924621582,702.3945922851562,119.02043151855469,0.9763790965080261,793.7628173828125,65.74604797363281,0.6377527713775635,752.0299682617188,48.69436264038086,0.6069707870483398,674.8412475585938,51.36802291870117,0.9634383916854858
1111,826.1642456054688,129.2563934326172,0.9915956854820251,827.9935302734375,59.28385543823242,0.9818311333656311,799.6764526367188,87.66094207763672,0.9988059997558594,778.8031005859375,89.96744537353516,0.9990921020507812,738.7818603515625,89.80175018310547,0.9986720085144043,707.1892700195312,88.35646057128906,0.9999467134475708,797.7902221679688,64.8091049194336,0.4532448351383209,749.5068969726562,139.30010986328125,0.9859234094619751,702.21337890625,119.20128631591797,0.9712881445884705,793.7628173828125,65.74604797363281,0.7316569089889526,751.746337890625,49.1280403137207,0.6112655997276306,674.8486938476562,51.41163635253906,0.9613410234451294
1112,826.0018920898438,129.39614868164062,0.9887446165084839,827.8551635742188,62.38991928100586,0.9659011363983154,799.9786376953125,88.13197326660156,0.9979608058929443,778.9600219726562,89.96744537353516,0.9987483024597168,738.7818603515625,89.87922668457031,0.9988133907318115,707.2409057617188,88.46147155761719,0.9999538660049438,797.7902221679688,64.8091049194336,0.3618476390838623,749.4666137695312,139.42715454101562,0.9814421534538269,701.985595703125,119.21234130859375,0.9677465558052063,793.7628173828125,65.74604797363281,0.8631599545478821,750.5794067382812,137.76197814941406,0.604349672794342,674.8486938476562,51.41163635253906,0.9706801176071167
1113,825.6759033203125,129.39614868164062,0.9865049719810486,827.6370239257812,62.38991928100586,0.9594128727912903,800.6414184570312,88.18789672851562,0.9965386390686035,778.9600219726562,89.95211029052734,0.99866783618927,738.7818603515625,89.87922668457031,0.9990443587303162,707.4269409179688,88.867919921875,0.9999569654464722,794.6282348632812,64.8091049194336,0.40306955575942993,749.4666137695312,139.4428253173828,0.9811150431632996,701.6048583984375,119.25826263427734,0.9691211581230164,800.244873046875,66.10460662841797,0.9439978003501892,750.2291259765625,137.76197814941406,0.6542818546295166,674.7883911132812,51.35664749145508,0.9632992148399353
1114,825.3142700195312,129.53192138671875,0.9858103394508362,827.6370239257812,62.4217643737793,0.918124794960022,802.2109375,89.33270263671875,0.9911443591117859,779.0563354492188,89.88798522949219,0.9982413053512573,739.4993896484375,89.87922668457031,0.9990986585617065,707.55859375,89.06963348388672,0.9999579191207886,794.6282348632812,66.03511047363281,0.4878373444080353,749.5068969726562,139.4541778564453,0.9767113924026489,701.0672607421875,119.38578033447266,0.9639259576797485,805.0965576171875,66.21086883544922,0.8758323788642883,750.2291259765625,138.07806396484375,0.69930100440979,674.8486938476562,51.32962417602539,0.9671227335929871
1115,825.1414184570312,129.53192138671875,0.987639844417572,826.1424560546875,62.4217643737793,0.6150372624397278,802.7398681640625,89.33720397949219,0.9763246774673462,779.0563354492188,89.77961730957031,0.9981933236122131,740.2525024414062,89.87922668457031,0.9991870522499084,708.41259765625,89.18506622314453,0.9999570846557617,768.037841796875,111.10318756103516,0.3113296329975128,749.4666137695312,139.4541778564453,0.9746717810630798,700.841064453125,119.42442321777344,0.9572951793670654,807.6785278320312,66.21086883544922,0.7022688984870911,750.2291259765625,138.07806396484375,0.7038500308990479,674.9485473632812,51.32962417602539,0.9650341868400574
1116,824.7442626953125,129.53192138671875,0.9863187074661255,824.2654418945312,60.34123611450195,0.24452756345272064,803.2229614257812,89.6075668334961,0.9601218700408936,779.9779052734375,89.54043579101562,0.9976308345794678,740.9183959960938,89.93551635742188,0.9991263747215271,709.2477416992188,89.3155288696289,0.9999517202377319,767.9921264648438,111.13133239746094,0.37294331192970276,749.5103149414062,139.4764404296875,0.9673504829406738,700.841064453125,119.42442321777344,0.9425966739654541,810.4242553710938,66.21086883544922,0.5004537105560303,750.2612915039062,138.1240997314453,0.7483217716217041,674.958251953125,51.30335998535156,0.9630122184753418
1117,824.5150146484375,129.927490234375,0.9790251851081848,824.2654418945312,60.34123611450195,0.41067951917648315,804.5438232421875,89.6224594116211,0.9273455142974854,782.4051513671875,88.2078628540039,0.9976014494895935,742.15966796875,89.93551635742188,0.9989970326423645,710.2681274414062,89.34398651123047,0.9999313354492188,767.8716430664062,111.2193832397461,0.3554385006427765,749.5103149414062,139.4764404296875,0.9640612006187439,700.841064453125,119.42442321777344,0.9486647844314575,810.4242553710938,66.21086883544922,0.6740285158157349,750.3526000976562,138.32643127441406,0.8090296983718872,675.8392944335938,51.30335998535156,0.9655838012695312
1118,824.500732421875,130.9027862548828,0.9854223728179932,826.1948852539062,131.10845947265625,0.3027677834033966,805.5320434570312,90.0449447631836,0.8498831987380981,783.7341918945312,88.2078628540039,0.9966669678688049,745.2631225585938,89.93736267089844,0.9990693926811218,711.9408569335938,90.1778335571289,0.999868631362915,767.8716430664062,111.2193832397461,0.2938562035560608,749.5512084960938,139.4764404296875,0.9598221182823181,820.04541015625,53.83264923095703,0.9770494103431702,810.4242553710938,66.492919921875,0.5178091526031494,750.4586181640625,138.33175659179688,0.8331231474876404,678.8314208984375,51.32962417602539,0.9626911878585815
1119,824.500732421875,132.9455108642578,0.9824693202972412,826.1948852539062,131.33274841308594,0.33847710490226746,806.2269287109375,90.21269226074219,0.7884673476219177,785.1024169921875,88.2078628540039,0.9966161847114563,747.2630615234375,91.17277526855469,0.9991718530654907,713.6085815429688,90.21436309814453,0.9999080896377563,767.80517578125,111.2193832397461,0.27881208062171936,749.8026733398438,138.55519104003906,0.9575479030609131,823.9841918945312,51.59218978881836,0.9833498001098633,772.6854248046875,111.42985534667969,0.27157896757125854,750.53173828125,138.33175659179688,0.8445019721984863,682.1868896484375,51.35603332519531,0.878713071346283
1120,824.4270629882812,133.69383239746094,0.9780313372612,826.4185791015625,131.91455078125,0.35581398010253906,806.7534790039062,90.50265502929688,0.7330543994903564,786.4189453125,88.49351501464844,0.9963977336883545,749.2217407226562,91.3805160522461,0.9994837045669556,715.1473388671875,90.36931610107422,0.9999035596847534,767.80517578125,111.48246002197266,0.2999873161315918,750.0270385742188,45.62611389160156,0.9729962348937988,825.8501586914062,50.847530364990234,0.9904903173446655,772.6854248046875,111.97200012207031,0.243826761841774,750.56005859375,138.33175659179688,0.8335084915161133,690.0736694335938,51.74081039428711,0.8119191527366638
1121,824.4270629882812,134.2997589111328,0.979259729385376,827.08447265625,133.02516174316406,0.3600476086139679,807.5486450195312,90.70887756347656,0.7461109161376953,787.0949096679688,89.59603881835938,0.9958221912384033,750.1331787109375,91.3805160522461,0.9994679093360901,716.229248046875,90.53950500488281,0.9999264478683472,768.23828125,111.66446685791016,0.3476850390434265,750.260009765625,45.544620513916016,0.9875054359436035,825.8501586914062,50.847530364990234,0.9901851415634155,772.6854248046875,112.34062957763672,0.26743021607398987,751.1370239257812,137.33700561523438,0.8881645798683167,702.1598510742188,51.75336837768555,0.6204006671905518
1122,825.2474975585938,134.2997589111328,0.9606395363807678,827.667236328125,134.9246826171875,0.3171587586402893,808.7110595703125,91.45693969726562,0.7696623802185059,787.4472045898438,90.09395599365234,0.9954924583435059,750.7230224609375,91.3805160522461,0.9995347261428833,717.0022583007812,90.72359466552734,0.9999208450317383,768.6080932617188,111.79163360595703,0.3222888112068176,750.3292236328125,45.544620513916016,0.9812014102935791,825.8501586914062,50.847530364990234,0.9897539615631104,772.96875,112.34062957763672,0.28120940923690796,751.2557373046875,137.33700561523438,0.8816633224487305,707.0150756835938,52.01866912841797,0.7095094323158264
1123,825.32421875,134.2997589111328,0.9568623304367065,829.0420532226562,134.9246826171875,0.2775720953941345,809.5010375976562,92.01362609863281,0.7878190279006958,787.4606323242188,90.538330078125,0.9953214526176453,751.1453247070312,91.17613220214844,0.9995403289794922,717.3931884765625,90.75948333740234,0.9999393224716187,770.2578735351562,111.79163360595703,0.2972719073295593,750.7525024414062,45.62611389160156,0.9775517582893372,825.7390747070312,51.23893737792969,0.9877490401268005,773.4563598632812,112.40755462646484,0.3974858522415161,751.4235229492188,136.3782501220703,0.8890127539634705,712.7672119140625,62.168174743652344,0.695345401763916
1124,832.2484130859375,134.24928283691406,0.940505862236023,829.86328125,134.9246826171875,0.363142192363739,810.1242065429688,92.01362609863281,0.6661275625228882,788.7685546875,91.22937774658203,0.9929237365722656,751.5828857421875,90.88213348388672,0.9993719458580017,718.2229614257812,91.92196655273438,0.999903678894043,771.024169921875,111.79163360595703,0.3913118541240692,753.7687377929688,45.72793197631836,0.9642533659934998,825.3369140625,51.89589309692383,0.9888995289802551,779.587158203125,113.35083770751953,0.49126434326171875,753.7557983398438,136.10057067871094,0.8564064502716064,724.099853515625,62.168174743652344,0.7741373181343079
1125,834.593017578125,133.9403076171875,0.9448254108428955,832.8451538085938,134.66233825683594,0.5412598252296448,811.2108764648438,92.01362609863281,0.6849178075790405,789.652099609375,91.39939880371094,0.9958272576332092,751.957763671875,90.8501205444336,0.999382734298706,719.1541137695312,92.0291519165039,0.9999179840087891,774.08837890625,112.08267974853516,0.41853973269462585,753.7687377929688,45.77460479736328,0.9789627194404602,824.6447143554688,52.46521759033203,0.9824633598327637,780.1724243164062,112.40755462646484,0.632629930973053,766.09423828125,132.71697998046875,0.9653887152671814,725.08544921875,68.23094940185547,0.7409520149230957
1126,836.493896484375,133.61903381347656,0.9734591245651245,833.4052734375,133.5659637451172,0.6724374294281006,812.9950561523438,90.73412322998047,0.8245047926902771,791.4745483398438,91.9537353515625,0.9973613619804382,752.380126953125,90.28919982910156,0.9994522929191589,719.649169921875,92.08609771728516,0.9999357461929321,782.0160522460938,111.77641296386719,0.31125408411026,753.7687377929688,46.153839111328125,0.971792459487915,704.2456665039062,119.18954467773438,0.982631266117096,816.2084350585938,65.04068756103516,0.799561619758606,773.606689453125,132.52499389648438,0.9570216536521912,725.38818359375,68.23094940185547,0.6091100573539734
1127,838.4777221679688,133.37876892089844,0.9741997718811035,836.3362426757812,48.79094696044922,0.6600672602653503,814.8246459960938,90.50019073486328,0.9096440076828003,792.4761352539062,92.38361358642578,0.9978287816047668,753.4696655273438,90.28919982910156,0.9996597766876221,720.5321655273438,92.08609771728516,0.9999333620071411,782.2200927734375,111.77641296386719,0.5226820111274719,753.7687377929688,46.862060546875,0.9547097682952881,704.2456665039062,119.18954467773438,0.9796557426452637,818.687744140625,65.04068756103516,0.8654148578643799,773.606689453125,132.40000915527344,0.9442390203475952,725.08544921875,68.4152603149414,0.6788029670715332
1128,840.5875244140625,132.5933074951172,0.9829170107841492,836.951171875,48.42619705200195,0.8613661527633667,815.9061889648438,90.24849700927734,0.905425488948822,793.4896850585938,92.40846252441406,0.99801105260849,753.889404296875,90.28919982910156,0.9996765851974487,721.7230834960938,92.08609771728516,0.9999325275421143,785.7448120117188,112.46414184570312,0.7523770332336426,753.7687377929688,47.192752838134766,0.9424083828926086,704.1677856445312,119.20941925048828,0.9810417294502258,818.687744140625,65.04068756103516,0.943384051322937,773.606689453125,128.82591247558594,0.8130913376808167,725.08544921875,68.23094940185547,0.7159267663955688
1129,841.9178466796875,130.97584533691406,0.9890566468238831,836.951171875,48.1164665222168,0.9604439735412598,820.1583251953125,87.78179168701172,0.949280321598053,794.9428100585938,92.52579498291016,0.9977992177009583,754.76416015625,90.28919982910156,0.9996196031570435,722.4042358398438,91.50685119628906,0.9999423027038574,792.5599365234375,115.38573455810547,0.8433954119682312,789.2352294921875,134.1095733642578,0.9748401641845703,704.2456665039062,119.20941925048828,0.9811561107635498,818.687744140625,64.9672622680664,0.971175491809845,752.58154296875,48.28733444213867,0.6790130138397217,725.38818359375,67.7615737915039,0.7052508592605591
1130,846.846923828125,130.2731475830078,0.9894910454750061,837.45703125,48.1164665222168,0.9852891564369202,820.8424072265625,87.27706909179688,0.981445848941803,795.9618530273438,92.9344253540039,0.9983987212181091,755.4572143554688,90.28919982910156,0.999610960483551,723.4634399414062,90.36924743652344,0.9999374151229858,795.7570190429688,116.06449127197266,0.8616926670074463,792.7297973632812,134.413330078125,0.9584431648254395,704.2844848632812,119.20941925048828,0.9813151955604553,818.2687377929688,65.04068756103516,0.9846352338790894,752.1106567382812,48.14323425292969,0.7231783270835876,725.38818359375,67.7615737915039,0.6916966438293457
1131,848.3663940429688,128.85992431640625,0.9919780492782593,839.0853271484375,47.39019012451172,0.9928123354911804,821.2977294921875,87.27706909179688,0.9856880903244019,796.796875,92.96794891357422,0.9985003471374512,755.8538208007812,90.11502838134766,0.9995941519737244,723.9343872070312,89.4295883178711,0.9999315738677979,802.4808349609375,119.1020736694336,0.7560317516326904,792.7297973632812,134.413330078125,0.9326992034912109,704.4656982421875,119.21417236328125,0.98478102684021,817.9209594726562,65.04947662353516,0.9859437942504883,752.1106567382812,48.14323425292969,0.752788782119751,725.8955078125,66.2188491821289,0.727198600769043
1132,851.3701782226562,127.59193420410156,0.9950188398361206,840.4591064453125,46.74024200439453,0.9963176250457764,822.2201538085938,87.20809936523438,0.9905546307563782,797.9656982421875,93.22624206542969,0.9981290698051453,756.8236083984375,90.046630859375,0.9995844960212708,725.123046875,88.56805419921875,0.9999094009399414,804.060302734375,119.1020736694336,0.7097769975662231,792.7297973632812,134.413330078125,0.943030595779419,704.4656982421875,119.21483612060547,0.9757940769195557,817.62646484375,65.04947662353516,0.9877556562423706,752.58154296875,48.14323425292969,0.7685660123825073,725.8955078125,66.2188491821289,0.7643840909004211
1133,852.679443359375,127.31114959716797,0.9934090375900269,841.0922241210938,46.72389602661133,0.9974918365478516,823.3003540039062,87.16309356689453,0.9933913946151733,798.1905517578125,93.70716094970703,0.9978024363517761,757.595703125,90.046630859375,0.999546229839325,726.0955810546875,88.18439483642578,0.9998587369918823,804.2750244140625,119.1020736694336,0.6938292980194092,794.8209228515625,137.16696166992188,0.9157581925392151,704.5238647460938,119.89939880371094,0.9858874678611755,816.98779296875,64.9672622680664,0.9913271069526672,818.3855590820312,48.14323425292969,0.7912954092025757,705.8947143554688,120.4899673461914,0.6110222339630127
1134,853.6319580078125,125.99214172363281,0.9913960099220276,841.320556640625,46.53287887573242,0.9971411228179932,824.3032836914062,87.04791259765625,0.9910480380058289,798.7774658203125,93.70716094970703,0.996831476688385,758.4791259765625,90.046630859375,0.9994876384735107,727.2681884765625,87.76661682128906,0.9997865557670593,804.4789428710938,118.86104583740234,0.5989527702331543,795.7001342773438,137.46524047851562,0.9266493320465088,704.5238647460938,120.03400421142578,0.9711663722991943,816.9340209960938,64.88150024414062,0.9897302389144897,818.3855590820312,47.89449691772461,0.7919394373893738,705.8947143554688,120.6064453125,0.6156104207038879
1135,854.922607421875,124.15266418457031,0.9969648718833923,841.5474243164062,46.281227111816406,0.9976165294647217,824.4984741210938,86.14478302001953,0.9940709471702576,799.5204467773438,93.70716094970703,0.9966172575950623,759.2488403320312,90.05838012695312,0.9992325305938721,728.191162109375,87.6444320678711,0.9996401071548462,804.6035766601562,118.52932739257812,0.5954854488372803,796.2861938476562,137.0030975341797,0.9291197657585144,704.67236328125,120.55087280273438,0.981624186038971,816.484130859375,64.88150024414062,0.9903753399848938,818.3855590820312,47.78010177612305,0.8194624781608582,706.6887817382812,120.4899673461914,0.5627748370170593
1136,856.5903930664062,122.8913345336914,0.9954120516777039,841.5474243164062,46.281227111816406,0.9976862668991089,824.9266357421875,85.62535095214844,0.9946715235710144,800.1406860351562,93.25337982177734,0.9961016178131104,763.880615234375,92.13866424560547,0.9989283680915833,728.4201049804688,87.57511138916016,0.9996401071548462,804.6035766601562,118.00677490234375,0.577607274055481,796.6356811523438,137.0030975341797,0.9335508346557617,705.1946411132812,120.85738372802734,0.9789349436759949,816.2124633789062,64.6998519897461,0.9903416633605957,817.943359375,47.69226837158203,0.8244189620018005,706.6887817382812,120.4899673461914,0.5664389133453369
1137,857.296875,121.37974548339844,0.9920376539230347,842.1485595703125,46.2347297668457,0.998153030872345,825.0216674804688,85.3796615600586,0.9965652823448181,802.609375,92.4284896850586,0.9967178702354431,764.4520874023438,92.3481216430664,0.9990133047103882,728.833984375,87.57511138916016,0.9997254014015198,804.6035766601562,117.408447265625,0.5528205037117004,796.833984375,137.23272705078125,0.947335958480835,705.1946411132812,120.9502182006836,0.9753023982048035,816.1151733398438,64.84589385986328,0.9881078600883484,817.7317504882812,47.69226837158203,0.8424291610717773,706.951171875,120.45060729980469,0.5669223666191101
1138,858.248046875,119.83049774169922,0.9875537157058716,843.9407958984375,46.2347297668457,0.997477114200592,825.0216674804688,84.92668151855469,0.9957958459854126,803.0982666015625,92.32105255126953,0.9968827962875366,764.4552001953125,92.35678100585938,0.9989783763885498,728.900146484375,87.57511138916016,0.9997748732566833,798.9367065429688,114.71615600585938,0.5067494511604309,796.9847412109375,137.0030975341797,0.9469729065895081,705.2440185546875,120.99604034423828,0.97138512134552,815.9991455078125,64.6998519897461,0.9824112057685852,817.1400146484375,47.69226837158203,0.804115891456604,707.1470947265625,120.43560791015625,0.5934907793998718
1139,859.2008056640625,118.28555297851562,0.9940567016601562,845.9843139648438,46.2347297668457,0.9964295029640198,825.0216674804688,84.34158325195312,0.9969868063926697,803.2106323242188,92.29078674316406,0.9972391128540039,764.4552001953125,92.72138977050781,0.9990372657775879,728.900146484375,88.17033386230469,0.999817430973053,798.9367065429688,114.20455169677734,0.6167957186698914,797.6337890625,136.85629272460938,0.964269757270813,705.2440185546875,121.07965850830078,0.9696478843688965,815.87890625,64.4992904663086,0.9825224876403809,816.376708984375,47.81329345703125,0.7440586686134338,707.1885986328125,120.38495635986328,0.5872334241867065
1140,859.6206665039062,116.39484405517578,0.9943434000015259,845.9843139648438,46.2347297668457,0.9955365657806396,824.8453369140625,83.88123321533203,0.9965805411338806,803.2106323242188,92.07695007324219,0.9967834949493408,764.4552001953125,92.75548553466797,0.998894989490509,728.900146484375,88.77067565917969,0.9998311996459961,798.9367065429688,113.87549591064453,0.6717674136161804,797.792724609375,136.5133056640625,0.9721993207931519,705.2445678710938,121.0837173461914,0.9686506986618042,814.7487182617188,64.48075866699219,0.9685478210449219,814.2516479492188,48.236846923828125,0.6194928884506226,707.4183959960938,120.33916473388672,0.6208377480506897
1141,859.6206665039062,114.99252319335938,0.9933764338493347,845.9843139648438,46.105812072753906,0.9947336912155151,824.3888549804688,83.1732177734375,0.9966347813606262,803.0982666015625,91.58372497558594,0.9968463778495789,763.9675903320312,93.18412780761719,0.9983327984809875,728.900146484375,89.0486068725586,0.9998242259025574,800.21533203125,113.87549591064453,0.6923152208328247,798.0419921875,135.2709503173828,0.9835500717163086,705.4012451171875,121.11058044433594,0.9738284349441528,813.8644409179688,64.26394653320312,0.9425804615020752,755.1807861328125,48.41416549682617,0.7377381324768066,707.6945190429688,120.2755126953125,0.5039816498756409
1142,859.6741943359375,113.36822509765625,0.9930904507637024,845.9142456054688,46.105812072753906,0.9964195489883423,823.8660888671875,82.71771240234375,0.9985297918319702,802.4065551757812,89.1116943359375,0.9980047345161438,763.8622436523438,93.55545806884766,0.998245358467102,728.9104614257812,89.18824005126953,0.9998214840888977,803.2634887695312,113.87549591064453,0.8822779655456543,798.0419921875,135.17550659179688,0.9897990226745605,705.475341796875,121.31793212890625,0.9694505333900452,813.6107788085938,64.09416961669922,0.9344398975372314,755.1807861328125,48.41416549682617,0.5774497389793396,707.7702026367188,120.25379180908203,0.5092564225196838
1143,859.8230590820312,113.36822509765625,0.9931558966636658,845.9142456054688,46.105812072753906,0.9977943897247314,823.5869140625,82.34746551513672,0.9990873336791992,802.4065551757812,89.01880645751953,0.9988112449645996,763.8622436523438,93.84622192382812,0.9980320334434509,729.0502319335938,89.39862823486328,0.9998469352722168,807.1444091796875,113.83412170410156,0.9699584245681763,798.0419921875,133.93621826171875,0.9942096471786499,705.475341796875,121.31938171386719,0.9684508442878723,812.6724243164062,64.00740814208984,0.8988093137741089,755.1807861328125,48.66743087768555,0.5981342196464539,707.9159545898438,120.24789428710938,0.5087053775787354
1144,859.9103393554688,112.9881591796875,0.9935489296913147,845.9142456054688,46.105812072753906,0.9977497458457947,823.5869140625,82.34746551513672,0.9989681243896484,802.4065551757812,88.93328094482422,0.9986404776573181,763.9675903320312,93.8780288696289,0.9980660080909729,729.5535278320312,89.43623352050781,0.9998570680618286,810.7301635742188,114.47189331054688,0.9894522428512573,797.9361572265625,132.62705993652344,0.9967485666275024,705.9330444335938,121.45382690429688,0.9767341613769531,806.917724609375,64.00403594970703,0.9098829627037048,755.9711303710938,48.41416549682617,0.5778807997703552,707.9342651367188,119.93292999267578,0.4651053845882416
1145,861.123046875,112.78006744384766,0.9945024251937866,846.4097290039062,46.90163040161133,0.9970061182975769,823.8292236328125,82.29566192626953,0.9992353916168213,802.9214477539062,88.90263366699219,0.999065101146698,764.0958251953125,93.8780288696289,0.997445821762085,729.6043090820312,89.6793441772461,0.9998244643211365,816.4002685546875,114.55097198486328,0.9930886626243591,797.11181640625,132.62705993652344,0.9980319142341614,706.0054321289062,121.66356658935547,0.9776409268379211,805.338623046875,63.82244873046875,0.9185060262680054,760.7963256835938,48.19697189331055,0.5120570659637451,708.1170043945312,119.8802490234375,0.31706520915031433
1146,862.279541015625,112.78006744384766,0.9954192638397217,847.2736206054688,46.97505187988281,0.9971175193786621,823.8660888671875,82.3234634399414,0.999291181564331,803.7894897460938,88.77180480957031,0.9992278814315796,764.7068481445312,93.8780288696289,0.9966450333595276,729.9025268554688,89.6793441772461,0.9997807145118713,816.5687866210938,114.55097198486328,0.9885249733924866,796.4322509765625,132.62705993652344,0.9975103139877319,706.2864379882812,121.7588119506836,0.9732859134674072,805.2300415039062,63.719303131103516,0.8975556492805481,761.0253295898438,48.19697189331055,0.5560571551322937,708.2324829101562,119.77488708496094,0.34180599451065063
1147,863.437255859375,111.71502685546875,0.9974374771118164,847.3836059570312,46.97505187988281,0.9972977042198181,825.0724487304688,82.3234634399414,0.9991844296455383,804.3491821289062,87.73949432373047,0.9993114471435547,770.2943115234375,91.25255584716797,0.9953719973564148,730.85546875,89.6793441772461,0.9997726082801819,818.9010009765625,113.83412170410156,0.9635374546051025,796.4234008789062,132.98414611816406,0.995850682258606,706.3948364257812,121.7588119506836,0.9701264500617981,804.9766845703125,63.37227249145508,0.8635605573654175,761.4326782226562,47.492828369140625,0.5210328698158264,708.5598754882812,119.68640899658203,0.3477849066257477
1148,868.0424194335938,109.69811248779297,0.9981947541236877,847.2736206054688,46.97505187988281,0.9969321489334106,826.1580200195312,82.3234634399414,0.999248206615448,805.7962036132812,87.15528869628906,0.999525785446167,770.4339599609375,90.6771011352539,0.995827853679657,731.2691650390625,89.6793441772461,0.9997925162315369,841.7974853515625,111.6026611328125,0.7244440317153931,796.4234008789062,134.07305908203125,0.9916457533836365,706.6668090820312,121.66356658935547,0.9616454243659973,804.905517578125,63.236045837402344,0.8525856137275696,766.4857177734375,47.193885803222656,0.5670681595802307,708.9188232421875,119.6270523071289,0.29755041003227234
1149,870.037841796875,108.11048126220703,0.9979711174964905,847.3585205078125,46.723331451416016,0.996019184589386,827.1807861328125,82.30782318115234,0.9992961883544922,807.323974609375,87.1255874633789,0.999586284160614,770.9132080078125,90.59535217285156,0.9974876642227173,731.7608642578125,89.57410430908203,0.999825656414032,842.8841552734375,106.4363021850586,0.867234468460083,796.4322509765625,134.11578369140625,0.9918937087059021,707.000244140625,121.46272277832031,0.9697244167327881,804.9766845703125,63.236045837402344,0.8466247916221619,770.2303466796875,47.193885803222656,0.7147160768508911,709.0639038085938,119.32018280029297,0.38247254490852356
1150,871.1499633789062,105.4161376953125,0.9981595873832703,847.3836059570312,45.919010162353516,0.9971837401390076,827.3023681640625,82.30782318115234,0.9992772936820984,808.7172241210938,87.10770416259766,0.9995970129966736,770.9132080078125,90.16452026367188,0.9979462027549744,732.3290405273438,89.44158172607422,0.9997027516365051,844.822998046875,104.88404846191406,0.895818293094635,796.4322509765625,134.46026611328125,0.9861611127853394,707.0608520507812,121.46272277832031,0.9649129509925842,805.2300415039062,63.37227249145508,0.8229131698608398,793.3565063476562,129.47496032714844,0.8354631662368774,709.1803588867188,118.82890319824219,0.37979403138160706
1151,872.2901000976562,105.4161376953125,0.9962185025215149,847.3836059570312,45.42500686645508,0.99750816822052,828.0201416015625,81.9133529663086,0.9989676475524902,809.7429809570312,87.06531524658203,0.9991976618766785,770.9132080078125,89.93328857421875,0.9979548454284668,732.368408203125,89.32080841064453,0.9996858835220337,849.9800415039062,104.29279327392578,0.9470310807228088,796.4234008789062,134.46026611328125,0.981331467628479,707.1145629882812,121.46272277832031,0.9540162086486816,823.8258056640625,62.880523681640625,0.7139036655426025,795.5726928710938,128.63279724121094,0.8574647903442383,709.1803588867188,118.82890319824219,0.2292259931564331
1152,872.2901000976562,105.4161376953125,0.997333288192749,848.9124145507812,43.482601165771484,0.998696506023407,829.677978515625,81.75347137451172,0.9988828301429749,810.94921875,86.70020294189453,0.9989585876464844,771.9105834960938,89.34583282470703,0.9982408285140991,733.4134521484375,89.23822784423828,0.9997208714485168,851.209716796875,102.74518585205078,0.95440673828125,796.3131103515625,134.46026611328125,0.9716867804527283,707.1145629882812,121.53113555908203,0.9386506080627441,827.1449584960938,62.300785064697266,0.7184249758720398,795.7498779296875,128.63279724121094,0.8951014280319214,709.0639038085938,118.82890319824219,0.32610398530960083
1153,872.4232788085938,108.90455627441406,0.9930544495582581,850.7291259765625,42.75324630737305,0.9988710284233093,830.646240234375,81.18063354492188,0.9975461363792419,811.294677734375,85.29022216796875,0.9980430603027344,774.211669921875,88.74083709716797,0.9974839687347412,733.4937744140625,88.81996154785156,0.9993576407432556,854.6891479492188,100.5578842163086,0.9504041075706482,785.150634765625,45.502445220947266,0.9739630222320557,707.1145629882812,121.53113555908203,0.8775253295898438,827.9395751953125,60.916236877441406,0.7298511266708374,795.7498779296875,128.63279724121094,0.9473693370819092,709.0639038085938,118.82890319824219,0.16977567970752716
1154,872.4232788085938,110.5262451171875,0.9902713894844055,851.6549682617188,42.34257888793945,0.9982287287712097,831.4283447265625,80.88587188720703,0.995560884475708,812.1055908203125,84.95549774169922,0.9955390095710754,774.9221801757812,88.522216796875,0.9964512586593628,734.069091796875,88.05061340332031,0.9986957907676697,857.508544921875,100.5578842163086,0.9468246698379517,785.150634765625,45.502445220947266,0.9887459874153137,707.2664184570312,121.53113555908203,0.8219665884971619,829.2987670898438,60.40412521362305,0.7598111033439636,795.7498779296875,126.67537689208984,0.9481102228164673,736.7081298828125,110.6399917602539,0.17415092885494232
1155,872.2901000976562,112.74271392822266,0.9844910502433777,851.9776000976562,42.306854248046875,0.9963676929473877,831.8563232421875,79.87136840820312,0.9932253956794739,812.2965698242188,84.65339660644531,0.992277979850769,774.9221801757812,88.35084533691406,0.9951708912849426,735.562255859375,87.4378433227539,0.9990645051002502,860.4512939453125,100.5578842163086,0.9136793613433838,785.150634765625,45.502445220947266,0.988021731376648,708.4197387695312,120.83732604980469,0.8971796035766602,832.9696044921875,60.11123275756836,0.7294379472732544,795.5630493164062,126.65039825439453,0.9639049172401428,735.7898559570312,110.6399917602539,0.3425882160663605
1156,871.7404174804688,117.13047790527344,0.9619913697242737,852.0751342773438,42.306854248046875,0.9934451580047607,833.193603515625,79.69223022460938,0.9918640851974487,813.8547973632812,84.64663696289062,0.9941695928573608,777.4901123046875,87.6831283569336,0.9977746605873108,737.3551635742188,87.4378433227539,0.99969482421875,862.1735229492188,100.63086700439453,0.9645330905914307,787.323974609375,45.502445220947266,0.9878321290016174,708.7803344726562,120.31299591064453,0.9305040836334229,833.338134765625,60.11123275756836,0.7904261946678162,795.397216796875,126.33602142333984,0.9632890224456787,735.7898559570312,109.3398208618164,0.5334388613700867
1157,871.7217407226562,118.40318298339844,0.9577699303627014,852.918212890625,42.306854248046875,0.9920065999031067,834.9891967773438,78.92628479003906,0.9960880279541016,815.2932739257812,84.55528259277344,0.9946979284286499,779.0641479492188,87.42723083496094,0.9981203675270081,738.1834716796875,87.4378433227539,0.9996684789657593,862.1735229492188,100.7854232788086,0.9714409112930298,789.111572265625,45.502445220947266,0.9840167760848999,709.3768920898438,120.17194366455078,0.922831118106842,834.0331420898438,59.83106231689453,0.8178589940071106,795.3444213867188,126.33602142333984,0.9390413165092468,735.7898559570312,52.608665466308594,0.6652803421020508
1158,871.3762817382812,120.2024154663086,0.959696888923645,854.1363525390625,42.57716751098633,0.9912795424461365,836.279296875,78.92628479003906,0.9955536723136902,816.849365234375,84.55528259277344,0.9950504899024963,779.113037109375,87.3185043334961,0.9980844259262085,740.4827880859375,86.89263916015625,0.9996445178985596,862.1735229492188,100.90055084228516,0.9746391177177429,792.1819458007812,45.26875305175781,0.9725112915039062,710.118896484375,119.54749298095703,0.9329026341438293,834.433349609375,59.66724395751953,0.7374985814094543,795.250244140625,126.65039825439453,0.9112011790275574,735.7898559570312,52.608665466308594,0.7412657737731934
1159,871.3762817382812,122.07592010498047,0.9568003416061401,854.3546142578125,44.550785064697266,0.9789437055587769,837.6954956054688,78.92628479003906,0.9934180974960327,818.3410034179688,84.19355773925781,0.9959889054298401,779.4842529296875,87.2068862915039,0.9986739158630371,742.1421508789062,86.89263916015625,0.9995841383934021,862.071533203125,100.97636413574219,0.9633371829986572,793.9154052734375,44.5348014831543,0.9689669013023376,711.0086059570312,119.2425537109375,0.9356750845909119,839.6429443359375,59.66724395751953,0.7807848453521729,795.1668090820312,126.54176330566406,0.906933605670929,735.7898559570312,52.479637145996094,0.7729541659355164
1160,871.3762817382812,123.67044067382812,0.9293931722640991,856.3062133789062,44.87696075439453,0.9714288711547852,838.6578369140625,79.2282485961914,0.9792683720588684,819.7855224609375,84.19355773925781,0.9941235184669495,781.6560668945312,87.20156860351562,0.9988460540771484,743.8988647460938,86.89263916015625,0.9994922876358032,862.071533203125,101.22911071777344,0.8968640565872192,794.4384155273438,44.472206115722656,0.9818149209022522,711.4246215820312,119.23135375976562,0.9229963421821594,842.5696411132812,59.66724395751953,0.6291813850402832,795.1668090820312,126.65669250488281,0.9443425536155701,736.7193603515625,52.27803421020508,0.8301962614059448
1161,871.3762817382812,124.63228607177734,0.9613984227180481,856.3062133789062,45.422298431396484,0.944216251373291,838.6915893554688,80.0623779296875,0.9803498983383179,819.95263671875,83.5482177734375,0.996658444404602,782.7464599609375,87.20156860351562,0.9991877675056458,745.2739868164062,86.59797668457031,0.9996604919433594,862.0255737304688,101.5736083984375,0.8632223010063171,794.888916015625,44.323978424072266,0.98028963804245,712.1788330078125,118.94373321533203,0.9364005923271179,847.3974609375,60.298213958740234,0.6070443987846375,795.250244140625,126.67902374267578,0.9303901791572571,736.771240234375,52.15005874633789,0.8638113737106323
1162,871.043701171875,125.0096206665039,0.9695863723754883,860.1907348632812,49.023399353027344,0.7709033489227295,841.5042724609375,80.60772705078125,0.9578986763954163,820.8030395507812,83.5482177734375,0.995510458946228,784.4266357421875,86.03318786621094,0.9989784955978394,746.0042114257812,86.25293731689453,0.9996904134750366,862.0255737304688,102.9248046875,0.7998017072677612,795.8023681640625,44.323978424072266,0.9892591834068298,864.0617065429688,53.66355895996094,0.9318561553955078,848.8601684570312,60.750144958496094,0.352063924074173,795.4655151367188,126.80305480957031,0.9578270316123962,736.9616088867188,51.777767181396484,0.8737632036209106
1163,869.4295043945312,125.4698486328125,0.983799934387207,860.1907348632812,52.546871185302734,0.5793196558952332,841.6090698242188,80.60772705078125,0.9659232497215271,821.852294921875,83.5482177734375,0.9964455962181091,784.4828491210938,85.86322784423828,0.9990718364715576,746.487060546875,86.25293731689453,0.9997726082801819,861.7333984375,103.84766387939453,0.833637535572052,795.8165893554688,44.472206115722656,0.9900946021080017,866.8656616210938,53.28342819213867,0.9839072227478027,850.3773803710938,64.07621765136719,0.16388817131519318,795.4655151367188,126.80305480957031,0.9509329199790955,736.9616088867188,51.489009857177734,0.8933039307594299
1164,867.2347412109375,126.75225830078125,0.9840430617332458,864.8662109375,52.73893356323242,0.6281977891921997,842.1718139648438,81.17424774169922,0.9651529788970947,822.5185546875,83.86061096191406,0.99689781665802,784.813720703125,85.79161834716797,0.9991593360900879,746.7755126953125,86.25293731689453,0.9997761845588684,861.0084228515625,103.84766387939453,0.7531445026397705,797.2410888671875,44.80046844482422,0.9915311336517334,868.7782592773438,53.28342819213867,0.9769548177719116,850.9436645507812,64.07621765136719,0.1899508386850357,795.4655151367188,126.80305480957031,0.9599483013153076,736.9832153320312,51.41498565673828,0.873741865158081
1165,864.3937377929688,128.66627502441406,0.9853308200836182,871.6893310546875,53.0961799621582,0.6614247560501099,845.0167236328125,81.17424774169922,0.9830343723297119,823.4169921875,84.3477554321289,0.9979768395423889,785.4049072265625,85.48164367675781,0.9993690848350525,748.8148803710938,86.36830139160156,0.9998718500137329,860.55126953125,103.84766387939453,0.8109330534934998,797.2410888671875,44.8452033996582,0.9892383813858032,868.7782592773438,53.66355895996094,0.9702107310295105,852.704833984375,64.07621765136719,0.1897880584001541,794.972900390625,126.48078155517578,0.9440430402755737,737.056396484375,51.401248931884766,0.8649506568908691
1166,858.6695556640625,130.33612060546875,0.9805166125297546,876.3724365234375,53.0961799621582,0.6911368370056152,845.4754028320312,81.17424774169922,0.9950156807899475,824.6572875976562,84.87267303466797,0.9986916184425354,785.7598266601562,85.48164367675781,0.9994722008705139,749.4008178710938,86.36830139160156,0.9999151229858398,858.53662109375,101.56414031982422,0.8969193696975708,797.2410888671875,46.56614303588867,0.977235734462738,868.7782592773438,54.20296096801758,0.9383502006530762,852.704833984375,63.49937438964844,0.2231825739145279,794.972900390625,125.69869232177734,0.897644579410553,737.5632934570312,51.12987518310547,0.8996567130088806
1167,858.6669311523438,131.9984893798828,0.9780617952346802,879.63330078125,54.182891845703125,0.8669804334640503,845.9154663085938,82.07638549804688,0.9976646900177002,825.857177734375,85.06598663330078,0.999086856842041,786.5709838867188,85.48164367675781,0.9994530081748962,750.0503540039062,86.36830139160156,0.999919056892395,857.9125366210938,101.56414031982422,0.8614135384559631,793.960693359375,130.32984924316406,0.9619540572166443,715.3959350585938,117.1063232421875,0.9312009215354919,852.704833984375,63.326961517333984,0.2582626938819885,794.972900390625,125.69869232177734,0.8648895621299744,737.679443359375,50.9384880065918,0.8886664509773254
1168,858.054931640625,132.60757446289062,0.9774438738822937,880.73779296875,54.182891845703125,0.7390510439872742,846.4971313476562,82.87911987304688,0.9977840781211853,826.6531982421875,86.32154083251953,0.9991984963417053,786.9312744140625,85.69767761230469,0.9994761347770691,751.027099609375,85.89530944824219,0.9999368190765381,857.7327880859375,101.56414031982422,0.7753366827964783,793.960693359375,131.18170166015625,0.9586992859840393,715.3959350585938,117.1063232421875,0.9300696849822998,826.4075927734375,58.4160041809082,0.28096768260002136,795.3526000976562,125.69869232177734,0.8916853070259094,738.2386474609375,50.9384880065918,0.9019644856452942
1169,858.0337524414062,132.77232360839844,0.966715931892395,881.1487426757812,54.31997299194336,0.9123664498329163,846.8837280273438,83.39485931396484,0.9977301955223083,826.7019653320312,86.90663146972656,0.9993109703063965,787.4517822265625,85.75057220458984,0.9996023774147034,752.2369384765625,85.89530944824219,0.9999570846557617,857.7327880859375,102.37025451660156,0.7957543134689331,793.960693359375,131.18170166015625,0.9501212239265442,715.163818359375,117.16470336914062,0.9288679361343384,826.4075927734375,58.4160041809082,0.49988821148872375,795.6661987304688,126.16825103759766,0.9070567488670349,738.4832153320312,50.92793273925781,0.9048700928688049
1170,857.7417602539062,133.46664428710938,0.9484473466873169,881.37646484375,57.74053192138672,0.7988467216491699,846.9588012695312,83.90569305419922,0.9977648258209229,826.9122314453125,87.24543762207031,0.9993749260902405,787.9764404296875,85.7864990234375,0.9994564652442932,752.4078369140625,85.89530944824219,0.9999531507492065,857.171142578125,102.48169708251953,0.7576736211776733,794.1476440429688,131.18170166015625,0.9300219416618347,715.163818359375,117.16470336914062,0.9317438006401062,826.4075927734375,58.4160041809082,0.7882145643234253,796.021240234375,126.3828353881836,0.9291516542434692,738.7345581054688,50.92793273925781,0.9172037839889526
1171,857.7417602539062,133.72116088867188,0.9474664330482483,881.6690673828125,59.254302978515625,0.8833932876586914,847.2236938476562,83.90569305419922,0.9978771209716797,827.0936279296875,87.24543762207031,0.9990567564964294,788.1077270507812,85.9551773071289,0.9993332028388977,752.6483764648438,85.95313262939453,0.9999433755874634,857.0997924804688,102.59049224853516,0.7142003774642944,798.3348999023438,45.12017059326172,0.9412436485290527,715.163818359375,117.16470336914062,0.9359253644943237,829.0064697265625,59.08322525024414,0.7769789099693298,796.5133666992188,126.9592514038086,0.9354672431945801,738.9425048828125,50.96670913696289,0.903893768787384
1172,857.7417602539062,133.7404327392578,0.9551131725311279,881.37646484375,61.48166275024414,0.8788573145866394,847.7208862304688,83.97076416015625,0.9972631931304932,827.166748046875,87.25852966308594,0.9985804557800293,788.1522216796875,86.11791229248047,0.9993683695793152,753.369873046875,85.95313262939453,0.9999414682388306,856.771728515625,103.10346221923828,0.7241459488868713,798.3348999023438,45.12017059326172,0.9354811310768127,715.163818359375,117.1937255859375,0.9328609108924866,832.259521484375,61.894554138183594,0.6799719929695129,796.5133666992188,127.68663024902344,0.9412091970443726,739.197265625,51.01826095581055,0.9094275832176208
1173,857.9640502929688,133.90611267089844,0.9575105309486389,881.37646484375,63.9998893737793,0.8453279733657837,848.5449829101562,84.05918884277344,0.9950266480445862,829.0206909179688,87.39039611816406,0.9979630708694458,788.8458862304688,86.1718978881836,0.9993106126785278,754.4418334960938,85.95313262939453,0.9999386072158813,856.7431030273438,103.10346221923828,0.7940500974655151,798.3975219726562,45.12017059326172,0.9528448581695557,715.163818359375,117.1937255859375,0.9311665892601013,838.1615600585938,62.125587463378906,0.654343843460083,796.5133666992188,128.06112670898438,0.9498738646507263,739.4793701171875,51.10047149658203,0.9224132895469666
1174,857.9640502929688,133.90611267089844,0.9589216113090515,861.8125,115.02536010742188,0.7487491369247437,848.9827270507812,84.05918884277344,0.9960903525352478,829.5206909179688,87.39039611816406,0.9982605576515198,789.076416015625,86.1718978881836,0.9993465542793274,755.255859375,85.69512176513672,0.999932050704956,856.1661376953125,102.59049224853516,0.6951153874397278,798.3975219726562,45.2232666015625,0.9508082866668701,715.3488159179688,117.1937255859375,0.9263555407524109,842.9415283203125,63.08814239501953,0.7790675759315491,796.4216918945312,128.06112670898438,0.9481756687164307,739.8058471679688,51.18601989746094,0.922630250453949
1175,858.2322387695312,133.90611267089844,0.9453845620155334,860.5261840820312,139.64120483398438,0.7942377328872681,850.031982421875,84.68988037109375,0.9962583780288696,829.7225952148438,87.41791534423828,0.9983450174331665,789.1596069335938,86.20654296875,0.999339759349823,755.5680541992188,85.69285583496094,0.9999369382858276,855.4100952148438,65.80833435058594,0.7069160342216492,798.3975219726562,45.39779281616211,0.9483373165130615,715.4791259765625,117.11394500732422,0.9276348948478699,846.6083374023438,64.42349243164062,0.6961040496826172,796.2985229492188,128.06112670898438,0.933682918548584,739.806640625,51.25947952270508,0.928005576133728
1176,858.89404296875,133.90611267089844,0.9283469319343567,859.5524291992188,140.51173400878906,0.8883492946624756,850.4392700195312,87.1947021484375,0.9918488264083862,830.4900512695312,87.41791534423828,0.9981276392936707,790.52880859375,86.35521697998047,0.9990818500518799,756.5498657226562,85.26419830322266,0.9998779296875,855.4100952148438,65.10330200195312,0.7591570019721985,798.3975219726562,45.39779281616211,0.9627292156219482,716.6054077148438,116.65581512451172,0.9191725850105286,852.8262329101562,64.56564331054688,0.39420953392982483,795.9712524414062,128.06112670898438,0.9256870150566101,739.9821166992188,51.29851531982422,0.9219849109649658
1177,899.227294921875,67.42597961425781,0.8517860770225525,860.4183959960938,141.05984497070312,0.9290487766265869,851.1392822265625,88.93119812011719,0.9899054169654846,831.021484375,87.41791534423828,0.9982925057411194,792.5110473632812,86.35521697998047,0.9992932081222534,757.06982421875,84.8960189819336,0.9998453855514526,855.4100952148438,64.31261444091797,0.7901681065559387,798.3975219726562,45.38966369628906,0.9743806719779968,717.2689208984375,116.43778991699219,0.9166498184204102,856.2250366210938,65.80621337890625,0.30250486731529236,795.9107055664062,128.06112670898438,0.9286986589431763,739.9821166992188,51.353759765625,0.9176474213600159
1178,899.5330200195312,66.80443572998047,0.8945616483688354,860.4183959960938,141.05984497070312,0.9443827271461487,851.5674438476562,89.23853302001953,0.9862966537475586,831.4266357421875,87.02366638183594,0.9981479644775391,793.677001953125,86.30970001220703,0.9995816349983215,758.1885375976562,83.4515151977539,0.999765932559967,859.9443969726562,65.10330200195312,0.8961871266365051,798.4503784179688,45.38966369628906,0.9751212000846863,718.2824096679688,115.97593688964844,0.907338559627533,856.2250366210938,66.3381576538086,0.3371046483516693,795.8832397460938,128.053955078125,0.9457014203071594,739.9821166992188,51.41680145263672,0.904491126537323
1179,899.5330200195312,66.80443572998047,0.9194218516349792,860.4183959960938,141.05984497070312,0.9448986649513245,852.2171020507812,89.837158203125,0.9895179867744446,831.8106079101562,87.02366638183594,0.9987612962722778,794.413330078125,86.30970001220703,0.9997125267982483,758.720703125,83.14772033691406,0.9998277425765991,863.4340209960938,65.20829772949219,0.9397905468940735,798.4503784179688,45.176490783691406,0.9720945358276367,718.2882080078125,115.97593688964844,0.9090784788131714,856.2250366210938,66.4984130859375,0.3244800865650177,795.9107055664062,129.1661834716797,0.9337112903594971,740.0752563476562,51.513458251953125,0.9080063104629517
1180,899.5330200195312,67.42597961425781,0.8932129144668579,861.6491088867188,139.74493408203125,0.9352211356163025,852.9580078125,89.837158203125,0.988372266292572,832.58935546875,87.02366638183594,0.99896240234375,795.0623779296875,85.99725341796875,0.9998025298118591,759.6348876953125,82.8131103515625,0.9998477697372437,868.4061279296875,65.20829772949219,0.9487959742546082,798.4503784179688,44.958580017089844,0.9733973741531372,719.1621704101562,115.97593688964844,0.896379292011261,825.70751953125,101.47669219970703,0.287954717874527,795.9107055664062,129.1661834716797,0.9316048622131348,740.0752563476562,51.513458251953125,0.9127064943313599
1181,867.3461303710938,133.15187072753906,0.9196510314941406,863.93017578125,135.7329864501953,0.9622496962547302,853.9281005859375,89.837158203125,0.9900251626968384,834.52880859375,87.01338958740234,0.9988394379615784,796.5493774414062,85.99725341796875,0.9998037219047546,760.4099731445312,82.8131103515625,0.999854564666748,870.6522216796875,65.41478729248047,0.9255474805831909,801.91748046875,44.547061920166016,0.9758725166320801,723.4432373046875,116.77422332763672,0.8707097172737122,825.70751953125,101.63592529296875,0.3329038918018341,795.4393310546875,128.230224609375,0.9283058643341064,740.0752563476562,51.585269927978516,0.9039084911346436
1182,867.3461303710938,133.37643432617188,0.9283037781715393,866.6217651367188,135.36880493164062,0.9665542244911194,854.348876953125,89.59807586669922,0.9840254187583923,834.8158569335938,86.90113067626953,0.9985589385032654,797.0881958007812,85.99725341796875,0.9998080134391785,761.1102905273438,82.8131103515625,0.9998863935470581,872.4937133789062,65.41478729248047,0.8917945027351379,802.5734252929688,44.547061920166016,0.9803484082221985,724.3583374023438,116.81969451904297,0.8699547052383423,825.70751953125,101.7073745727539,0.2874128818511963,795.2796630859375,128.13417053222656,0.9268739819526672,740.123779296875,51.60295104980469,0.893802285194397
1183,867.3461303710938,134.3129425048828,0.9681143164634705,868.9991455078125,135.36880493164062,0.9263258576393127,854.877197265625,89.41433715820312,0.9772079586982727,835.9588012695312,86.8864517211914,0.9980966448783875,798.1439208984375,85.99725341796875,0.9997642636299133,761.6971435546875,82.94246673583984,0.9999065399169922,877.9840698242188,65.41478729248047,0.9246767163276672,802.5863647460938,44.547061920166016,0.9828329682350159,724.9437866210938,116.81969451904297,0.8582548499107361,826.4437866210938,101.74279022216797,0.24502430856227875,795.2188110351562,128.230224609375,0.9110231399536133,740.2649536132812,51.60725784301758,0.9049167633056641
1184,869.79931640625,133.62855529785156,0.9635689854621887,873.0968017578125,135.36880493164062,0.8638431429862976,856.0255737304688,89.2880859375,0.9724863767623901,836.7567749023438,86.65872955322266,0.9981252551078796,799.5296020507812,85.99725341796875,0.9997727274894714,762.271484375,82.96415710449219,0.999913215637207,879.147705078125,65.35102844238281,0.9333222508430481,802.9984130859375,44.8208122253418,0.9837242364883423,725.0399780273438,116.77422332763672,0.8736892938613892,826.5654296875,101.82457733154297,0.2686226963996887,795.1466064453125,128.230224609375,0.9083279967308044,740.2777099609375,51.60725784301758,0.9082730412483215
1185,871.080810546875,133.62855529785156,0.9232393503189087,875.5192260742188,135.36961364746094,0.8682143688201904,857.4361572265625,89.2398452758789,0.9766547679901123,836.9802856445312,85.0104751586914,0.9980756044387817,799.8191528320312,83.48001861572266,0.9997742772102356,762.6989135742188,83.103515625,0.999913215637207,879.5342407226562,65.29887390136719,0.9310146570205688,803.3218994140625,44.8208122253418,0.9860899448394775,727.4006958007812,116.2285385131836,0.8402455449104309,827.1683349609375,101.82457733154297,0.30442461371421814,794.8873291015625,128.34603881835938,0.9033904075622559,740.3226318359375,51.60725784301758,0.9103255271911621
1186,872.8663330078125,134.52325439453125,0.9093050360679626,875.7869262695312,135.53855895996094,0.8800187706947327,857.876953125,89.19359588623047,0.9814110398292542,837.5054321289062,85.0104751586914,0.9983956217765808,800.8924560546875,83.36888122558594,0.9998273849487305,763.4087524414062,83.19446563720703,0.9999217987060547,879.8499755859375,64.99300384521484,0.9167336821556091,803.4429321289062,44.92790603637695,0.987255334854126,733.1445922851562,116.2285385131836,0.8460769653320312,827.7027587890625,101.82457733154297,0.3391784727573395,794.86083984375,129.09783935546875,0.9103636741638184,740.6636352539062,51.66029357910156,0.910048246383667
1187,874.6650390625,135.02207946777344,0.9336568713188171,877.65185546875,135.6268310546875,0.9126247763633728,858.47021484375,87.89342498779297,0.9853096604347229,837.9210815429688,85.0104751586914,0.998620867729187,801.2516479492188,83.36888122558594,0.9998726844787598,766.5054931640625,83.51496124267578,0.9999456405639648,879.8499755859375,64.95730590820312,0.9261748194694519,803.4429321289062,44.9291877746582,0.9851083159446716,740.7139892578125,116.2285385131836,0.8741968870162964,828.27099609375,101.74279022216797,0.41667440533638,794.2942504882812,129.70953369140625,0.8901752829551697,740.7354736328125,51.68055725097656,0.9192578196525574
1188,876.3458862304688,135.31741333007812,0.9605249166488647,878.3372802734375,135.6268310546875,0.9355096220970154,858.7110595703125,87.53453826904297,0.9857684969902039,838.4702758789062,85.12653350830078,0.9987930059432983,801.7562866210938,83.36888122558594,0.999843955039978,767.7327880859375,83.68831634521484,0.9999662637710571,879.8499755859375,64.83949279785156,0.9031969904899597,803.4429321289062,44.938961029052734,0.9847347736358643,746.4521484375,117.16899871826172,0.8900157809257507,834.3641357421875,100.31180572509766,0.44763487577438354,794.0919189453125,129.70953369140625,0.8763319849967957,740.7354736328125,51.844459533691406,0.9323073625564575
1189,876.5155639648438,135.69717407226562,0.9637005925178528,878.3929443359375,135.56674194335938,0.955169141292572,859.4680786132812,87.513916015625,0.9900328516960144,839.3046875,85.57986450195312,0.9989123344421387,802.3763427734375,83.78414916992188,0.9998621940612793,768.4589233398438,84.46599578857422,0.9999748468399048,879.4447021484375,64.75652313232422,0.9140942096710205,794.7667236328125,132.96072387695312,0.9896536469459534,746.4521484375,117.66880798339844,0.9285551309585571,834.4738159179688,100.15066528320312,0.5867206454277039,794.0919189453125,129.70953369140625,0.8741151690483093,740.7354736328125,52.422637939453125,0.9508103728294373
1190,876.7282104492188,135.97825622558594,0.969515323638916,878.564697265625,135.53855895996094,0.9367421865463257,859.6133422851562,87.40294647216797,0.9900975227355957,839.4619750976562,85.57986450195312,0.9989897608757019,802.835693359375,83.78981018066406,0.9998260140419006,769.052978515625,85.1091079711914,0.9999799728393555,878.2794799804688,64.53040313720703,0.9431306719779968,794.7667236328125,133.06478881835938,0.9931262731552124,752.4403686523438,117.83833312988281,0.9767434597015381,834.8495483398438,99.9807357788086,0.5299381613731384,794.0919189453125,129.52565002441406,0.8467401266098022,740.8263549804688,52.6611213684082,0.9532116055488586
1191,877.2158203125,135.98947143554688,0.9685314893722534,879.4159545898438,135.52996826171875,0.922802746295929,860.2815551757812,87.40294647216797,0.9917336702346802,839.7136840820312,85.57986450195312,0.9990430474281311,803.2771606445312,84.20057678222656,0.9998155236244202,769.3681640625,85.70562744140625,0.99997878074646,877.4987182617188,64.31231689453125,0.9599956274032593,794.7667236328125,133.19374084472656,0.995820164680481,756.72412109375,118.31366729736328,0.9962558746337891,835.0040283203125,99.89738464355469,0.5599883794784546,801.0880737304688,45.605384826660156,0.7899247407913208,740.79345703125,52.8202018737793,0.9572510123252869
1192,877.560791015625,135.98947143554688,0.9700371623039246,879.4159545898438,135.503662109375,0.9502393007278442,860.3142700195312,87.05850982666016,0.9918578267097473,839.72314453125,85.38591003417969,0.9990414977073669,803.4199829101562,84.49507904052734,0.9998111128807068,769.4032592773438,86.28651428222656,0.9999755620956421,877.2078857421875,64.07469177246094,0.9665427207946777,794.7667236328125,133.19374084472656,0.9962213039398193,758.700927734375,119.94880676269531,0.9925466179847717,835.20654296875,99.89278411865234,0.6001911759376526,801.1285400390625,45.57124710083008,0.7894256711006165,740.730712890625,52.83340835571289,0.9562098383903503
1193,878.5885620117188,135.98947143554688,0.9676767587661743,880.9327392578125,135.14462280273438,0.9658769965171814,860.478271484375,86.61817932128906,0.9924131035804749,839.724853515625,85.37097930908203,0.9991406202316284,803.6611938476562,84.6858901977539,0.9997943043708801,770.0198974609375,86.35588073730469,0.9999710321426392,876.2681884765625,63.67265319824219,0.9595600366592407,794.7667236328125,133.65493774414062,0.9958546161651611,762.3021850585938,121.37317657470703,0.9677053689956665,835.2703247070312,99.68081665039062,0.7001932859420776,801.3480834960938,45.57124710083008,0.7686034440994263,740.744384765625,52.868507385253906,0.9586373567581177
1194,879.0518188476562,135.36813354492188,0.9665206670761108,881.614990234375,134.75567626953125,0.9742863178253174,860.8923950195312,86.31712341308594,0.9932727813720703,839.8274536132812,85.24676513671875,0.9991687536239624,803.82080078125,84.75119018554688,0.9998341798782349,770.4533081054688,86.52197265625,0.999963641166687,876.0859375,63.67244338989258,0.9585945010185242,794.4025268554688,134.6704864501953,0.9944548010826111,769.3456420898438,128.37892150878906,0.9901856184005737,835.435546875,99.59539031982422,0.627695620059967,801.26318359375,45.57124710083008,0.797135591506958,740.7626342773438,52.90746307373047,0.9618990421295166
1195,881.9930419921875,133.46524047851562,0.9791603684425354,882.1693115234375,133.9650421142578,0.9650124311447144,861.1940307617188,85.72062683105469,0.9930804371833801,840.0693359375,85.2396469116211,0.9992173910140991,804.5039672851562,85.0820541381836,0.9998375177383423,771.0452880859375,87.05827331542969,0.9999566078186035,876.0772705078125,63.66661071777344,0.96136474609375,794.34716796875,134.91676330566406,0.9935883283615112,772.4984741210938,130.2587127685547,0.9956580400466919,835.435546875,99.59539031982422,0.6881747245788574,801.26318359375,45.625640869140625,0.847311794757843,740.7626342773438,53.05906677246094,0.9623731970787048
1196,882.1398315429688,132.5636749267578,0.979867696762085,882.4924926757812,133.4566650390625,0.9692909121513367,862.000732421875,85.67459869384766,0.9929261207580566,840.504638671875,85.2396469116211,0.9992601275444031,804.7505493164062,85.2466812133789,0.9998550415039062,771.3729248046875,87.52046203613281,0.9999566078186035,873.0841674804688,63.498382568359375,0.9535121321678162,793.892822265625,135.34962463378906,0.9938099980354309,775.5054931640625,131.43972778320312,0.9948061108589172,835.5744018554688,99.59539031982422,0.7081305980682373,801.2916870117188,45.78487777709961,0.874114990234375,740.7626342773438,53.193565368652344,0.9621326923370361
1197,882.2623901367188,132.33074951171875,0.9788113236427307,882.9089965820312,133.22483825683594,0.9718645215034485,862.4471435546875,85.67459869384766,0.9925959706306458,840.906982421875,85.21013641357422,0.9992659687995911,805.1856689453125,85.44078826904297,0.9998471736907959,771.4578247070312,87.93704986572266,0.9999561309814453,872.5889892578125,63.66661071777344,0.9684904217720032,792.8541259765625,135.83421325683594,0.9922038316726685,777.08740234375,132.6533966064453,0.990911602973938,835.7049560546875,99.96695709228516,0.7999153137207031,801.3538208007812,45.904579162597656,0.885986864566803,740.8284912109375,53.212608337402344,0.9633572697639465
1198,882.2872924804688,131.48573303222656,0.9628982543945312,883.6337890625,132.6400909423828,0.9791198372840881,862.6439819335938,85.67459869384766,0.9931647181510925,841.0554809570312,85.21013641357422,0.9993317723274231,805.3010864257812,85.58417510986328,0.9998413324356079,771.5374145507812,88.3039321899414,0.9999493360519409,872.2261962890625,63.67244338989258,0.9630178809165955,791.9624633789062,136.39453125,0.9854835271835327,777.6576538085938,133.81581115722656,0.992661714553833,835.7618408203125,100.42375183105469,0.857448399066925,801.3538208007812,45.904579162597656,0.8828171491622925,740.8515625,53.24239730834961,0.960062563419342
1199,882.78466796875,131.0782928466797,0.9708178639411926,884.5227661132812,131.95803833007812,0.9645893573760986,863.084228515625,85.93378448486328,0.9923422932624817,841.2565307617188,85.241455078125,0.999305248260498,805.3818359375,85.70304107666016,0.9998296499252319,771.5374145507812,88.72074890136719,0.9999476671218872,871.008544921875,63.66661071777344,0.9686934351921082,791.9624633789062,136.89886474609375,0.9821229577064514,777.7842407226562,134.9933319091797,0.9916058778762817,836.3533325195312,100.4386978149414,0.8721142411231995,801.4091186523438,45.904579162597656,0.9035179018974304,740.8553466796875,53.21553039550781,0.9572018980979919
1200,882.8568115234375,131.0782928466797,0.9667466878890991,884.8937377929688,131.95803833007812,0.9634060859680176,863.6625366210938,86.03002166748047,0.992823600769043,841.5150756835938,85.24543762207031,0.999212384223938,805.3829956054688,85.78361511230469,0.9998297691345215,771.5560302734375,88.88282012939453,0.999945878982544,869.6076049804688,63.72074890136719,0.969327449798584,791.9624633789062,137.26979064941406,0.9782870411872864,777.7842407226562,135.56935119628906,0.9914084076881409,836.4932250976562,100.57780456542969,0.8797531127929688,801.5453491210938,45.89334487915039,0.9005133509635925,740.9239501953125,53.2475700378418,0.9586563110351562
1201,882.8568115234375,131.0782928466797,0.9709112048149109,884.8937377929688,131.95803833007812,0.9622765183448792,864.0405883789062,86.18170166015625,0.9941480159759521,842.1824340820312,85.63294219970703,0.9991313815116882,805.6533203125,86.09737396240234,0.9998008608818054,771.5643310546875,88.90394592285156,0.9999407529830933,868.3148803710938,63.72074890136719,0.9676713943481445,792.7216186523438,137.42396545410156,0.9731559157371521,777.7842407226562,136.37924194335938,0.9927130341529846,836.7100219726562,100.85198211669922,0.8693311214447021,801.63037109375,45.891624450683594,0.9260426163673401,741.0018310546875,53.26535415649414,0.9613672494888306
1202,882.8568115234375,131.59471130371094,0.9704231023788452,884.8937377929688,132.34242248535156,0.971419095993042,864.252197265625,86.26372528076172,0.9948582649230957,842.3551025390625,85.71302032470703,0.9991692304611206,805.8235473632812,86.12747955322266,0.9998093247413635,771.5643310546875,88.90394592285156,0.9999401569366455,867.0053100585938,63.60567855834961,0.954588770866394,792.882568359375,137.42396545410156,0.9630619883537292,777.2958984375,136.84654235839844,0.9939441084861755,836.7776489257812,100.85198211669922,0.8733511567115784,801.6458129882812,45.891624450683594,0.9235382676124573,741.1337890625,53.26535415649414,0.9580898880958557
1203,882.8568115234375,131.59471130371094,0.9662241339683533,883.113037109375,132.85304260253906,0.9779258966445923,864.2877197265625,86.62019348144531,0.994780957698822,842.4114379882812,85.95140075683594,0.9991167187690735,805.9517211914062,86.1828842163086,0.9998036026954651,771.77685546875,88.90941619873047,0.9999415874481201,866.4328002929688,63.56497573852539,0.9464694261550903,793.0736694335938,137.42396545410156,0.9628631472587585,776.6575927734375,136.84654235839844,0.9934898614883423,836.81884765625,100.8631591796875,0.8506536483764648,801.6458129882812,45.89334487915039,0.9248687624931335,741.1783447265625,53.21553039550781,0.9578400254249573
1204,882.8568115234375,131.59471130371094,0.965548574924469,881.0517578125,134.37940979003906,0.9826934337615967,864.793701171875,86.88134765625,0.9948646426200867,842.507080078125,86.20765686035156,0.9989702701568604,806.1005859375,86.24185180664062,0.99979168176651,772.0704345703125,88.93282318115234,0.9999436140060425,864.62158203125,63.56497573852539,0.9418020248413086,793.1513061523438,136.7593231201172,0.9597176909446716,776.3244018554688,136.84654235839844,0.9946200847625732,837.0552978515625,100.8631591796875,0.7860054969787598,801.6458129882812,45.95207977294922,0.9286535382270813,741.1901245117188,53.15019989013672,0.9465717673301697
1205,910.355712890625,65.16667175292969,0.9448426961898804,878.4517211914062,134.8587188720703,0.9775959253311157,864.8423461914062,89.43386840820312,0.9962444305419922,843.1150512695312,86.84867858886719,0.9990065693855286,806.5491943359375,86.44043731689453,0.9997609257698059,772.1343383789062,88.93282318115234,0.9999312162399292,863.727783203125,63.56497573852539,0.9488114714622498,794.5192260742188,135.8391571044922,0.9686351418495178,776.1926879882812,136.32473754882812,0.9950172305107117,837.2415771484375,100.8631591796875,0.6952412128448486,801.3003540039062,46.770145416259766,0.9381489753723145,741.58056640625,53.085426330566406,0.9543781876564026
1206,910.8334350585938,65.16362762451172,0.948974609375,877.4396362304688,135.12550354003906,0.9772058725357056,865.3328857421875,90.71009826660156,0.9958488941192627,843.6530151367188,87.1288833618164,0.9989000558853149,806.9050903320312,86.82653045654297,0.9997356534004211,772.1343383789062,88.90941619873047,0.9999260902404785,862.9689331054688,63.62274169921875,0.9467841386795044,794.5192260742188,135.6666259765625,0.9773120880126953,776.1373901367188,135.98529052734375,0.9954914450645447,837.3361206054688,100.58724212646484,0.6360170245170593,801.2160034179688,46.79570770263672,0.932525098323822,741.6876220703125,52.964935302734375,0.9445241689682007
1207,911.6049194335938,65.12429809570312,0.9432275891304016,873.620361328125,135.39834594726562,0.9815559983253479,865.6984252929688,90.99615478515625,0.9965303540229797,844.2706298828125,87.896484375,0.998817503452301,806.9740600585938,87.12516784667969,0.9996674060821533,772.0704345703125,88.90941619873047,0.9999271631240845,862.6674194335938,65.49751281738281,0.8873488903045654,794.6898193359375,135.6666259765625,0.9854261875152588,776.1373901367188,135.85165405273438,0.9944655299186707,863.1126708984375,67.84779357910156,0.42394328117370605,801.0993041992188,46.82364273071289,0.9196708798408508,741.6876220703125,52.77861404418945,0.9495791792869568
1208,912.3323364257812,65.110107421875,0.9545217156410217,867.8425903320312,137.93563842773438,0.9935564398765564,866.3335571289062,91.75569915771484,0.9979174733161926,845.4794921875,88.39461517333984,0.9987972974777222,807.1406860351562,87.72310638427734,0.9995124340057373,772.1019287109375,88.94500732421875,0.9999192953109741,861.7392578125,66.21324157714844,0.8751286864280701,794.8316650390625,135.16497802734375,0.9911475777626038,776.1373901367188,135.41464233398438,0.9955755472183228,863.1126708984375,67.80427551269531,0.5245159864425659,801.0126342773438,46.860679626464844,0.9106878638267517,741.6876220703125,52.65757369995117,0.9347920417785645
1209,912.3618774414062,65.110107421875,0.9468693137168884,866.8409423828125,140.22799682617188,0.9964650869369507,866.474853515625,92.47742462158203,0.9974114298820496,846.1865234375,89.1534423828125,0.9987049102783203,807.6082153320312,88.79022979736328,0.9995971322059631,772.1019287109375,88.98924255371094,0.999933123588562,861.4035034179688,66.5628662109375,0.8484078645706177,799.0966186523438,135.6666259765625,0.9916018843650818,776.1926879882812,134.6426239013672,0.9946938157081604,863.1126708984375,67.80427551269531,0.5254123210906982,800.9523315429688,46.89892578125,0.9107813835144043,741.6876220703125,52.52994918823242,0.9378451108932495
1210,912.375244140625,65.110107421875,0.9439737796783447,866.8409423828125,140.521240234375,0.9964882135391235,866.9408569335938,92.89413452148438,0.9976621866226196,847.0489501953125,89.90117645263672,0.9985263347625732,808.1659545898438,89.00852966308594,0.999491810798645,772.1019287109375,89.25719451904297,0.999948263168335,861.1688842773438,66.87129211425781,0.8283361196517944,802.8529052734375,135.6666259765625,0.9919548630714417,777.5692749023438,134.6208953857422,0.9943991303443909,862.8812255859375,67.84779357910156,0.4997188150882721,800.8245239257812,46.93669128417969,0.895618200302124,741.6884155273438,52.3288688659668,0.9261115193367004
1211,913.1423950195312,65.110107421875,0.9554251432418823,866.8409423828125,140.55242919921875,0.9977967739105225,867.1029052734375,92.97115325927734,0.9978731870651245,847.4584350585938,89.95317077636719,0.9983500242233276,808.1659545898438,89.75841522216797,0.9992901086807251,772.5311279296875,90.2087631225586,0.9999409914016724,860.306884765625,67.2615737915039,0.8050822615623474,813.080322265625,134.81781005859375,0.9798645973205566,777.6005859375,133.0888671875,0.9961780309677124,862.5009765625,67.85850524902344,0.46869009733200073,800.4573364257812,47.012611389160156,0.8822512626647949,741.6884155273438,52.2655143737793,0.9196571111679077
1212,913.2055053710938,65.37635803222656,0.9552412033081055,867.3656005859375,141.5987548828125,0.9983965754508972,867.28955078125,93.04428100585938,0.9973942041397095,849.2048950195312,90.05602264404297,0.9983918070793152,808.7196655273438,90.11308288574219,0.9992101192474365,772.8457641601562,91.09569549560547,0.9999349117279053,860.2987670898438,67.26176452636719,0.7808142900466919,867.0968017578125,54.809226989746094,0.9550447463989258,777.6005859375,133.0888671875,0.9960519671440125,833.3431396484375,114.72012329101562,0.49770867824554443,800.3975219726562,47.68132400512695,0.9033018350601196,741.6884155273438,52.2655143737793,0.9154354333877563
1213,913.743896484375,65.37635803222656,0.9524075984954834,868.1090087890625,142.26637268066406,0.9982770681381226,867.5537109375,93.10446166992188,0.9982036352157593,849.2455444335938,90.09416198730469,0.9985039234161377,808.7450561523438,90.84175109863281,0.9991658926010132,773.5101318359375,91.82035064697266,0.999915599822998,860.1848754882812,67.3764419555664,0.7874612808227539,867.1151733398438,54.63954162597656,0.9616778492927551,777.5787963867188,133.0888671875,0.995266318321228,833.0533447265625,115.64921569824219,0.670274019241333,800.3975219726562,47.86671829223633,0.9163707494735718,741.7586669921875,52.3288688659668,0.9050629138946533
1214,913.743896484375,64.80583190917969,0.921628475189209,868.3790893554688,142.46890258789062,0.9971248507499695,868.02587890625,93.10446166992188,0.9982725381851196,849.3291625976562,90.09416198730469,0.9984886646270752,809.9125366210938,92.19471740722656,0.9992071986198425,774.1857299804688,92.75841522216797,0.9998908042907715,860.0059814453125,67.3764419555664,0.7903931140899658,867.1151733398438,54.35113525390625,0.9576160907745361,777.5787963867188,133.3403778076172,0.9955877065658569,833.0533447265625,116.01801300048828,0.6753770709037781,800.3604736328125,47.97913360595703,0.9007138013839722,742.4354858398438,52.39167022705078,0.900560736656189
1215,913.743896484375,64.80583190917969,0.8436053991317749,869.515869140625,142.46890258789062,0.9937498569488525,868.4595947265625,93.10446166992188,0.9979471564292908,849.5640869140625,90.13868713378906,0.9986931681632996,810.2048950195312,93.36573791503906,0.9992959499359131,774.86865234375,93.44166564941406,0.9998437166213989,860.0049438476562,67.3764419555664,0.7640544176101685,867.1151733398438,54.31246566772461,0.9545737504959106,777.1906127929688,133.5326385498047,0.9958296418190002,833.3431396484375,115.64921569824219,0.6696346998214722,800.3112182617188,47.97913360595703,0.9124681353569031,743.01123046875,52.521121978759766,0.8966109752655029
1216,913.69677734375,65.37635803222656,0.7828974723815918,869.93115234375,142.46890258789062,0.9781714677810669,869.387451171875,93.26234436035156,0.9984604120254517,849.6431884765625,90.49015045166016,0.9988629817962646,810.9583740234375,94.08204650878906,0.9994316697120667,776.1618041992188,93.6985855102539,0.9998425245285034,859.456298828125,67.44158935546875,0.7382439374923706,866.1639404296875,53.98743438720703,0.9484497308731079,777.0217895507812,133.5326385498047,0.9964511394500732,834.4094848632812,115.64921569824219,0.5245351791381836,799.923095703125,48.06843185424805,0.9087148904800415,743.471435546875,52.8421516418457,0.8832922577857971
1217,870.4899291992188,140.50839233398438,0.776644229888916,913.90380859375,59.885902404785156,0.7427248954772949,870.3778686523438,93.65520477294922,0.9984697699546814,849.9000244140625,90.59494018554688,0.9991481304168701,811.99267578125,94.82109069824219,0.9996351003646851,776.6904296875,93.98861694335938,0.9998528957366943,859.456298828125,67.47521209716797,0.5924783945083618,866.0941162109375,53.96944046020508,0.945970892906189,777.0217895507812,133.7362060546875,0.9966128468513489,856.3344116210938,69.32524108886719,0.5443462133407593,799.9847412109375,48.07063674926758,0.8429016470909119,745.0916748046875,53.63206100463867,0.8199454545974731
1218,870.4899291992188,140.50839233398438,0.9418368339538574,914.0479736328125,59.702632904052734,0.831231415271759,871.2757568359375,93.91011047363281,0.9986791014671326,850.3988647460938,91.00843811035156,0.9992945194244385,812.0020141601562,94.95484924316406,0.999578058719635,778.1838989257812,94.63675689697266,0.9998792409896851,859.447265625,67.45337677001953,0.5101293325424194,865.7125244140625,53.932586669921875,0.9448688626289368,776.92626953125,133.5326385498047,0.9962738752365112,856.5194091796875,69.32524108886719,0.6018826961517334,799.8416748046875,48.29122543334961,0.8305892944335938,745.2994384765625,53.63206100463867,0.8120967745780945
1219,870.4899291992188,140.50839233398438,0.98346346616745,914.0900268554688,59.6960334777832,0.8494372367858887,871.714111328125,94.43706512451172,0.9989041090011597,850.51220703125,91.3882827758789,0.9993197917938232,812.0669555664062,95.79524993896484,0.9995803236961365,779.0821533203125,94.68275451660156,0.9998881816864014,859.4174194335938,67.45337677001953,0.44381868839263916,865.6697998046875,53.88191604614258,0.9480031728744507,777.0217895507812,133.5326385498047,0.99641352891922,856.5194091796875,69.32524108886719,0.6826059222221375,799.7269287109375,48.365440368652344,0.8328178524971008,745.306884765625,53.65616989135742,0.8006522059440613
1220,880.9069213867188,140.99044799804688,0.9913815855979919,914.0900268554688,59.6960334777832,0.8648726940155029,872.6681518554688,94.43706512451172,0.9990503191947937,851.7119140625,91.69850158691406,0.9994134902954102,812.5570068359375,95.7955322265625,0.999603807926178,779.6159057617188,94.69742584228516,0.9998899698257446,859.447265625,67.44158935546875,0.4553774297237396,865.2015991210938,53.932586669921875,0.9398343563079834,777.2435913085938,133.43150329589844,0.9970303773880005,856.6309814453125,69.55278778076172,0.6850724220275879,799.7269287109375,48.38157272338867,0.8291374444961548,749.5924072265625,53.65616989135742,0.7395541071891785
1221,882.929443359375,140.99044799804688,0.9882800579071045,914.0900268554688,59.6960334777832,0.8785048127174377,873.4131469726562,94.44021606445312,0.9991322159767151,852.5647583007812,91.80322265625,0.9994921684265137,813.4276123046875,96.09741973876953,0.9995678067207336,779.963134765625,94.69742584228516,0.9998700618743896,859.4174194335938,67.45337677001953,0.44781020283699036,865.0709838867188,53.932586669921875,0.9481887817382812,777.2435913085938,133.02752685546875,0.9969768524169922,856.7913208007812,69.66826629638672,0.6058803796768188,799.5355834960938,48.38157272338867,0.8118900060653687,753.4884643554688,56.134761810302734,0.7671942710876465
1222,886.0220336914062,140.99044799804688,0.9850096106529236,914.0717163085938,59.6960334777832,0.9318835735321045,873.7132568359375,94.68123626708984,0.9989407658576965,852.8987426757812,92.49263000488281,0.9994910955429077,814.317626953125,96.17786407470703,0.9995705485343933,780.136962890625,94.97450256347656,0.9998617172241211,859.3217163085938,67.45337677001953,0.35500654578208923,864.824462890625,54.3188591003418,0.9487320184707642,777.2213134765625,133.00924682617188,0.9972307085990906,857.0322875976562,70.15461730957031,0.6535251140594482,799.5355834960938,48.38157272338867,0.8393921256065369,757.5443725585938,56.162841796875,0.8215014338493347
1223,888.662353515625,141.2178192138672,0.977432370185852,913.9526977539062,59.84443283081055,0.9594215154647827,874.4684448242188,95.19538879394531,0.9991070628166199,853.4789428710938,93.03718566894531,0.9994864463806152,814.7251586914062,96.17786407470703,0.9995336532592773,780.5292358398438,94.97450256347656,0.9998216032981873,859.3217163085938,127.13776397705078,0.4792693257331848,864.6500854492188,54.64807891845703,0.9469332695007324,777.2213134765625,133.00924682617188,0.9971211552619934,857.3140258789062,70.74150085449219,0.7124402523040771,799.5355834960938,48.38157272338867,0.8698214888572693,761.3203125,56.36199951171875,0.8880714774131775
1224,889.3133544921875,141.2178192138672,0.9744787216186523,913.782470703125,59.84443283081055,0.9652578234672546,874.8384399414062,95.53794860839844,0.9992377758026123,853.8601684570312,93.35594177246094,0.9994856119155884,814.7403564453125,96.17786407470703,0.999397873878479,780.5318603515625,94.76392364501953,0.9997619986534119,859.5377197265625,127.17042541503906,0.5493507385253906,864.5321044921875,54.77908706665039,0.9432815909385681,777.2213134765625,133.00924682617188,0.9976829290390015,857.31640625,71.483154296875,0.7078632712364197,799.6948852539062,48.51213455200195,0.9416698813438416,770.2406616210938,56.43338394165039,0.8822273015975952
1225,889.4966430664062,141.47271728515625,0.9559648633003235,913.6246948242188,59.84443283081055,0.9676812291145325,875.2232666015625,95.85675048828125,0.9992307424545288,854.0659790039062,93.8388900756836,0.9995208978652954,814.7808837890625,96.0043716430664,0.9994574189186096,780.5546875,94.5589370727539,0.9997343420982361,859.5377197265625,127.17042541503906,0.6351090669631958,864.5010986328125,54.91140365600586,0.9455620646476746,777.1693725585938,133.0548858642578,0.9977533221244812,857.6194458007812,71.76441192626953,0.7463564872741699,801.2789916992188,48.592018127441406,0.9663936495780945,775.8897094726562,57.50834274291992,0.9244061708450317
1226,890.083740234375,141.2178192138672,0.9606244564056396,913.9526977539062,59.46076965332031,0.9822019934654236,875.7388305664062,95.88337707519531,0.9992998838424683,854.17578125,93.87849426269531,0.9995273351669312,814.9634399414062,95.7784423828125,0.999545156955719,780.7396240234375,93.94570922851562,0.9997090697288513,859.937744140625,127.13776397705078,0.5689290165901184,852.7405395507812,144.81890869140625,0.9446565508842468,777.1693725585938,133.0548858642578,0.9982522130012512,857.6194458007812,71.76441192626953,0.7570585012435913,801.2789916992188,48.592018127441406,0.9540929794311523,785.8925170898438,63.80168914794922,0.9259945750236511
1227,892.1500244140625,141.06362915039062,0.9642953872680664,913.3728637695312,59.46076965332031,0.9833486676216125,876.2186279296875,96.15792846679688,0.9992885589599609,854.2817993164062,94.1061782836914,0.9995338916778564,815.27001953125,95.7784423828125,0.9995108842849731,780.7396240234375,93.94570922851562,0.9997825026512146,859.937744140625,126.57119750976562,0.4755997359752655,852.5548706054688,144.81890869140625,0.9604715704917908,777.1170654296875,133.11622619628906,0.9982101917266846,857.6194458007812,71.76441192626953,0.7577892541885376,801.46875,48.592018127441406,0.9328442811965942,785.8925170898438,63.80168914794922,0.9388406872749329
1228,897.2129516601562,139.76931762695312,0.9771254062652588,913.0562744140625,59.46076965332031,0.979391872882843,876.4401245117188,96.15792846679688,0.9991876482963562,854.3593139648438,94.36323547363281,0.9995156526565552,815.4757690429688,95.7784423828125,0.9995241165161133,780.9518432617188,93.94570922851562,0.9998028874397278,859.937744140625,126.20314025878906,0.42973440885543823,852.327392578125,144.81890869140625,0.9597687125205994,777.1693725585938,133.14788818359375,0.9980700612068176,857.1796875,71.76441192626953,0.6992354989051819,801.46875,48.56448745727539,0.9298226833343506,785.8925170898438,63.80168914794922,0.931909441947937
1229,899.2376708984375,139.20245361328125,0.9585616588592529,902.0740966796875,137.45458984375,0.9855619072914124,876.4401245117188,96.15792846679688,0.9992830157279968,854.6493530273438,94.68538665771484,0.99957674741745,815.5665283203125,96.02264404296875,0.9994445443153381,781.19091796875,94.06291198730469,0.999818742275238,859.7261352539062,126.0932388305664,0.3246786892414093,851.715576171875,144.2720947265625,0.9620710015296936,777.1170654296875,133.18594360351562,0.9980803728103638,857.1796875,71.8395767211914,0.7113815546035767,801.1242065429688,48.56448745727539,0.9168506860733032,783.7706909179688,59.294105529785156,0.9204689264297485
1230,900.5075073242188,138.97964477539062,0.9439697265625,902.0740966796875,137.45458984375,0.9877304434776306,876.5856323242188,96.15792846679688,0.9992488026618958,855.0444946289062,95.15020751953125,0.9995703101158142,816.1378173828125,96.20855712890625,0.9994004964828491,781.4482421875,94.10196685791016,0.9998145699501038,859.6571655273438,125.94326782226562,0.2595677077770233,851.6599731445312,143.43362426757812,0.960972011089325,777.1170654296875,133.2249298095703,0.9982477426528931,857.1796875,72.12492370605469,0.712276041507721,801.1242065429688,48.56448745727539,0.9179283976554871,783.7388305664062,58.67982482910156,0.9218530058860779
1231,901.539794921875,139.08433532714844,0.8460386991500854,902.0740966796875,137.45458984375,0.9947454929351807,876.7146606445312,95.28105926513672,0.9992758631706238,855.8881225585938,95.64628601074219,0.9995585083961487,816.4900512695312,96.31187438964844,0.9995392560958862,783.9030151367188,97.803955078125,0.9998354911804199,857.6766357421875,116.30973052978516,0.24705591797828674,851.3422241210938,143.3905029296875,0.9534804821014404,777.5755004882812,133.38027954101562,0.998137354850769,857.1796875,72.55753326416016,0.7173080444335938,801.6019287109375,48.941139221191406,0.9473390579223633,783.7388305664062,58.67982482910156,0.9313291907310486
1232,902.1039428710938,139.08433532714844,0.8236120939254761,903.1658325195312,137.3513946533203,0.9938376545906067,877.1453247070312,95.28105926513672,0.9992936849594116,857.3359375,96.0062484741211,0.9996005892753601,817.5709228515625,96.3687744140625,0.999624490737915,785.0182495117188,98.16564178466797,0.9998892545700073,849.6321411132812,115.98187255859375,0.29640111327171326,850.615478515625,142.8841552734375,0.9578573107719421,777.6994018554688,133.4029998779297,0.9982290863990784,857.1513671875,73.21389770507812,0.7147985696792603,802.0845336914062,49.1448974609375,0.9368407726287842,783.7706909179688,58.82197570800781,0.9185076355934143
1233,902.3585205078125,139.08433532714844,0.8494062423706055,903.6819458007812,137.3513946533203,0.9911471009254456,877.5599975585938,95.28105926513672,0.9992565512657166,857.7039794921875,96.14397430419922,0.9995595812797546,819.2086791992188,96.69898223876953,0.999688982963562,785.9915161132812,98.87704467773438,0.999921441078186,849.6321411132812,115.84727478027344,0.322924941778183,850.1542358398438,142.75892639160156,0.9664738178253174,777.6994018554688,133.4029998779297,0.9982469081878662,857.1339111328125,73.21389770507812,0.7316954135894775,802.4558715820312,49.70962905883789,0.9426257014274597,783.7807006835938,58.82197570800781,0.8876881003379822
1234,902.5603637695312,139.08433532714844,0.8227562308311462,904.2101440429688,137.3513946533203,0.9921436309814453,877.99462890625,95.92762756347656,0.9993011951446533,859.4411010742188,96.36795043945312,0.9994951486587524,820.2463989257812,97.10114288330078,0.9996434450149536,787.1340942382812,98.87704467773438,0.999940037727356,849.6321411132812,115.84727478027344,0.4569486379623413,850.1167602539062,142.75892639160156,0.9766810536384583,777.6994018554688,133.41712951660156,0.998454213142395,856.9552001953125,73.21389770507812,0.7708181142807007,805.2305908203125,51.015830993652344,0.9733827710151672,784.2741088867188,57.96318054199219,0.9265970587730408
1235,903.2068481445312,139.08433532714844,0.8604863882064819,904.8760986328125,137.8149871826172,0.9864973425865173,879.656005859375,97.22599029541016,0.9993847608566284,860.1530151367188,96.36795043945312,0.9995723366737366,820.781005859375,97.12933349609375,0.999678373336792,788.9566650390625,98.87704467773438,0.9999508857727051,849.6321411132812,115.84727478027344,0.5536929965019226,849.9127197265625,142.4096221923828,0.9784417748451233,777.65380859375,133.4029998779297,0.9984906911849976,856.9552001953125,72.45259857177734,0.7965904474258423,817.6719360351562,51.015830993652344,0.9804979562759399,784.2756958007812,57.178184509277344,0.9724327921867371
1236,924.294921875,66.7303237915039,0.8666428327560425,905.0095825195312,139.35891723632812,0.9857819080352783,881.0330810546875,97.3778305053711,0.999679684638977,860.5559692382812,96.44477081298828,0.9995949864387512,821.630615234375,97.19487762451172,0.9996477365493774,790.0707397460938,98.74458312988281,0.9999423027038574,849.5128173828125,115.84727478027344,0.6648451089859009,849.8519287109375,142.4096221923828,0.9820190668106079,777.6994018554688,133.4029998779297,0.9981896281242371,856.7206420898438,70.8209457397461,0.8239722847938538,822.1094970703125,51.60939025878906,0.9905615448951721,784.6751098632812,57.02183151245117,0.9776240587234497
1237,925.0958862304688,66.70623016357422,0.9363377690315247,905.5422973632812,140.1246795654297,0.9893032312393188,881.8117065429688,97.53901672363281,0.9997468590736389,860.9524536132812,96.77912139892578,0.9995989203453064,822.095703125,97.32469940185547,0.9996863603591919,791.4033203125,98.62128448486328,0.9999231100082397,849.193115234375,116.05355072021484,0.6487269401550293,849.3977661132812,142.3730010986328,0.9731214046478271,777.702880859375,133.3778076171875,0.9983086585998535,856.1231689453125,69.06578063964844,0.7024433016777039,823.5159301757812,52.191165924072266,0.9755173325538635,784.2756958007812,56.94872283935547,0.9774970412254333
1238,925.4325561523438,66.70623016357422,0.9564916491508484,906.6207275390625,140.1246795654297,0.9920680522918701,882.8092041015625,97.77645111083984,0.9997684359550476,861.61865234375,97.38973236083984,0.9994982481002808,823.3302612304688,97.53180694580078,0.9995710253715515,792.3493041992188,98.30131530761719,0.9998763799667358,849.193115234375,116.05355072021484,0.6338059902191162,849.2611083984375,142.4096221923828,0.9724406003952026,777.702880859375,133.36228942871094,0.9982330799102783,855.1151123046875,68.62837219238281,0.6635324358940125,836.5508422851562,51.60939025878906,0.9363346695899963,784.6048583984375,57.02183151245117,0.971992015838623
1239,925.8406372070312,66.7303237915039,0.934125542640686,908.373046875,140.1246795654297,0.9949982166290283,884.3348999023438,97.93917083740234,0.9998175501823425,863.0737915039062,97.83269500732422,0.9995230436325073,824.3345336914062,98.91473388671875,0.9996181726455688,792.5087890625,98.1507797241211,0.9998339414596558,849.193115234375,116.05355072021484,0.5828172564506531,849.2611083984375,142.5609893798828,0.9693394303321838,777.7946166992188,133.36228942871094,0.997857391834259,855.022705078125,68.62837219238281,0.6723757386207581,849.3453369140625,51.65769958496094,0.9649650454521179,784.6048583984375,57.02183151245117,0.9523972272872925
1240,926.0352172851562,67.1887435913086,0.9354515075683594,910.9763793945312,139.04527282714844,0.9973226189613342,884.877197265625,97.93917083740234,0.9998249411582947,863.7836303710938,98.33599853515625,0.9996034502983093,824.9248046875,98.99393463134766,0.9996954202651978,792.516845703125,98.08655548095703,0.9998118281364441,850.2202758789062,115.95820617675781,0.5045225620269775,849.2180786132812,142.5609893798828,0.9572030901908875,777.9215087890625,133.36228942871094,0.9975234866142273,854.3305053710938,69.06578063964844,0.6723594665527344,850.9196166992188,52.191165924072266,0.9553638100624084,783.9226684570312,58.74907302856445,0.93167644739151
1241,926.182861328125,67.1887435913086,0.9298330545425415,911.647216796875,138.62887573242188,0.9971191883087158,885.3860473632812,97.93917083740234,0.9997991919517517,865.2838134765625,98.7864990234375,0.9996373653411865,824.9269409179688,99.03497314453125,0.9997146725654602,792.6729736328125,97.69032287597656,0.9998130202293396,851.0034790039062,115.95820617675781,0.519955039024353,849.2611083984375,142.5609893798828,0.9649199843406677,777.8123779296875,133.4428253173828,0.9978764057159424,854.51416015625,69.65648651123047,0.6577332615852356,851.7025146484375,51.928096771240234,0.9666251540184021,783.870361328125,59.01237869262695,0.9429445266723633
1242,926.182861328125,67.3410873413086,0.9051381945610046,911.647216796875,138.50527954101562,0.9955490827560425,885.3919677734375,97.87537384033203,0.9998347759246826,865.3025512695312,99.28050994873047,0.9996979236602783,824.9269409179688,99.1084976196289,0.9996839761734009,792.6729736328125,97.69032287597656,0.9998384714126587,851.9700317382812,115.95820617675781,0.6219606399536133,849.2611083984375,142.5680389404297,0.9779834151268005,777.8870849609375,133.69573974609375,0.9974256157875061,854.51416015625,69.97139739990234,0.6505275964736938,853.4548950195312,51.928096771240234,0.9714068174362183,783.870361328125,59.08012390136719,0.9461610317230225
1243,926.182861328125,67.49484252929688,0.9229059815406799,911.7800903320312,138.4111785888672,0.9958486557006836,885.4586181640625,97.87537384033203,0.9998223185539246,865.3025512695312,99.28050994873047,0.9996127486228943,824.9248046875,99.2991714477539,0.999692440032959,792.6729736328125,97.69032287597656,0.999854564666748,852.6879272460938,117.10961151123047,0.7006502151489258,849.2180786132812,142.67018127441406,0.9837710857391357,777.8870849609375,133.8425750732422,0.9967729449272156,854.51416015625,70.13096618652344,0.6658383011817932,853.9771118164062,52.316627502441406,0.9753074645996094,783.870361328125,59.08012390136719,0.9439855813980103
1244,914.7009887695312,136.50241088867188,0.8918118476867676,911.7800903320312,137.3986358642578,0.9902693033218384,886.0389404296875,97.87537384033203,0.9997966885566711,865.5790405273438,99.28050994873047,0.9996585845947266,824.9248046875,99.67937469482422,0.9996691942214966,792.867431640625,97.69032287597656,0.9998804330825806,863.5936889648438,117.19364166259766,0.7541464567184448,848.77294921875,142.8959503173828,0.9889935851097107,777.8870849609375,133.8955078125,0.9966018199920654,854.8739624023438,70.31903076171875,0.7011711001396179,854.6058349609375,52.50628662109375,0.9781358242034912,783.870361328125,59.08012390136719,0.9389565587043762
1245,914.7009887695312,136.6896209716797,0.986828088760376,912.3162841796875,136.659912109375,0.9698715209960938,886.1377563476562,97.97433471679688,0.9998364448547363,865.5790405273438,99.28050994873047,0.9996868371963501,824.9269409179688,99.90274047851562,0.9996193647384644,793.0368041992188,97.69032287597656,0.9998852014541626,866.3682861328125,120.3970718383789,0.6964656710624695,847.6928100585938,142.9394073486328,0.9892834424972534,777.8870849609375,133.95843505859375,0.9962406158447266,856.0919189453125,70.74082946777344,0.7658863663673401,856.5659790039062,53.0514030456543,0.9745163917541504,783.7999267578125,58.7971305847168,0.9407214522361755
1246,914.7009887695312,136.8639373779297,0.9953159093856812,928.0745239257812,62.22197341918945,0.9673952460289001,886.9376831054688,98.47245788574219,0.999830961227417,866.0731811523438,98.39803314208984,0.9996867179870605,825.1256103515625,100.01969146728516,0.9995939135551453,793.2545166015625,97.6980209350586,0.9998966455459595,893.7627563476562,130.22227478027344,0.7817555665969849,847.6212158203125,143.0396270751953,0.9856352806091309,779.833251953125,134.33935546875,0.996889054775238,856.4580078125,70.78618621826172,0.7153839468955994,857.6234130859375,53.0514030456543,0.954680860042572,783.7999267578125,58.447303771972656,0.9436759352684021
1247,916.0126953125,136.8639373779297,0.9976467490196228,928.0986328125,62.22197341918945,0.9740126729011536,887.4840698242188,98.96711730957031,0.9997984766960144,866.8305053710938,98.39803314208984,0.9996781349182129,825.1591186523438,100.01969146728516,0.9996030926704407,793.3958740234375,97.72370147705078,0.999901294708252,893.9275512695312,131.2094268798828,0.9059174656867981,847.6212158203125,143.20179748535156,0.983799934387207,780.039306640625,134.3612518310547,0.9966930150985718,856.4580078125,71.49991607666016,0.7670472264289856,858.2947998046875,53.0514030456543,0.9728979468345642,783.756591796875,58.447303771972656,0.945702075958252
1248,917.2315063476562,137.8248748779297,0.9965971112251282,928.930419921875,62.22197341918945,0.9759589433670044,888.021240234375,99.8612289428711,0.9997695088386536,866.901611328125,98.46246337890625,0.9997598528862,826.3807373046875,100.01969146728516,0.9996528625488281,793.6866455078125,97.81456756591797,0.9999098777770996,896.1993408203125,131.2094268798828,0.8777984380722046,847.6212158203125,143.56985473632812,0.9735987782478333,780.085693359375,134.41835021972656,0.9963666200637817,856.4580078125,72.13568878173828,0.7576761245727539,858.2947998046875,52.651039123535156,0.972668468952179,783.7196655273438,58.447303771972656,0.9458847045898438
1249,917.2315063476562,138.14715576171875,0.9959512948989868,929.5519409179688,62.50559997558594,0.9655913710594177,888.269775390625,100.48892974853516,0.9997456669807434,867.859130859375,98.65615844726562,0.9997829794883728,827.021728515625,99.68081665039062,0.9996428489685059,793.876708984375,97.92349243164062,0.9999154806137085,897.8784790039062,131.2094268798828,0.8699551820755005,847.87060546875,143.56985473632812,0.9621788263320923,780.148681640625,134.41835021972656,0.9963956475257874,856.4210815429688,71.65716552734375,0.8174471259117126,858.3585815429688,52.14299011230469,0.9724720120429993,783.703125,58.544803619384766,0.9448739290237427
1250,917.2315063476562,139.21304321289062,0.9925001263618469,930.3007202148438,62.50559997558594,0.9581372141838074,888.680908203125,101.12510681152344,0.9997255206108093,868.6431884765625,98.65615844726562,0.999799907207489,827.7640380859375,99.64006042480469,0.9996426105499268,794.2144775390625,97.93660736083984,0.9999147653579712,898.82080078125,128.2315216064453,0.8525822758674622,848.1032104492188,143.56985473632812,0.9679812788963318,780.148681640625,134.3612518310547,0.9956715106964111,856.1834716796875,71.65716552734375,0.7694334387779236,858.2994384765625,52.104801177978516,0.9664181470870972,783.7196655273438,58.600921630859375,0.9430352449417114
1251,916.4074096679688,139.51129150390625,0.9708092212677002,930.34912109375,62.50559997558594,0.9657800197601318,889.2020874023438,101.79875946044922,0.9996863603591919,869.282470703125,98.72541046142578,0.9997877478599548,828.5376586914062,99.47542572021484,0.9996825456619263,794.4954223632812,98.007080078125,0.9999220371246338,905.327392578125,126.19255065917969,0.7389656901359558,848.214111328125,143.3578338623047,0.9605082869529724,780.085693359375,134.3612518310547,0.9954606890678406,856.1834716796875,72.21219635009766,0.7892934679985046,858.2994384765625,51.31787872314453,0.9752578139305115,783.7196655273438,58.618309020996094,0.944890022277832
1252,915.9468994140625,139.81829833984375,0.9183154702186584,930.3809814453125,61.791717529296875,0.9777616262435913,889.5209350585938,101.88671112060547,0.9996469020843506,869.9378051757812,98.78618621826172,0.9997637867927551,829.14990234375,99.2570571899414,0.9996483325958252,794.79638671875,98.04309844970703,0.999925971031189,906.44580078125,125.39566040039062,0.6658987998962402,848.461181640625,143.2862548828125,0.9557181596755981,777.4902954101562,133.85357666015625,0.9952412843704224,856.4210815429688,71.65716552734375,0.7872840166091919,858.3585815429688,51.29936981201172,0.9738727807998657,783.8328857421875,59.09315872192383,0.9408671855926514
1253,915.6047973632812,139.81829833984375,0.8201733231544495,930.4071044921875,60.25270080566406,0.9881147146224976,890.7001342773438,101.88671112060547,0.9996155500411987,870.59765625,98.79525756835938,0.9997662901878357,829.3681030273438,99.22663879394531,0.9996201992034912,795.102783203125,98.26582336425781,0.9999326467514038,911.4251098632812,125.17919158935547,0.6879218816757202,849.2959594726562,143.1193084716797,0.9605691432952881,777.4902954101562,133.78652954101562,0.9945363998413086,857.6632080078125,71.65716552734375,0.7928144335746765,858.369873046875,50.54238510131836,0.9747686982154846,783.8328857421875,59.21697235107422,0.9416653513908386
1254,915.6047973632812,139.81829833984375,0.7110541462898254,930.4071044921875,59.53950119018555,0.9907021522521973,891.1292724609375,101.89435577392578,0.9996663331985474,870.9156494140625,98.98233795166016,0.999816358089447,829.9251708984375,99.2000503540039,0.9996199607849121,795.5415649414062,98.48643493652344,0.9999344348907471,912.0149536132812,125.17919158935547,0.7739574909210205,849.2959594726562,143.1193084716797,0.9606851935386658,777.4902954101562,133.78652954101562,0.9944050312042236,857.8010864257812,71.2542724609375,0.7860190868377686,858.673095703125,50.28444290161133,0.979005753993988,783.8447265625,59.34206771850586,0.9385138750076294
1255,915.9468994140625,135.5684814453125,0.6696708798408508,930.4071044921875,59.35623550415039,0.9911153316497803,892.0784301757812,101.89435577392578,0.9995892643928528,871.8341674804688,99.11510467529297,0.9998036026954651,830.9113159179688,99.05797576904297,0.9996125102043152,795.8991088867188,98.492919921875,0.9999285936355591,912.7694091796875,125.58837890625,0.7819228768348694,849.3421630859375,143.0821075439453,0.9550817608833313,777.494384765625,133.85357666015625,0.994716227054596,909.0377807617188,129.56040954589844,0.7837560176849365,858.673095703125,49.546566009521484,0.9804338812828064,783.8328857421875,59.430904388427734,0.9470129013061523
1256,917.7140502929688,135.4755859375,0.8485589027404785,930.7302856445312,59.29639434814453,0.9914091229438782,892.7514038085938,102.13835906982422,0.9995088577270508,872.4369506835938,99.39544677734375,0.9998028874397278,831.5254516601562,99.05797576904297,0.9997281432151794,796.1448364257812,98.5703353881836,0.9999291896820068,913.7383422851562,125.58837890625,0.8257858157157898,849.3421630859375,143.0821075439453,0.9405825734138489,777.5814208984375,133.9497833251953,0.9928560256958008,858.7960205078125,69.46807861328125,0.7236510515213013,858.8585815429688,49.33686065673828,0.9776850342750549,783.7443237304688,59.48133850097656,0.9433481097221375
1257,918.989990234375,135.4755859375,0.7842372059822083,930.7567749023438,59.221927642822266,0.9917266368865967,893.655029296875,102.48249816894531,0.9995145797729492,873.7965698242188,99.5936508178711,0.9997747540473938,832.4314575195312,99.05797576904297,0.9997562766075134,797.57470703125,100.04374694824219,0.9999432563781738,915.9557495117188,125.58837890625,0.8820417523384094,849.3908081054688,143.05752563476562,0.9455447196960449,777.7107543945312,134.07620239257812,0.992165207862854,858.8926391601562,68.05035400390625,0.6835567951202393,858.9546508789062,49.33686065673828,0.9750488996505737,783.7188110351562,59.48133850097656,0.9372929930686951
1258,919.000732421875,135.5684814453125,0.8201525211334229,931.1051025390625,59.221927642822266,0.9944869875907898,894.1079711914062,102.61660766601562,0.9994277358055115,874.5596923828125,99.95368194580078,0.9997751116752625,833.3990478515625,99.36774444580078,0.9997456669807434,797.9512329101562,100.06120300292969,0.9999488592147827,916.0501708984375,125.58837890625,0.8836612701416016,849.36474609375,142.97146606445312,0.9401085376739502,778.2439575195312,134.49032592773438,0.9903172254562378,858.8926391601562,68.05035400390625,0.6241294145584106,859.2754516601562,49.33686065673828,0.9747335910797119,783.4341430664062,59.48133850097656,0.926567018032074
1259,919.756591796875,136.1459503173828,0.808346152305603,931.4571533203125,59.29639434814453,0.9942584037780762,894.7343139648438,102.72753143310547,0.999496340751648,875.5592651367188,100.1465072631836,0.9997332692146301,833.988037109375,99.56344604492188,0.9997437596321106,798.7114868164062,100.1142807006836,0.9999593496322632,916.2327270507812,125.56623077392578,0.9125443696975708,849.3908081054688,142.97146606445312,0.9518190622329712,778.2904052734375,134.5059356689453,0.9890332221984863,859.2445678710938,68.02178192138672,0.6932134628295898,859.2754516601562,49.34288787841797,0.9792241454124451,783.2772216796875,59.3287239074707,0.9272882342338562
1260,920.0147094726562,145.84652709960938,0.8169252872467041,931.4571533203125,59.49296951293945,0.9938734769821167,894.7343139648438,102.72753143310547,0.9994421601295471,875.8812255859375,100.2892074584961,0.9997473359107971,834.388427734375,99.7302474975586,0.9997524619102478,799.4579467773438,100.1142807006836,0.9999638795852661,916.2327270507812,125.466796875,0.9205912351608276,849.3919067382812,142.97146606445312,0.9489517211914062,778.2904052734375,134.49032592773438,0.9871216416358948,859.2445678710938,68.01808166503906,0.7018121480941772,859.310546875,49.86722183227539,0.9795987606048584,783.2218627929688,59.28816604614258,0.9103791117668152
1261,921.4705810546875,146.19522094726562,0.8802503347396851,931.4571533203125,60.4099235534668,0.9936414361000061,894.7343139648438,102.72753143310547,0.9993568062782288,875.8812255859375,100.39063262939453,0.999796450138092,834.5623168945312,99.86026000976562,0.999792754650116,800.0021362304688,100.0861587524414,0.999964714050293,916.3545532226562,125.466796875,0.9245269298553467,849.3919067382812,143.11744689941406,0.939139187335968,778.3739013671875,134.49032592773438,0.9847673773765564,860.082275390625,68.02178192138672,0.7053860425949097,859.310546875,49.9185905456543,0.9754971265792847,783.2218627929688,59.105552673339844,0.9128610491752625
1262,922.5386352539062,146.19522094726562,0.9075108170509338,931.4571533203125,60.91376495361328,0.9943682551383972,893.79052734375,102.72753143310547,0.9994863271713257,875.8812255859375,100.68788146972656,0.9997970461845398,834.8718872070312,100.28949737548828,0.9998189806938171,800.2427368164062,100.13768768310547,0.9999667406082153,916.5451049804688,125.56623077392578,0.8985434174537659,849.36474609375,143.11744689941406,0.9397350549697876,778.3739013671875,134.3730010986328,0.9844937920570374,860.2822265625,68.05462646484375,0.6819329857826233,859.457763671875,49.9185905456543,0.9818650484085083,783.2218627929688,59.105552673339844,0.8784180879592896
1263,927.4445190429688,146.2766876220703,0.8951088786125183,931.4571533203125,63.02964782714844,0.9935606718063354,893.79052734375,102.72753143310547,0.9993948936462402,875.8812255859375,101.17662048339844,0.9998025298118591,835.2933959960938,100.66322326660156,0.9998120665550232,800.8190307617188,100.13768768310547,0.9999686479568481,916.5451049804688,126.37496948242188,0.8441925644874573,848.5930786132812,143.11744689941406,0.9180046319961548,778.4052734375,134.23179626464844,0.9829517006874084,865.991455078125,69.41448211669922,0.6285910606384277,859.6039428710938,49.932804107666016,0.9830024838447571,783.4876098632812,59.068267822265625,0.8841561079025269
1264,927.4445190429688,146.28497314453125,0.8988164663314819,931.3912353515625,65.22233581542969,0.9968547821044922,893.79052734375,103.5997085571289,0.9992238283157349,876.0873413085938,102.3883056640625,0.9997474551200867,835.5050048828125,101.04363250732422,0.9997771382331848,801.0214233398438,100.23033905029297,0.9999724626541138,916.0580444335938,127.47290802001953,0.743155837059021,848.240966796875,142.59095764160156,0.9165509343147278,778.5358276367188,133.93797302246094,0.9828333258628845,866.6573486328125,70.5472640991211,0.532673180103302,859.6039428710938,49.932804107666016,0.9808652997016907,783.751220703125,59.068267822265625,0.8971600532531738
1265,927.4445190429688,146.28497314453125,0.9156331419944763,931.2271118164062,65.22233581542969,0.9977090358734131,893.79052734375,103.5997085571289,0.9992730021476746,875.8187255859375,102.3883056640625,0.9997300505638123,835.5050048828125,101.04363250732422,0.9997795224189758,801.0214233398438,100.23033905029297,0.9999699592590332,914.2939453125,127.47290802001953,0.7218844890594482,848.1896362304688,142.32298278808594,0.9389828443527222,778.5358276367188,133.82627868652344,0.9847365021705627,866.6573486328125,70.5472640991211,0.550467312335968,859.6039428710938,49.932804107666016,0.9744647741317749,783.751220703125,59.02570343017578,0.8842043876647949
1266,923.5531616210938,146.03334045410156,0.9281932711601257,929.900390625,65.22233581542969,0.9961574673652649,893.79052734375,103.5997085571289,0.9993221759796143,875.7793579101562,102.3883056640625,0.9996739625930786,835.5050048828125,101.04363250732422,0.9997805953025818,801.0214233398438,100.23033905029297,0.9999707937240601,913.287841796875,127.47290802001953,0.7284932732582092,847.9053955078125,141.3824005126953,0.9300034642219543,778.5358276367188,133.52748107910156,0.9759505391120911,866.6573486328125,69.41448211669922,0.33646440505981445,856.766845703125,49.741939544677734,0.9684913158416748,783.751220703125,58.767913818359375,0.8875681161880493
