scorer,DLC_resnet101_30dFeb16shuffle1_30000,DLC_resnet101_30dFeb16shuffle1_30000,DLC_resnet101_30dFeb16shuffle1_30000,DLC_resnet101_30dFeb16shuffle1_30000,DLC_resnet101_30dFeb16shuffle1_30000,DLC_resnet101_30dFeb16shuffle1_30000,DLC_resnet101_30dFeb16shuffle1_30000,DLC_resnet101_30dFeb16shuffle1_30000,DLC_resnet101_30dFeb16shuffle1_30000,DLC_resnet101_30dFeb16shuffle1_30000,DLC_resnet101_30dFeb16shuffle1_30000,DLC_resnet101_30dFeb16shuffle1_30000,DLC_resnet101_30dFeb16shuffle1_30000,DLC_resnet101_30dFeb16shuffle1_30000,DLC_resnet101_30dFeb16shuffle1_30000,DLC_resnet101_30dFeb16shuffle1_30000,DLC_resnet101_30dFeb16shuffle1_30000,DLC_resnet101_30dFeb16shuffle1_30000,DLC_resnet101_30dFeb16shuffle1_30000,DLC_resnet101_30dFeb16shuffle1_30000,DLC_resnet101_30dFeb16shuffle1_30000,DLC_resnet101_30dFeb16shuffle1_30000,DLC_resnet101_30dFeb16shuffle1_30000,DLC_resnet101_30dFeb16shuffle1_30000,DLC_resnet101_30dFeb16shuffle1_30000,DLC_resnet101_30dFeb16shuffle1_30000,DLC_resnet101_30dFeb16shuffle1_30000,DLC_resnet101_30dFeb16shuffle1_30000,DLC_resnet101_30dFeb16shuffle1_30000,DLC_resnet101_30dFeb16shuffle1_30000,DLC_resnet101_30dFeb16shuffle1_30000,DLC_resnet101_30dFeb16shuffle1_30000,DLC_resnet101_30dFeb16shuffle1_30000,DLC_resnet101_30dFeb16shuffle1_30000,DLC_resnet101_30dFeb16shuffle1_30000,DLC_resnet101_30dFeb16shuffle1_30000
bodyparts,antena1,antena1,antena1,antena2,antena2,antena2,forhead,forhead,forhead,neck,neck,neck,thorax,thorax,thorax,abdomen,abdomen,abdomen,l1,l1,l1,l2,l2,l2,l3,l3,l3,r1,r1,r1,r2,r2,r2,r3,r3,r3
coords,x,y,likelihood,x,y,likelihood,x,y,likelihood,x,y,likelihood,x,y,likelihood,x,y,likelihood,x,y,likelihood,x,y,likelihood,x,y,likelihood,x,y,likelihood,x,y,likelihood,x,y,likelihood
0,984.527587890625,35.97003173828125,0.9890208840370178,984.0798950195312,112.81242370605469,0.9981241822242737,1004.8924560546875,75.01272583007812,0.9920699000358582,1022.2571411132812,76.98285675048828,0.9877291917800903,1049.3148193359375,82.6463394165039,0.9986239671707153,1076.623779296875,89.17593383789062,0.9984627962112427,1011.4656372070312,53.981292724609375,0.8998873829841614,1045.822998046875,41.83378982543945,0.9934943318367004,1093.8365478515625,63.0645866394043,0.9824780821800232,1002.7382202148438,95.23261260986328,0.9300196766853333,1059.0135498046875,118.09555053710938,0.9494123458862305,1069.858642578125,112.90705871582031,0.9965354204177856
1,984.527587890625,36.915889739990234,0.9920726418495178,985.0672607421875,113.74187469482422,0.9975237250328064,1004.8924560546875,75.3277587890625,0.9874929189682007,1022.263671875,76.99764251708984,0.9827526807785034,1049.3148193359375,82.69202423095703,0.9984540939331055,1076.623779296875,89.17593383789062,0.9983766078948975,1011.4656372070312,53.98971939086914,0.8908702731132507,1045.822998046875,41.83378982543945,0.9927120208740234,1096.661376953125,63.3422737121582,0.9809176921844482,1003.2037963867188,95.23261260986328,0.9130843281745911,1059.0135498046875,118.09555053710938,0.9301849603652954,1069.858642578125,112.92852783203125,0.9964641332626343
2,984.527587890625,37.59450912475586,0.9928661584854126,986.309326171875,114.89517974853516,0.9957411289215088,1004.8924560546875,76.78913879394531,0.9884802103042603,1022.263671875,77.14498901367188,0.9765526652336121,1049.3148193359375,82.69202423095703,0.9980846643447876,1076.623779296875,89.17593383789062,0.9980310797691345,1011.4656372070312,54.17150115966797,0.871751070022583,1045.822998046875,41.83378982543945,0.9936810731887817,1097.0126953125,63.580039978027344,0.9821111559867859,1003.7083129882812,95.23261260986328,0.9108821749687195,1059.0135498046875,118.09555053710938,0.9117709398269653,1069.858642578125,112.92852783203125,0.9962645173072815
3,983.3087768554688,38.700172424316406,0.9925178289413452,986.5396728515625,114.97502899169922,0.9948837161064148,1004.541748046875,76.78913879394531,0.9892640709877014,1022.2571411132812,77.18113708496094,0.9744358062744141,1049.1124267578125,82.69202423095703,0.9981635212898254,1076.00830078125,89.03816986083984,0.9981811046600342,1010.1734619140625,55.337562561035156,0.7999547719955444,1044.976318359375,41.73153305053711,0.9959918856620789,1097.0126953125,63.580039978027344,0.9838240146636963,1004.02197265625,95.07032012939453,0.8678003549575806,1058.5330810546875,117.61642456054688,0.9050624966621399,1069.4866943359375,112.92852783203125,0.9961369633674622
4,981.4487915039062,40.33182907104492,0.9911307096481323,986.6021728515625,117.4137191772461,0.9951233267784119,1004.2349243164062,76.78913879394531,0.9889659285545349,1021.8585815429688,77.235107421875,0.9691480398178101,1048.5428466796875,82.77859497070312,0.9976961016654968,1075.47705078125,89.01358795166016,0.9979062080383301,1009.83984375,55.37994384765625,0.7874408960342407,1044.5804443359375,41.73153305053711,0.9961968660354614,1097.0126953125,63.62588882446289,0.9807621836662292,1004.02197265625,95.07032012939453,0.8719107508659363,1058.33349609375,117.5202865600586,0.9156216382980347,1068.786865234375,112.92852783203125,0.9964420199394226
5,980.4575805664062,42.49761962890625,0.9906578063964844,988.013671875,117.4137191772461,0.9951372742652893,1004.1162109375,75.7936019897461,0.9889376163482666,1020.618408203125,77.43537139892578,0.9657101035118103,1048.4974365234375,83.07850646972656,0.9975831508636475,1075.10107421875,89.01358795166016,0.9977766871452332,1007.9888305664062,55.910125732421875,0.7232697606086731,1044.5574951171875,41.73153305053711,0.9959747195243835,1096.609375,63.812232971191406,0.9785463213920593,1003.7083129882812,95.07032012939453,0.8690931797027588,1058.304931640625,117.5202865600586,0.9105443954467773,1068.6539306640625,112.92852783203125,0.9966886639595032
6,979.1821899414062,43.45943832397461,0.9900289177894592,989.26416015625,117.4288558959961,0.9940702319145203,1003.605712890625,75.7936019897461,0.9893458485603333,1020.3768920898438,77.47660827636719,0.9666929841041565,1048.4974365234375,83.3387451171875,0.997286319732666,1074.7509765625,89.01358795166016,0.9974293112754822,997.4563598632812,56.66999816894531,0.6742241978645325,1044.430419921875,41.84806823730469,0.9963603615760803,1095.5509033203125,63.71912384033203,0.9827873706817627,1003.3751220703125,96.26199340820312,0.8466522693634033,1058.1573486328125,117.47758483886719,0.880419135093689,1068.6273193359375,112.73452758789062,0.9967653751373291
7,978.6831665039062,43.72221374511719,0.9886603355407715,992.4102172851562,117.4288558959961,0.9951800107955933,1003.2129516601562,75.7936019897461,0.9884899258613586,1020.2886352539062,77.53836822509766,0.96955406665802,1048.5428466796875,83.41191101074219,0.9971832633018494,1074.4742431640625,89.02494812011719,0.9974266886711121,997.3346557617188,56.99826431274414,0.7266082167625427,1044.200439453125,41.87099838256836,0.9965502023696899,1095.463134765625,63.87715530395508,0.9835224151611328,1003.3751220703125,96.3447036743164,0.8490495681762695,1057.8941650390625,117.5202865600586,0.8767946362495422,1068.0626220703125,112.88662719726562,0.9970121383666992
8,977.9866333007812,43.86558151245117,0.9886196851730347,993.4920043945312,117.60372924804688,0.9951798915863037,1002.8949584960938,75.84919738769531,0.9890355467796326,1020.2433471679688,77.60887908935547,0.9725152254104614,1050.71484375,83.95951843261719,0.9975354671478271,1074.437255859375,89.28347778320312,0.9974790215492249,996.56884765625,56.99826431274414,0.737379789352417,1044.1463623046875,41.8917350769043,0.9967844486236572,1095.3182373046875,63.89609146118164,0.9835959672927856,1003.3751220703125,96.42035675048828,0.8581064343452454,1057.82958984375,117.5202865600586,0.8790475130081177,1067.7220458984375,112.88662719726562,0.9968727231025696
9,976.9985961914062,44.026771545410156,0.9837368130683899,994.40625,117.82930755615234,0.9955466985702515,1002.5277709960938,76.02680206298828,0.9884317517280579,1020.0953369140625,77.8465805053711,0.9726134538650513,1050.71484375,84.09215545654297,0.997718095779419,1074.1129150390625,89.49930572509766,0.9973728656768799,996.1708984375,58.03239440917969,0.7528656721115112,1043.9443359375,42.192562103271484,0.9970133304595947,1095.3182373046875,64.3694839477539,0.9856719970703125,1003.421142578125,96.6355972290039,0.8626804351806641,1057.73291015625,117.48988342285156,0.8750890493392944,1067.69873046875,112.73452758789062,0.997051477432251
10,975.7822875976562,45.14546585083008,0.9777894020080566,994.4981689453125,119.21797943115234,0.9937710165977478,1002.0582275390625,76.23290252685547,0.9874657988548279,1020.0747680664062,78.00272369384766,0.9728023409843445,1050.71484375,84.12371063232422,0.9978121519088745,1074.0191650390625,89.54666137695312,0.9974798560142517,994.9712524414062,58.25455856323242,0.7775578498840332,1043.835693359375,42.40330505371094,0.9969680905342102,1095.169677734375,64.43272399902344,0.9842203855514526,1003.908935546875,96.6355972290039,0.8558401465415955,1057.73291015625,117.48988342285156,0.856816828250885,1067.486083984375,112.73452758789062,0.9971283078193665
11,975.3927612304688,46.7126350402832,0.9734597206115723,994.5252685546875,121.22870635986328,0.9939202070236206,1001.645751953125,76.50936126708984,0.98753821849823,1019.8803100585938,78.11804962158203,0.9732262492179871,1050.526123046875,84.12934875488281,0.9979979395866394,1073.9591064453125,89.5728988647461,0.9972403049468994,994.6527099609375,58.25455856323242,0.8133319616317749,1043.8284912109375,42.710811614990234,0.9969907999038696,1095.111328125,64.43272399902344,0.9872323274612427,1003.908935546875,96.65870666503906,0.8539003133773804,1057.39990234375,117.6963882446289,0.8531832098960876,1067.327880859375,112.88662719726562,0.9970226883888245
12,975.302978515625,47.85478973388672,0.9810225367546082,994.70751953125,122.02772521972656,0.9928182363510132,1000.7908325195312,76.84839630126953,0.9875604510307312,1019.3858032226562,78.60858917236328,0.9752114415168762,1050.2161865234375,84.33377838134766,0.9980608820915222,1073.71728515625,89.5728988647461,0.9968967437744141,994.3333129882812,58.25455856323242,0.8659267425537109,1043.7657470703125,42.78582763671875,0.9969949722290039,1094.986083984375,64.3694839477539,0.9879986047744751,1003.908935546875,97.08573913574219,0.8524048328399658,1057.39990234375,117.58757781982422,0.8092606067657471,1067.327880859375,112.86863708496094,0.9972885847091675
13,972.9779052734375,49.540748596191406,0.9871161580085754,994.5252685546875,122.4865493774414,0.9924221634864807,999.7814331054688,77.20050048828125,0.9892370104789734,1018.95068359375,79.09835052490234,0.9801341891288757,1049.499267578125,84.33377838134766,0.9981901049613953,1073.0916748046875,89.5728988647461,0.996664822101593,994.0077514648438,57.47136306762695,0.9319714307785034,1043.3555908203125,42.86526107788086,0.9972551465034485,1092.713623046875,63.28852081298828,0.9873340129852295,1004.040283203125,97.08573913574219,0.8521592617034912,1057.39990234375,117.58757781982422,0.7895723581314087,1067.327880859375,112.86863708496094,0.9971453547477722
14,971.0076293945312,51.026126861572266,0.9878223538398743,994.4981689453125,122.9021987915039,0.9924564361572266,999.3811645507812,77.53314208984375,0.9918928146362305,1018.3046875,79.51162719726562,0.9810097217559814,1048.3792724609375,84.33377838134766,0.9981293082237244,1071.7469482421875,89.3158950805664,0.9947872161865234,993.9088134765625,57.47136306762695,0.9590114951133728,1043.3555908203125,42.94242858886719,0.9972435235977173,1078.595458984375,63.15768051147461,0.9836137294769287,1004.0715942382812,97.08573913574219,0.8554685115814209,1057.3353271484375,117.58757781982422,0.7521781921386719,1066.7257080078125,112.86863708496094,0.9970449805259705
15,968.8236083984375,53.65123748779297,0.9911001324653625,993.7908935546875,122.9021987915039,0.9921038150787354,999.333984375,77.64901733398438,0.9928455948829651,1017.900390625,79.973876953125,0.9845091700553894,1048.0137939453125,84.01957702636719,0.9983876943588257,1071.363037109375,89.06873321533203,0.9963072538375854,993.455078125,57.47136306762695,0.9528105854988098,1043.3555908203125,42.94746780395508,0.9972707629203796,1074.7728271484375,59.41239547729492,0.9880203604698181,1004.1764526367188,97.45137786865234,0.8656965494155884,1054.8914794921875,117.58757781982422,0.8470323085784912,1065.464111328125,112.80939483642578,0.9958600401878357
16,966.8230590820312,55.20151138305664,0.9930905699729919,992.864990234375,122.9021987915039,0.9936071634292603,999.1821899414062,78.2178726196289,0.9934154748916626,1017.2686767578125,80.2270736694336,0.9869764447212219,1046.9375,83.84458923339844,0.9982671737670898,1069.751220703125,88.05811309814453,0.9969191551208496,992.1214599609375,57.47677230834961,0.9646171927452087,1044.138427734375,43.075828552246094,0.9973995685577393,1066.9088134765625,57.47156524658203,0.9636250734329224,1004.1764526367188,97.76921844482422,0.8868237733840942,1049.0357666015625,115.26593017578125,0.9571815729141235,1065.464111328125,112.41775512695312,0.9886645078659058
17,964.2332763671875,55.44705581665039,0.9909716844558716,990.6377563476562,122.4106216430664,0.9877503514289856,998.859619140625,78.59351348876953,0.994266927242279,1015.9796142578125,80.39655303955078,0.9918960928916931,1046.079833984375,83.1982650756836,0.9985600113868713,1068.783935546875,87.79810333251953,0.997536301612854,991.1005249023438,57.69953536987305,0.9539768099784851,1044.138427734375,43.25340270996094,0.9982241988182068,1062.269287109375,56.743621826171875,0.8984364867210388,1004.1764526367188,97.76921844482422,0.9011445045471191,1046.3682861328125,115.26593017578125,0.9835864901542664,1065.178466796875,112.2460708618164,0.9960941672325134
18,962.8870239257812,55.4786376953125,0.988063395023346,986.668212890625,121.98212432861328,0.9793068170547485,998.7404174804688,79.53936004638672,0.9957752823829651,1014.5753784179688,80.6293716430664,0.9943326711654663,1043.7255859375,83.03714752197266,0.9979543685913086,1068.4180908203125,87.7298812866211,0.9984013438224792,988.3970947265625,58.446598052978516,0.9315521121025085,1044.138427734375,43.25340270996094,0.9984613656997681,1059.1240234375,55.424346923828125,0.7299565672874451,999.2891845703125,98.61050415039062,0.8772603273391724,1037.2440185546875,115.78441619873047,0.9074533581733704,1065.0499267578125,112.41775512695312,0.9976660013198853
19,962.5164794921875,55.73750686645508,0.9851089119911194,983.7974243164062,121.72588348388672,0.9939140677452087,997.885009765625,80.2845687866211,0.9961458444595337,1012.7434692382812,80.6293716430664,0.9966740608215332,1041.6444091796875,82.50923156738281,0.9969848990440369,1066.9622802734375,87.007568359375,0.9989656209945679,988.3438110351562,58.446598052978516,0.9441950917243958,1043.8514404296875,43.25340270996094,0.9972543120384216,1055.6925048828125,49.89445877075195,0.6665089130401611,996.75537109375,98.61544036865234,0.8520419597625732,1030.484619140625,118.22834777832031,0.9863816499710083,1065.0499267578125,112.41775512695312,0.9974466562271118
20,960.7451171875,55.8409423828125,0.9774901270866394,980.4786376953125,121.72588348388672,0.9974700212478638,995.2657470703125,80.84666442871094,0.9944217801094055,1010.8344116210938,80.67324829101562,0.9962555170059204,1040.457763671875,81.76422119140625,0.9972184896469116,1066.888427734375,86.91670227050781,0.9992932081222534,987.7908935546875,58.446598052978516,0.9321011304855347,1043.590087890625,43.00336456298828,0.996709942817688,1051.951904296875,48.73300552368164,0.7816630601882935,993.5878295898438,98.65774536132812,0.769094705581665,1023.3378295898438,122.07542419433594,0.9795387387275696,1065.0499267578125,112.2460708618164,0.9976307153701782
21,960.712646484375,55.88501739501953,0.9765821099281311,978.46728515625,121.4651107788086,0.9957596659660339,992.8717041015625,80.978271484375,0.9917653203010559,1009.2789916992188,80.7542953491211,0.9948956370353699,1038.9681396484375,81.76422119140625,0.9979569911956787,1065.20947265625,86.67286682128906,0.9994621872901917,987.1166381835938,53.84817886352539,0.9406407475471497,1043.5341796875,42.792606353759766,0.9962363839149475,1051.875244140625,48.601436614990234,0.8463445901870728,989.8847045898438,100.60444641113281,0.794625461101532,1014.8014526367188,123.24923706054688,0.9956334233283997,1064.9349365234375,112.03203582763672,0.9974599480628967
22,959.588134765625,55.88501739501953,0.9767400622367859,975.547119140625,121.26956939697266,0.9913743138313293,989.3783569335938,81.60477447509766,0.9910082221031189,1007.7733154296875,81.09843444824219,0.9921782612800598,1037.2320556640625,81.76422119140625,0.997829258441925,1063.494384765625,86.04718780517578,0.9995436072349548,987.0498657226562,53.84817886352539,0.950740396976471,1043.5341796875,42.792606353759766,0.9946164488792419,1051.875244140625,48.73300552368164,0.8836418390274048,988.0018920898438,100.80951690673828,0.8184260725975037,1009.2117919921875,124.37902069091797,0.995821475982666,1064.8221435546875,111.9905776977539,0.9978272318840027
23,956.3807983398438,57.95619583129883,0.9729704856872559,970.74755859375,121.26956939697266,0.9905546307563782,987.6082153320312,82.26878356933594,0.9920187592506409,1006.2545776367188,81.62313842773438,0.987762451171875,1035.3721923828125,82.46957397460938,0.9976469874382019,1061.4698486328125,85.68138122558594,0.9994882345199585,986.9285278320312,53.84817886352539,0.9595710039138794,1043.5341796875,42.792606353759766,0.9914900660514832,1051.404541015625,48.89499282836914,0.9166028499603271,986.423583984375,100.85262298583984,0.7902474403381348,1007.9913940429688,126.64836883544922,0.9944243431091309,1064.33349609375,111.9905776977539,0.9972586631774902
24,954.62451171875,58.73302459716797,0.9740355014801025,969.5961303710938,121.57677459716797,0.9905857443809509,985.7894897460938,82.80225372314453,0.9925381541252136,1005.38330078125,82.63845825195312,0.9831171035766602,1034.4140625,83.11998748779297,0.9983639121055603,1060.186767578125,84.54689025878906,0.9994258880615234,986.16259765625,54.2739372253418,0.9623581171035767,1043.1925048828125,42.94814682006836,0.9889976382255554,1051.2327880859375,48.601436614990234,0.9548235535621643,981.57177734375,101.13154602050781,0.7801249027252197,1007.2999877929688,126.74415588378906,0.9947487711906433,1064.3251953125,112.03203582763672,0.9966887831687927
25,954.53466796875,59.92536544799805,0.981770932674408,967.5028076171875,121.57677459716797,0.9886361956596375,985.2860717773438,83.27152252197266,0.9923381805419922,1003.4219970703125,84.04353332519531,0.9862453937530518,1033.416259765625,83.22533416748047,0.998461127281189,1058.2762451171875,84.37222290039062,0.9990129470825195,985.937255859375,55.1954345703125,0.9631723761558533,1041.9281005859375,43.82918930053711,0.9787248969078064,1050.779541015625,48.519229888916016,0.97056645154953,980.4623413085938,101.22618865966797,0.8159260749816895,1006.9031982421875,126.82048797607422,0.9964900612831116,1063.6700439453125,111.9905776977539,0.9971350431442261
26,952.70947265625,60.71598815917969,0.9870188236236572,966.1785278320312,122.10134887695312,0.9959553480148315,984.98046875,85.15556335449219,0.9951971173286438,1002.3244018554688,85.21146392822266,0.989885687828064,1032.0718994140625,83.47093963623047,0.9986912608146667,1057.6107177734375,83.16028594970703,0.9984413981437683,985.787109375,55.88075256347656,0.9610190987586975,1035.341552734375,49.054779052734375,0.9211039543151855,1050.2860107421875,48.519229888916016,0.9706560969352722,979.3653564453125,101.22618865966797,0.84035724401474,1006.3988037109375,126.86688232421875,0.997200608253479,1063.1478271484375,111.91814422607422,0.9966731071472168
27,951.5042724609375,60.98388671875,0.9894848465919495,962.0772705078125,122.11685180664062,0.9975185394287109,984.4043579101562,86.09413146972656,0.9955925345420837,1000.8370361328125,86.64006042480469,0.9933363199234009,1030.9375,84.31501007080078,0.9992339611053467,1056.0626220703125,82.7882308959961,0.9987146854400635,985.7146606445312,56.198909759521484,0.9567789435386658,1028.5777587890625,51.20785903930664,0.9590831398963928,1049.62158203125,46.44112777709961,0.9736102223396301,978.669677734375,102.5823974609375,0.8468860387802124,1006.0989379882812,126.9614486694336,0.997282862663269,1062.528076171875,111.91814422607422,0.9954022169113159
28,948.2947387695312,61.05772018432617,0.9906917214393616,960.2371826171875,123.27527618408203,0.9958688020706177,983.0071411132812,86.8810806274414,0.9953165054321289,999.0028686523438,86.97925567626953,0.9949812293052673,1029.5118408203125,84.49034881591797,0.999097466468811,1054.5684814453125,82.33057403564453,0.9990377426147461,985.7146606445312,56.34697341918945,0.9510031938552856,1023.6104125976562,51.24298095703125,0.93352872133255,1049.39990234375,46.44112777709961,0.9810326099395752,978.5197143554688,106.31228637695312,0.8525643944740295,1005.8563842773438,127.5523910522461,0.9977450966835022,1062.4488525390625,111.83845520019531,0.9952208399772644
29,946.7296752929688,61.64596176147461,0.992224931716919,960.2371826171875,126.53707122802734,0.9951868653297424,981.242919921875,87.8232192993164,0.9945172667503357,997.0888061523438,87.34935760498047,0.9956672191619873,1028.35302734375,84.63338470458984,0.9987693428993225,1052.76416015625,82.33057403564453,0.9990729093551636,985.787109375,56.71759796142578,0.9470199346542358,1014.5966186523438,51.27810287475586,0.9673201441764832,1049.39990234375,46.44112777709961,0.9803044199943542,977.7468872070312,107.30425262451172,0.8768802285194397,1005.7957763671875,127.57701873779297,0.9976170063018799,1062.4488525390625,111.62889862060547,0.9949216246604919
30,944.721923828125,61.77693557739258,0.9918147921562195,960.2371826171875,127.33580780029297,0.9965041875839233,979.7743530273438,88.86785888671875,0.993604838848114,995.8125610351562,88.1093978881836,0.9962010979652405,1027.1910400390625,84.6368637084961,0.9984114170074463,1051.8642578125,82.33057403564453,0.9990553259849548,985.8099365234375,57.3040885925293,0.939314067363739,1009.4956665039062,51.303871154785156,0.9600421190261841,1049.39990234375,46.61981964111328,0.9810417294502258,977.7468872070312,107.42420959472656,0.8773356676101685,1005.7957763671875,127.57701873779297,0.9974804520606995,1062.4488525390625,111.19727325439453,0.9954481720924377
31,943.092529296875,64.2527084350586,0.9920971393585205,960.9984741210938,129.2466278076172,0.9969268441200256,978.9869384765625,90.1731185913086,0.9932795166969299,994.7246704101562,89.21368408203125,0.9955020546913147,1025.4886474609375,84.82146453857422,0.9977418184280396,1051.8526611328125,84.89906311035156,0.9991304278373718,987.1032104492188,58.672332763671875,0.9331427216529846,991.1808471679688,53.32587432861328,0.9164198637008667,1049.39990234375,46.786460876464844,0.9828800559043884,977.7468872070312,108.0033950805664,0.8901227712631226,1005.8563842773438,127.5523910522461,0.9973561763763428,1062.560791015625,109.96955871582031,0.995327353477478
32,942.4552001953125,68.34147644042969,0.9872710108757019,961.8309326171875,131.13815307617188,0.9966818690299988,977.6019897460938,91.08595275878906,0.9913493394851685,993.509521484375,90.55521392822266,0.992672324180603,1023.5607299804688,85.07353973388672,0.9986475110054016,1050.7779541015625,84.89906311035156,0.9993935823440552,987.5416259765625,60.52939224243164,0.9160413146018982,990.8793334960938,53.656288146972656,0.9662643074989319,1049.39990234375,47.17131423950195,0.9848436713218689,975.6162719726562,108.93197631835938,0.9171876907348633,1006.0203857421875,127.38056182861328,0.9970588684082031,1062.560791015625,109.34368133544922,0.9957785606384277
33,940.3453369140625,70.19430541992188,0.987697184085846,962.3365478515625,131.78704833984375,0.9966004490852356,975.6761474609375,92.38561248779297,0.9892292022705078,992.0086059570312,90.55521392822266,0.9849539995193481,1021.1912841796875,85.64519500732422,0.998971700668335,1048.8074951171875,84.89906311035156,0.9994931221008301,987.5999145507812,62.66167068481445,0.9035570025444031,988.9381103515625,54.08213806152344,0.9859800934791565,1048.9837646484375,47.209930419921875,0.9898513555526733,974.2300415039062,110.72297668457031,0.9169827103614807,1006.1223754882812,127.31953430175781,0.996616780757904,1062.560791015625,109.09672546386719,0.995925784111023
34,936.9022827148438,72.85672760009766,0.9776149392127991,962.7212524414062,132.66810607910156,0.9967329502105713,975.0732421875,93.71826934814453,0.9927535653114319,990.655029296875,91.3683090209961,0.978939950466156,1019.44921875,85.64612579345703,0.9987205862998962,1046.9105224609375,84.5518798828125,0.9994694590568542,987.5999145507812,66.26753234863281,0.9023812413215637,986.660888671875,54.97187042236328,0.9884299039840698,1048.237060546875,48.10029220581055,0.9932261109352112,973.123779296875,116.9461898803711,0.9270665645599365,1006.181884765625,127.15904998779297,0.9966980218887329,1061.957763671875,108.55643463134766,0.9962856769561768
35,935.6925659179688,76.47941589355469,0.9789522886276245,963.9519653320312,133.0082244873047,0.9971700310707092,973.3534545898438,94.9775619506836,0.9944949746131897,989.1079711914062,91.4886474609375,0.9677733182907104,1018.6695556640625,85.95700073242188,0.99828040599823,1045.1343994140625,84.14835357666016,0.9993422627449036,987.5416259765625,67.34012603759766,0.9008346199989319,981.3104248046875,54.97187042236328,0.9944589138031006,1047.383544921875,48.81306076049805,0.995043158531189,971.4319458007812,118.43021392822266,0.935114860534668,1006.2180786132812,126.65098571777344,0.996278703212738,1061.1680908203125,108.16846466064453,0.9965215921401978
36,933.8890380859375,76.54042053222656,0.9802804589271545,965.6915893554688,134.62660217285156,0.9957907795906067,971.474609375,96.14266967773438,0.9953169822692871,987.3749389648438,92.77703857421875,0.9735738039016724,1017.44091796875,86.53417205810547,0.9986435770988464,1042.971923828125,83.64066314697266,0.9990838766098022,985.462890625,67.58467864990234,0.9283490180969238,978.6046752929688,55.213348388671875,0.9963588118553162,1046.3857421875,48.93917465209961,0.9960500597953796,969.873779296875,120.1959228515625,0.9395483732223511,1006.181884765625,126.65098571777344,0.9954379200935364,1060.3709716796875,107.421630859375,0.9964445233345032
37,933.3876953125,77.1272964477539,0.9856117963790894,965.7154541015625,138.2185516357422,0.9942465424537659,969.2646484375,97.57926940917969,0.9958450198173523,985.1503295898438,94.03417205810547,0.9880104660987854,1016.8794555664062,87.30067443847656,0.998700737953186,1041.2406005859375,82.3967514038086,0.9984163045883179,985.00830078125,68.32310485839844,0.9331110715866089,978.6046752929688,55.213348388671875,0.9971144199371338,1046.2454833984375,49.00465774536133,0.9952926635742188,968.7395629882812,122.4232177734375,0.9385899305343628,1006.1223754882812,126.65098571777344,0.9938643574714661,1058.737548828125,106.67467498779297,0.9964481592178345
38,930.4752807617188,77.80056762695312,0.9894912242889404,966.3487548828125,140.14596557617188,0.993287980556488,969.0222778320312,100.08441162109375,0.9970061182975769,982.9625244140625,95.08970642089844,0.9938254356384277,1014.7656860351562,87.7974853515625,0.9986853003501892,1039.5208740234375,82.36691284179688,0.99866783618927,984.5015869140625,69.86027526855469,0.906387984752655,978.58447265625,55.106048583984375,0.9975917339324951,1045.0390625,49.77880096435547,0.9955248832702637,965.9685668945312,124.61048126220703,0.9577533006668091,1005.4129638671875,128.12574768066406,0.9920536279678345,1057.3621826171875,105.39569091796875,0.9949226975440979
39,929.4054565429688,79.51750946044922,0.9918490648269653,966.3487548828125,141.49147033691406,0.9940898418426514,968.31640625,100.98445892333984,0.9978391528129578,981.5181274414062,95.52850341796875,0.9957785606384277,1012.4973754882812,87.92672729492188,0.9982346296310425,1037.462646484375,82.19719696044922,0.9987279772758484,981.9427490234375,75.41242218017578,0.8914456367492676,978.58447265625,54.88943099975586,0.9973517656326294,1043.5682373046875,49.77880096435547,0.9950059056282043,965.3206787109375,125.08251953125,0.956900954246521,1005.1357421875,128.32801818847656,0.9927282333374023,1054.46875,104.95994567871094,0.9894573092460632
40,928.7513427734375,81.84476470947266,0.9928597807884216,966.261474609375,141.88522338867188,0.9957640171051025,967.5509033203125,101.43929290771484,0.9978074431419373,979.8218994140625,96.11653900146484,0.9959732890129089,1010.7433471679688,88.03553009033203,0.9978693723678589,1036.1390380859375,82.19719696044922,0.9988514184951782,980.101806640625,75.55821990966797,0.8903048634529114,978.0913696289062,54.734466552734375,0.9976856708526611,1043.18798828125,49.77880096435547,0.99407958984375,964.9473876953125,125.10133361816406,0.9579517245292664,1005.1357421875,128.32801818847656,0.9931519031524658,1050.9554443359375,104.79950714111328,0.9872224926948547
41,926.2176513671875,85.93888092041016,0.988217294216156,966.261474609375,142.61944580078125,0.995963454246521,966.6981811523438,101.48863220214844,0.9973191618919373,978.283203125,96.12630462646484,0.9957777261734009,1008.8487548828125,88.28672790527344,0.9968001842498779,1034.6947021484375,82.19719696044922,0.9986578226089478,978.9067993164062,75.8083724975586,0.8792245984077454,977.07958984375,53.28822708129883,0.9977689981460571,1043.1051025390625,49.73628234863281,0.9934720993041992,964.9346923828125,125.57477569580078,0.9623045325279236,1005.1357421875,128.12574768066406,0.9924869537353516,1050.9390869140625,104.79950714111328,0.9885479211807251
42,924.4189453125,88.28398132324219,0.9805160760879517,965.9610595703125,143.46141052246094,0.9956076741218567,966.12841796875,101.60107421875,0.9971720576286316,976.786865234375,96.1429214477539,0.9950103759765625,1007.9242553710938,88.4847412109375,0.9965364933013916,1034.33203125,85.02299499511719,0.9988204836845398,976.8971557617188,76.42660522460938,0.8519532084465027,975.2796630859375,51.523006439208984,0.996616780757904,1043.0736083984375,49.601905822753906,0.9937775135040283,964.748046875,126.01448822021484,0.9655764698982239,1005.1676635742188,127.83464050292969,0.9922255277633667,1050.9390869140625,104.95994567871094,0.9881951808929443
43,922.3728637695312,89.41413879394531,0.979042649269104,965.53564453125,144.72105407714844,0.9961299896240234,965.5708618164062,101.73189544677734,0.9967724680900574,975.5415649414062,96.57791137695312,0.9946462512016296,1006.918212890625,88.73307800292969,0.9969984292984009,1033.607421875,85.13003540039062,0.9991042017936707,973.5588989257812,77.2356185913086,0.8856936097145081,975.2796630859375,51.523006439208984,0.995465874671936,1043.0736083984375,49.601905822753906,0.9926508069038391,964.6822509765625,126.17782592773438,0.9644731879234314,1005.1676635742188,127.81309509277344,0.9939690828323364,1050.91162109375,104.79950714111328,0.9888795614242554
44,921.43603515625,93.24911499023438,0.9753026962280273,964.977783203125,145.8754119873047,0.9964869022369385,964.2244873046875,102.58284759521484,0.9956642985343933,974.3863525390625,97.17030334472656,0.9929900169372559,1005.9580078125,88.73307800292969,0.9975074529647827,1033.069580078125,85.37518310546875,0.9992096424102783,972.1734619140625,80.20563507080078,0.8881456255912781,975.2796630859375,51.523006439208984,0.994120180606842,1043.003173828125,49.68456268310547,0.992693305015564,964.1818237304688,126.66956329345703,0.9626230001449585,1005.3316040039062,127.17340087890625,0.9945276379585266,1050.91162109375,104.79950714111328,0.9879313111305237
45,920.7421875,94.34358215332031,0.985887348651886,963.672607421875,145.87783813476562,0.9961296319961548,962.4239501953125,106.96370697021484,0.9948796033859253,973.2216796875,98.70552062988281,0.9859622120857239,1004.2137451171875,89.69046783447266,0.9980025887489319,1031.93505859375,85.5146484375,0.9994675517082214,968.57275390625,81.26217651367188,0.9595987796783447,975.0325927734375,51.63064193725586,0.9940752983093262,1042.9354248046875,49.68456268310547,0.9931747317314148,963.5110473632812,126.83292388916016,0.957768976688385,1005.20556640625,127.15058898925781,0.9947262406349182,1050.7720947265625,104.65359497070312,0.9896544218063354
46,920.2269897460938,94.98051452636719,0.9885634183883667,962.267822265625,146.0962677001953,0.9947701096534729,961.2212524414062,108.4156265258789,0.9944429993629456,973.0199584960938,100.3350830078125,0.9792815446853638,1002.9268798828125,90.2267837524414,0.9975983500480652,1031.0079345703125,85.78034973144531,0.9994468092918396,963.6571044921875,81.57930755615234,0.9351239800453186,974.9276733398438,51.71411895751953,0.993817150592804,1042.447509765625,50.09199142456055,0.9930582046508789,963.3912963867188,126.91851806640625,0.9594038724899292,1005.3316040039062,127.17340087890625,0.9949820637702942,1050.3018798828125,104.510986328125,0.9894666075706482
47,920.2106323242188,96.05072021484375,0.9930059909820557,961.0146484375,146.87025451660156,0.9929671287536621,959.5679931640625,108.4156265258789,0.9910967350006104,971.1573486328125,100.3444595336914,0.9854839444160461,1001.53564453125,90.48143768310547,0.9963789582252502,1029.1966552734375,85.78086853027344,0.9992262125015259,953.8421630859375,81.78970336914062,0.9437304139137268,974.9276733398438,51.71411895751953,0.9915934801101685,1035.2867431640625,51.72261428833008,0.9855095744132996,962.91748046875,127.11235809326172,0.9561597108840942,1005.3316040039062,127.17340087890625,0.9946634769439697,1050.3018798828125,104.27074432373047,0.9889305233955383
48,916.7939453125,97.11164855957031,0.9952185750007629,959.7841796875,147.52920532226562,0.9898390769958496,958.7006225585938,108.63043212890625,0.9864721298217773,969.2645874023438,100.86471557617188,0.9915254712104797,1000.4384765625,90.6888198852539,0.9967160224914551,1027.291259765625,85.78034973144531,0.9984602928161621,951.9075317382812,85.40099334716797,0.971043050289154,974.9207153320312,51.63064193725586,0.9857999086380005,1025.2977294921875,55.87261962890625,0.9948093891143799,962.3643188476562,127.22872924804688,0.9525712132453918,1005.3316040039062,127.28765869140625,0.9941595792770386,1050.3018798828125,104.21920013427734,0.987845242023468
49,914.1456909179688,97.2120361328125,0.9947413206100464,958.8971557617188,148.0152587890625,0.9852281808853149,956.4993896484375,108.76500701904297,0.9876855611801147,967.771484375,101.69588470458984,0.9926584362983704,999.9352416992188,91.31069946289062,0.9975751042366028,1025.9761962890625,85.78034973144531,0.9970120191574097,947.6187133789062,86.63337707519531,0.9764198064804077,974.8115234375,51.4601936340332,0.9820156097412109,1020.1649780273438,56.662025451660156,0.9882450103759766,962.1239624023438,127.28010559082031,0.9491305947303772,1005.20556640625,127.64009857177734,0.9939309358596802,1050.20458984375,104.0973129272461,0.9862146973609924
50,912.2525024414062,97.4184341430664,0.9919114708900452,956.98779296875,150.12567138671875,0.9842236638069153,956.3110961914062,109.29325103759766,0.9843228459358215,967.2549438476562,102.34262084960938,0.9918252229690552,999.0803833007812,91.31168365478516,0.997836172580719,1025.084716796875,84.8080825805664,0.9976131916046143,944.1475830078125,88.32841491699219,0.9718946218490601,974.6555786132812,51.409942626953125,0.9761799573898315,1013.1506958007812,56.96412658691406,0.9877392649650574,961.6444091796875,129.1234588623047,0.9498778581619263,1005.1185302734375,127.64009857177734,0.9925260543823242,1050.184814453125,103.93976593017578,0.9839646816253662
51,911.0512084960938,98.5738296508789,0.9848273992538452,954.6403198242188,150.87709045410156,0.9875085949897766,955.0677490234375,109.63349151611328,0.983237087726593,966.7269897460938,102.8889389038086,0.993763267993927,998.2468872070312,91.59136962890625,0.9978159666061401,1023.6652221679688,84.8080825805664,0.9981346130371094,934.9261474609375,90.13082885742188,0.9607386589050293,974.3428955078125,51.273197174072266,0.9810971021652222,1011.3287963867188,57.59941864013672,0.9903754591941833,960.2130126953125,130.02334594726562,0.9464117884635925,1004.6528930664062,127.7292251586914,0.9917358756065369,1050.3331298828125,103.87208557128906,0.9833274483680725
52,910.983642578125,99.44806671142578,0.9858359098434448,952.4923706054688,151.41543579101562,0.9942089319229126,954.1160888671875,110.77552795410156,0.984262228012085,965.1492309570312,103.98522186279297,0.9946498274803162,996.7460327148438,91.99153900146484,0.9972909092903137,1022.0477294921875,84.8080825805664,0.9983086585998535,934.480712890625,94.77377319335938,0.9264713525772095,974.2056274414062,51.273197174072266,0.9706386923789978,1009.4522094726562,57.61935043334961,0.988896906375885,959.8804321289062,130.26478576660156,0.9406644105911255,1004.4306640625,127.7292251586914,0.9911504983901978,1050.184814453125,103.82520294189453,0.9815139174461365
53,910.6627197265625,100.89967346191406,0.9852718114852905,950.4990844726562,151.4435577392578,0.9956258535385132,953.14111328125,112.31510162353516,0.985880970954895,965.0016479492188,104.98490905761719,0.9931033849716187,995.611328125,92.84893798828125,0.9971422553062439,1020.9193725585938,84.85431671142578,0.9983466863632202,929.5634765625,95.42292785644531,0.9390605092048645,974.2056274414062,51.273197174072266,0.9652566313743591,1006.1029663085938,57.61935043334961,0.9818865060806274,959.4207763671875,130.17550659179688,0.9506598114967346,1004.031494140625,127.7292251586914,0.9895347952842712,1050.18212890625,103.82520294189453,0.9776766300201416
54,910.983642578125,100.89967346191406,0.9842925667762756,950.2615356445312,151.8892822265625,0.9961997866630554,951.9774169921875,112.74176025390625,0.9901294112205505,965.0016479492188,105.5332260131836,0.9928615689277649,994.5789794921875,93.16439819335938,0.9962202906608582,1019.8063354492188,85.01271057128906,0.9983332753181458,929.302978515625,95.74130249023438,0.9487901926040649,974.3428955078125,51.38887405395508,0.9621124863624573,1005.6372680664062,57.61935043334961,0.9763582944869995,958.9009399414062,130.2288055419922,0.9456614255905151,1003.9196166992188,126.34425354003906,0.9899364709854126,1050.1634521484375,103.82520294189453,0.9750165939331055
55,910.983642578125,100.89967346191406,0.9846056699752808,949.4030151367188,152.54771423339844,0.9960583448410034,951.5095825195312,112.87763214111328,0.9917991161346436,964.7017211914062,105.77275085449219,0.9917003512382507,993.3163452148438,93.33424377441406,0.9953606724739075,1018.5049438476562,85.24895477294922,0.9981923699378967,928.3090209960938,96.15192413330078,0.9555249214172363,974.4431762695312,51.689544677734375,0.9596821069717407,1003.9498291015625,57.61935043334961,0.9793888926506042,958.6148071289062,130.2288055419922,0.9488341808319092,1003.9196166992188,126.90868377685547,0.9912359714508057,1050.1634521484375,103.82298278808594,0.9683070778846741
56,911.1543579101562,100.76382446289062,0.9849995970726013,946.5138549804688,154.05621337890625,0.9966391324996948,950.5621337890625,113.42852783203125,0.9939897060394287,964.5546264648438,105.86518096923828,0.9903565049171448,993.2426147460938,94.46102142333984,0.9934803247451782,1018.2379150390625,88.24494934082031,0.9979007244110107,928.3090209960938,96.2032241821289,0.9437748789787292,974.556640625,51.711238861083984,0.9676526784896851,1003.089599609375,57.61935043334961,0.980643630027771,958.33154296875,130.17550659179688,0.9462621212005615,1003.9196166992188,126.90868377685547,0.9907739758491516,1049.6983642578125,104.8896255493164,0.9630146622657776
57,911.1674194335938,97.90483856201172,0.9888691902160645,944.38671875,154.91896057128906,0.9953646659851074,949.57861328125,113.42852783203125,0.9953349232673645,964.2682495117188,106.1904525756836,0.9896469712257385,992.1890258789062,95.15178680419922,0.9949211478233337,1017.4043579101562,88.94332122802734,0.9981210827827454,928.3090209960938,96.2032241821289,0.9406955242156982,974.616943359375,51.904624938964844,0.9713947772979736,1002.72314453125,57.755859375,0.9835913777351379,957.6346435546875,129.7417755126953,0.9334223866462708,1003.9196166992188,126.34425354003906,0.9905214309692383,1044.189208984375,105.6168441772461,0.9839799404144287
58,913.1746826171875,96.32707214355469,0.9921383261680603,943.4197387695312,154.91896057128906,0.993427038192749,948.73193359375,113.42852783203125,0.9969281554222107,964.019287109375,106.244873046875,0.9888999462127686,990.94287109375,95.89656829833984,0.9959713816642761,1015.2017211914062,89.22067260742188,0.997988224029541,929.5712280273438,96.2032241821289,0.906103253364563,974.8991088867188,52.10725784301758,0.9741578698158264,1001.9423828125,58.151424407958984,0.982065737247467,957.4542846679688,129.6859588623047,0.9331737756729126,1003.7860107421875,126.34425354003906,0.9893779158592224,1037.13671875,106.08000946044922,0.9822756052017212
59,913.1746826171875,93.86483001708984,0.9868692755699158,942.789794921875,155.0363006591797,0.9922297596931458,947.5311279296875,113.26582336425781,0.9971121549606323,963.2490844726562,106.30258178710938,0.9870390295982361,989.7713012695312,96.13106536865234,0.9962825179100037,1013.7860717773438,89.25350952148438,0.9974048733711243,929.7705078125,95.22242736816406,0.8477339744567871,974.8991088867188,52.93223571777344,0.9769143462181091,1001.535400390625,58.61646270751953,0.9816994667053223,957.451416015625,129.0395050048828,0.9338873028755188,1003.3427734375,126.07573699951172,0.9894827604293823,1023.6849365234375,108.88484954833984,0.9840472340583801
60,913.1746826171875,93.86483001708984,0.986395001411438,941.7306518554688,156.21380615234375,0.9879580140113831,946.2325439453125,113.0165786743164,0.9967736601829529,962.3258666992188,106.31151580810547,0.9865091443061829,988.9146728515625,96.50080108642578,0.9965118765830994,1013.5946655273438,89.51551818847656,0.9972598552703857,929.7705078125,95.22242736816406,0.85210782289505,974.8991088867188,54.125858306884766,0.967593252658844,1001.1758422851562,58.765380859375,0.9826363325119019,956.9407348632812,128.0313720703125,0.9296088218688965,1002.7283325195312,125.87518310546875,0.9791023135185242,1022.9132080078125,113.17192840576172,0.989124059677124
61,912.8391723632812,93.86483001708984,0.9805459380149841,941.7306518554688,156.27529907226562,0.9833200573921204,945.6068725585938,113.0165786743164,0.9961422085762024,961.0571899414062,106.49722290039062,0.984309196472168,987.0571899414062,96.74720001220703,0.9947755336761475,1012.322509765625,89.65831756591797,0.9970173835754395,929.7705078125,95.09127044677734,0.880757212638855,970.8536376953125,61.03605651855469,0.9623509049415588,1001.1024780273438,58.9789924621582,0.9866310954093933,956.3335571289062,128.0313720703125,0.920086681842804,1001.8914794921875,125.87518310546875,0.9558020234107971,1013.3538818359375,114.03291320800781,0.9917804598808289
62,909.40185546875,94.30448150634766,0.9780043363571167,941.7306518554688,156.4016876220703,0.984006941318512,945.097900390625,113.0165786743164,0.9949291944503784,959.7827758789062,106.69570922851562,0.9829677939414978,986.7957153320312,97.02459716796875,0.992084801197052,1011.3577270507812,89.65831756591797,0.9974840879440308,928.56396484375,94.95945739746094,0.914106011390686,968.1558227539062,65.76005554199219,0.9902640581130981,1001.1024780273438,59.48874282836914,0.9866456985473633,956.2759399414062,128.0313720703125,0.9070577621459961,1001.8914794921875,126.07573699951172,0.948698878288269,1013.021728515625,115.68023681640625,0.992059588432312
63,904.6786499023438,94.92515563964844,0.9835696816444397,941.7437133789062,156.75926208496094,0.9926754832267761,944.4051513671875,114.06498718261719,0.9938815832138062,958.6278076171875,107.1168212890625,0.9795626401901245,986.604248046875,97.21971130371094,0.9934319853782654,1010.5880737304688,89.80224609375,0.9975237250328064,927.2793579101562,95.09127044677734,0.9372320175170898,962.9964599609375,69.98450469970703,0.9932734966278076,1001.122802734375,59.72250747680664,0.9878286123275757,955.00732421875,128.99832153320312,0.8975204229354858,1001.8914794921875,126.20427703857422,0.9113221168518066,1013.021728515625,118.16326904296875,0.9915488958358765
64,902.4730224609375,96.08622741699219,0.9936280250549316,944.1553344726562,157.06886291503906,0.9958893656730652,944.0289916992188,115.06684875488281,0.993150532245636,958.0257568359375,107.86968231201172,0.9763398766517639,986.0249633789062,97.58536529541016,0.9951890707015991,1009.8331298828125,90.31571197509766,0.99718177318573,926.2195434570312,95.61045837402344,0.9603461027145386,955.6200561523438,70.00838470458984,0.9846619367599487,1001.122802734375,59.72250747680664,0.9881900548934937,954.1297607421875,130.486083984375,0.8910793662071228,1002.1516723632812,127.05347442626953,0.8742352724075317,1013.021728515625,120.06210327148438,0.9901105761528015
65,901.6112060546875,96.6295166015625,0.9942504167556763,945.446533203125,157.83236694335938,0.9974122643470764,943.9671020507812,117.13702392578125,0.9927613735198975,957.8121948242188,109.99224853515625,0.9793663620948792,985.1609497070312,97.97459411621094,0.9961982369422913,1009.0051879882812,90.77690887451172,0.9961917400360107,926.158203125,95.09127044677734,0.9704505801200867,949.9321899414062,73.8375244140625,0.9925174713134766,1001.1024780273438,59.78643798828125,0.9890672564506531,952.6395874023438,131.695068359375,0.9026656150817871,1002.1556396484375,128.02081298828125,0.8072261810302734,1013.958740234375,120.57547760009766,0.9914870262145996
66,901.0564575195312,99.61763763427734,0.9968822002410889,945.446533203125,158.33224487304688,0.9977061748504639,943.917724609375,118.00192260742188,0.9909850358963013,956.3949584960938,110.88375091552734,0.9833167195320129,984.1838989257812,98.86238861083984,0.9973230957984924,1008.47119140625,91.41819763183594,0.9960523843765259,925.5601806640625,94.95945739746094,0.9670985341072083,945.7999877929688,75.48052215576172,0.9920378923416138,1000.2274780273438,60.82609939575195,0.9922513365745544,952.2195434570312,134.0813446044922,0.9189048409461975,1003.0294189453125,128.6027069091797,0.8194310069084167,1014.1884765625,121.02377319335938,0.992741584777832
67,900.408447265625,103.26255798339844,0.9941179752349854,945.446533203125,159.376220703125,0.997047483921051,943.5260009765625,118.53280639648438,0.9845573902130127,953.9140014648438,111.05003356933594,0.9896221160888672,983.1864013671875,99.60629272460938,0.9980352520942688,1007.8505249023438,92.0715560913086,0.9964787364006042,923.8184204101562,93.6209716796875,0.9506397843360901,943.2311401367188,75.77362060546875,0.9806907773017883,1000.1513061523438,60.927608489990234,0.9925773739814758,951.8673706054688,134.64256286621094,0.9398593902587891,1003.0294189453125,128.81597900390625,0.7669265866279602,1014.1884765625,121.44732666015625,0.9934948086738586
68,901.0564575195312,104.84583282470703,0.9894735217094421,945.3751831054688,160.19554138183594,0.9963994026184082,940.2728271484375,120.25786590576172,0.9827002882957458,953.0406494140625,112.1968994140625,0.9915071725845337,982.945556640625,100.37493896484375,0.998242974281311,1007.6134643554688,92.6244888305664,0.9965137839317322,923.502685546875,93.6209716796875,0.9557140469551086,938.394775390625,77.3661117553711,0.9547088742256165,1000.0885009765625,60.927608489990234,0.9921294450759888,950.8687133789062,135.79539489746094,0.9517921805381775,1003.0294189453125,128.8257598876953,0.6829126477241516,1014.1884765625,121.47833251953125,0.9937452077865601
69,900.3400268554688,107.27755737304688,0.9889040589332581,945.3751831054688,160.90480041503906,0.9959447979927063,940.1100463867188,121.4264907836914,0.9873290061950684,952.6027221679688,112.83258056640625,0.9921953678131104,982.091064453125,101.40996551513672,0.9982984662055969,1006.948974609375,92.93399810791016,0.9965845346450806,923.1925048828125,93.6209716796875,0.954002320766449,932.836669921875,79.20125579833984,0.9849348068237305,1000.0687866210938,60.927608489990234,0.9920010566711426,950.5314331054688,137.68215942382812,0.9558382034301758,1001.9632568359375,128.83773803710938,0.7169942855834961,1014.1220703125,121.61904907226562,0.9935640692710876
70,899.4805908203125,112.15546417236328,0.9925359487533569,945.3751831054688,161.163330078125,0.9957666397094727,940.0283813476562,122.76618957519531,0.9889779686927795,951.1845703125,114.46492767333984,0.9940709471702576,980.6255493164062,102.23851776123047,0.9980903267860413,1005.7981567382812,93.07391357421875,0.9966953992843628,923.1925048828125,98.32162475585938,0.9588636159896851,925.7186279296875,84.8343276977539,0.9886502027511597,1000.0687866210938,60.8628044128418,0.9921637773513794,949.9324951171875,139.0087890625,0.960607647895813,1001.5142211914062,129.43118286132812,0.6546896696090698,1013.5382690429688,121.70277404785156,0.9934294819831848
71,897.9785766601562,115.66902160644531,0.9927655458450317,945.352294921875,162.3754119873047,0.9961447715759277,938.8256225585938,123.99403381347656,0.9867493510246277,948.7471923828125,116.22068786621094,0.994773805141449,978.2526245117188,102.98115539550781,0.9978153705596924,1003.94873046875,93.64940643310547,0.996908962726593,923.502685546875,99.02896881103516,0.9260604977607727,925.41015625,84.85867309570312,0.9902318120002747,999.8511962890625,60.8628044128418,0.992558479309082,948.049560546875,141.7900848388672,0.9574959874153137,1001.1366577148438,129.46246337890625,0.5240199565887451,1013.270751953125,121.8656005859375,0.9941723942756653
72,897.7576293945312,121.34696197509766,0.9874215126037598,945.352294921875,164.14718627929688,0.9953652620315552,938.492431640625,125.8943862915039,0.9874523282051086,948.5691528320312,117.59066009521484,0.9935345649719238,977.047119140625,103.61898803710938,0.9969620108604431,1002.827392578125,94.32988739013672,0.9962288737297058,927.587158203125,99.2459487915039,0.9070943593978882,925.109619140625,87.4651870727539,0.993709921836853,998.9452514648438,60.8628044128418,0.9933597445487976,947.2962646484375,147.70835876464844,0.960289716720581,1000.6431884765625,129.59329223632812,0.44052231311798096,1013.08349609375,121.8656005859375,0.9935140609741211
73,896.028076171875,123.89640045166016,0.9701634049415588,944.2677612304688,168.07411193847656,0.9929178357124329,935.91845703125,127.50972747802734,0.9936181306838989,947.3897705078125,119.592529296875,0.9905855059623718,976.7957763671875,105.87789154052734,0.995303750038147,1001.0781860351562,96.09886932373047,0.9974247217178345,928.4788818359375,99.57542419433594,0.9040226340293884,924.8724365234375,89.16050720214844,0.9907796382904053,998.3329467773438,60.93787384033203,0.9925455451011658,944.68310546875,149.1099395751953,0.9672990441322327,999.8955688476562,129.98582458496094,0.46073096990585327,1012.3341064453125,121.8656005859375,0.992464542388916
74,895.382568359375,125.52694702148438,0.9796975255012512,942.9055786132812,170.47488403320312,0.9924255609512329,934.9948120117188,129.4062957763672,0.9942546486854553,946.4678955078125,120.96516418457031,0.9878641963005066,973.6724243164062,106.57582092285156,0.9956157207489014,999.6414184570312,97.54749298095703,0.9981656670570374,928.646484375,99.68792724609375,0.9118980765342712,924.8724365234375,90.35891723632812,0.9831961393356323,996.7794189453125,61.20505905151367,0.9926988482475281,942.501953125,149.13710021972656,0.964052677154541,998.0707397460938,133.3104705810547,0.4782145917415619,1011.0980224609375,121.58038330078125,0.9922170639038086
75,893.4879760742188,126.72051239013672,0.9770260453224182,941.289794921875,170.47488403320312,0.9848543405532837,934.6334228515625,132.24545288085938,0.9921672940254211,945.0863647460938,122.18717956542969,0.975143551826477,971.4625854492188,108.14549255371094,0.9970821738243103,997.304931640625,98.74330139160156,0.9984577894210815,928.646484375,101.16996002197266,0.845684826374054,924.47412109375,91.17017364501953,0.9768552780151367,994.6065673828125,63.18374252319336,0.9927196502685547,941.3077392578125,150.73777770996094,0.9491520524024963,994.830322265625,133.35093688964844,0.7068890929222107,1009.6224365234375,121.42692565917969,0.990717351436615
76,891.421142578125,126.72051239013672,0.9758267998695374,941.0255126953125,170.47488403320312,0.9825009703636169,933.3515014648438,133.15170288085938,0.9919382929801941,944.1242065429688,123.14114379882812,0.9743750095367432,970.3187866210938,108.54285430908203,0.9962628483772278,995.5541381835938,98.83871459960938,0.9979724287986755,928.646484375,102.10997772216797,0.8255143165588379,924.47412109375,91.17017364501953,0.9752855896949768,994.2406616210938,63.43685531616211,0.992186427116394,935.7970581054688,155.37220764160156,0.9471703767776489,991.7142944335938,134.62588500976562,0.8619466423988342,1008.75146484375,121.42692565917969,0.9864825010299683
77,891.0975341796875,126.72051239013672,0.9801802635192871,935.0830078125,170.55372619628906,0.9886918067932129,931.91015625,134.8778076171875,0.9926043748855591,943.1754150390625,124.41403198242188,0.9729728698730469,969.7846069335938,109.77249145507812,0.993453860282898,994.2160034179688,99.79857635498047,0.9973859190940857,928.567138671875,103.62420654296875,0.7827359437942505,924.47412109375,91.17017364501953,0.9797517657279968,988.6932983398438,65.34857940673828,0.9875068664550781,933.9841918945312,156.58084106445312,0.9585494995117188,986.7758178710938,138.02061462402344,0.958042323589325,1008.75146484375,121.44029235839844,0.9804009795188904
78,890.1832885742188,126.4685287475586,0.984229326248169,935.0830078125,170.55372619628906,0.9892998933792114,930.7285766601562,136.03128051757812,0.991932213306427,941.3272094726562,126.4742431640625,0.9787386059761047,969.5886840820312,111.544921875,0.9893714189529419,993.2559814453125,100.52163696289062,0.9969882369041443,928.567138671875,103.68710327148438,0.760873019695282,924.4863891601562,90.22052764892578,0.9834274053573608,988.1401977539062,65.8108901977539,0.9868547916412354,933.4887084960938,157.1584930419922,0.9604961276054382,985.5213012695312,138.78466796875,0.9760230779647827,1008.6829833984375,121.44029235839844,0.9863823652267456
79,889.5382080078125,126.23812866210938,0.9843047261238098,935.0830078125,170.55372619628906,0.9887780547142029,929.4619750976562,136.98350524902344,0.9908377528190613,940.3497924804688,126.6939926147461,0.9795047640800476,968.6138305664062,111.64057922363281,0.992388904094696,991.9144287109375,101.3885269165039,0.9980751276016235,928.0738525390625,107.11924743652344,0.7783748507499695,924.4863891601562,89.63353729248047,0.9894682765007019,987.5800170898438,65.88247680664062,0.9879940748214722,933.0504150390625,157.49053955078125,0.9602822661399841,983.91455078125,142.14894104003906,0.9859172701835632,1008.6829833984375,121.57196807861328,0.9885822534561157
80,889.5382080078125,126.23812866210938,0.9804722666740417,935.597412109375,171.26930236816406,0.9874309301376343,928.285400390625,137.9784393310547,0.9896592497825623,939.2855224609375,127.78006744384766,0.9831311702728271,967.867919921875,112.74169158935547,0.9947958588600159,990.1012573242188,102.17640686035156,0.9982929825782776,927.9357299804688,108.44227600097656,0.7511187195777893,924.4863891601562,89.2662353515625,0.992813766002655,986.77001953125,66.14872741699219,0.984131395816803,932.7100830078125,158.24673461914062,0.9558462500572205,975.7908325195312,143.6199951171875,0.9838258624076843,1008.6829833984375,122.11942291259766,0.9921855330467224
81,889.5382080078125,126.23812866210938,0.9865311980247498,935.67578125,171.76345825195312,0.986397922039032,924.9066772460938,138.16708374023438,0.9870496392250061,937.0870361328125,128.43896484375,0.9915327429771423,966.1095581054688,113.48710632324219,0.9962424039840698,988.3204345703125,102.27001953125,0.9981399774551392,922.876708984375,113.9654312133789,0.8380758762359619,923.4132080078125,88.4291763305664,0.9948834776878357,984.7971801757812,70.24497985839844,0.9867609739303589,932.7100830078125,158.68887329101562,0.9580886960029602,975.3642578125,146.86888122558594,0.974819540977478,1008.3325805664062,122.11942291259766,0.9909476637840271
82,889.36181640625,127.83797454833984,0.9928654432296753,935.8126831054688,172.09170532226562,0.9867107272148132,924.4610595703125,139.01620483398438,0.9865350127220154,935.7086791992188,129.33847045898438,0.9947828650474548,964.6480102539062,113.89498138427734,0.9960306286811829,987.1149291992188,102.50732421875,0.9981465339660645,921.8900146484375,114.18111419677734,0.9163128733634949,922.9852905273438,88.16976165771484,0.9953463673591614,980.0768432617188,72.88326263427734,0.9909111857414246,932.7100830078125,158.74143981933594,0.9608156085014343,971.5142211914062,151.12428283691406,0.9874962568283081,1007.283203125,122.11942291259766,0.9901669025421143
83,889.36181640625,131.0410614013672,0.9955980181694031,935.8126831054688,172.09170532226562,0.9861138463020325,924.1259155273438,139.2902374267578,0.9833055138587952,934.873779296875,129.88575744628906,0.9953651428222656,963.82470703125,114.05792236328125,0.9963790774345398,985.8845825195312,102.98306274414062,0.9981661438941956,916.482421875,115.26642608642578,0.9098361134529114,922.5390014648438,88.03553771972656,0.9947772026062012,976.7941284179688,76.91326141357422,0.9872558116912842,932.604248046875,158.7811279296875,0.9527380466461182,968.1246948242188,151.4285430908203,0.9856008887290955,1006.5943603515625,121.77007293701172,0.9878737330436707
84,889.5888061523438,133.53564453125,0.9947364926338196,938.7012329101562,174.4466552734375,0.9847307205200195,923.7440185546875,140.1973419189453,0.9821832180023193,934.6814575195312,130.88119506835938,0.9954012632369995,962.6707763671875,114.30146026611328,0.9946245551109314,985.684326171875,105.33260345458984,0.9964271187782288,913.4949340820312,118.43343353271484,0.9163855314254761,922.2278442382812,87.88300323486328,0.994055986404419,972.73486328125,81.86338806152344,0.9852578043937683,932.7444458007812,158.7811279296875,0.9491569399833679,966.0767211914062,157.57765197753906,0.9883375763893127,1006.217041015625,121.77007293701172,0.9849066138267517
85,889.36181640625,133.53564453125,0.9928505420684814,938.7832641601562,174.4466552734375,0.9850960373878479,923.4656372070312,140.6185760498047,0.9807615876197815,933.682373046875,131.50927734375,0.9951515197753906,962.4889526367188,116.03430938720703,0.9958517551422119,985.26806640625,105.33260345458984,0.9957369565963745,907.0935668945312,119.6461410522461,0.9396898746490479,922.2278442382812,87.5533676147461,0.9934601783752441,967.6527709960938,83.26469421386719,0.9793335795402527,932.7444458007812,158.74143981933594,0.9470958709716797,963.4799194335938,158.86465454101562,0.9873747825622559,1005.9514770507812,121.77007293701172,0.9879030585289001
86,889.1607055664062,133.53564453125,0.9903836846351624,939.1217651367188,174.4466552734375,0.9873327612876892,923.1284790039062,141.38052368164062,0.9694038033485413,932.4625244140625,132.24539184570312,0.9959263801574707,961.781982421875,116.55644226074219,0.9970517158508301,984.6320190429688,105.33260345458984,0.9957738518714905,904.7174682617188,121.71199798583984,0.9436556696891785,922.5390014648438,87.5533676147461,0.9926384687423706,964.9060668945312,84.02494049072266,0.9929274916648865,932.737548828125,158.7811279296875,0.9458429217338562,961.5366821289062,159.2609100341797,0.9851576089859009,1005.638916015625,121.62643432617188,0.986071765422821
87,889.1365966796875,132.99058532714844,0.9901469349861145,939.272705078125,174.40170288085938,0.9859932661056519,922.5706176757812,141.458251953125,0.9700313210487366,931.3623657226562,132.2541961669922,0.9969160556793213,960.635498046875,116.93211364746094,0.9980559349060059,983.6244506835938,105.23491668701172,0.9950560331344604,901.180419921875,124.23554229736328,0.9169889092445374,923.19921875,87.5533676147461,0.9914700388908386,962.6008911132812,84.35065460205078,0.9905862212181091,932.7020874023438,158.9669189453125,0.9448741674423218,958.9674682617188,159.33151245117188,0.9596925377845764,1005.1286010742188,121.62643432617188,0.9847027659416199
88,888.4853515625,132.72149658203125,0.9904058575630188,939.272705078125,174.40170288085938,0.983201801776886,921.3414916992188,142.2870635986328,0.9735974073410034,930.14599609375,132.89569091796875,0.9966279864311218,959.2229614257812,117.51177978515625,0.9981303811073303,981.9843139648438,105.23491668701172,0.9937908053398132,898.897216796875,126.31510925292969,0.8970456123352051,924.0924682617188,87.92269134521484,0.9830628633499146,960.1878051757812,84.35065460205078,0.9638583660125732,932.7020874023438,159.0228271484375,0.9431094527244568,957.9657592773438,159.38604736328125,0.9287503957748413,1005.0169677734375,121.5498275756836,0.9820737838745117
89,885.6069946289062,132.72149658203125,0.9935232400894165,939.272705078125,174.40170288085938,0.9859274625778198,921.0433959960938,142.73410034179688,0.9787247776985168,929.440185546875,133.10943603515625,0.9960644841194153,958.0852661132812,118.20175170898438,0.9982319474220276,981.3391723632812,105.23491668701172,0.9931153655052185,898.8720703125,128.71405029296875,0.8788564801216125,924.5736694335938,87.98209381103516,0.9815887212753296,958.2014770507812,84.35065460205078,0.9625951051712036,932.5030517578125,159.19970703125,0.9302414655685425,957.368896484375,159.33151245117188,0.8759957551956177,1004.7783813476562,121.5498275756836,0.9786767959594727
90,882.5835571289062,132.72149658203125,0.9907710552215576,939.0462646484375,174.4385223388672,0.9852960705757141,920.8215942382812,143.01844787597656,0.9794737696647644,928.1434326171875,133.10943603515625,0.9956763386726379,957.3292236328125,118.46337127685547,0.99854975938797,980.6204223632812,105.71830749511719,0.9924531579017639,896.9651489257812,128.71405029296875,0.8867347240447998,925.0070190429688,88.08744812011719,0.9772246479988098,953.7947998046875,82.77360534667969,0.9406722187995911,932.498046875,159.19970703125,0.9421679973602295,954.87353515625,159.33151245117188,0.7656610012054443,1004.3111572265625,121.5498275756836,0.9755740165710449
91,880.7781982421875,132.72149658203125,0.9754942655563354,938.650146484375,174.4385223388672,0.9855534434318542,920.3309326171875,145.16757202148438,0.9773094058036804,926.9774169921875,133.10943603515625,0.9946725964546204,955.9874877929688,118.58766174316406,0.9984356760978699,979.11962890625,106.38726806640625,0.9913836717605591,895.4934692382812,128.71405029296875,0.8698321580886841,925.1605834960938,88.03704833984375,0.9758030772209167,948.6083374023438,82.77360534667969,0.9607453942298889,931.6790161132812,159.19970703125,0.9429125189781189,952.8699951171875,159.38604736328125,0.7196905612945557,1003.6752319335938,121.66158294677734,0.9743788838386536
92,876.9838256835938,132.72149658203125,0.9758852124214172,938.2008056640625,174.4385223388672,0.9829180836677551,919.4219360351562,145.16757202148438,0.9857775568962097,926.303955078125,133.0702362060547,0.9931704998016357,954.7321166992188,119.10752868652344,0.9983148574829102,978.31787109375,107.05848693847656,0.9873366951942444,895.4590454101562,128.62551879882812,0.8614652752876282,925.1605834960938,88.03704833984375,0.9782479405403137,947.9896850585938,81.3419418334961,0.965364396572113,931.2942504882812,159.09085083007812,0.9421800971031189,948.65771484375,161.15780639648438,0.8168917894363403,1002.0789794921875,121.79478454589844,0.9831164479255676
93,873.3131103515625,131.3314208984375,0.9873102903366089,935.3202514648438,171.67803955078125,0.983217716217041,918.00537109375,145.16757202148438,0.9901576638221741,925.1901245117188,132.86508178710938,0.9908114671707153,953.7738647460938,119.42857360839844,0.9978304505348206,977.5518798828125,107.51244354248047,0.9887323379516602,890.65283203125,126.38671875,0.8737365007400513,925.0070190429688,88.03704833984375,0.9790244102478027,945.9496459960938,81.24201965332031,0.9567785859107971,930.1204223632812,158.7367706298828,0.9485156536102295,946.94482421875,162.5882110595703,0.8217582702636719,1001.99853515625,121.87704467773438,0.9815519452095032
94,872.601318359375,130.29942321777344,0.9900916814804077,932.6936645507812,170.30735778808594,0.978988766670227,917.2686767578125,143.76658630371094,0.9894375801086426,924.9888916015625,132.54029846191406,0.9894921779632568,953.2992553710938,119.55135345458984,0.9971641898155212,976.5992431640625,107.8394546508789,0.9905796647071838,889.346923828125,124.70811462402344,0.8906422257423401,920.6016845703125,87.83211517333984,0.9784898161888123,944.0146484375,80.558837890625,0.9619811177253723,929.35546875,158.38050842285156,0.943943202495575,945.779296875,162.5882110595703,0.828328013420105,1001.7047119140625,121.87704467773438,0.9825196266174316
95,872.2696533203125,129.9986572265625,0.9900499582290649,930.7171630859375,170.30735778808594,0.9551337361335754,914.66552734375,143.3122100830078,0.9902563095092773,924.240478515625,132.1114044189453,0.9878665208816528,952.5664672851562,119.76417541503906,0.9976778626441956,975.4739379882812,108.0922622680664,0.9922677874565125,888.079345703125,124.20440673828125,0.8712711334228516,920.6016845703125,87.83211517333984,0.9820537567138672,943.382568359375,79.63296508789062,0.9745545387268066,928.7212524414062,158.38050842285156,0.9331267476081848,943.494873046875,162.5882110595703,0.8438716530799866,1000.529052734375,121.87704467773438,0.9860306978225708
96,872.267333984375,129.99563598632812,0.9903507828712463,921.1442260742188,170.30735778808594,0.9705784916877747,912.705810546875,143.04380798339844,0.9887596368789673,924.0294189453125,131.93397521972656,0.990435779094696,952.0520629882812,119.93689727783203,0.9982670545578003,973.759033203125,108.22019958496094,0.9937940835952759,888.0353393554688,123.42256164550781,0.8802506923675537,920.6016845703125,87.83211517333984,0.9850926995277405,942.9376831054688,78.96298217773438,0.9811509251594543,928.0908813476562,157.68707275390625,0.9142124056816101,940.8950805664062,162.801025390625,0.8939776420593262,998.5517578125,121.42799377441406,0.9886103272438049
97,872.1387939453125,129.7457275390625,0.991814911365509,916.4446411132812,172.26913452148438,0.9920883774757385,911.1859130859375,142.2383575439453,0.9821239113807678,923.0890502929688,131.93397521972656,0.9898126721382141,950.8800659179688,119.97193908691406,0.9987817406654358,972.5626220703125,108.42263793945312,0.9942442774772644,887.9354858398438,123.00708770751953,0.8910285830497742,920.73828125,87.51543426513672,0.9867261648178101,942.6859130859375,78.78384399414062,0.984415590763092,920.7662353515625,157.64431762695312,0.8859646320343018,940.65576171875,162.801025390625,0.9544313549995422,996.5739135742188,121.18647003173828,0.9887479543685913
98,871.876953125,129.30589294433594,0.9916666150093079,908.8687133789062,173.79702758789062,0.9866600036621094,910.643798828125,141.81040954589844,0.9761577844619751,921.831787109375,131.93397521972656,0.9912563562393188,949.7457885742188,119.97193908691406,0.9989093542098999,971.9115600585938,108.76594543457031,0.9937039017677307,885.8739013671875,123.00708770751953,0.8895455002784729,921.0820922851562,87.23456573486328,0.9848004579544067,942.6710815429688,78.78384399414062,0.9866654276847839,919.679931640625,157.4506072998047,0.8447935581207275,939.165771484375,163.46444702148438,0.9518882036209106,995.0882568359375,121.17501068115234,0.9867696762084961
99,870.1488647460938,129.26876831054688,0.9921707510948181,905.483642578125,173.79702758789062,0.9944084286689758,910.1150512695312,141.4204559326172,0.9669371247291565,920.7171020507812,132.27503967285156,0.9937664270401001,948.1253662109375,119.97193908691406,0.9987012147903442,970.7139892578125,109.16837310791016,0.9921711683273315,885.403076171875,122.97988891601562,0.8979921340942383,921.2581787109375,88.66009521484375,0.9815650582313538,942.6470947265625,78.78384399414062,0.9857519268989563,919.241943359375,157.01377868652344,0.8783971667289734,937.770263671875,163.54872131347656,0.9501542448997498,993.5410766601562,120.53984832763672,0.9809644818305969
100,870.0606689453125,129.15185546875,0.9928576946258545,904.3641967773438,173.79702758789062,0.9946607947349548,907.259765625,140.62425231933594,0.9644393920898438,919.1100463867188,132.29026794433594,0.9960162043571472,946.4307861328125,120.09528350830078,0.9985156655311584,970.2396850585938,109.59809112548828,0.9933285713195801,885.0701293945312,122.97988891601562,0.9020445346832275,921.6293334960938,88.66009521484375,0.9818390607833862,942.3007202148438,78.8720703125,0.9828450679779053,918.77392578125,156.94808959960938,0.9120826125144958,933.763427734375,163.54872131347656,0.9738782048225403,992.0025634765625,120.53984832763672,0.9787301421165466
101,867.52001953125,129.03546142578125,0.9916343688964844,904.2219848632812,173.32339477539062,0.995507001876831,906.35302734375,140.6177978515625,0.9704511761665344,918.2921752929688,132.31842041015625,0.9970291256904602,945.326416015625,120.09528350830078,0.9984294772148132,969.4406127929688,109.82073211669922,0.9940523505210876,885.0701293945312,122.58393859863281,0.912833571434021,921.9940795898438,87.82943725585938,0.986096203327179,942.011962890625,79.18558502197266,0.9835964441299438,918.0740966796875,155.68365478515625,0.9103609323501587,933.34326171875,163.46444702148438,0.9800328612327576,991.200439453125,120.49130249023438,0.9599335789680481
102,866.3613891601562,128.42965698242188,0.990086019039154,904.09326171875,173.29641723632812,0.9962712526321411,905.9392700195312,140.35321044921875,0.9785923361778259,917.1565551757812,132.34133911132812,0.9973576664924622,944.2388916015625,120.09528350830078,0.9977343082427979,968.7390747070312,109.98116302490234,0.9942716360092163,884.650390625,122.200927734375,0.900672435760498,921.9940795898438,87.82943725585938,0.9866231083869934,941.188720703125,79.27181243896484,0.9789649844169617,917.333740234375,155.25634765625,0.9078823924064636,932.814453125,163.4190673828125,0.980778694152832,989.1068115234375,120.53984832763672,0.9623779654502869
103,866.0877685546875,127.11038208007812,0.9847812652587891,903.9700317382812,173.29641723632812,0.9960259199142456,905.4220581054688,140.27943420410156,0.9830464720726013,916.5760498046875,132.34133911132812,0.9974937438964844,943.78125,120.09528350830078,0.997044026851654,968.06689453125,110.25004577636719,0.9944818019866943,884.3665771484375,121.92201232910156,0.8788837790489197,922.0950927734375,87.95088195800781,0.9853397011756897,940.9822998046875,79.64439392089844,0.9767321944236755,916.3359985351562,154.99346923828125,0.9091057777404785,932.814453125,163.40101623535156,0.981780469417572,989.064208984375,120.29344940185547,0.9591674208641052
104,865.8435668945312,124.14473724365234,0.987095832824707,903.9583740234375,173.29641723632812,0.9955447912216187,904.9116821289062,140.27943420410156,0.9896218776702881,915.8939819335938,132.4349822998047,0.9975653886795044,943.0441284179688,120.41667175292969,0.9967063069343567,967.806640625,110.99093627929688,0.9942360520362854,884.3665771484375,121.92201232910156,0.8359823226928711,922.0950927734375,87.95088195800781,0.9827500581741333,940.9547729492188,79.84471893310547,0.9770246744155884,915.397216796875,154.99346923828125,0.9077338576316833,932.814453125,163.37655639648438,0.9834517240524292,989.0353393554688,120.29344940185547,0.9673392176628113
105,865.7646484375,122.24723815917969,0.988192617893219,901.6258544921875,173.32286071777344,0.9971967935562134,904.2081909179688,140.1027374267578,0.9926718473434448,915.4556274414062,132.4349822998047,0.9976823329925537,942.799072265625,120.41667175292969,0.9972215890884399,967.4208374023438,111.08653259277344,0.9940859079360962,885.172119140625,121.57395935058594,0.8042289614677429,922.1069946289062,87.95088195800781,0.9827414155006409,940.9191284179688,79.93792724609375,0.9673909544944763,914.5062255859375,154.99346923828125,0.8901063799858093,933.4615478515625,162.91795349121094,0.9862435460090637,988.8118286132812,120.29344940185547,0.9591984748840332
106,865.7646484375,120.7839584350586,0.9872295260429382,898.6658325195312,173.45162963867188,0.9972972273826599,903.024658203125,139.8930206298828,0.9944814443588257,914.67041015625,132.4349822998047,0.9975022673606873,942.43408203125,120.41667175292969,0.9975771307945251,966.9974975585938,111.16592407226562,0.9942581653594971,889.0189208984375,121.57395935058594,0.7801135778427124,922.1211547851562,88.20394897460938,0.9808011651039124,940.8674926757812,80.3538589477539,0.9720577001571655,909.3865966796875,157.12022399902344,0.8791056275367737,933.4615478515625,162.61685180664062,0.9907903671264648,988.5911254882812,120.6925048828125,0.9619234204292297
107,865.0916748046875,117.52738189697266,0.9912616014480591,895.3096313476562,173.45162963867188,0.9943819642066956,902.4581298828125,139.34234619140625,0.9956400394439697,913.6741333007812,132.4349822998047,0.9973037242889404,942.0569458007812,120.41667175292969,0.9979087114334106,966.2322998046875,111.23033905029297,0.9935349225997925,895.34521484375,120.95054626464844,0.7682069540023804,922.9578247070312,88.2977066040039,0.9778319597244263,940.8674926757812,80.41766357421875,0.9644668698310852,906.8709716796875,157.13629150390625,0.8738742470741272,933.4615478515625,162.61685180664062,0.9914594888687134,987.6943359375,121.96546173095703,0.9658510088920593
108,865.0853881835938,115.48959350585938,0.9951196908950806,892.1130981445312,173.32286071777344,0.9874302744865417,901.6127319335938,138.55560302734375,0.9961451292037964,913.2833862304688,132.45811462402344,0.9971193075180054,941.7015380859375,120.41667175292969,0.9983150959014893,965.2944946289062,111.38524627685547,0.9914166331291199,895.5361938476562,120.75186920166016,0.7982308268547058,923.318359375,88.57003784179688,0.9803754687309265,940.9191284179688,80.63400268554688,0.9575251936912537,901.0115966796875,157.13629150390625,0.8743252754211426,933.1312255859375,162.45298767089844,0.995226263999939,986.7132568359375,122.22449493408203,0.9721286296844482
109,865.0853881835938,114.23650360107422,0.9950078725814819,889.44287109375,173.15293884277344,0.9937321543693542,901.5656127929688,138.22988891601562,0.9965561628341675,912.9385375976562,132.49008178710938,0.9969101548194885,941.1241455078125,120.49687957763672,0.9979864358901978,964.4759521484375,111.38524627685547,0.9878540635108948,895.9057006835938,120.75186920166016,0.8044266104698181,926.2804565429688,88.63672637939453,0.9805995225906372,942.302734375,83.51409912109375,0.9578917026519775,900.4462280273438,157.41029357910156,0.8716138601303101,933.1312255859375,162.61685180664062,0.9955353736877441,985.7840576171875,122.23832702636719,0.9735919237136841
110,865.0916748046875,112.14964294433594,0.9937826991081238,885.4075317382812,173.15293884277344,0.9978741407394409,900.9737548828125,138.22988891601562,0.9967710375785828,912.6130981445312,132.49008178710938,0.9969088435173035,940.7389526367188,120.67256927490234,0.9981924891471863,963.6744384765625,111.6170883178711,0.984548807144165,896.2881469726562,120.75186920166016,0.8050549626350403,926.4321899414062,88.78889465332031,0.9823760390281677,942.302734375,83.97679901123047,0.9655364751815796,899.309814453125,157.57704162597656,0.8611606359481812,933.1312255859375,162.64671325683594,0.9957104921340942,983.8966674804688,122.51095581054688,0.9791401624679565
111,867.0593872070312,110.29447174072266,0.9934669137001038,880.1936645507812,172.8555145263672,0.9974148273468018,900.2761840820312,138.22988891601562,0.9965533018112183,912.6112670898438,132.49008178710938,0.996606707572937,940.4171752929688,120.6742172241211,0.9979064464569092,962.72998046875,111.73316192626953,0.9829927086830139,896.5802612304688,121.41079711914062,0.8181636333465576,926.4321899414062,89.26092529296875,0.9798344969749451,942.302734375,84.80823516845703,0.9629687666893005,898.9527587890625,157.57704162597656,0.8532682061195374,934.3394775390625,163.04042053222656,0.9960883855819702,982.0018310546875,122.56629943847656,0.9790413975715637
112,867.0593872070312,108.73973846435547,0.9914659261703491,878.8873291015625,172.8555145263672,0.9965925812721252,899.6763305664062,138.23956298828125,0.9964936375617981,911.8383178710938,132.37567138671875,0.9962729215621948,939.59814453125,120.80120849609375,0.9977462887763977,961.84814453125,112.00891876220703,0.9854809641838074,896.5802612304688,121.68156433105469,0.8313155174255371,927.0169067382812,90.66986846923828,0.9762592315673828,941.8095092773438,85.5367431640625,0.9674591422080994,898.2476196289062,157.57704162597656,0.8630034923553467,934.526123046875,163.04042053222656,0.9952194094657898,979.4127807617188,123.08334350585938,0.9781225919723511
113,867.0593872070312,108.1783447265625,0.9907203912734985,877.920654296875,172.8555145263672,0.996127188205719,899.0806274414062,138.23956298828125,0.9960915446281433,911.38671875,132.2813720703125,0.9959155917167664,938.9078979492188,121.15095520019531,0.9969452023506165,960.8342895507812,112.00891876220703,0.991124153137207,896.5802612304688,121.70689392089844,0.828871488571167,928.9223022460938,91.11959075927734,0.9733033776283264,941.40625,86.1725845336914,0.9701884984970093,897.5873413085938,157.57704162597656,0.8660756945610046,935.303955078125,163.04042053222656,0.9954283237457275,977.7501831054688,123.35649108886719,0.9718478918075562
114,867.3606567382812,106.80683135986328,0.9906079769134521,877.450927734375,172.6147003173828,0.9955191612243652,898.1240844726562,138.23956298828125,0.9953368306159973,910.958251953125,132.2686309814453,0.9950696229934692,938.8433227539062,121.35872650146484,0.9963898062705994,960.216552734375,112.00891876220703,0.9934055805206299,896.2900390625,121.70689392089844,0.8121524453163147,928.9766845703125,91.75450134277344,0.9734956622123718,941.032470703125,86.8720474243164,0.9714487791061401,895.8631591796875,157.50430297851562,0.8892636299133301,937.2675170898438,162.48458862304688,0.9969815611839294,975.7159423828125,126.4725341796875,0.9620981812477112
115,866.7577514648438,106.08638000488281,0.9908363819122314,877.4241333007812,172.6147003173828,0.9943568110466003,897.2050170898438,137.9368438720703,0.993811309337616,910.3543090820312,132.2686309814453,0.9935668110847473,938.0259399414062,121.65030670166016,0.9959431290626526,959.2719116210938,112.53581237792969,0.9951590895652771,896.2760620117188,121.70689392089844,0.7910127639770508,928.9766845703125,91.78234100341797,0.9785938262939453,939.1519165039062,87.74397277832031,0.9603299498558044,893.3648681640625,157.50430297851562,0.8981909155845642,937.783203125,162.39683532714844,0.99782794713974,974.0562133789062,127.31089782714844,0.9661915898323059
116,866.3557739257812,105.5702133178711,0.9904464483261108,876.7549438476562,172.6147003173828,0.9924315214157104,896.2205810546875,137.6283416748047,0.9908229112625122,909.019287109375,132.2686309814453,0.9886136054992676,937.8526611328125,121.69161224365234,0.9970670342445374,958.7799072265625,113.35751342773438,0.9967053532600403,894.9636840820312,119.89655303955078,0.7574434280395508,928.9766845703125,91.78234100341797,0.9663842916488647,939.1152954101562,87.92601013183594,0.9765498638153076,890.3341674804688,157.50430297851562,0.8901461362838745,938.0765380859375,162.34417724609375,0.9981504082679749,971.3064575195312,128.94622802734375,0.968834400177002
117,866.7577514648438,104.099609375,0.9928727149963379,876.6809692382812,172.78025817871094,0.9925342798233032,893.3054809570312,136.25497436523438,0.9862642884254456,907.9494018554688,133.25283813476562,0.981141984462738,936.9796142578125,121.85380554199219,0.9975998997688293,958.3323974609375,113.59938049316406,0.9974244832992554,894.622314453125,119.83316802978516,0.7601833939552307,927.9341430664062,91.78234100341797,0.9634464979171753,938.1739501953125,88.17582702636719,0.9750745296478271,887.5547485351562,159.46408081054688,0.8802801966667175,938.0966796875,162.1327362060547,0.9984859824180603,971.2664184570312,129.90240478515625,0.974859356880188
118,867.3307495117188,101.53873443603516,0.9950866103172302,876.1558227539062,172.99220275878906,0.9908794164657593,892.3986206054688,136.2152862548828,0.9886215329170227,907.8009033203125,133.43649291992188,0.9827786087989807,936.1249389648438,122.29833221435547,0.9978218078613281,957.5534057617188,113.65196228027344,0.9976934790611267,894.572021484375,119.48494720458984,0.7779711484909058,927.8446655273438,89.81471252441406,0.9716185927391052,937.6825561523438,88.3568115234375,0.9592481851577759,886.965087890625,159.46408081054688,0.8929727077484131,938.0966796875,161.48439025878906,0.9983848333358765,971.2664184570312,129.91690063476562,0.988050639629364
119,866.496337890625,99.25830078125,0.9969204664230347,876.1558227539062,172.99220275878906,0.9834775328636169,891.4013671875,135.77423095703125,0.9913570880889893,907.3204345703125,133.5604248046875,0.9867979884147644,935.1968383789062,122.30673217773438,0.9979653358459473,956.6179809570312,113.97694396972656,0.9981802701950073,894.5609741210938,119.45626831054688,0.8119643926620483,926.4758911132812,89.81471252441406,0.9757899045944214,937.6825561523438,88.35733795166016,0.9627116322517395,886.1359252929688,159.46408081054688,0.9162070155143738,938.0966796875,160.73866271972656,0.99788898229599,970.548095703125,130.78790283203125,0.9931394457817078
120,866.496337890625,99.25830078125,0.9969336986541748,876.1558227539062,172.99220275878906,0.9779132008552551,890.5821533203125,135.77000427246094,0.9906482100486755,906.9672241210938,133.5604248046875,0.9874508380889893,934.9490966796875,122.33197021484375,0.9980620741844177,955.8158569335938,114.06488800048828,0.9980873465538025,894.4205322265625,118.78599548339844,0.8056430220603943,926.4758911132812,89.81471252441406,0.9802109599113464,937.6825561523438,88.38475799560547,0.9613329768180847,885.0900268554688,159.4333038330078,0.9250827431678772,937.7020874023438,160.0613250732422,0.9977666139602661,970.548095703125,131.68572998046875,0.9928963780403137
121,866.496337890625,99.25830078125,0.9971477389335632,877.0598754882812,170.5504150390625,0.9750144481658936,890.047607421875,135.77000427246094,0.9916350841522217,905.1828002929688,133.5604248046875,0.9909864068031311,933.7702026367188,122.99249267578125,0.9977132081985474,955.4277954101562,114.40399932861328,0.9970972537994385,893.1734619140625,118.78599548339844,0.8432294130325317,922.4234008789062,93.15895080566406,0.9764294624328613,938.6524658203125,89.22599029541016,0.9770112633705139,883.4953002929688,159.3463592529297,0.9369415044784546,937.3267211914062,159.97914123535156,0.9968926906585693,970.0009765625,134.11239624023438,0.990538477897644
122,863.7621459960938,102.090576171875,0.9936251640319824,877.0598754882812,170.5504150390625,0.977101743221283,888.8888549804688,135.77000427246094,0.9900832176208496,904.0042724609375,134.47927856445312,0.9913045167922974,932.636962890625,123.70447540283203,0.9971562623977661,954.4750366210938,118.1239242553711,0.9968816041946411,892.1188354492188,119.45626831054688,0.8644072413444519,916.6842651367188,98.68828582763672,0.9819874167442322,938.6524658203125,91.30460357666016,0.9638881683349609,882.6646728515625,159.33555603027344,0.9439408779144287,937.1116333007812,159.27610778808594,0.9960795044898987,969.6666259765625,138.3150177001953,0.9824389219284058
123,862.5166625976562,104.63751983642578,0.9883396625518799,877.0598754882812,170.5504150390625,0.977985143661499,888.708984375,135.9921875,0.9922600388526917,902.9036254882812,135.76348876953125,0.9894195795059204,930.647216796875,124.41288757324219,0.995069146156311,953.2872314453125,118.97164154052734,0.9974502921104431,889.8963623046875,119.52503204345703,0.886314332485199,906.9880981445312,99.59950256347656,0.8984490036964417,938.6524658203125,93.4874038696289,0.9658342003822327,880.6513061523438,159.3463592529297,0.9437605142593384,936.4888916015625,159.27610778808594,0.9952989220619202,962.4861450195312,142.16087341308594,0.9845561981201172
124,860.3493041992188,105.39085388183594,0.9870331287384033,876.2099609375,170.8936004638672,0.9801287055015564,887.6693115234375,137.4417266845703,0.9942540526390076,900.47509765625,136.62847900390625,0.9905238747596741,929.354736328125,126.95431518554688,0.9922519326210022,951.0804443359375,119.20880126953125,0.997422456741333,889.5806274414062,120.31355285644531,0.9207727313041687,900.01123046875,99.8686294555664,0.9790056347846985,938.4111938476562,95.20471954345703,0.968082845211029,880.1417846679688,159.3463592529297,0.9451215863227844,936.4227294921875,159.27610778808594,0.9928487539291382,956.3522338867188,146.8564910888672,0.9902713894844055
125,859.6807861328125,109.98995208740234,0.9864960312843323,874.532470703125,171.87210083007812,0.9821548461914062,885.9764404296875,138.84060668945312,0.9957168698310852,899.8231811523438,136.79588317871094,0.9886224865913391,927.4032592773438,127.85418701171875,0.9946203231811523,948.959716796875,120.3599853515625,0.9960845708847046,889.5806274414062,120.78820037841797,0.9530819654464722,899.0823974609375,99.8686294555664,0.989726722240448,936.9931640625,97.27159118652344,0.9743481874465942,878.892578125,159.66717529296875,0.9465264678001404,936.368408203125,160.02976989746094,0.984915018081665,953.4973754882812,150.6522674560547,0.9897093176841736
126,858.8073120117188,110.22615051269531,0.9886914491653442,873.584716796875,172.20924377441406,0.9833627939224243,884.8765258789062,139.9244384765625,0.9965705871582031,899.049560546875,137.0467987060547,0.9861173033714294,925.5213012695312,128.01219177246094,0.9958156943321228,947.387939453125,120.6125717163086,0.995278000831604,889.481201171875,120.78820037841797,0.960281491279602,894.2052001953125,98.68828582763672,0.9849023222923279,936.9503784179688,100.16099548339844,0.9767482280731201,878.8596801757812,160.0506591796875,0.9420942664146423,936.2651977539062,160.0512237548828,0.9636780023574829,953.2620239257812,151.5717315673828,0.9743647575378418
127,856.9412231445312,110.46682739257812,0.9915376901626587,873.0521240234375,172.20924377441406,0.9876459240913391,884.3108520507812,140.66864013671875,0.9967684745788574,898.5137329101562,137.0467987060547,0.9869958758354187,924.7063598632812,128.0810546875,0.9935612678527832,945.3069458007812,120.74795532226562,0.9931758046150208,889.06201171875,120.31355285644531,0.9616765975952148,891.6253051757812,97.27153015136719,0.9858022332191467,936.3069458007812,100.50110626220703,0.982945442199707,878.4328002929688,160.0506591796875,0.9395917057991028,936.0336303710938,160.17462158203125,0.8293301463127136,952.89501953125,159.2933807373047,0.9875031113624573
128,856.1776733398438,110.46682739257812,0.9928027987480164,872.8897705078125,172.20924377441406,0.9881641864776611,883.5382690429688,140.66864013671875,0.9967796206474304,898.0532836914062,137.0467987060547,0.9850947856903076,923.6766357421875,128.42640686035156,0.9924314022064209,944.9995727539062,121.33675384521484,0.992465615272522,888.752197265625,120.09263610839844,0.9652115106582642,891.521240234375,97.01187133789062,0.9868754148483276,936.3069458007812,101.51156616210938,0.9815461039543152,878.2942504882812,160.0506591796875,0.9424235224723816,928.1476440429688,160.17462158203125,0.817672073841095,952.57958984375,159.2933807373047,0.9840242266654968
129,855.8833618164062,110.36465454101562,0.9915927648544312,872.5953369140625,171.8662567138672,0.9875598549842834,882.1583251953125,140.66864013671875,0.9962826371192932,896.7930297851562,137.2538604736328,0.983481228351593,922.3389282226562,128.79498291015625,0.9897143244743347,944.4996337890625,121.74371337890625,0.992436945438385,888.6433715820312,120.09263610839844,0.9510522484779358,891.521240234375,93.79141235351562,0.9894400238990784,936.3069458007812,101.51156616210938,0.9805746078491211,877.0394287109375,159.7002410888672,0.9456949234008789,927.670166015625,160.0512237548828,0.820095956325531,952.0996704101562,160.69927978515625,0.9837031364440918
130,855.0425415039062,110.22615051269531,0.9926148653030396,872.3363647460938,171.77993774414062,0.989262044429779,881.7122802734375,140.1695556640625,0.9958571791648865,893.3516845703125,137.0467987060547,0.9840444326400757,921.7296142578125,128.86181640625,0.9875183701515198,944.023193359375,121.74371337890625,0.9930561184883118,888.1920166015625,120.09263610839844,0.9499704837799072,891.6253051757812,93.26393127441406,0.9902087450027466,936.56396484375,101.51156616210938,0.982098400592804,876.4833984375,159.47401428222656,0.9479030966758728,927.5443725585938,159.94845581054688,0.8535082936286926,952.0996704101562,160.69927978515625,0.9851446151733398
131,854.186767578125,109.548828125,0.9932916164398193,872.2828369140625,171.54327392578125,0.9902888536453247,881.2904052734375,139.8177947998047,0.9946222305297852,893.3192138671875,136.7200927734375,0.9845269918441772,921.1357421875,128.86181640625,0.9899674654006958,943.824951171875,121.74371337890625,0.9936093091964722,888.0894165039062,120.18092346191406,0.9461480379104614,892.1727294921875,93.23404693603516,0.9928948283195496,936.8458862304688,100.3198471069336,0.9813088774681091,875.7806396484375,159.4209747314453,0.94642174243927,927.4595336914062,159.7510223388672,0.8077068328857422,952.0996704101562,159.60281372070312,0.9897060394287109
132,853.5283813476562,109.13314056396484,0.9936133027076721,871.9422607421875,171.20310974121094,0.9913973808288574,880.4088134765625,138.94215393066406,0.9931829571723938,892.939208984375,136.67201232910156,0.9831538796424866,921.1357421875,128.79498291015625,0.9924566745758057,943.439208984375,121.68218994140625,0.9941938519477844,888.0894165039062,120.18092346191406,0.9343199133872986,892.2449340820312,93.1916275024414,0.9936218857765198,937.12158203125,96.63065338134766,0.9714797139167786,875.5423583984375,159.02127075195312,0.9463328123092651,927.3527221679688,158.4004669189453,0.8384553790092468,952.0996704101562,157.63177490234375,0.989585816860199
133,852.31201171875,108.1064682006836,0.9935826659202576,871.4816284179688,171.14602661132812,0.9941258430480957,879.3818969726562,137.82626342773438,0.9888890981674194,892.2493896484375,135.1902313232422,0.9841697216033936,921.1357421875,127.91138458251953,0.9950758814811707,943.189208984375,121.68218994140625,0.9946298599243164,888.1920166015625,120.18092346191406,0.9103932976722717,892.3820190429688,92.94425201416016,0.9935025572776794,937.6345825195312,94.99134063720703,0.9773009419441223,875.5423583984375,158.76605224609375,0.9438323974609375,927.0540771484375,156.7481689453125,0.8837323784828186,952.0996704101562,155.3723602294922,0.9876027703285217
134,850.80029296875,107.064208984375,0.9932265877723694,870.9227294921875,170.56427001953125,0.9962407350540161,877.7205200195312,134.8935546875,0.9874095320701599,891.7408447265625,134.35244750976562,0.987305760383606,920.5206909179688,127.09295654296875,0.9961477518081665,942.7075805664062,121.68218994140625,0.9938440322875977,889.907958984375,119.8740463256836,0.9039199948310852,892.4346923828125,92.92168426513672,0.994114100933075,937.6345825195312,92.79495239257812,0.9748511910438538,875.5423583984375,157.9768829345703,0.9375828504562378,927.0540771484375,155.41693115234375,0.8697590827941895,951.2377319335938,153.84971618652344,0.9907201528549194
135,849.493408203125,106.10818481445312,0.985281765460968,869.4528198242188,166.1034698486328,0.9968137145042419,876.8464965820312,133.7721405029297,0.9887035489082336,891.6423950195312,133.17697143554688,0.9892688393592834,919.8016967773438,125.9690170288086,0.996131420135498,942.354736328125,121.71924591064453,0.9928406476974487,889.907958984375,119.64215850830078,0.8969751000404358,892.3820190429688,92.75337219238281,0.9926186203956604,937.482666015625,91.29022216796875,0.9786514639854431,875.0409545898438,157.96070861816406,0.924853503704071,925.9568481445312,154.00302124023438,0.8369228839874268,949.5965576171875,152.9624481201172,0.9936873316764832
136,847.8056640625,104.38395690917969,0.9847666621208191,863.703369140625,165.59381103515625,0.990942656993866,876.1852416992188,133.0861053466797,0.9901257753372192,891.5205078125,132.8177032470703,0.9887809753417969,919.1358642578125,125.65019989013672,0.9965564012527466,941.5953979492188,121.71924591064453,0.9931946992874146,889.907958984375,119.3991470336914,0.8734732866287231,892.5150146484375,92.37033081054688,0.9925035238265991,937.12158203125,88.82559967041016,0.9838782548904419,875.0409545898438,155.649658203125,0.9329145550727844,925.0511474609375,152.76046752929688,0.8548895716667175,948.3828735351562,151.40614318847656,0.993096649646759
137,847.6292114257812,102.0813217163086,0.9884545803070068,857.9810180664062,163.95790100097656,0.9923520684242249,874.9478149414062,131.7635498046875,0.9927237629890442,891.2076416015625,131.28521728515625,0.992559552192688,918.330078125,125.54301452636719,0.9964113831520081,940.8153686523438,121.71924591064453,0.9919712543487549,889.880126953125,119.36827087402344,0.8539180159568787,892.5150146484375,92.21685791015625,0.9916438460350037,935.1241455078125,88.14089965820312,0.9814462065696716,875.0409545898438,155.649658203125,0.9524946212768555,925.0511474609375,152.76046752929688,0.875885546207428,945.3612060546875,151.0541534423828,0.9944313168525696
138,847.4480590820312,101.37107849121094,0.9909418225288391,856.022216796875,160.28848266601562,0.9936200976371765,873.838623046875,130.708740234375,0.9941277503967285,890.854736328125,130.577392578125,0.9939258694648743,917.5117797851562,125.50196838378906,0.9968743324279785,940.5817260742188,121.4559097290039,0.9917551279067993,889.4864501953125,118.80618286132812,0.8034815192222595,892.5046997070312,92.06965637207031,0.9904965162277222,933.1776733398438,87.98517608642578,0.9882584810256958,874.8842163085938,155.58314514160156,0.958488404750824,925.0511474609375,152.76046752929688,0.8683655858039856,945.017578125,150.2588348388672,0.9949772953987122
139,847.0455932617188,100.58734130859375,0.9924025535583496,851.4951782226562,159.68865966796875,0.9906616806983948,872.949462890625,130.2645721435547,0.9947750568389893,890.142578125,129.68145751953125,0.9955313801765442,916.66162109375,124.70539093017578,0.9972143769264221,940.5501098632812,121.4559097290039,0.993509829044342,888.8684692382812,118.426513671875,0.7997599244117737,892.5018920898438,91.87518310546875,0.9898814558982849,932.9039306640625,83.66809844970703,0.9812971353530884,874.6770629882812,155.58314514160156,0.959976077079773,924.310791015625,152.7510528564453,0.8563194274902344,944.1663818359375,149.1571502685547,0.994560182094574
140,845.4348754882812,99.57548522949219,0.9940680265426636,845.7030029296875,159.57701110839844,0.9863522052764893,872.5736083984375,129.759765625,0.9942487478256226,889.49951171875,128.905029296875,0.9964988231658936,915.8379516601562,123.94235229492188,0.9970057606697083,940.1344604492188,121.05677032470703,0.9930497407913208,888.4652099609375,117.45333862304688,0.7730510234832764,892.5046997070312,91.47541809082031,0.9882298707962036,931.3123779296875,83.43832397460938,0.9921314120292664,873.3773193359375,155.58314514160156,0.9607879519462585,924.310791015625,152.8580322265625,0.876247227191925,942.7080688476562,148.15342712402344,0.9931069016456604
141,845.4202880859375,99.43671417236328,0.9943197965621948,845.1931762695312,159.54910278320312,0.9891844987869263,872.4428100585938,129.41354370117188,0.9948537945747375,888.47900390625,128.65904235839844,0.9968565702438354,915.001220703125,123.38716125488281,0.9972973465919495,939.856689453125,120.62938690185547,0.9942250847816467,887.6471557617188,115.90312194824219,0.8057823777198792,892.5046997070312,91.3113784790039,0.987286388874054,929.4678344726562,82.3726577758789,0.9906569719314575,872.8336181640625,154.91770935058594,0.9587574601173401,923.7402954101562,153.35372924804688,0.9236299991607666,941.9781494140625,146.6412811279297,0.9935024380683899
142,844.1271362304688,98.78570556640625,0.9944711923599243,843.8060913085938,159.54910278320312,0.9911236763000488,871.8552856445312,128.71206665039062,0.9958613514900208,887.2484130859375,128.15713500976562,0.9971140623092651,914.2788696289062,122.2092056274414,0.9956631064414978,939.0086669921875,121.05677032470703,0.9957472681999207,885.0440673828125,113.92811584472656,0.8352760672569275,892.5018920898438,90.35266876220703,0.9838873744010925,929.4583129882812,81.27850341796875,0.9846895933151245,872.8336181640625,154.4457244873047,0.9547337889671326,920.4927978515625,153.35391235351562,0.9793612360954285,941.7040405273438,146.4497528076172,0.9939951300621033
143,842.4946899414062,97.896240234375,0.9929922819137573,841.845703125,158.56326293945312,0.9895676970481873,870.8071899414062,127.4250717163086,0.9969704151153564,886.15625,127.20438385009766,0.9977259039878845,913.3150024414062,121.64010620117188,0.9942409992218018,938.13330078125,121.21221160888672,0.9969586133956909,876.7167358398438,111.33720397949219,0.85718834400177,892.6032104492188,90.24542236328125,0.9825848340988159,928.7021484375,79.09715270996094,0.9808783531188965,872.8336181640625,153.76287841796875,0.9575604796409607,916.5416259765625,153.50277709960938,0.9914795160293579,941.3138427734375,145.85693359375,0.9946966171264648
144,840.6377563476562,97.081787109375,0.994055986404419,841.3172607421875,157.7580108642578,0.9935362935066223,869.6818237304688,127.09463500976562,0.9975346326828003,885.0584106445312,126.533203125,0.9977013468742371,912.33935546875,121.57557678222656,0.9928202033042908,937.7161865234375,121.21221160888672,0.997057318687439,873.6194458007812,111.3225326538086,0.8580002784729004,893.173828125,89.99185943603516,0.979464054107666,928.2115478515625,79.02986145019531,0.9748014211654663,872.8336181640625,152.8509521484375,0.9576991200447083,913.4152221679688,154.9328155517578,0.9894739985466003,941.2825927734375,145.40298461914062,0.9954113364219666
145,839.6795043945312,96.3423080444336,0.994979202747345,839.3904418945312,156.88365173339844,0.994597315788269,868.838134765625,126.3638687133789,0.9974969029426575,884.287109375,125.7681884765625,0.9968357682228088,912.1771850585938,121.56439208984375,0.9944973587989807,936.72509765625,121.3979263305664,0.9978544116020203,871.6378784179688,111.24131774902344,0.8833052515983582,893.1725463867188,89.90304565429688,0.9736724495887756,926.2800903320312,78.8747329711914,0.9672137498855591,872.8336181640625,151.56105041503906,0.9399241805076599,907.8544921875,156.61253356933594,0.9861474633216858,940.5069580078125,145.3366241455078,0.9965553283691406
146,838.45947265625,95.9613265991211,0.9950082302093506,837.80224609375,155.58853149414062,0.9938740134239197,867.6581420898438,126.0623550415039,0.996385931968689,883.9559936523438,124.76958465576172,0.9949989318847656,911.1530151367188,121.51229858398438,0.9957679510116577,935.9742431640625,121.85578155517578,0.9979953765869141,868.94091796875,111.24131774902344,0.860405683517456,893.1725463867188,89.88957214355469,0.9656089544296265,920.7261352539062,78.8747329711914,0.9520024061203003,870.8687744140625,151.3954315185547,0.9315480589866638,901.1988525390625,156.98110961914062,0.9761011004447937,939.0988159179688,145.11131286621094,0.9968474507331848
147,836.9446411132812,94.63431549072266,0.9943618774414062,833.0667114257812,155.53005981445312,0.9935135841369629,864.6734008789062,125.73036193847656,0.9934803247451782,883.3284301757812,124.10065460205078,0.990917980670929,909.1053466796875,121.26871490478516,0.9956910014152527,934.6621704101562,121.85578155517578,0.9975777268409729,868.4217529296875,109.92808532714844,0.8327665328979492,893.1725463867188,89.5347900390625,0.9784541130065918,919.4088134765625,77.80354309082031,0.9232968688011169,869.1824951171875,149.42063903808594,0.9213372468948364,883.030517578125,159.04953002929688,0.9494796395301819,937.8489379882812,144.4368438720703,0.9968649744987488
148,836.703125,94.00672149658203,0.9940124154090881,832.156982421875,155.3511505126953,0.9935872554779053,863.7462158203125,124.58383178710938,0.9919554591178894,881.2822875976562,123.15538024902344,0.9866956472396851,907.4872436523438,120.89762115478516,0.9965513944625854,933.2562866210938,121.85578155517578,0.9975619316101074,867.5322265625,107.65189361572266,0.8106063008308411,893.1725463867188,89.33634948730469,0.9711158275604248,917.6953735351562,77.80354309082031,0.9519311785697937,868.1630249023438,147.90211486816406,0.8969365358352661,882.2994384765625,159.04953002929688,0.9908530116081238,937.3092651367188,144.18319702148438,0.9967061877250671
149,836.18798828125,93.00702667236328,0.9930328130722046,830.6775512695312,150.2408905029297,0.9928463101387024,862.0089111328125,123.81733703613281,0.9927387833595276,878.51416015625,122.26264190673828,0.9783017635345459,905.8773193359375,120.89762115478516,0.996806263923645,931.8280029296875,121.41703033447266,0.9973050355911255,867.4141235351562,106.03958129882812,0.7511717677116394,892.9820556640625,89.05675506591797,0.959080696105957,917.6953735351562,77.59197998046875,0.96647047996521,866.998291015625,141.97991943359375,0.8844116926193237,879.9921264648438,159.04953002929688,0.9956249594688416,936.2119750976562,144.1063995361328,0.9965846538543701
150,835.3155517578125,92.42041778564453,0.9925709366798401,828.6683959960938,147.8203582763672,0.9930678606033325,859.6666870117188,123.03538513183594,0.9922842383384705,876.9506225585938,120.99241638183594,0.9792694449424744,904.864013671875,121.26871490478516,0.9972225427627563,930.042724609375,121.30035400390625,0.9947013854980469,855.7418823242188,103.62340545654297,0.8425807356834412,892.9820556640625,88.99783325195312,0.9510999321937561,917.6409301757812,77.59197998046875,0.9688814878463745,866.7966918945312,141.69056701660156,0.8948504328727722,878.7249145507812,158.14227294921875,0.9936343431472778,934.9617309570312,143.46949768066406,0.9949642419815063
151,833.965576171875,90.85430145263672,0.9895358681678772,824.40625,145.7136993408203,0.9933037161827087,857.5626220703125,120.79499816894531,0.9932841062545776,875.4281005859375,120.67355346679688,0.9895170331001282,903.0634765625,121.26871490478516,0.9970006346702576,927.56591796875,121.30035400390625,0.9949023723602295,854.8021850585938,101.28195190429688,0.9423114061355591,892.2617797851562,88.40261840820312,0.9631891846656799,917.6409301757812,77.59197998046875,0.9690974354743958,865.6795043945312,141.2610321044922,0.8775412440299988,877.4125366210938,158.14227294921875,0.9916518330574036,934.5841674804688,141.39361572265625,0.9936144351959229
152,832.2349243164062,87.12472534179688,0.9901562929153442,822.2781372070312,142.51608276367188,0.99409419298172,856.1954956054688,120.23808288574219,0.9939860105514526,874.0841674804688,120.67355346679688,0.9919649362564087,900.6683349609375,121.06761932373047,0.9965112805366516,925.2064208984375,121.41703033447266,0.9957347512245178,854.230224609375,100.04578399658203,0.9630823135375977,892.2617797851562,88.24642181396484,0.9432128667831421,916.4730224609375,78.5736312866211,0.9737711548805237,865.5672607421875,140.7374267578125,0.8493613004684448,877.370361328125,158.14227294921875,0.9913488030433655,934.3609008789062,140.01524353027344,0.9938481450080872
153,832.1725463867188,85.47058868408203,0.9927663803100586,819.6671142578125,142.51608276367188,0.9922886490821838,854.2967529296875,119.70204162597656,0.9953522682189941,872.0904541015625,120.20262908935547,0.9929232597351074,898.4819946289062,121.06761932373047,0.9955360889434814,923.96533203125,121.42646789550781,0.996901273727417,853.4596557617188,99.9112319946289,0.9531318545341492,894.8345947265625,87.90806579589844,0.9116028547286987,915.6507568359375,78.66280364990234,0.9751259684562683,864.9354248046875,140.1665496826172,0.7719939351081848,868.0930786132812,160.85533142089844,0.9899919629096985,932.7718505859375,139.81932067871094,0.9938902854919434
154,831.7620239257812,83.751953125,0.9944444298744202,817.8538208007812,142.51608276367188,0.992514431476593,852.4911499023438,119.30477142333984,0.9948815107345581,867.8934326171875,120.20262908935547,0.9939466118812561,896.410888671875,120.71869659423828,0.9932947754859924,922.2329711914062,121.42646789550781,0.9982070922851562,852.3204956054688,99.80953979492188,0.9419492483139038,895.1693115234375,87.69029235839844,0.8899430632591248,913.9180297851562,79.173095703125,0.9768553972244263,837.6134643554688,138.04859924316406,0.8129543662071228,866.6388549804688,162.0106201171875,0.9869214296340942,930.4110107421875,139.00621032714844,0.993317723274231
155,831.0308837890625,81.8396224975586,0.9950606226921082,817.6240844726562,143.19189453125,0.9951614737510681,850.4188842773438,119.04127502441406,0.9950476884841919,866.5126342773438,120.64842224121094,0.992783784866333,893.520751953125,120.71869659423828,0.9956209063529968,919.5494384765625,121.42646789550781,0.9987781643867493,850.987548828125,99.73886108398438,0.9435563087463379,896.0845336914062,87.53463745117188,0.8791081309318542,912.2613525390625,79.87515258789062,0.9759078025817871,836.3617553710938,137.68849182128906,0.800898551940918,865.9884033203125,162.04891967773438,0.9913318157196045,927.351806640625,139.00621032714844,0.9901976585388184
156,829.8216552734375,81.8396224975586,0.9948588609695435,817.232666015625,143.9973907470703,0.99493008852005,848.2039184570312,118.0616455078125,0.9938879609107971,863.1253662109375,120.66767883300781,0.9920982122421265,892.4481201171875,120.71869659423828,0.9969509840011597,917.00244140625,120.98270416259766,0.9986453652381897,850.5465087890625,99.61105346679688,0.93796706199646,896.0845336914062,87.53463745117188,0.8542554974555969,910.9994506835938,80.30390930175781,0.9774008393287659,835.3345947265625,137.68849182128906,0.8098006248474121,865.586669921875,162.08261108398438,0.9902536273002625,927.2949829101562,139.00621032714844,0.9859797358512878
157,829.4871826171875,81.51837158203125,0.9941005110740662,816.0526733398438,143.9973907470703,0.9945160746574402,847.3363647460938,117.2711410522461,0.9915716648101807,861.9857788085938,120.64842224121094,0.9867892861366272,891.4466552734375,121.10478973388672,0.9983417987823486,915.3914794921875,120.7392807006836,0.998363196849823,849.6224365234375,99.61105346679688,0.9209175109863281,896.0845336914062,87.53463745117188,0.8174617886543274,910.9994506835938,81.58663940429688,0.9883713126182556,834.6292724609375,137.68849182128906,0.853724479675293,865.492919921875,162.16134643554688,0.9940420985221863,925.797607421875,139.1125946044922,0.9884173274040222
158,828.875,81.51837158203125,0.9949217438697815,815.1368408203125,143.9973907470703,0.993658721446991,846.34619140625,117.2711410522461,0.9925848841667175,861.7761840820312,120.64842224121094,0.9834588766098022,891.3411865234375,121.20045471191406,0.9984295964241028,914.7505493164062,120.7392807006836,0.9978423118591309,849.4031372070312,99.61105346679688,0.932415783405304,895.874755859375,87.59719848632812,0.8378689289093018,910.8870849609375,82.2623519897461,0.9871440529823303,834.5889892578125,138.16900634765625,0.8668023347854614,865.4777221679688,162.9746551513672,0.9948564767837524,924.9423217773438,140.07533264160156,0.9900796413421631
159,828.3482055664062,81.51837158203125,0.9941921830177307,811.9113159179688,143.8616485595703,0.9920587539672852,845.1657104492188,117.2711410522461,0.9928649663925171,860.2763061523438,120.66767883300781,0.9775403141975403,891.2792358398438,121.33157348632812,0.998354434967041,913.9885864257812,120.72432708740234,0.9968672394752502,848.6617431640625,100.07566833496094,0.9051579236984253,895.3158569335938,88.24629211425781,0.8209368586540222,909.9501953125,84.8037109375,0.9888627529144287,833.972900390625,138.47361755371094,0.8782150149345398,865.4489135742188,162.9746551513672,0.9949669241905212,923.208984375,140.54563903808594,0.9895752668380737
160,828.2341918945312,81.282470703125,0.9944037199020386,810.7868041992188,143.43067932128906,0.9907842874526978,844.427490234375,117.2711410522461,0.9929574728012085,859.9640502929688,120.7940673828125,0.9785635471343994,890.8965454101562,121.69850158691406,0.9982853531837463,913.4430541992188,120.7392807006836,0.9958912134170532,848.6617431640625,100.07566833496094,0.9095647931098938,891.4122924804688,88.75395965576172,0.8347783088684082,909.9501953125,84.9352798461914,0.9919004440307617,833.972900390625,138.51683044433594,0.8756352066993713,865.492919921875,162.9746551513672,0.9951243996620178,919.9183959960938,141.400390625,0.9883576035499573
161,827.9405517578125,80.87525177001953,0.994105339050293,809.8472290039062,142.70700073242188,0.9887095093727112,844.0889892578125,117.2711410522461,0.9928654432296753,859.0962524414062,121.22196960449219,0.979935348033905,890.1022338867188,121.74092102050781,0.9982581734657288,913.1292114257812,121.13032531738281,0.9934396147727966,848.6617431640625,100.07566833496094,0.9094720482826233,891.127685546875,89.13570404052734,0.8599756956100464,910.779541015625,86.4046859741211,0.9914236664772034,833.972900390625,138.52320861816406,0.8541259765625,865.4489135742188,162.73316955566406,0.9960904717445374,914.720458984375,141.79367065429688,0.9923369288444519
162,827.5274658203125,79.86997985839844,0.9940645098686218,809.1039428710938,142.10153198242188,0.9852247834205627,843.7595825195312,116.68925476074219,0.993300199508667,858.8331298828125,121.30504608154297,0.9829256534576416,889.32861328125,121.88888549804688,0.9985087513923645,912.1504516601562,121.29904174804688,0.9917048215866089,848.8338623046875,100.02641296386719,0.9103306531906128,891.127685546875,89.89688110351562,0.8667041063308716,909.8167114257812,89.4966049194336,0.9893561005592346,834.0073852539062,138.55918884277344,0.856827437877655,864.6138305664062,162.281005859375,0.9958317875862122,913.855224609375,143.32638549804688,0.9961624145507812
163,827.0008544921875,78.82508087158203,0.99254310131073,807.9321899414062,141.10447692871094,0.9880272150039673,843.158447265625,116.19938659667969,0.9933902025222778,858.7068481445312,121.30504608154297,0.9891329407691956,888.604248046875,121.88888549804688,0.9986410737037659,911.5118408203125,121.32076263427734,0.9925289750099182,848.8338623046875,99.70333862304688,0.9068655371665955,890.9615478515625,90.28820037841797,0.8399561643600464,909.6869506835938,91.4466781616211,0.9839258193969727,834.2236938476562,138.9735870361328,0.861574649810791,864.6138305664062,162.19358825683594,0.996142566204071,913.3153076171875,143.32638549804688,0.9954211115837097
164,826.5491943359375,78.82508087158203,0.9894986152648926,806.504150390625,141.10447692871094,0.9880965948104858,842.5338134765625,115.96306610107422,0.993598461151123,858.4506225585938,121.30504608154297,0.9919657707214355,887.7832641601562,121.88888549804688,0.9986104965209961,910.8649291992188,121.32076263427734,0.9930932521820068,848.8338623046875,99.40376281738281,0.9222901463508606,890.7241821289062,90.7576675415039,0.8631235361099243,907.7909545898438,94.64686584472656,0.9761204123497009,835.2425537109375,139.05809020996094,0.8996022939682007,864.9883422851562,162.05758666992188,0.9954226613044739,912.9675903320312,143.32638549804688,0.9955092668533325
165,826.0501708984375,78.79165649414062,0.9889410138130188,806.3737182617188,141.10447692871094,0.9914064407348633,842.1766967773438,115.96306610107422,0.9932553768157959,858.4203491210938,120.99533081054688,0.9934779405593872,887.2064819335938,121.93641662597656,0.998699426651001,910.0474243164062,121.32076263427734,0.9929694533348083,848.9042358398438,99.04498291015625,0.9337834119796753,890.7241821289062,91.36638641357422,0.8772707581520081,907.682861328125,97.5376205444336,0.9724427461624146,835.2425537109375,140.10256958007812,0.9218027591705322,864.9883422851562,162.05758666992188,0.9944359064102173,912.9675903320312,142.62420654296875,0.9908168315887451
166,825.859619140625,78.74957275390625,0.9898752570152283,806.2280883789062,141.77825927734375,0.9938521385192871,842.1654663085938,115.96306610107422,0.9919296503067017,858.3070068359375,120.99533081054688,0.9939393997192383,886.5560913085938,121.93641662597656,0.9983975291252136,909.1693115234375,121.34910583496094,0.9912750720977783,848.8059692382812,98.67171478271484,0.9282374382019043,890.7241821289062,92.2927474975586,0.9041469693183899,906.2026977539062,98.34154510498047,0.9775582551956177,835.2425537109375,140.37069702148438,0.9405356049537659,865.2315063476562,162.05758666992188,0.9941224455833435,911.674072265625,140.96072387695312,0.9740281701087952
167,823.4327392578125,78.79165649414062,0.9914679527282715,806.0933837890625,142.1341094970703,0.9940523505210876,841.5704956054688,116.78223419189453,0.9904906749725342,858.0804443359375,120.91858673095703,0.9943142533302307,886.16748046875,122.26134490966797,0.9979079961776733,908.3633422851562,121.34910583496094,0.9905800223350525,848.7194213867188,98.4914321899414,0.9292334914207458,890.7241821289062,92.82440185546875,0.9279153347015381,905.6591796875,98.40016174316406,0.9736751914024353,833.640625,140.37069702148438,0.9567946195602417,865.388671875,162.05758666992188,0.9935867190361023,911.6619262695312,139.59800720214844,0.9760539531707764
168,823.2340087890625,78.79165649414062,0.9920206665992737,805.4765625,142.69993591308594,0.9944376945495605,841.3087158203125,116.9642105102539,0.9917294383049011,857.20703125,120.83061218261719,0.994804322719574,885.1561279296875,122.26197814941406,0.9974395036697388,907.9111938476562,121.34910583496094,0.9922437071800232,844.3214721679688,92.21680450439453,0.9273986220359802,890.7241821289062,93.09980010986328,0.8842164278030396,905.5464477539062,99.02732849121094,0.9809426069259644,832.1452026367188,140.37069702148438,0.9560554027557373,867.7454223632812,161.96734619140625,0.9931620359420776,911.6619262695312,139.59800720214844,0.9551043510437012
169,822.8442993164062,78.79165649414062,0.9930241107940674,804.9605712890625,143.18853759765625,0.9946073889732361,840.21923828125,117.00595092773438,0.9934114813804626,856.30078125,120.99533081054688,0.9950810670852661,884.7073364257812,122.34082794189453,0.9969602227210999,907.657958984375,121.57066345214844,0.9909322261810303,846.74755859375,96.61820983886719,0.9219676852226257,890.22265625,93.34871673583984,0.8527820110321045,904.3712158203125,99.42186737060547,0.9809962511062622,829.6790771484375,139.50982666015625,0.9421288371086121,867.7454223632812,162.20526123046875,0.9953678846359253,911.4767456054688,139.59800720214844,0.9269461631774902
170,822.8442993164062,78.79825592041016,0.993377149105072,803.5426025390625,143.47450256347656,0.9922301173210144,839.42578125,117.18485260009766,0.9939624667167664,855.5077514648438,121.057861328125,0.9947729706764221,883.8880004882812,122.60382080078125,0.9949650168418884,906.8786010742188,122.7115478515625,0.989934504032135,846.244873046875,96.45769500732422,0.9281179904937744,888.8844604492188,93.64286804199219,0.8676460981369019,903.0355224609375,99.42186737060547,0.9846049547195435,827.2295532226562,138.53836059570312,0.918972909450531,867.7454223632812,162.20526123046875,0.9951989054679871,908.5836181640625,142.33547973632812,0.944233238697052
171,822.7710571289062,78.79825592041016,0.9936947226524353,802.1058959960938,144.27999877929688,0.992270827293396,839.05029296875,117.20854949951172,0.9943029880523682,854.7926635742188,121.057861328125,0.9947420358657837,883.2105712890625,122.62261962890625,0.9936408400535583,906.650634765625,123.28547668457031,0.9912993311882019,845.8234252929688,96.45769500732422,0.9329580068588257,888.85595703125,94.03712463378906,0.8365868926048279,902.9808349609375,99.92430877685547,0.9866031408309937,826.76025390625,138.53836059570312,0.9332492351531982,867.3580322265625,162.20526123046875,0.9955294728279114,905.528564453125,144.10467529296875,0.9872236251831055
172,822.620849609375,78.79825592041016,0.9945088028907776,801.8826293945312,144.8343963623047,0.9923445582389832,838.3905029296875,117.4834976196289,0.9953527450561523,853.875244140625,121.057861328125,0.9949191212654114,882.1310424804688,122.63074493408203,0.9915369749069214,906.175048828125,123.59949493408203,0.9938082098960876,845.8234252929688,96.61820983886719,0.9382068514823914,888.85595703125,94.1257095336914,0.8588342666625977,902.9808349609375,99.92430877685547,0.9853208661079407,826.0236206054688,138.53836059570312,0.9255664944648743,867.3580322265625,162.6448516845703,0.9963445067405701,900.3300170898438,144.99508666992188,0.9956254959106445
173,821.7835083007812,79.04429626464844,0.9940511584281921,801.8826293945312,145.49339294433594,0.9922839999198914,837.4743041992188,117.50253295898438,0.9949722290039062,852.6768798828125,121.057861328125,0.9942423701286316,880.3342895507812,122.63074493408203,0.9917972087860107,905.1249389648438,124.04730987548828,0.9953417778015137,845.8234252929688,96.70414733886719,0.9407892823219299,888.3231811523438,94.1257095336914,0.8687049150466919,902.9808349609375,99.92430877685547,0.9822569489479065,825.5150756835938,138.88795471191406,0.9157196283340454,867.3580322265625,163.2740020751953,0.9967387318611145,897.920166015625,149.01483154296875,0.9953805208206177
174,820.94873046875,79.04429626464844,0.9947186708450317,801.8826293945312,146.029052734375,0.9919359683990479,836.6436157226562,118.22483825683594,0.9943751096725464,852.58056640625,120.59565734863281,0.9937536120414734,878.9674682617188,122.62261962890625,0.9931207299232483,903.9598388671875,124.21294403076172,0.9967426657676697,845.3241577148438,96.70414733886719,0.9457224011421204,887.6136474609375,94.1257095336914,0.7825021743774414,903.47900390625,99.62716674804688,0.9891647696495056,824.9285278320312,139.44854736328125,0.9031742215156555,867.8624267578125,163.29200744628906,0.9969921112060547,897.8262329101562,152.8858184814453,0.9924098253250122
175,819.9049072265625,79.04429626464844,0.9958629608154297,802.3438110351562,146.60269165039062,0.9933650493621826,836.2694091796875,118.71353912353516,0.9934229254722595,851.787109375,120.59565734863281,0.9944953322410583,877.853515625,122.62261962890625,0.9935368895530701,902.7235107421875,124.21294403076172,0.9969592094421387,845.2572021484375,96.78385162353516,0.9574213624000549,847.0672607421875,89.25172424316406,0.6412888169288635,904.7337036132812,98.63200378417969,0.990128219127655,824.88232421875,139.9952392578125,0.9083456993103027,868.707275390625,163.41542053222656,0.9971190690994263,894.7047119140625,152.9651641845703,0.9849302768707275
176,818.301513671875,79.23341369628906,0.9958993792533875,803.8084716796875,147.22775268554688,0.9952697157859802,835.7697143554688,118.74598693847656,0.9934337139129639,850.6351928710938,120.59565734863281,0.9947481751441956,876.637451171875,122.68179321289062,0.9945092797279358,902.2665405273438,124.21294403076172,0.9977530837059021,844.712646484375,96.88114929199219,0.9596843123435974,846.5093994140625,86.68484497070312,0.7527264356613159,905.67578125,96.62232971191406,0.9780775308609009,823.3926391601562,142.40072631835938,0.8923289775848389,869.0372314453125,163.7124481201172,0.9975922703742981,890.811279296875,154.7901611328125,0.9846013784408569
177,817.506103515625,79.44764709472656,0.9960779547691345,803.8902587890625,149.43365478515625,0.9947539567947388,834.84814453125,118.96697998046875,0.9920788407325745,849.246337890625,120.59689331054688,0.9933856129646301,875.753173828125,122.68179321289062,0.9943816065788269,901.0166015625,124.04373168945312,0.9979227185249329,843.9209594726562,96.8960189819336,0.959234356880188,846.4158935546875,86.58878326416016,0.83930504322052,905.67578125,95.95288848876953,0.981609046459198,823.2093505859375,142.73104858398438,0.9030202031135559,869.2872924804688,164.2015380859375,0.9964836835861206,889.5467529296875,159.68019104003906,0.9789038896560669
178,816.567626953125,80.04769134521484,0.9954397678375244,804.5281372070312,150.31546020507812,0.9937059283256531,833.93701171875,119.13884735107422,0.991148829460144,848.2892456054688,120.66747283935547,0.9917662739753723,875.1482543945312,122.52006530761719,0.9939844012260437,900.2913208007812,123.84671020507812,0.9975959658622742,843.2503662109375,97.37158203125,0.9582467675209045,845.5155639648438,86.58878326416016,0.8943086266517639,904.7337036132812,93.580322265625,0.9837139844894409,823.2093505859375,142.84388732910156,0.9049026966094971,869.7208251953125,164.34176635742188,0.9937354922294617,889.1211547851562,159.68019104003906,0.9692747592926025
179,814.7290649414062,83.32919311523438,0.9964243769645691,806.4356689453125,150.9003143310547,0.9950777292251587,833.7745971679688,119.673095703125,0.9919948577880859,847.4728393554688,120.66747283935547,0.9910168647766113,875.0215454101562,122.52006530761719,0.9951804876327515,899.7465209960938,123.69207763671875,0.9970921277999878,843.2503662109375,97.49949645996094,0.962096095085144,844.2603759765625,86.58878326416016,0.9246274828910828,903.0341796875,93.39250183105469,0.9899340271949768,823.2093505859375,143.06185913085938,0.8986676931381226,870.3927612304688,164.34176635742188,0.99261873960495,888.3306274414062,159.68019104003906,0.9577391147613525
180,812.276611328125,83.98432922363281,0.9966867566108704,806.4660034179688,151.5630645751953,0.98982834815979,832.85302734375,119.13884735107422,0.988358199596405,846.4483032226562,120.59689331054688,0.987066924571991,874.6190795898438,122.35810852050781,0.9956822395324707,898.5400390625,123.32701873779297,0.9964147806167603,843.2503662109375,97.51513671875,0.9574587345123291,843.2332153320312,86.58878326416016,0.9213801622390747,897.5342407226562,92.70491790771484,0.985270619392395,823.759033203125,143.29148864746094,0.901181161403656,872.1339721679688,164.34176635742188,0.9815829396247864,886.06640625,158.75906372070312,0.938461422920227
181,809.2399291992188,84.18999481201172,0.9961202144622803,808.0836791992188,154.90481567382812,0.986856997013092,831.9517211914062,118.96697998046875,0.9870162010192871,846.1580200195312,120.59689331054688,0.9840850830078125,874.6190795898438,121.9320068359375,0.9967316389083862,897.7553100585938,123.00798797607422,0.9959983825683594,846.212158203125,97.51513671875,0.9674349427223206,842.2156372070312,86.58878326416016,0.8983957767486572,897.5342407226562,86.22989654541016,0.9926355481147766,823.9600219726562,143.29148864746094,0.8935955166816711,873.1470336914062,160.82337951660156,0.9546017646789551,885.8152465820312,158.75906372070312,0.93975830078125
182,807.2738037109375,84.42339324951172,0.9971441626548767,808.300048828125,155.04208374023438,0.981484055519104,831.2792358398438,118.93992614746094,0.9854928851127625,846.1141967773438,120.4444808959961,0.9805472493171692,874.1177368164062,121.50421142578125,0.9970545768737793,897.0563354492188,122.83578491210938,0.995721697807312,846.2279663085938,97.68700408935547,0.9730812907218933,842.2156372070312,86.72042846679688,0.9165199398994446,897.5342407226562,84.3954849243164,0.9932836294174194,824.152587890625,143.29148864746094,0.8932207822799683,873.5987548828125,160.296630859375,0.9439308643341064,885.8152465820312,158.75906372070312,0.9486423134803772
183,805.6567993164062,84.42339324951172,0.9978572726249695,810.331787109375,155.4058380126953,0.9689754843711853,830.4791259765625,118.52635955810547,0.9867209196090698,846.0416870117188,120.3293228149414,0.9805541038513184,873.7084350585938,121.50421142578125,0.997309684753418,896.691650390625,122.83578491210938,0.9944872260093689,846.6943969726562,97.6280746459961,0.9756382703781128,842.2156372070312,86.07695770263672,0.8793128728866577,898.0845947265625,84.37043762207031,0.9851859211921692,825.24755859375,142.98678588867188,0.8936343193054199,873.5987548828125,160.11566162109375,0.9486241936683655,885.8152465820312,157.77713012695312,0.9685574173927307
184,804.202392578125,84.42339324951172,0.9977600574493408,810.331787109375,155.4058380126953,0.9703418016433716,829.3965454101562,118.20055389404297,0.986177921295166,844.5645141601562,120.3293228149414,0.9848784804344177,873.2431640625,121.4903335571289,0.9977632761001587,896.5776977539062,122.83578491210938,0.9954720735549927,846.6943969726562,97.6280746459961,0.9692175388336182,846.6077880859375,85.81037139892578,0.9519867300987244,898.0845947265625,84.37043762207031,0.9903324246406555,825.2804565429688,142.74049377441406,0.9024021625518799,877.1744995117188,158.7703857421875,0.9528390169143677,886.6475830078125,157.77713012695312,0.981573224067688
185,803.4906616210938,83.76982116699219,0.9976267218589783,810.5582885742188,154.95123291015625,0.9719484448432922,828.9640502929688,117.57553100585938,0.9871678948402405,844.1810913085938,120.88866424560547,0.9869018197059631,873.0245361328125,121.42794036865234,0.998046875,895.9890747070312,122.83578491210938,0.9948701858520508,847.0340576171875,97.74658203125,0.9662322402000427,847.332763671875,85.31744384765625,0.9889037013053894,898.0845947265625,84.37043762207031,0.9933183193206787,825.2804565429688,142.6903076171875,0.9015296697616577,877.1744995117188,157.40159606933594,0.9466845989227295,886.9049682617188,157.569091796875,0.981261134147644
186,802.4845581054688,83.76982116699219,0.9974383115768433,810.5582885742188,155.06124877929688,0.9719139933586121,828.1467895507812,117.11258697509766,0.9875473976135254,842.857421875,121.11616516113281,0.9883559942245483,872.2940063476562,121.42794036865234,0.9978412389755249,895.0012817382812,122.83578491210938,0.9944250583648682,847.0340576171875,97.81507110595703,0.9682363271713257,847.332763671875,81.08255767822266,0.99610435962677,897.2875366210938,86.72187042236328,0.9949458241462708,825.24755859375,142.47659301757812,0.9062007665634155,874.0213623046875,156.8649139404297,0.9679039716720581,886.9049682617188,150.80760192871094,0.9795794486999512
187,800.7501831054688,83.76982116699219,0.9964736104011536,810.26513671875,154.95123291015625,0.9699562191963196,826.7576904296875,117.11258697509766,0.9893457293510437,842.0899047851562,121.23468780517578,0.9934403300285339,871.2378540039062,121.0591812133789,0.9978419542312622,893.4473266601562,122.63845825195312,0.9923363327980042,845.34814453125,97.81507110595703,0.9687851667404175,847.332763671875,79.668212890625,0.9915812611579895,897.1417846679688,88.05029296875,0.9952858090400696,823.6149291992188,141.9922332763672,0.916421115398407,873.5651245117188,156.61428833007812,0.9630916118621826,886.9049682617188,150.61514282226562,0.9830358028411865
188,798.303955078125,84.48590087890625,0.9932132959365845,809.6227416992188,154.95123291015625,0.9751564860343933,825.2728881835938,117.11258697509766,0.9869409203529358,840.50537109375,121.23468780517578,0.9950979351997375,868.8817138671875,120.87096405029297,0.9975191354751587,891.8055419921875,122.4269790649414,0.9927500486373901,843.8003540039062,98.58271026611328,0.9546346664428711,846.5031127929688,79.05565643310547,0.9876753091812134,897.1258544921875,88.62272644042969,0.9950491786003113,822.9236450195312,141.78448486328125,0.9320017099380493,873.0054321289062,155.83871459960938,0.9726541638374329,886.6748657226562,149.96401977539062,0.987817108631134
189,797.3010864257812,86.34794616699219,0.9932475090026855,808.0759887695312,155.06124877929688,0.9828377962112427,824.6141967773438,117.14185333251953,0.9879395961761475,839.36962890625,121.11616516113281,0.9950384497642517,867.0195922851562,120.79229736328125,0.9973726272583008,890.5077514648438,122.31464385986328,0.9939665794372559,843.8003540039062,100.05622863769531,0.9678914546966553,843.9359130859375,78.68374633789062,0.9888753890991211,896.97705078125,89.84132385253906,0.994232714176178,822.907958984375,141.73655700683594,0.9258626103401184,871.4737548828125,154.09144592285156,0.9725703597068787,885.6333618164062,149.16787719726562,0.9924774765968323
190,795.5838623046875,86.34794616699219,0.9937984347343445,806.3177490234375,155.70257568359375,0.9882241487503052,822.373779296875,117.14185333251953,0.9911442399024963,837.9896240234375,120.87393188476562,0.9949454665184021,865.4053344726562,120.38348388671875,0.9970381259918213,889.4902954101562,122.31464385986328,0.9960083961486816,842.3762817382812,100.05622863769531,0.9632308483123779,837.6629028320312,76.74665832519531,0.9869325757026672,896.6119995117188,89.89716339111328,0.9938720464706421,822.20458984375,141.50460815429688,0.928711473941803,869.6194458007812,154.09144592285156,0.9739032983779907,884.1283569335938,149.16787719726562,0.994629442691803
191,793.141845703125,86.39862060546875,0.9940251708030701,805.9185180664062,156.03646850585938,0.9901629686355591,821.7877197265625,117.14185333251953,0.9922227263450623,836.9749145507812,120.12539672851562,0.9956252574920654,864.3010864257812,119.6468734741211,0.9963149428367615,889.0687255859375,122.63845825195312,0.9967971444129944,840.7080078125,100.05622863769531,0.9535492062568665,835.2062377929688,75.20699310302734,0.9886994957923889,896.5148315429688,90.64850616455078,0.9926515221595764,821.5668334960938,141.07875061035156,0.9291101098060608,864.4497680664062,153.94834899902344,0.9813416004180908,882.3859252929688,149.16787719726562,0.9963739514350891
192,790.6846313476562,86.39862060546875,0.99664306640625,805.8485107421875,156.39358520507812,0.9905563592910767,821.0704956054688,116.47603607177734,0.992348313331604,835.4523315429688,118.9170913696289,0.9964531660079956,863.7657470703125,118.4141616821289,0.9979307651519775,888.2255249023438,122.78429412841797,0.9975663423538208,838.2713623046875,99.00376892089844,0.938778281211853,834.422607421875,73.71440124511719,0.9897214770317078,896.1773071289062,90.67437744140625,0.9910699129104614,821.564697265625,140.80149841308594,0.9306437969207764,860.40966796875,153.3290557861328,0.9845346212387085,881.1533203125,148.71348571777344,0.9968684315681458
193,787.9848022460938,86.00926208496094,0.9968575239181519,805.8139038085938,157.3390655517578,0.991249680519104,819.9788818359375,115.74748229980469,0.992416262626648,834.17138671875,117.73786926269531,0.9972688555717468,861.9008178710938,117.6727523803711,0.9987251162528992,886.8532104492188,122.78429412841797,0.9979026317596436,836.8167114257812,98.53871154785156,0.9190763831138611,834.3036499023438,73.23818969726562,0.9932722449302673,894.6620483398438,90.67437744140625,0.9869715571403503,821.458251953125,139.96273803710938,0.92206871509552,854.5173950195312,154.09144592285156,0.9712947010993958,880.8907470703125,148.71348571777344,0.9975693821907043
194,786.294921875,85.55625915527344,0.9970676302909851,805.566650390625,157.3390655517578,0.9931760430335999,818.70361328125,115.5984878540039,0.9920817613601685,832.8995971679688,116.89958190917969,0.9976664781570435,859.8841552734375,117.12427520751953,0.9990934133529663,885.1010131835938,122.78429412841797,0.9975334405899048,835.705810546875,98.02568054199219,0.9273398518562317,834.0392456054688,72.50484466552734,0.993310809135437,894.3818969726562,90.85307312011719,0.9862455129623413,821.4518432617188,139.095458984375,0.9094865322113037,847.4017944335938,155.14486694335938,0.9571611285209656,879.5335693359375,148.34625244140625,0.9978089928627014
195,786.2386474609375,85.02437591552734,0.9972742199897766,805.1477661132812,157.37710571289062,0.9960885047912598,816.9315795898438,115.0501480102539,0.9896771907806396,830.9978637695312,116.1985855102539,0.9971455931663513,859.8841552734375,117.12427520751953,0.9990801811218262,884.2362060546875,121.81363677978516,0.9975433945655823,835.1771850585938,96.67366790771484,0.9090037941932678,834.0101928710938,72.50484466552734,0.9958860278129578,893.3916625976562,91.55036926269531,0.9858056902885437,820.41748046875,138.54135131835938,0.8742910027503967,838.3654174804688,157.76768493652344,0.9927297234535217,879.5126953125,148.05215454101562,0.9974217414855957
196,786.2386474609375,84.2907485961914,0.9972028732299805,804.3333129882812,157.4263458251953,0.995421826839447,815.7261352539062,115.0063705444336,0.9885621070861816,830.1956176757812,115.90706634521484,0.9964046478271484,858.4816284179688,117.12427520751953,0.9988116025924683,883.4586181640625,121.6727066040039,0.9954517483711243,831.4796752929688,96.47734069824219,0.9010109305381775,834.0101928710938,72.50484466552734,0.9958070516586304,892.8413696289062,91.66032409667969,0.9857510328292847,820.41748046875,138.03440856933594,0.8536735773086548,836.4156494140625,157.77960205078125,0.9949643611907959,878.9081420898438,147.3986053466797,0.9972212314605713
197,785.4782104492188,82.06210327148438,0.9977561831474304,800.7725219726562,158.09910583496094,0.9921733140945435,814.4618530273438,114.63239288330078,0.9917098879814148,829.31005859375,115.5448226928711,0.9950055480003357,858.2220458984375,117.29993438720703,0.9982832670211792,883.0484619140625,121.24906921386719,0.9943035840988159,830.7147216796875,96.47572326660156,0.891777515411377,833.573974609375,72.51364135742188,0.9961573481559753,892.1043701171875,92.12176513671875,0.9845826625823975,820.41748046875,138.0232391357422,0.8220046162605286,833.1983642578125,157.77960205078125,0.9967998266220093,878.3573608398438,147.09262084960938,0.9971727132797241
198,785.3992919921875,80.01351165771484,0.9976062774658203,800.0433959960938,158.09910583496094,0.9894455075263977,813.213623046875,114.29193115234375,0.9935410022735596,829.3055419921875,115.5448226928711,0.9955594539642334,857.6538696289062,117.3755874633789,0.9986830353736877,881.0408935546875,120.07720184326172,0.9946224689483643,829.1687622070312,96.47572326660156,0.8936382532119751,833.5214233398438,72.75172424316406,0.9966289401054382,890.89453125,93.22129821777344,0.9863724112510681,820.783203125,137.8673858642578,0.8395135402679443,830.8587646484375,157.76768493652344,0.9954463839530945,877.7605590820312,147.068603515625,0.9970883727073669
199,785.3992919921875,80.01351165771484,0.9970580339431763,797.7756958007812,158.09910583496094,0.9849072694778442,811.7907104492188,113.46663665771484,0.9947092533111572,828.2128295898438,115.5448226928711,0.9956995248794556,856.3182373046875,117.3755874633789,0.9988586902618408,879.4417114257812,119.88987731933594,0.9949414134025574,829.113525390625,96.12281799316406,0.8852267861366272,833.254150390625,72.95991516113281,0.996298611164093,889.1105346679688,94.3939208984375,0.9886264204978943,821.8333740234375,137.8673858642578,0.8415244817733765,830.753173828125,154.99383544921875,0.9934089183807373,876.74658203125,146.6211395263672,0.9967292547225952
200,783.873291015625,80.01351165771484,0.9964876174926758,795.1652221679688,157.78982543945312,0.9840442538261414,810.3394775390625,113.46663665771484,0.9949288368225098,825.4647827148438,116.51918029785156,0.996285080909729,854.1348266601562,117.40017700195312,0.9988701939582825,878.0999145507812,119.54698944091797,0.9951991438865662,828.0654296875,95.9163589477539,0.8632606863975525,833.1565551757812,73.25436401367188,0.9972334504127502,888.666259765625,94.69969940185547,0.9885221719741821,821.8333740234375,137.53054809570312,0.8517216444015503,830.5075073242188,154.99383544921875,0.988041877746582,876.584716796875,145.34182739257812,0.99687260389328
201,783.3569946289062,83.06729125976562,0.9956016540527344,792.793212890625,156.4392852783203,0.9877285957336426,809.3946533203125,113.46663665771484,0.9952259063720703,825.0115966796875,116.88300323486328,0.9974257349967957,852.6102905273438,117.43992614746094,0.9989951252937317,876.431640625,119.54698944091797,0.9954930543899536,826.3473510742188,94.7980728149414,0.8932247757911682,833.1565551757812,73.28124237060547,0.9967341423034668,887.3175048828125,95.7475357055664,0.9898602366447449,821.8333740234375,137.8673858642578,0.8719354867935181,830.3884887695312,154.64584350585938,0.9924701452255249,875.0406494140625,144.1489715576172,0.9965799450874329
202,780.9260864257812,83.06729125976562,0.9951241612434387,791.580810546875,155.959228515625,0.9914719462394714,808.3622436523438,114.10529327392578,0.9947772026062012,823.3028564453125,116.88300323486328,0.9984952211380005,850.2947387695312,117.40017700195312,0.9985787868499756,874.9281005859375,119.54698944091797,0.9952943921089172,823.7075805664062,93.12320709228516,0.9335425496101379,832.707763671875,73.977783203125,0.9957765936851501,886.5103149414062,96.2119140625,0.989496648311615,818.41796875,137.8673858642578,0.7888524532318115,820.9362182617188,154.64584350585938,0.9934347867965698,874.168212890625,143.6292266845703,0.9968340992927551
203,779.7943115234375,83.06729125976562,0.995140552520752,789.2291870117188,155.7098388671875,0.9951707720756531,806.168701171875,114.26811218261719,0.9950705766677856,821.31884765625,116.88300323486328,0.998195230960846,848.4635009765625,117.2151107788086,0.9978100657463074,873.925048828125,119.48689270019531,0.9965980648994446,811.2970581054688,93.64098358154297,0.9366339445114136,832.4080810546875,74.2467041015625,0.9946256279945374,884.7684326171875,96.94439697265625,0.9890211224555969,817.1719360351562,137.09576416015625,0.8369688987731934,817.0164184570312,155.32447814941406,0.990314781665802,872.8501586914062,142.91835021972656,0.9955778121948242
204,777.680419921875,82.60440826416016,0.9947049021720886,786.9698486328125,154.47348022460938,0.9931396842002869,803.476318359375,114.427978515625,0.9944808483123779,818.2194213867188,116.44571685791016,0.9974460601806641,846.5138549804688,116.4997329711914,0.9984979629516602,872.6177978515625,119.48689270019531,0.998211145401001,809.63623046875,93.64098358154297,0.9709153771400452,831.3491821289062,74.7146987915039,0.9947997331619263,883.97021484375,97.11936950683594,0.9883947372436523,816.966796875,135.7366180419922,0.8029013872146606,816.9602661132812,155.71546936035156,0.9907377362251282,871.568359375,141.18289184570312,0.9931172132492065
205,776.1741333007812,82.40758514404297,0.9969333410263062,783.2031860351562,154.38482666015625,0.991168737411499,800.9413452148438,114.95409393310547,0.9930195212364197,815.825439453125,115.62499237060547,0.9969026446342468,843.9664306640625,116.4997329711914,0.9987378716468811,870.0656127929688,119.48689270019531,0.99830162525177,805.272705078125,93.64098358154297,0.978834867477417,831.1624145507812,74.76557159423828,0.9951596856117249,881.6246337890625,98.32498931884766,0.9883168339729309,807.8506469726562,135.7366180419922,0.783236563205719,815.1675415039062,156.3726806640625,0.990431010723114,871.256591796875,140.3998565673828,0.9943634271621704
206,773.5845947265625,82.40758514404297,0.9977487921714783,779.1021118164062,154.28309631347656,0.9827572107315063,799.0848388671875,114.57331085205078,0.994255006313324,813.439453125,115.62499237060547,0.9952191710472107,841.9745483398438,116.2904281616211,0.9987443685531616,867.6931762695312,118.92388153076172,0.9973672032356262,804.8727416992188,94.69041442871094,0.9725552201271057,831.1448974609375,74.93742370605469,0.9952656030654907,880.4195556640625,99.05345153808594,0.9862457513809204,797.93017578125,134.3866424560547,0.8014845252037048,815.1675415039062,157.00152587890625,0.9929131865501404,870.916015625,139.966552734375,0.9937434792518616
207,770.0921630859375,82.40758514404297,0.9969925880432129,776.9320678710938,154.28309631347656,0.9898547530174255,796.4058837890625,114.95409393310547,0.9953697323799133,812.8298950195312,116.44571685791016,0.9938062429428101,841.7326049804688,116.23345947265625,0.9989810585975647,866.4603881835938,118.87327575683594,0.9959003329277039,794.84716796875,94.73915100097656,0.8952608108520508,831.130126953125,74.94263458251953,0.9958556294441223,878.4785766601562,99.35352325439453,0.978911280632019,796.4290161132812,134.07272338867188,0.7238491773605347,815.6451416015625,157.30958557128906,0.9936416745185852,867.4464721679688,137.7371368408203,0.9920895099639893
208,768.6018676757812,82.4883041381836,0.9956561326980591,776.6630859375,150.60494995117188,0.9951364398002625,794.0748901367188,114.95806121826172,0.9940366744995117,810.8194580078125,116.77416229248047,0.9961070418357849,838.913818359375,116.2904281616211,0.9991247057914734,863.2156372070312,118.37457275390625,0.996204674243927,788.99267578125,96.25630187988281,0.9258010983467102,830.8142700195312,75.22066497802734,0.9955617189407349,878.405517578125,99.41510772705078,0.9860593676567078,787.2630615234375,132.24468994140625,0.7367831468582153,815.9573974609375,157.30958557128906,0.9958752989768982,865.2229614257812,137.0951690673828,0.9892596006393433
209,767.2742309570312,84.99031066894531,0.9939171671867371,775.4930419921875,150.0575714111328,0.996147871017456,793.176513671875,115.33795928955078,0.9955453872680664,808.5393676757812,116.77416229248047,0.9975008368492126,836.2653198242188,116.52032470703125,0.9988992214202881,861.0758666992188,118.37457275390625,0.9971327781677246,786.0696411132812,96.7358169555664,0.9388695359230042,830.4594116210938,75.22423553466797,0.9951451420783997,876.596923828125,99.41992950439453,0.9877429008483887,786.3109130859375,132.24468994140625,0.7409852743148804,815.6451416015625,157.2889862060547,0.9970963001251221,863.6553955078125,136.2549591064453,0.9809322357177734
210,766.2495727539062,85.0072021484375,0.994856595993042,774.3336791992188,149.99380493164062,0.9965993762016296,792.1595458984375,115.45277404785156,0.9965952038764954,807.3046875,116.77416229248047,0.9979289770126343,835.1888427734375,116.52032470703125,0.9987680315971375,860.0632934570312,118.37457275390625,0.9973081350326538,785.0491333007812,96.74658966064453,0.9232016205787659,830.2044067382812,75.26298522949219,0.9945408701896667,873.7179565429688,99.5410385131836,0.9859681129455566,785.2355346679688,132.24468994140625,0.7428141832351685,815.6451416015625,157.30958557128906,0.9969524145126343,862.1744995117188,136.11215209960938,0.9644057750701904
211,765.0344848632812,85.0072021484375,0.9952319264411926,772.8192138671875,149.99380493164062,0.9966482520103455,790.6663818359375,115.45277404785156,0.9974079728126526,805.74853515625,116.27151489257812,0.9982039928436279,834.0028076171875,116.52032470703125,0.9985318183898926,859.8765258789062,118.92379760742188,0.9981465339660645,784.6701049804688,96.74658966064453,0.9375842809677124,830.0440673828125,75.41329956054688,0.9922992587089539,871.2439575195312,99.5410385131836,0.9723417162895203,785.1027221679688,134.10069274902344,0.7882800698280334,815.6451416015625,157.35646057128906,0.9969649910926819,860.9837036132812,136.01202392578125,0.9714773893356323
212,764.0484619140625,84.99031066894531,0.9943771958351135,768.9527587890625,149.99380493164062,0.9937989115715027,789.7704467773438,115.5508804321289,0.9974038004875183,804.7221069335938,116.1605453491211,0.9981701374053955,832.9959716796875,116.52032470703125,0.9982813596725464,859.2369384765625,119.17664337158203,0.9985395669937134,784.1722412109375,96.74658966064453,0.9406448006629944,829.9290161132812,75.45402526855469,0.9922971129417419,869.0177001953125,100.19412231445312,0.974682092666626,783.9663696289062,134.1601104736328,0.8020959496498108,815.4779052734375,157.2889862060547,0.9954114556312561,860.498291015625,135.88648986816406,0.976484477519989
213,760.6788330078125,84.99031066894531,0.9944102168083191,764.9847412109375,151.86949157714844,0.9886877536773682,788.3377075195312,115.5508804321289,0.9971837401390076,803.243408203125,116.1605453491211,0.9981827735900879,831.1963500976562,116.36190795898438,0.9981751441955566,858.4370727539062,119.36758422851562,0.998843789100647,783.5825805664062,96.66915130615234,0.9425422549247742,829.9290161132812,75.62755584716797,0.9925222992897034,867.6704711914062,100.67456817626953,0.9708976149559021,782.406494140625,135.36094665527344,0.8003231883049011,815.3204345703125,156.88658142089844,0.9954569339752197,859.7523193359375,135.88648986816406,0.9772586226463318
214,758.12255859375,85.12965393066406,0.9963601231575012,763.262451171875,151.86949157714844,0.9904699325561523,787.8431396484375,115.73905944824219,0.9970976114273071,801.9844970703125,116.1605453491211,0.998244047164917,829.7582397460938,116.36190795898438,0.9984353184700012,857.7376098632812,119.38336181640625,0.9989389777183533,783.4600830078125,96.32745361328125,0.9562572240829468,829.9290161132812,76.05130767822266,0.9917211532592773,867.6704711914062,101.08963775634766,0.9742355942726135,782.343017578125,135.9949188232422,0.7734464406967163,815.1973876953125,157.35646057128906,0.9966739416122437,858.9856567382812,135.78912353515625,0.9758430123329163
215,755.0120849609375,85.12965393066406,0.9969416260719299,762.1506958007812,151.86949157714844,0.9928250312805176,787.387451171875,116.17448425292969,0.997050404548645,801.270751953125,116.55005645751953,0.9979656934738159,829.1257934570312,116.36190795898438,0.9985837936401367,857.2806396484375,119.38336181640625,0.9984875917434692,783.2299194335938,96.32745361328125,0.9624127745628357,830.0352783203125,76.92269134521484,0.9935799837112427,867.6704711914062,101.14424133300781,0.985287070274353,782.343017578125,136.40345764160156,0.771498441696167,815.1973876953125,157.35646057128906,0.995964527130127,858.6251831054688,135.64675903320312,0.9705826640129089
216,754.9859619140625,87.61775970458984,0.9947176575660706,761.8240966796875,151.2490692138672,0.9925075173377991,786.5258178710938,117.21171569824219,0.9956632256507874,800.5785522460938,117.20378112792969,0.9976162910461426,828.0804443359375,116.6905288696289,0.9986817240715027,856.5369262695312,119.36758422851562,0.9983091354370117,782.9520874023438,96.32745361328125,0.9686186909675598,830.3739624023438,77.10205078125,0.9944664835929871,867.6704711914062,101.14424133300781,0.9873443841934204,782.406494140625,138.52420043945312,0.7582095265388489,815.1416015625,157.80421447753906,0.9965533018112183,858.5598754882812,135.64675903320312,0.9675554633140564
217,754.5501098632812,89.15675354003906,0.992685079574585,760.78857421875,150.7653350830078,0.9907767176628113,785.5877685546875,118.23200988769531,0.994763970375061,799.9974365234375,117.92855072021484,0.9968101382255554,826.5213623046875,117.31974792480469,0.9983974099159241,855.7357177734375,119.35051727294922,0.9980847835540771,782.5926513671875,96.39129638671875,0.9736213088035583,830.9775390625,78.21666717529297,0.995114803314209,867.6704711914062,101.14424133300781,0.9865843653678894,785.9693603515625,139.04061889648438,0.8328549265861511,815.1416015625,157.82498168945312,0.9955646991729736,856.9635009765625,135.4558563232422,0.9462147355079651
218,754.3634643554688,90.31364440917969,0.9937792420387268,760.6093139648438,150.3355712890625,0.9944624304771423,785.3617553710938,119.10725402832031,0.9928935170173645,799.4293823242188,118.92839050292969,0.9958208799362183,826.5213623046875,117.4775619506836,0.9982592463493347,855.4288330078125,119.31146240234375,0.9979674220085144,782.4451293945312,96.49751281738281,0.9744446277618408,831.6635131835938,78.43282318115234,0.9948272109031677,865.9854125976562,101.10237121582031,0.9866359829902649,785.9693603515625,140.01544189453125,0.926406979560852,815.1416015625,158.2386932373047,0.996137797832489,856.37939453125,135.4558563232422,0.950144350528717
219,754.3634643554688,92.47084045410156,0.9932129383087158,759.2662353515625,150.3355712890625,0.9956751465797424,785.0927124023438,121.00833892822266,0.9919522404670715,798.71875,119.88389587402344,0.9939417839050293,826.5213623046875,117.7952651977539,0.9978607296943665,855.3961181640625,118.99983978271484,0.998867392539978,782.5926513671875,97.17217254638672,0.9690706729888916,832.4088745117188,78.9097900390625,0.9932230710983276,861.4053955078125,97.27848815917969,0.963821530342102,785.9693603515625,142.0639190673828,0.9607932567596436,816.5816040039062,159.04931640625,0.9959577918052673,856.1533813476562,135.91012573242188,0.9707687497138977
220,751.891845703125,94.5311279296875,0.9894320964813232,758.2401123046875,150.30987548828125,0.9957824945449829,785.03173828125,122.34312438964844,0.9930281043052673,798.15576171875,119.88389587402344,0.9910878539085388,827.6033935546875,118.24909973144531,0.9980442523956299,854.8355102539062,118.99983978271484,0.9989105463027954,782.85791015625,98.09150695800781,0.9685335159301758,832.9780883789062,79.46985626220703,0.9947338104248047,858.218505859375,95.73947143554688,0.9536130428314209,784.8225708007812,142.14752197265625,0.9637971520423889,816.631103515625,159.1815643310547,0.9959675073623657,855.7106323242188,136.10296630859375,0.9658288359642029
221,751.0692749023438,96.83580780029297,0.9902490973472595,757.234619140625,150.3355712890625,0.9952307343482971,784.5656127929688,123.18487548828125,0.993415355682373,797.5310668945312,120.0953369140625,0.9853854775428772,827.6033935546875,118.59639739990234,0.9978679418563843,853.1865234375,118.99983978271484,0.9988208413124084,782.85791015625,98.09150695800781,0.9722254276275635,834.7188720703125,83.05033874511719,0.983423113822937,847.0241088867188,94.20956420898438,0.9437656402587891,784.1527099609375,143.19020080566406,0.9716980457305908,816.631103515625,159.70773315429688,0.9960506558418274,853.0205688476562,136.18487548828125,0.9757333397865295
222,751.0189819335938,97.48455047607422,0.9918312430381775,756.31640625,150.75502014160156,0.9944900274276733,783.773193359375,123.47030639648438,0.9916836023330688,797.3328247070312,120.95682525634766,0.9816622138023376,827.6033935546875,119.27444458007812,0.9980429410934448,851.443115234375,118.99983978271484,0.9982960820198059,782.85791015625,98.24766540527344,0.9679820537567139,834.7579345703125,85.44596862792969,0.9947525262832642,841.0484008789062,88.91449737548828,0.966401994228363,781.6943359375,143.53042602539062,0.9678130745887756,816.6484985351562,160.4158477783203,0.9954915642738342,852.3092041015625,136.20022583007812,0.9731220602989197
223,748.6198120117188,97.58564758300781,0.9917985200881958,754.8233642578125,150.87344360351562,0.9926498532295227,782.9577026367188,123.47848510742188,0.9874231815338135,796.8192138671875,121.56250762939453,0.9794259667396545,826.449462890625,119.48674011230469,0.9982815980911255,849.7388916015625,118.54037475585938,0.9972506165504456,782.85791015625,98.24766540527344,0.970355749130249,835.1365356445312,86.40165710449219,0.9913034439086914,841.0484008789062,88.78829193115234,0.9823603630065918,779.6760864257812,143.861328125,0.9414036870002747,816.6920166015625,160.42324829101562,0.9967741370201111,852.3092041015625,136.5656280517578,0.9734954237937927
224,747.4913330078125,97.76461029052734,0.9912426471710205,754.4934692382812,151.6582794189453,0.9879997372627258,782.064453125,123.80458068847656,0.9805301427841187,796.3671875,121.59076690673828,0.9796002507209778,825.0872802734375,119.87413787841797,0.9985508322715759,849.5936279296875,118.54037475585938,0.9973180890083313,782.861328125,98.24766540527344,0.9682326316833496,835.1365356445312,86.54895782470703,0.9670429229736328,839.9192504882812,87.33512878417969,0.9942860007286072,777.8936157226562,144.44381713867188,0.9366387724876404,816.6484985351562,161.44308471679688,0.9970398545265198,851.084716796875,136.5656280517578,0.964752733707428
225,745.9677124023438,98.99645233154297,0.9948703050613403,753.8563842773438,155.1999053955078,0.9889463782310486,779.8165283203125,124.02725982666016,0.9805752038955688,796.3486328125,122.58788299560547,0.981963038444519,823.600830078125,120.35692596435547,0.9987075328826904,848.0820922851562,118.09101104736328,0.9981778860092163,783.4187622070312,98.40827941894531,0.9653897881507874,834.7579345703125,87.14151763916016,0.749297559261322,839.9192504882812,84.31621551513672,0.9951338171958923,776.2984619140625,146.02618408203125,0.9381420016288757,816.5419921875,161.44308471679688,0.9975739121437073,850.8794555664062,136.5656280517578,0.9724311232566833
226,743.9379272460938,100.38585662841797,0.9969066977500916,753.8563842773438,157.60243225097656,0.9933680891990662,777.3898315429688,125.11943817138672,0.9878360629081726,794.7647705078125,123.18730163574219,0.9894008040428162,821.4740600585938,120.44973754882812,0.998489260673523,846.2208862304688,118.09101104736328,0.99825519323349,785.0931396484375,98.61029052734375,0.9731578230857849,823.6306762695312,89.0670166015625,0.7416248917579651,839.9192504882812,84.31621551513672,0.9953281879425049,773.449951171875,146.052734375,0.9544711112976074,815.5565185546875,161.44308471679688,0.9971175193786621,849.6130981445312,135.61643981933594,0.9776172637939453
227,742.17578125,101.9350814819336,0.9962705373764038,753.8563842773438,159.6036834716797,0.99650639295578,776.50537109375,125.1806411743164,0.992298424243927,793.6926879882812,123.88361358642578,0.9909222722053528,819.6468505859375,120.71566772460938,0.9979827404022217,844.2420043945312,118.09101104736328,0.9975899457931519,785.3110961914062,98.75611114501953,0.9704254269599915,820.0140991210938,89.0670166015625,0.7698318362236023,839.50146484375,84.1474380493164,0.9971365928649902,771.0421142578125,146.52108764648438,0.9584819078445435,814.9071655273438,158.94203186035156,0.9976406097412109,849.6130981445312,135.30593872070312,0.9804573655128479
228,739.9983520507812,104.24433135986328,0.9916443228721619,753.8563842773438,161.7538604736328,0.9971760511398315,775.7077026367188,127.34922790527344,0.9952853322029114,792.4210205078125,124.68246459960938,0.9910422563552856,818.1455078125,121.194580078125,0.9971325397491455,844.0565185546875,120.52796936035156,0.9981666803359985,785.3110961914062,98.80827331542969,0.9643390774726868,803.9705810546875,91.15011596679688,0.8201017379760742,835.715087890625,84.31621551513672,0.9970685839653015,768.8357543945312,148.37461853027344,0.9604209065437317,814.8488159179688,158.51010131835938,0.9979963898658752,849.5964965820312,134.25120544433594,0.9820961952209473
229,739.7097778320312,105.09264373779297,0.9887634515762329,753.8563842773438,163.89801025390625,0.9974000453948975,775.0774536132812,128.5108642578125,0.9962652325630188,791.2346801757812,125.34790802001953,0.9915069937705994,816.7960815429688,121.9660873413086,0.9957269430160522,842.40869140625,121.13858795166016,0.9986860156059265,785.0931396484375,99.67059326171875,0.9543276429176331,803.9705810546875,91.32124328613281,0.9138634204864502,834.4307250976562,84.73686218261719,0.9957374334335327,767.7819213867188,149.33802795410156,0.9579180479049683,814.8488159179688,158.32235717773438,0.9981458187103271,849.2850341796875,134.00340270996094,0.989645779132843
230,738.7612915039062,107.21917724609375,0.9910520911216736,753.63818359375,167.91879272460938,0.9967758059501648,773.1533203125,129.45364379882812,0.996016800403595,788.9649658203125,126.15574645996094,0.9883326888084412,814.5414428710938,122.06010437011719,0.9916298985481262,840.2672119140625,121.13858795166016,0.9988892674446106,784.246826171875,99.84254455566406,0.9430575370788574,803.9705810546875,91.32124328613281,0.9487084150314331,833.9156494140625,85.4145736694336,0.9972565770149231,766.7344970703125,150.67559814453125,0.9611992835998535,814.8488159179688,158.0967254638672,0.9983118772506714,848.9463500976562,133.158203125,0.9901318550109863
231,735.6060791015625,108.50862121582031,0.9863540530204773,753.431396484375,169.80484008789062,0.9975722432136536,770.5399169921875,130.03616333007812,0.9940567016601562,787.1192626953125,126.70780181884766,0.9861934781074524,812.9357299804688,122.96551513671875,0.9956791996955872,838.7586669921875,121.13858795166016,0.998943030834198,783.1698608398438,100.34071350097656,0.9515177607536316,800.5244750976562,91.98782348632812,0.875749945640564,833.335205078125,86.47583770751953,0.9971877932548523,765.9766235351562,151.51612854003906,0.9523997902870178,814.9617309570312,157.98338317871094,0.9981064796447754,848.3560180664062,133.158203125,0.9900050759315491
232,731.5136108398438,111.89341735839844,0.9861268997192383,753.2514038085938,170.6615753173828,0.9977595806121826,768.46728515625,130.83726501464844,0.9893045425415039,781.8638305664062,128.09812927246094,0.9777663946151733,809.9036865234375,123.71533203125,0.9972392320632935,836.130615234375,120.91146087646484,0.9985673427581787,782.5432739257812,101.58145141601562,0.9607018232345581,783.43505859375,91.98782348632812,0.9639245271682739,833.02294921875,87.42025756835938,0.9978194236755371,765.05419921875,151.8931121826172,0.9456507563591003,814.9617309570312,157.98338317871094,0.998153030872345,846.5684814453125,133.158203125,0.9823827743530273
233,730.506103515625,112.25940704345703,0.9904972314834595,752.2046508789062,170.9580841064453,0.9973642230033875,767.0809326171875,131.42849731445312,0.9895639419555664,780.6935424804688,128.16079711914062,0.9777082800865173,809.6604614257812,124.05712127685547,0.9983184337615967,833.9633178710938,120.57052612304688,0.9973360896110535,781.1187133789062,102.9018783569336,0.9269622564315796,781.1010131835938,91.98782348632812,0.9847661256790161,832.7426147460938,88.04383850097656,0.997497022151947,765.0314331054688,152.31578063964844,0.9373968839645386,815.0160522460938,157.98338317871094,0.9974185228347778,844.3541259765625,135.4051513671875,0.9705759286880493
234,729.890380859375,112.48033142089844,0.9922983050346375,750.3671875,171.30577087402344,0.9954400062561035,765.5181884765625,132.06246948242188,0.9900962114334106,779.578125,129.13197326660156,0.9793444275856018,808.7403564453125,124.22400665283203,0.9979943037033081,831.8182373046875,120.57052612304688,0.9960094690322876,781.006591796875,103.85367584228516,0.9279905557632446,777.1149291992188,90.35704040527344,0.9834625720977783,832.2908935546875,88.92609405517578,0.9961996674537659,764.7559814453125,152.77114868164062,0.9418007731437683,814.9617309570312,157.98338317871094,0.9976166486740112,840.484130859375,138.05064392089844,0.8781965374946594
235,729.0601196289062,112.54588317871094,0.9952055215835571,748.6758422851562,171.97695922851562,0.990982711315155,762.8359985351562,132.21473693847656,0.9905984997749329,778.1743774414062,130.9524383544922,0.9879040122032166,806.33447265625,124.22400665283203,0.9973222613334656,830.9503173828125,120.57052612304688,0.9967265129089355,780.894287109375,103.88755798339844,0.9353444576263428,772.7144165039062,90.06554412841797,0.9844398498535156,832.2894287109375,88.93315124511719,0.9951809644699097,763.3641967773438,153.33309936523438,0.927616536617279,814.3557739257812,157.6972198486328,0.9973734617233276,828.3353271484375,149.5037841796875,0.9745569229125977
236,726.8629150390625,112.54588317871094,0.9971210360527039,748.3253784179688,171.97695922851562,0.9906377792358398,761.7296752929688,132.6342315673828,0.9906488060951233,776.8074340820312,130.9524383544922,0.9912591576576233,803.6786499023438,124.0743179321289,0.995998740196228,828.9945678710938,120.57052612304688,0.9967215657234192,779.4664916992188,104.25457763671875,0.9376981258392334,771.613037109375,90.06554412841797,0.9869469404220581,832.09619140625,89.12481689453125,0.994997501373291,762.9285278320312,153.58103942871094,0.9296733140945435,812.9125366210938,157.3296661376953,0.9944426417350769,823.3607788085938,149.5037841796875,0.9821679592132568
237,725.7359008789062,113.00360107421875,0.9977097511291504,748.261962890625,171.97695922851562,0.9905548691749573,761.125,133.58807373046875,0.9927236437797546,774.8130493164062,130.9524383544922,0.9941447377204895,801.8116455078125,124.19763946533203,0.9951236844062805,827.7716674804688,120.6207046508789,0.9958118200302124,778.6826782226562,104.96060180664062,0.8993884921073914,770.6063842773438,90.06554412841797,0.990528404712677,831.7171020507812,89.35997772216797,0.9938172698020935,761.60205078125,153.58103942871094,0.9279133081436157,812.327392578125,156.5097198486328,0.9936297535896301,823.3278198242188,149.5037841796875,0.9879187941551208
238,723.8536987304688,114.05970764160156,0.9980306029319763,748.0266723632812,171.46617126464844,0.9830416440963745,759.580810546875,133.58807373046875,0.9952982068061829,772.933349609375,130.7707977294922,0.9951516389846802,800.4445190429688,124.16444396972656,0.9933562874794006,825.9335327148438,122.4112777709961,0.9951352477073669,776.0979614257812,107.4919204711914,0.9020039439201355,769.229248046875,90.06554412841797,0.9917438626289368,831.5938720703125,89.72969055175781,0.9936019778251648,761.36083984375,153.58103942871094,0.9250815510749817,812.327392578125,156.5097198486328,0.9896480441093445,823.3278198242188,149.5037841796875,0.9879075884819031
239,720.9216918945312,116.40365600585938,0.9965317845344543,745.294189453125,171.3458251953125,0.9916071891784668,759.3097534179688,133.58807373046875,0.99598628282547,771.1713256835938,130.12759399414062,0.9961327314376831,799.84326171875,124.0743179321289,0.9919061660766602,824.8739013671875,122.56652069091797,0.9961395859718323,773.6790771484375,107.56778717041016,0.8769398927688599,768.2725219726562,90.06294250488281,0.9947338104248047,829.265625,91.40567779541016,0.9896384477615356,759.283935546875,153.3050994873047,0.920271098613739,812.327392578125,156.5097198486328,0.9684233665466309,823.3607788085938,149.5037841796875,0.9898339509963989
240,719.2275390625,118.73123931884766,0.9901565313339233,743.179443359375,170.86595153808594,0.9966701865196228,758.79296875,133.1861572265625,0.9961265921592712,770.3438110351562,129.73431396484375,0.9966777563095093,798.7223510742188,123.89259338378906,0.9921150803565979,824.2869262695312,122.7105941772461,0.9974228143692017,772.6055297851562,107.56778717041016,0.9007200002670288,767.58349609375,89.43647766113281,0.9924430251121521,828.5266723632812,91.4774169921875,0.9897037148475647,759.283935546875,153.3050994873047,0.911987841129303,812.6464233398438,156.63658142089844,0.9509246945381165,823.3742065429688,149.5937957763672,0.9908271431922913
241,718.4591674804688,118.73123931884766,0.9842812418937683,741.6307983398438,169.89857482910156,0.9981269240379333,757.4093017578125,132.5819854736328,0.9959840774536133,768.18115234375,129.41932678222656,0.995831310749054,796.6776123046875,123.95368957519531,0.9922016859054565,823.6835327148438,122.7105941772461,0.9974004030227661,770.3697509765625,107.4919204711914,0.8857308626174927,767.4849243164062,88.285888671875,0.9938215017318726,827.6989135742188,91.5330810546875,0.988932728767395,758.9171142578125,153.3050994873047,0.9057914614677429,813.425048828125,157.02871704101562,0.9136625528335571,823.3742065429688,150.94537353515625,0.990082323551178
242,716.6265869140625,118.73123931884766,0.9891256093978882,739.4595336914062,169.89857482910156,0.9982779026031494,755.7848510742188,131.8383331298828,0.9945043325424194,766.7944946289062,129.31314086914062,0.995017945766449,795.1327514648438,123.95368957519531,0.9932771325111389,822.251220703125,122.83739471435547,0.9977622032165527,766.1932983398438,107.4919204711914,0.8949998617172241,767.2981567382812,88.28118133544922,0.9949784874916077,827.6649780273438,91.8297348022461,0.9888581037521362,758.143310546875,153.3050994873047,0.9162875413894653,813.425048828125,157.33827209472656,0.8047004342079163,823.3742065429688,150.94537353515625,0.9899335503578186
243,715.1990356445312,116.26290893554688,0.9940944314002991,736.7692260742188,169.89857482910156,0.9981117248535156,753.9384155273438,131.72817993164062,0.991710364818573,765.292236328125,129.31314086914062,0.9914565682411194,793.8087158203125,123.95368957519531,0.9945264458656311,820.9075927734375,122.83739471435547,0.9976494908332825,763.0526733398438,107.56778717041016,0.8693512082099915,767.10498046875,87.57404327392578,0.9951732754707336,827.0610961914062,91.85150146484375,0.9900373220443726,756.8792724609375,153.3050994873047,0.9189940690994263,813.425048828125,158.02366638183594,0.7736030220985413,822.1426391601562,150.9456329345703,0.9932131767272949
244,714.14697265625,114.41377258300781,0.9940694570541382,734.71923828125,170.071533203125,0.9966760873794556,751.2484130859375,131.45936584472656,0.9903981685638428,764.5673828125,129.41932678222656,0.9905334711074829,791.7275390625,124.41499328613281,0.9969850182533264,819.4796142578125,122.76468658447266,0.9959562420845032,762.012939453125,106.0615463256836,0.9024319648742676,767.0069580078125,87.57404327392578,0.9956016540527344,826.6079711914062,92.15074157714844,0.9892332553863525,756.8062133789062,152.7227020263672,0.9106443524360657,767.476318359375,160.98977661132812,0.8398888111114502,821.1304931640625,150.94537353515625,0.9950333833694458
245,713.7203979492188,113.27851104736328,0.993428647518158,732.140625,170.071533203125,0.9914939403533936,749.5087890625,131.32591247558594,0.9927746057510376,763.8513793945312,129.73085021972656,0.9903908967971802,790.0789794921875,124.41499328613281,0.9974964261054993,818.2005615234375,122.51953125,0.9949147701263428,758.2473754882812,105.59972381591797,0.9373258352279663,766.7855834960938,87.57404327392578,0.9945630431175232,825.89453125,94.4996109008789,0.9910075068473816,756.5613403320312,150.99090576171875,0.9011715054512024,767.476318359375,160.98977661132812,0.9102992415428162,819.6785278320312,150.75743103027344,0.9948917627334595
246,712.4583740234375,112.51132202148438,0.9962636828422546,730.5656127929688,170.071533203125,0.9918859004974365,746.7575073242188,131.32591247558594,0.9953930377960205,761.542236328125,129.73085021972656,0.9951942563056946,788.3727416992188,124.41499328613281,0.9971573352813721,815.6897583007812,121.19587707519531,0.9946128129959106,749.3007202148438,106.35542297363281,0.9534178376197815,766.7855834960938,87.62702941894531,0.9957311749458313,824.525634765625,95.41011810302734,0.9923059344291687,755.56396484375,150.98324584960938,0.9067655801773071,767.476318359375,160.98977661132812,0.9123368263244629,818.4913940429688,150.75743103027344,0.9954025745391846
247,710.2240600585938,111.65342712402344,0.9962704181671143,728.4863891601562,169.48223876953125,0.9967467784881592,744.4421997070312,131.32591247558594,0.9957312941551208,759.8834228515625,129.73085021972656,0.9966997504234314,786.7564697265625,124.61181640625,0.9960263967514038,814.0015869140625,121.19587707519531,0.9931921362876892,746.935302734375,106.35542297363281,0.9610205292701721,766.8177490234375,87.63639831542969,0.9950177073478699,823.05322265625,95.81720733642578,0.9912703037261963,753.916259765625,150.84178161621094,0.8898900151252747,769.893798828125,158.6896514892578,0.9382487535476685,817.5842895507812,150.75743103027344,0.9957956075668335
248,707.6238403320312,110.06430053710938,0.9948203563690186,724.325439453125,168.67579650878906,0.9982089996337891,743.3353881835938,131.04727172851562,0.9968336224555969,757.1900024414062,129.49838256835938,0.997492790222168,784.2080688476562,124.61181640625,0.9931875467300415,811.970458984375,121.19587707519531,0.991332471370697,743.9168090820312,106.35542297363281,0.9676186442375183,766.8177490234375,87.79662322998047,0.9940482378005981,822.5879516601562,96.91596984863281,0.9922175407409668,752.9729614257812,150.582763671875,0.8743006587028503,769.893798828125,157.81394958496094,0.9568068385124207,816.6871948242188,150.75743103027344,0.9952667951583862
249,706.117431640625,108.90918731689453,0.9909366965293884,720.4032592773438,168.67579650878906,0.9962285757064819,740.4920654296875,131.75657653808594,0.996575653553009,754.2113647460938,129.49838256835938,0.997052788734436,782.6268920898438,124.41001892089844,0.9963932633399963,809.7649536132812,122.90996551513672,0.9959667921066284,737.9991455078125,109.32738494873047,0.9297395944595337,766.8177490234375,87.91400146484375,0.9938226938247681,820.913818359375,97.6029052734375,0.9946957230567932,738.8148193359375,149.41592407226562,0.8459041118621826,769.893798828125,157.57373046875,0.9808027744293213,815.8272705078125,151.01068115234375,0.9954168796539307
250,704.6055297851562,107.95125579833984,0.9896501302719116,718.677490234375,168.1017608642578,0.991028904914856,738.585693359375,131.7997589111328,0.996660590171814,751.30810546875,129.49838256835938,0.9961763620376587,779.4668579101562,124.84879302978516,0.9975886344909668,807.4488525390625,122.90996551513672,0.9974266886711121,736.1943969726562,110.65090942382812,0.8586402535438538,766.9269409179688,88.1595687866211,0.9938942790031433,818.0279541015625,98.81986236572266,0.9938884377479553,738.44677734375,149.0989990234375,0.8660984039306641,769.3568725585938,157.57373046875,0.9882196187973022,811.7191772460938,151.01068115234375,0.9947196245193481
251,703.1265258789062,107.95125579833984,0.9858615398406982,712.9314575195312,167.7904815673828,0.9938586354255676,735.8826293945312,131.7997589111328,0.9952458739280701,748.1454467773438,129.57269287109375,0.9915539622306824,778.1935424804688,124.9358901977539,0.9946927428245544,804.9136352539062,122.90996551513672,0.997373104095459,726.2848510742188,111.14183807373047,0.9129547476768494,766.9269409179688,88.30055236816406,0.9938086867332458,814.5067138671875,98.81986236572266,0.9911165237426758,737.8314208984375,149.0989990234375,0.9080555438995361,767.94873046875,157.57373046875,0.9885863661766052,810.407470703125,149.5335235595703,0.9951695799827576
252,700.114990234375,107.95125579833984,0.977809727191925,712.5119018554688,167.04417419433594,0.996557891368866,732.1229248046875,131.7997589111328,0.993634819984436,747.7733154296875,130.46929931640625,0.9920414090156555,773.7295532226562,124.9358901977539,0.9966860413551331,801.9400024414062,122.66926574707031,0.9949254989624023,723.015625,112.22229766845703,0.9381113052368164,766.856201171875,88.30055236816406,0.9942193031311035,808.0751342773438,98.81986236572266,0.9936973452568054,736.3104858398438,149.0989990234375,0.8880559802055359,767.7464599609375,160.91001892089844,0.990770161151886,808.6334838867188,149.5335235595703,0.9961930513381958
253,698.62353515625,107.95125579833984,0.9860413670539856,709.303466796875,167.04417419433594,0.9977832436561584,729.3744506835938,132.66021728515625,0.9914206266403198,745.2988891601562,131.7123260498047,0.9961162805557251,770.6356201171875,125.2115249633789,0.9968484044075012,798.7744750976562,122.54863739013672,0.9958384037017822,721.710205078125,114.24807739257812,0.9362701773643494,766.814697265625,88.30055236816406,0.9925453066825867,807.0865478515625,97.85469818115234,0.9882636070251465,724.3157348632812,150.27825927734375,0.836615800857544,764.9457397460938,161.79058837890625,0.9959053993225098,806.9058227539062,149.32855224609375,0.996353030204773
254,697.564453125,107.95125579833984,0.9892584681510925,706.0064697265625,167.04417419433594,0.9963611960411072,729.291259765625,134.51882934570312,0.9933276176452637,744.0394897460938,132.225341796875,0.9973061084747314,769.3319702148438,125.2115249633789,0.9950024485588074,797.3448486328125,122.54863739013672,0.9958392381668091,719.9990234375,115.75984954833984,0.9144310355186462,766.2568359375,88.44837188720703,0.9921463131904602,804.6273803710938,97.84220886230469,0.9881560802459717,721.6820068359375,153.09237670898438,0.7581803798675537,762.9207763671875,166.67491149902344,0.9910367727279663,804.8978881835938,147.6278839111328,0.9974538683891296
255,697.24853515625,107.83873748779297,0.9915462136268616,702.1211547851562,168.49559020996094,0.9938220977783203,728.3632202148438,134.8870086669922,0.9948144555091858,742.0130615234375,132.3031463623047,0.9976220726966858,768.9692993164062,125.51529693603516,0.9928508996963501,795.6060180664062,122.66926574707031,0.9944561123847961,719.9442749023438,116.11158752441406,0.9066049456596375,766.107666015625,88.81668853759766,0.9907399415969849,799.7802734375,97.44734954833984,0.987586498260498,721.3434448242188,153.09237670898438,0.7770041227340698,755.7671508789062,167.24276733398438,0.9907093048095703,801.8807373046875,145.76718139648438,0.9963186979293823
256,697.1324462890625,107.4084243774414,0.991378903388977,700.6469116210938,168.63156127929688,0.9901560544967651,727.2107543945312,135.0807342529297,0.9950070381164551,740.6290893554688,132.35894775390625,0.9978237152099609,768.007080078125,125.6915054321289,0.992212176322937,795.2893676757812,122.75466918945312,0.9961436986923218,719.8613891601562,116.22014617919922,0.9101186394691467,765.3458251953125,89.4071273803711,0.9895323514938354,795.3251953125,97.44734954833984,0.9826827049255371,720.2538452148438,151.04391479492188,0.7624529600143433,755.7671508789062,167.57957458496094,0.9916796088218689,801.8807373046875,144.86215209960938,0.9948849081993103
257,696.9692993164062,107.14566040039062,0.9914388656616211,700.1824951171875,169.25186157226562,0.9899643063545227,726.5885009765625,135.30226135253906,0.9954158067703247,739.5097045898438,132.36700439453125,0.9978075623512268,767.4266357421875,125.6915054321289,0.9925441741943359,793.3600463867188,124.61813354492188,0.9970346689224243,719.8023071289062,116.69475555419922,0.899215817451477,765.1177368164062,90.1740493774414,0.9846786260604858,783.159912109375,97.06538391113281,0.9876536726951599,720.1026000976562,151.04391479492188,0.7947397828102112,755.4179077148438,168.0093994140625,0.9904159307479858,801.6847534179688,144.40940856933594,0.994391143321991
258,696.934814453125,107.14566040039062,0.9912647604942322,699.6069946289062,169.40638732910156,0.9898013472557068,726.2625122070312,135.9838409423828,0.9953652620315552,738.8926391601562,132.52090454101562,0.9976576566696167,767.0750732421875,125.9024429321289,0.9931598901748657,792.73388671875,124.61813354492188,0.9970627427101135,719.7470092773438,116.8699722290039,0.896693766117096,765.1177368164062,90.1740493774414,0.9707674980163574,779.7434692382812,95.63350677490234,0.9480331540107727,717.583251953125,157.10845947265625,0.7873345613479614,755.236572265625,168.0093994140625,0.9911971092224121,801.6847534179688,144.10247802734375,0.9947630763053894
259,696.6443481445312,107.14566040039062,0.9922971129417419,698.9970703125,169.40638732910156,0.9908387064933777,725.817138671875,135.99227905273438,0.9955234527587891,737.8751220703125,132.60693359375,0.9976486563682556,766.3440551757812,125.94763946533203,0.993228018283844,792.0945434570312,124.61813354492188,0.9971850514411926,719.7289428710938,117.26438903808594,0.8965045213699341,764.8890380859375,90.1740493774414,0.9514181613922119,772.6503295898438,90.16951751708984,0.9625272750854492,717.43701171875,156.97372436523438,0.7891743779182434,754.6480102539062,168.0093994140625,0.9914689064025879,801.9483032226562,143.49789428710938,0.9941569566726685
260,695.7008666992188,107.85952758789062,0.993064820766449,698.4246215820312,169.25186157226562,0.9910768270492554,724.9805908203125,136.34152221679688,0.9949811100959778,736.6734008789062,132.7176513671875,0.9974053502082825,765.26953125,126.06658172607422,0.9944509863853455,790.898193359375,124.34197998046875,0.9970587491989136,718.7508544921875,117.26438903808594,0.8910516500473022,765.1177368164062,89.3771743774414,0.9589704871177673,772.6503295898438,89.30107879638672,0.9854304790496826,717.4100952148438,157.00315856933594,0.7843090295791626,754.5269165039062,167.50360107421875,0.992474377155304,802.396728515625,142.77804565429688,0.9940811991691589
261,694.29638671875,110.16100311279297,0.993924081325531,697.7267456054688,169.2500457763672,0.9915127158164978,723.90234375,136.7495574951172,0.9945281147956848,735.2888793945312,133.2299346923828,0.9972295165061951,764.2552490234375,126.3632583618164,0.9958232641220093,790.1524658203125,124.24713897705078,0.9965992569923401,718.5057983398438,116.8699722290039,0.9155294299125671,765.2205810546875,89.1491470336914,0.9128838181495667,772.6503295898438,88.23768615722656,0.9930471777915955,717.153564453125,157.00315856933594,0.807890772819519,754.5269165039062,167.40628051757812,0.9924312829971313,802.396728515625,142.62841796875,0.9937410950660706
262,692.2195434570312,110.6163558959961,0.9932992458343506,696.8931884765625,166.95436096191406,0.9918768405914307,722.8321533203125,137.00054931640625,0.9936662316322327,734.2503051757812,133.31982421875,0.9965298771858215,763.5730590820312,126.53291320800781,0.9965439438819885,789.6666870117188,120.6407470703125,0.9967556595802307,716.4480590820312,113.29141998291016,0.9067400097846985,765.2965087890625,89.01569366455078,0.8705275654792786,773.3465576171875,87.69171142578125,0.9949776530265808,717.1067504882812,157.00315856933594,0.8071906566619873,754.4558715820312,167.40628051757812,0.9937934875488281,802.396728515625,142.0962371826172,0.9943623542785645
263,690.9295654296875,110.71082305908203,0.992195725440979,696.6687622070312,166.95436096191406,0.9943840503692627,722.2877807617188,137.88238525390625,0.9926848411560059,733.7935180664062,133.41908264160156,0.9963299632072449,762.8283081054688,126.53291320800781,0.9968994855880737,788.7935180664062,120.55481719970703,0.9966990351676941,715.6185913085938,113.07477569580078,0.9185320734977722,765.3943481445312,88.50455474853516,0.852695643901825,773.4905395507812,87.21309661865234,0.9959319233894348,717.1067504882812,156.97372436523438,0.8118579387664795,754.1561889648438,167.33673095703125,0.9921916127204895,802.3219604492188,142.05691528320312,0.9938892126083374
264,687.890625,111.01055145263672,0.9912357330322266,695.3307495117188,166.95436096191406,0.9956579208374023,721.1927490234375,139.3701171875,0.9923740029335022,732.9068603515625,134.021484375,0.9942572116851807,762.51513671875,126.53291320800781,0.996302604675293,787.71875,120.55481719970703,0.996130108833313,714.5528564453125,113.07477569580078,0.9556196331977844,765.3943481445312,88.50455474853516,0.8076570630073547,773.4905395507812,87.21309661865234,0.9966610670089722,717.1067504882812,156.6481475830078,0.793157160282135,753.9475708007812,167.33673095703125,0.9915334582328796,802.3052368164062,141.43499755859375,0.99467933177948
265,686.6156005859375,111.50383758544922,0.9899505376815796,692.425048828125,168.44786071777344,0.9952351450920105,720.30712890625,139.37730407714844,0.9910813570022583,732.411376953125,134.1396942138672,0.9917851686477661,761.4570922851562,126.61456298828125,0.9964467883110046,786.6705322265625,120.3248291015625,0.9950823783874512,714.5394287109375,113.29141998291016,0.9667789936065674,765.3943481445312,88.50455474853516,0.8111816644668579,773.4905395507812,87.21309661865234,0.9968681931495667,721.8125610351562,156.6481475830078,0.8335256576538086,753.9475708007812,167.38632202148438,0.9924256801605225,800.9102172851562,140.4586181640625,0.9940305352210999
266,684.3236083984375,111.50383758544922,0.9911777377128601,692.425048828125,169.84902954101562,0.9965500831604004,719.1257934570312,139.4393310546875,0.9888239502906799,732.109619140625,134.56251525878906,0.9850296378135681,761.2994384765625,126.65255737304688,0.9972453117370605,785.0806274414062,120.3248291015625,0.9920538663864136,714.5394287109375,113.69529724121094,0.9792155027389526,761.0938110351562,90.99346923828125,0.8572200536727905,773.1016235351562,87.91352081298828,0.9957587122917175,721.8125610351562,157.9330596923828,0.8759300112724304,753.9475708007812,167.38632202148438,0.9937711358070374,800.868408203125,140.08042907714844,0.9925006031990051
267,682.5924072265625,111.7557601928711,0.9905490279197693,691.8783569335938,170.18136596679688,0.9961663484573364,715.912109375,139.4393310546875,0.9832420349121094,731.372314453125,134.78955078125,0.9831680655479431,759.6185302734375,126.73538970947266,0.9975576400756836,783.9725341796875,120.70762634277344,0.9928001165390015,714.5394287109375,113.69529724121094,0.9799497723579407,756.7315673828125,92.26329040527344,0.9169855713844299,772.2490844726562,88.21517181396484,0.9937013387680054,721.8125610351562,159.5828094482422,0.9395462274551392,754.6421508789062,167.38632202148438,0.9937133193016052,800.6680908203125,139.54376220703125,0.9936113953590393
268,681.0388793945312,111.7557601928711,0.9924777150154114,691.7255249023438,170.56053161621094,0.9960699081420898,714.666259765625,139.4393310546875,0.9859620928764343,729.7590942382812,134.9115753173828,0.9874760508537292,757.8564453125,127.43132781982422,0.9968884587287903,782.0582885742188,120.70762634277344,0.9945008754730225,715.6524047851562,113.69529724121094,0.9836766719818115,747.5975341796875,94.29419708251953,0.8788339495658875,771.4303588867188,88.33342742919922,0.9973545074462891,719.8114624023438,159.5828094482422,0.9651942849159241,755.0433959960938,167.42982482910156,0.9923639297485352,800.5721435546875,139.3940887451172,0.9932738542556763
269,679.8948364257812,111.7557601928711,0.9950238466262817,691.339111328125,170.75921630859375,0.9966121315956116,714.531982421875,139.4393310546875,0.9876866936683655,728.2525634765625,135.1707000732422,0.9914121627807617,756.4193115234375,127.48428344726562,0.9968211650848389,780.2679443359375,120.73750305175781,0.9944394826889038,716.0811767578125,113.52241516113281,0.9837192893028259,740.1563110351562,94.6093978881836,0.9885824918746948,771.2461547851562,88.48057556152344,0.9960749745368958,718.1307373046875,160.63853454589844,0.9616523385047913,755.1626586914062,167.6275177001953,0.9918477535247803,800.1030883789062,139.3940887451172,0.9925673007965088
270,678.5584716796875,111.877685546875,0.9958490133285522,690.0691528320312,170.843505859375,0.9959350824356079,713.1188354492188,139.47857666015625,0.9923496246337891,726.2727661132812,135.43499755859375,0.9936805963516235,754.26220703125,127.71588134765625,0.9961363673210144,778.7577514648438,121.39094543457031,0.9942898750305176,717.0244750976562,113.52241516113281,0.984104573726654,732.6762084960938,95.63746643066406,0.9753456115722656,771.2461547851562,88.72860717773438,0.9961154460906982,715.9385986328125,161.1232452392578,0.9614054560661316,756.4195556640625,168.31541442871094,0.9913893342018127,798.3043212890625,139.54376220703125,0.9895361661911011
271,675.8162231445312,112.28024291992188,0.995751142501831,689.7079467773438,171.09768676757812,0.9940769672393799,711.66162109375,139.47857666015625,0.9949584603309631,723.9105834960938,135.82550048828125,0.9941400289535522,753.9280395507812,128.03741455078125,0.9930909872055054,778.3505859375,121.78202819824219,0.994118332862854,719.1845092773438,113.52241516113281,0.9843053221702576,724.90283203125,95.63746643066406,0.9842084050178528,771.1510620117188,89.16488647460938,0.9962322115898132,710.0872192382812,161.05984497070312,0.9392674565315247,756.6906127929688,168.82017517089844,0.9952890872955322,791.1549072265625,142.22447204589844,0.9752990007400513
272,674.2379150390625,112.8331298828125,0.9953923225402832,688.3591918945312,171.09768676757812,0.9924458861351013,710.3050537109375,140.20339965820312,0.996182382106781,721.8995361328125,136.6278533935547,0.9929745197296143,752.0504760742188,128.15614318847656,0.9961974620819092,776.4436645507812,122.34307861328125,0.9964677095413208,719.1845092773438,113.57324981689453,0.9827238917350769,721.48974609375,96.01422119140625,0.9848799705505371,771.1508178710938,92.55067443847656,0.9940212368965149,706.2241821289062,161.25218200683594,0.9587276577949524,757.2382202148438,168.96240234375,0.9977758526802063,781.26220703125,145.39451599121094,0.9828532338142395
273,672.9291381835938,114.4198989868164,0.9920704960823059,686.8905639648438,171.48873901367188,0.990908682346344,708.300048828125,140.2930145263672,0.9961428046226501,720.1286010742188,137.34999084472656,0.9895695447921753,749.5520629882812,128.6711883544922,0.9966463446617126,773.7467041015625,122.49376678466797,0.997168242931366,719.1845092773438,113.89257049560547,0.9791642427444458,717.8265991210938,101.402587890625,0.9727929830551147,770.5343017578125,93.56803894042969,0.9945270419120789,703.5764770507812,161.65174865722656,0.9553227424621582,757.2382202148438,169.20411682128906,0.9978179931640625,775.189453125,147.0785675048828,0.9923245906829834
274,671.4234619140625,117.1948013305664,0.9900968074798584,685.7249755859375,172.48130798339844,0.9883318543434143,705.40380859375,141.15704345703125,0.9921703934669495,718.0125122070312,137.899658203125,0.9753543138504028,746.1801147460938,129.78561401367188,0.9950053095817566,770.9685668945312,122.97166442871094,0.9967387318611145,719.0503540039062,114.3432846069336,0.9801371693611145,710.4462890625,102.0623779296875,0.9914473295211792,769.1344604492188,95.68560028076172,0.9924597144126892,700.7554321289062,161.65174865722656,0.9149590134620667,757.2382202148438,169.3166961669922,0.9975058436393738,773.9674682617188,150.46102905273438,0.9873566627502441
275,668.0186157226562,119.29823303222656,0.991647481918335,685.7249755859375,172.83306884765625,0.9873406291007996,700.6846313476562,141.25682067871094,0.9863196015357971,716.3123168945312,137.93165588378906,0.9727372527122498,745.7356567382812,130.69740295410156,0.99639493227005,768.1095581054688,124.10897827148438,0.9948115348815918,718.971923828125,115.05967712402344,0.9810618758201599,708.2998046875,103.52188873291016,0.9511162042617798,767.8850708007812,97.06255340576172,0.9884257316589355,695.7779541015625,163.534423828125,0.9310138821601868,757.1217041015625,169.20411682128906,0.9970986843109131,767.8182983398438,153.3177947998047,0.9726867079734802
276,664.7691040039062,120.56319427490234,0.9918681979179382,685.7249755859375,173.02801513671875,0.9839537143707275,696.9735107421875,142.66061401367188,0.9927610158920288,715.422607421875,139.0302276611328,0.985816240310669,742.0814819335938,131.18540954589844,0.9972521662712097,765.9263916015625,124.60590362548828,0.9954385161399841,713.90673828125,116.05001068115234,0.9371989369392395,703.9710693359375,103.76753234863281,0.8729831576347351,766.429443359375,97.7169418334961,0.9858106374740601,694.7239379882812,165.8776092529297,0.9546730518341064,756.846435546875,169.20411682128906,0.9957874417304993,765.77978515625,157.0612030029297,0.9677801728248596
277,662.7368774414062,122.17765808105469,0.9905614256858826,685.7249755859375,173.46990966796875,0.9789569973945618,695.9280395507812,144.70770263671875,0.993558943271637,713.60400390625,140.8224334716797,0.9884530901908875,739.8839721679688,131.87496948242188,0.9976311922073364,763.4114990234375,124.93416595458984,0.9952221512794495,710.395263671875,121.30845642089844,0.8987913727760315,699.3748779296875,103.76753234863281,0.9301985502243042,763.291015625,99.6650619506836,0.9908700585365295,693.283935546875,168.05181884765625,0.9664348363876343,755.1361694335938,167.74310302734375,0.9890544414520264,761.7811889648438,158.8182830810547,0.9686354994773865
278,661.7677612304688,122.34803771972656,0.9919769167900085,687.904052734375,173.6010284423828,0.9753182530403137,694.6139526367188,144.70770263671875,0.9947155117988586,711.8156127929688,140.8224334716797,0.9899058938026428,737.60546875,132.20062255859375,0.9976428151130676,762.3407592773438,126.8403549194336,0.9965835213661194,709.3260498046875,121.30845642089844,0.8946268558502197,695.3272705078125,103.88568878173828,0.9333937764167786,761.8837890625,100.99626922607422,0.9956017732620239,691.94775390625,168.11566162109375,0.9718852639198303,754.03173828125,167.17848205566406,0.9867237210273743,761.4100952148438,159.16043090820312,0.9777432680130005
279,660.7644653320312,122.34803771972656,0.9913580417633057,687.904052734375,173.6010284423828,0.9753385782241821,692.053955078125,144.70770263671875,0.9947673082351685,709.1593017578125,140.8224334716797,0.9904595613479614,735.8148803710938,133.0231475830078,0.9977145195007324,760.320556640625,127.34114074707031,0.9976317882537842,708.0942993164062,121.30845642089844,0.8633692860603333,695.2018432617188,103.76753234863281,0.9476900100708008,759.7637329101562,103.16939544677734,0.9961555600166321,690.7417602539062,168.90020751953125,0.9715225100517273,752.7327880859375,166.6990966796875,0.9726826548576355,760.72314453125,159.7959747314453,0.9854009747505188
280,660.0401000976562,122.34803771972656,0.9909172654151917,685.4752807617188,174.0444793701172,0.9687974452972412,690.6768798828125,144.61778259277344,0.9959501028060913,706.4452514648438,140.72427368164062,0.9888615012168884,733.2736206054688,133.0231475830078,0.9984064698219299,758.986328125,127.39410400390625,0.9979214072227478,705.5322265625,117.00460052490234,0.8015832304954529,694.6710205078125,103.60701751708984,0.9742417335510254,758.9115600585938,103.67670440673828,0.995147168636322,690.5215454101562,168.90020751953125,0.9742699861526489,752.3245239257812,166.3249053955078,0.9595089554786682,759.9324340820312,159.7959747314453,0.9880956411361694
281,657.678955078125,120.39285278320312,0.9895187020301819,684.9017944335938,174.0444793701172,0.972143292427063,688.7713623046875,143.97622680664062,0.9936892986297607,704.6064453125,139.96983337402344,0.9874446392059326,731.8724975585938,133.03756713867188,0.9981167316436768,757.5232543945312,127.39823913574219,0.9979826211929321,704.7769775390625,116.79984283447266,0.8156247735023499,694.6258544921875,102.79434204101562,0.9779849052429199,757.3802490234375,104.58222198486328,0.9967446327209473,689.5770263671875,168.90020751953125,0.9754894971847534,751.2679443359375,166.20179748535156,0.9407460689544678,759.2997436523438,159.7959747314453,0.987505316734314
282,655.7763061523438,120.20088195800781,0.9872058629989624,684.6309204101562,173.98995971679688,0.9703931212425232,688.7498779296875,143.08995056152344,0.9894686341285706,703.3436889648438,138.8740692138672,0.9824032783508301,730.358154296875,133.03756713867188,0.9970895648002625,755.9339599609375,127.69619750976562,0.9970337152481079,704.45263671875,116.79024505615234,0.8597257137298584,694.47998046875,101.60930633544922,0.9836120009422302,756.7410888671875,105.43016052246094,0.9968773126602173,689.417724609375,167.42970275878906,0.9746413826942444,748.5698852539062,166.20179748535156,0.935075581073761,759.0673217773438,156.7482452392578,0.9929903745651245
283,655.6232299804688,119.94183349609375,0.9858371019363403,684.6309204101562,173.98995971679688,0.9666470885276794,687.748779296875,142.50782775878906,0.9869482517242432,701.74609375,138.6795196533203,0.9745264649391174,729.761474609375,132.8673553466797,0.9973853230476379,754.7030639648438,127.92839050292969,0.9958181977272034,703.352294921875,116.79024505615234,0.8585399985313416,694.2008666992188,101.01476287841797,0.9837579131126404,756.6561279296875,105.50828552246094,0.9970030188560486,689.3353271484375,166.11117553710938,0.9732956290245056,745.5972290039062,166.0576629638672,0.950638473033905,757.453857421875,156.3957061767578,0.9951329827308655
284,653.4950561523438,119.4343032836914,0.9884695410728455,684.357421875,173.8841094970703,0.9667737483978271,687.6273803710938,142.10951232910156,0.9893179535865784,701.0262451171875,138.67799377441406,0.9737729430198669,728.4794921875,132.58436584472656,0.9976627826690674,752.7681884765625,127.9787368774414,0.9959291815757751,701.5005493164062,116.79984283447266,0.919516384601593,694.0568237304688,100.36992645263672,0.9920587539672852,756.5151977539062,105.57035064697266,0.9970345497131348,688.8092041015625,165.76730346679688,0.9709448218345642,745.3667602539062,166.0576629638672,0.9661275148391724,755.4889526367188,155.7365264892578,0.995164155960083
285,650.6749267578125,119.00916290283203,0.9910916686058044,684.357421875,173.85617065429688,0.9448252320289612,686.554931640625,142.0318145751953,0.990452766418457,700.0805053710938,138.03834533691406,0.9731031060218811,727.3070678710938,132.5439910888672,0.9972284436225891,752.1463012695312,127.98099517822266,0.996103048324585,700.05322265625,117.13195037841797,0.9382585883140564,694.0501708984375,100.32250213623047,0.9947686195373535,756.182861328125,105.59608459472656,0.9970431923866272,688.7501220703125,165.75347900390625,0.9696025848388672,745.0355834960938,166.40646362304688,0.9614763259887695,752.9407348632812,155.72491455078125,0.9926251769065857
286,650.2088623046875,117.82975006103516,0.9928792119026184,684.3081665039062,173.54615783691406,0.9552597999572754,685.0051879882812,141.89297485351562,0.9926578402519226,699.2224731445312,137.985595703125,0.9777888655662537,726.4454956054688,132.5439910888672,0.997149646282196,751.5177001953125,128.08792114257812,0.9970189332962036,698.1064453125,117.13195037841797,0.9455682635307312,693.4879760742188,100.26236724853516,0.9964248538017273,755.3640747070312,105.77124786376953,0.9967126846313477,688.5257568359375,165.75347900390625,0.9702072739601135,744.9453735351562,166.42434692382812,0.9718053340911865,752.8142700195312,155.6841583251953,0.9928731918334961
287,649.3200073242188,116.43791961669922,0.9959505796432495,683.0887451171875,173.42910766601562,0.957893967628479,683.048828125,141.88990783691406,0.9936991930007935,698.1021118164062,137.985595703125,0.9827969074249268,725.9823608398438,132.5439910888672,0.9969210624694824,751.3682250976562,128.16468811035156,0.9976480603218079,696.17822265625,117.13195037841797,0.9585169553756714,692.9310302734375,100.23155212402344,0.9972466230392456,754.0347900390625,106.01649475097656,0.9961351156234741,687.6947021484375,165.441650390625,0.9713624119758606,744.3857421875,166.40646362304688,0.9799036383628845,752.2841186523438,155.07730102539062,0.9916497468948364
288,649.2622680664062,115.02306365966797,0.9954423904418945,676.1707763671875,171.37339782714844,0.9779919981956482,681.3473510742188,141.828857421875,0.9930878281593323,697.1256713867188,137.88742065429688,0.9862918257713318,724.9715576171875,132.5439910888672,0.9971091151237488,750.3673095703125,128.74417114257812,0.9980341792106628,694.0233764648438,116.94256591796875,0.9488265514373779,691.9791259765625,100.18889617919922,0.9977867603302002,753.1934814453125,106.10741424560547,0.9956071972846985,687.38720703125,165.441650390625,0.9684131741523743,740.5239868164062,166.40646362304688,0.9806154370307922,752.2841186523438,155.0043487548828,0.989231526851654
289,649.2622680664062,113.46285247802734,0.9945981502532959,672.1992797851562,171.1627197265625,0.9825748801231384,681.2828979492188,140.55508422851562,0.991054356098175,694.972900390625,137.76295471191406,0.9894477128982544,723.98486328125,132.5439910888672,0.9967735409736633,749.379150390625,128.9837188720703,0.998264729976654,692.8904418945312,115.85478210449219,0.9521144032478333,691.865478515625,99.69794464111328,0.9975771307945251,753.1695556640625,106.10741424560547,0.9955385327339172,687.2749633789062,165.21693420410156,0.9647170305252075,728.865234375,165.33164978027344,0.987472653388977,751.8895263671875,152.63584899902344,0.9869602918624878
290,649.3200073242188,111.49114990234375,0.9913943409919739,667.5828247070312,169.68870544433594,0.9742240905761719,680.4099731445312,139.18753051757812,0.992882490158081,693.8709716796875,137.60240173339844,0.9930042624473572,722.8504028320312,132.48048400878906,0.9966133236885071,748.119384765625,129.55194091796875,0.9982702732086182,686.0678100585938,112.45820617675781,0.9630860686302185,691.2755737304688,99.58494567871094,0.9970763921737671,752.9036865234375,106.01649475097656,0.9947208166122437,687.2749633789062,164.3258056640625,0.9574241042137146,725.4722290039062,165.33164978027344,0.9916114211082458,750.4485473632812,152.63584899902344,0.9809849262237549
291,650.1342163085938,109.6300048828125,0.9885359406471252,665.0481567382812,164.31414794921875,0.9809672236442566,678.8086547851562,138.09486389160156,0.9941689968109131,692.6774291992188,136.93711853027344,0.9944090247154236,722.057861328125,132.28347778320312,0.9966006875038147,747.373291015625,129.8123321533203,0.9984983205795288,684.9705810546875,112.33688354492188,0.9701085090637207,691.0639038085938,99.57109832763672,0.9955452680587769,752.823486328125,105.96929931640625,0.9937398433685303,687.38720703125,163.70518493652344,0.9371408224105835,721.269287109375,165.33164978027344,0.9868971705436707,749.1127319335938,152.45181274414062,0.9868565201759338
292,650.6758422851562,106.34471893310547,0.9883483052253723,660.3394165039062,163.68609619140625,0.9946666955947876,677.9391479492188,136.5287628173828,0.995257556438446,691.3358154296875,135.5153045654297,0.9952927827835083,720.240478515625,131.0402374267578,0.9976499676704407,747.1859741210938,130.99676513671875,0.9985338449478149,683.58740234375,111.60834503173828,0.9652968049049377,690.5380859375,99.12068176269531,0.9938513040542603,752.823486328125,105.96929931640625,0.9932233095169067,687.38720703125,161.1654052734375,0.8954569101333618,706.5993041992188,165.68246459960938,0.9721826314926147,748.9825439453125,152.45181274414062,0.9877378940582275
293,652.7153930664062,102.61503601074219,0.9957094192504883,657.2786865234375,162.5695343017578,0.9951851963996887,676.398193359375,135.11131286621094,0.9956693649291992,689.8552856445312,134.05882263183594,0.9952464699745178,719.2061157226562,130.68679809570312,0.9978710412979126,746.3069458007812,131.1147003173828,0.9986742734909058,683.1700439453125,111.60834503173828,0.974280059337616,690.5380859375,98.99274444580078,0.9914407730102539,752.823486328125,105.96929931640625,0.9932552576065063,686.99560546875,156.38340759277344,0.889755368232727,694.7250366210938,168.06239318847656,0.9742811918258667,748.2942504882812,152.45181274414062,0.9863779544830322
294,652.9182739257812,99.27189636230469,0.9970692992210388,653.7927856445312,159.2673797607422,0.9891530275344849,675.6658935546875,132.86927795410156,0.9968420267105103,689.20068359375,132.98985290527344,0.9960171580314636,718.1497802734375,130.51129150390625,0.9978316426277161,745.1016845703125,131.14938354492188,0.998944103717804,682.9826049804688,111.60834503173828,0.9537066221237183,690.163330078125,97.86280822753906,0.9913488030433655,752.7000122070312,106.06012725830078,0.9930453896522522,672.7855834960938,151.8977508544922,0.8648393750190735,694.01318359375,168.59814453125,0.9865468740463257,746.6723022460938,152.45181274414062,0.9867141842842102
295,653.1258544921875,96.98487091064453,0.9953244924545288,647.3995361328125,157.43128967285156,0.9858733415603638,674.3517456054688,131.64195251464844,0.9959523677825928,688.1246337890625,132.89633178710938,0.9959706664085388,716.7310180664062,130.51129150390625,0.9975070357322693,743.9442749023438,131.14938354492188,0.9991612434387207,682.9583129882812,111.81201171875,0.9042347073554993,690.163330078125,97.4327163696289,0.992779552936554,752.7000122070312,106.47039794921875,0.9918056726455688,669.1600341796875,151.792724609375,0.8533328771591187,693.440673828125,168.8000946044922,0.9873253107070923,744.0725708007812,152.30287170410156,0.9877304434776306
296,654.68505859375,95.6454086303711,0.9920905828475952,645.2471313476562,157.43128967285156,0.9940910935401917,672.8309326171875,130.4707489013672,0.9945806860923767,686.5946044921875,132.49664306640625,0.9950771927833557,715.0341186523438,130.51129150390625,0.9970671534538269,743.2427368164062,131.14938354492188,0.9992877840995789,682.9583129882812,111.89862823486328,0.8535996675491333,690.6737060546875,97.09494018554688,0.9938173890113831,752.2937622070312,106.47039794921875,0.9886747002601624,665.481689453125,149.27688598632812,0.8231269717216492,692.6603393554688,168.59814453125,0.990724503993988,741.500732421875,152.30287170410156,0.992729127407074
297,654.9752807617188,93.40363311767578,0.9906024932861328,640.7362670898438,157.43128967285156,0.9933133721351624,671.371826171875,130.14157104492188,0.9913883805274963,686.0770263671875,131.79583740234375,0.9930928945541382,714.8880004882812,130.8335418701172,0.9972149133682251,742.6145629882812,131.1352081298828,0.9991944432258606,682.9583129882812,112.21229553222656,0.8169119358062744,691.2450561523438,96.99195098876953,0.993974506855011,752.2806396484375,106.47039794921875,0.9874570965766907,661.036376953125,148.736572265625,0.8505344986915588,690.8533935546875,168.06239318847656,0.9929817914962769,739.5474853515625,152.2745819091797,0.9932443499565125
298,655.5194091796875,88.86113739013672,0.9900081157684326,637.1751708984375,157.5439453125,0.9888952970504761,670.4075317382812,128.20582580566406,0.988849937915802,685.8004150390625,131.79583740234375,0.9900630116462708,713.4049072265625,130.8335418701172,0.9979819059371948,741.035888671875,130.98936462402344,0.9991576671600342,682.7474975585938,112.24054718017578,0.7978346943855286,691.5056762695312,96.73749542236328,0.9936491847038269,750.9247436523438,106.59967803955078,0.9790307879447937,659.7780151367188,148.51231384277344,0.8247605562210083,690.3760986328125,167.57008361816406,0.9963513612747192,738.881103515625,151.72605895996094,0.9947673082351685
299,656.0518798828125,87.31311798095703,0.9945918917655945,635.1858520507812,157.5439453125,0.9798274040222168,669.3702392578125,127.39511108398438,0.9886208176612854,684.4884643554688,131.79583740234375,0.9884347915649414,712.1585693359375,130.8335418701172,0.9983192086219788,740.3782348632812,130.81886291503906,0.9986729621887207,682.5325317382812,112.24054718017578,0.7602114081382751,692.3612670898438,96.73749542236328,0.990094006061554,747.3071899414062,106.36173248291016,0.9821975827217102,658.012939453125,148.1281280517578,0.8033207654953003,689.5331420898438,167.4375762939453,0.996806263923645,738.341796875,151.59463500976562,0.9947015047073364
300,655.5194091796875,87.31311798095703,0.9956589937210083,634.3582153320312,157.5439453125,0.9822695851325989,668.7942504882812,127.14408874511719,0.9883507490158081,683.0418090820312,131.7182159423828,0.9906837940216064,711.33349609375,130.8335418701172,0.9984109401702881,739.1353149414062,130.7233428955078,0.9977678060531616,680.7430419921875,112.22335052490234,0.7513744831085205,692.3612670898438,96.73749542236328,0.9924170970916748,746.3394775390625,105.71353149414062,0.9860135912895203,657.9667358398438,147.61390686035156,0.7919191718101501,688.4749755859375,167.35577392578125,0.9957578778266907,738.320556640625,151.4012451171875,0.995139479637146
301,655.5194091796875,87.10365295410156,0.9958309531211853,633.0284423828125,155.19410705566406,0.9816888570785522,668.2324829101562,126.88126373291016,0.9896069169044495,682.3218383789062,131.7182159423828,0.9938490986824036,710.1663818359375,130.8668670654297,0.9984266757965088,736.5558471679688,130.53802490234375,0.9960069060325623,680.2386474609375,112.21229553222656,0.7713071703910828,692.485595703125,97.04047393798828,0.9929603934288025,743.4100341796875,105.43221282958984,0.9915803074836731,657.936279296875,146.97055053710938,0.805655837059021,688.0433349609375,167.26925659179688,0.9953733086585999,738.320556640625,150.0391082763672,0.9957041144371033
302,654.8037109375,87.10365295410156,0.9938978552818298,632.379150390625,154.5507049560547,0.9795733690261841,667.4305419921875,126.88126373291016,0.9904851317405701,681.5611572265625,131.7182159423828,0.9958413243293762,709.3511962890625,130.87757873535156,0.9987649917602539,735.5991821289062,130.2578887939453,0.9974009990692139,679.2177124023438,111.9363784790039,0.7778993844985962,692.3612670898438,97.22378540039062,0.9933332800865173,741.8253784179688,105.43221282958984,0.9951144456863403,657.8292846679688,146.5697479248047,0.8131146430969238,688.0433349609375,167.16055297851562,0.9957396984100342,738.341796875,150.0324249267578,0.9949370622634888
303,653.8137817382812,87.319091796875,0.9903602600097656,632.0628051757812,154.42489624023438,0.9809773564338684,666.5383911132812,126.88126373291016,0.9906167387962341,681.121826171875,131.36871337890625,0.9974441528320312,708.6900634765625,131.2830047607422,0.9990447163581848,734.7366333007812,129.9027557373047,0.9980863332748413,670.3031616210938,106.07784271240234,0.8449370861053467,692.031982421875,97.55213928222656,0.9936843514442444,739.3928833007812,104.88786315917969,0.9969256520271301,657.3278198242188,146.13189697265625,0.8264142870903015,687.8397216796875,167.09042358398438,0.9943817257881165,738.320556640625,149.751953125,0.9954363703727722
304,653.6336669921875,87.50993347167969,0.9917851686477661,632.0628051757812,153.77569580078125,0.986422061920166,665.8572387695312,127.20343780517578,0.9890552759170532,679.8580932617188,130.35882568359375,0.9980031847953796,707.5747680664062,131.30148315429688,0.9989569187164307,733.8262329101562,129.371826171875,0.9984570741653442,669.94140625,105.71240997314453,0.9038032293319702,692.031982421875,97.68614196777344,0.9941436648368835,734.268798828125,104.47332763671875,0.9944601058959961,656.6027221679688,145.90184020996094,0.843687891960144,688.0368041992188,166.97998046875,0.9939671754837036,737.5478515625,149.7471923828125,0.9956673383712769
305,650.7303466796875,88.43363189697266,0.9933932423591614,632.1919555664062,153.51670837402344,0.9868125319480896,664.6190185546875,127.42483520507812,0.9917882084846497,678.5259399414062,130.31320190429688,0.9983951449394226,706.5325317382812,131.30148315429688,0.9985515475273132,732.8695068359375,128.8292236328125,0.9986082911491394,669.059326171875,104.84060668945312,0.9098806381225586,692.5534057617188,97.8187255859375,0.9934671521186829,731.6638793945312,102.20112609863281,0.9941936135292053,655.3404541015625,145.90184020996094,0.84592604637146,688.0368041992188,166.4479217529297,0.9959667921066284,737.5478515625,149.3951873779297,0.9956434965133667
306,649.3203125,88.65230560302734,0.9952462315559387,631.169189453125,150.9812774658203,0.9868245720863342,663.5759887695312,127.42483520507812,0.9938223361968994,677.1223754882812,129.93748474121094,0.9984045624732971,705.9661254882812,131.2830047607422,0.9981467723846436,732.5350341796875,128.8292236328125,0.9986503720283508,667.943359375,103.95027923583984,0.8893477320671082,692.8211669921875,98.37632751464844,0.9920774102210999,728.4490966796875,100.61487579345703,0.9942875504493713,655.3404541015625,145.90184020996094,0.8504297137260437,687.2005004882812,166.13987731933594,0.9950704574584961,737.3850708007812,149.3945770263672,0.9952483773231506
307,648.4612426757812,88.65230560302734,0.9958664178848267,630.9599609375,150.04641723632812,0.99237459897995,662.6022338867188,127.42483520507812,0.9952032566070557,676.3449096679688,129.61302185058594,0.9985501170158386,705.3619995117188,131.22482299804688,0.9978959560394287,731.975341796875,128.8292236328125,0.9985989928245544,667.0155639648438,103.92501831054688,0.9052707552909851,693.4898071289062,99.0052490234375,0.9898987412452698,722.1869506835938,100.03559112548828,0.9973606467247009,655.3404541015625,146.0172119140625,0.8636224865913391,686.788330078125,165.99658203125,0.9939401149749756,734.8873291015625,148.36813354492188,0.9927706122398376
308,648.240234375,89.02173614501953,0.995469331741333,630.215087890625,148.89012145996094,0.9967959523200989,661.36572265625,127.39069366455078,0.9948687553405762,675.2010498046875,129.61302185058594,0.9984449744224548,704.2449340820312,130.96664428710938,0.9972842931747437,730.459716796875,130.19349670410156,0.9984720349311829,666.1752319335938,103.77059936523438,0.9061633944511414,693.5321655273438,99.0052490234375,0.988477885723114,719.6840209960938,98.82534790039062,0.9939826130867004,656.5324096679688,148.143798828125,0.8728992342948914,686.788330078125,166.13987731933594,0.9952776432037354,734.3908081054688,147.8828125,0.9949472546577454
309,647.9845581054688,89.02173614501953,0.9956718683242798,629.04345703125,148.54901123046875,0.9979192614555359,660.4375,127.39069366455078,0.9940808415412903,674.0391845703125,129.59686279296875,0.9980289340019226,702.3505859375,130.7321319580078,0.9970136880874634,728.781494140625,130.19349670410156,0.9988915324211121,665.7440795898438,103.10059356689453,0.8984684348106384,694.9129638671875,99.5140151977539,0.9699146151542664,718.6318359375,98.34559631347656,0.9891530275344849,656.5324096679688,148.42713928222656,0.9113605618476868,686.788330078125,165.99658203125,0.9920921921730042,732.919921875,147.4045867919922,0.9940810799598694
310,646.9923095703125,89.02173614501953,0.9963244795799255,627.24609375,148.20980834960938,0.9972984194755554,658.9187622070312,127.26715087890625,0.9940645098686218,672.5050048828125,129.61302185058594,0.997307538986206,701.2086181640625,130.7321319580078,0.9968750476837158,727.5776977539062,130.19349670410156,0.9991490840911865,665.3255615234375,102.9347152709961,0.9241557717323303,695.7855224609375,99.5140151977539,0.9251761436462402,714.2025756835938,97.9570541381836,0.9827133417129517,656.5324096679688,148.49803161621094,0.9571158289909363,687.4519653320312,165.92198181152344,0.9905731081962585,732.6170654296875,147.092529296875,0.9921709299087524
311,645.5090942382812,87.99676513671875,0.997217059135437,624.7591552734375,146.12716674804688,0.9950908422470093,657.3077392578125,127.17627716064453,0.9923606514930725,670.7849731445312,129.65480041503906,0.9955883026123047,700.520751953125,130.7321319580078,0.9976297616958618,726.0987548828125,129.8147430419922,0.9991683959960938,665.3255615234375,102.9347152709961,0.9356129169464111,696.0314331054688,100.43778228759766,0.8210102319717407,713.0000610351562,91.43842315673828,0.9855371117591858,655.4833374023438,148.49803161621094,0.9786862134933472,688.3884887695312,165.99658203125,0.99024897813797,731.304443359375,146.6050262451172,0.9936914443969727
312,643.6741943359375,87.13729095458984,0.9981655478477478,622.490234375,145.0142364501953,0.9920280575752258,656.4593505859375,126.91238403320312,0.9907289743423462,669.4183959960938,129.7014923095703,0.9921675324440002,699.350341796875,130.7321319580078,0.9980225563049316,724.1353759765625,129.11422729492188,0.9990038275718689,665.3255615234375,102.9347152709961,0.9484813213348389,696.0314331054688,98.6001205444336,0.8220381140708923,712.4296875,91.0764389038086,0.9770144820213318,652.005615234375,148.49803161621094,0.9698437452316284,688.3884887695312,166.23403930664062,0.9931309819221497,731.272705078125,146.53611755371094,0.9936091899871826
313,642.3450317382812,86.28145599365234,0.9975736737251282,621.7640991210938,143.08277893066406,0.9914783835411072,655.6359252929688,126.37718963623047,0.9889989495277405,668.3654174804688,129.89846801757812,0.9870511293411255,699.2061157226562,130.72215270996094,0.9985209107398987,722.7766723632812,128.45443725585938,0.9983856678009033,667.07470703125,104.00906372070312,0.9590350985527039,695.7855224609375,96.61467742919922,0.6916517019271851,712.105224609375,90.80077362060547,0.9911709427833557,649.7608032226562,147.30923461914062,0.9644668102264404,688.3884887695312,166.68251037597656,0.9945218563079834,730.9801635742188,146.6050262451172,0.9932050704956055
314,639.8618774414062,86.28145599365234,0.9944183826446533,620.4545288085938,143.08277893066406,0.9897197484970093,653.3759765625,125.26801300048828,0.9881318807601929,668.2692260742188,129.89846801757812,0.9914284348487854,697.6287231445312,130.72215270996094,0.9990506768226624,720.9117431640625,128.35256958007812,0.9973776340484619,667.07470703125,104.9591064453125,0.9668817520141602,669.0885620117188,96.02154541015625,0.7624564170837402,710.72607421875,90.50674438476562,0.9906260967254639,647.6272583007812,146.10150146484375,0.9592668414115906,688.3884887695312,166.68251037597656,0.9952990412712097,728.9188842773438,146.6050262451172,0.991798996925354
315,636.1983642578125,86.49443054199219,0.9954915642738342,619.1515502929688,143.08277893066406,0.9894973039627075,651.2012939453125,125.252197265625,0.9843800067901611,666.5802612304688,129.89846801757812,0.9935469031333923,695.4644775390625,129.8394317626953,0.9989774227142334,719.4933471679688,127.61714172363281,0.9982054233551025,667.07470703125,104.99134826660156,0.970565140247345,667.455078125,94.98654174804688,0.8889374136924744,711.0384521484375,90.43850708007812,0.98843914270401,644.5211181640625,145.15306091308594,0.963421106338501,688.6333618164062,166.68251037597656,0.9963032007217407,724.4821166992188,146.53611755371094,0.9928025603294373
316,634.247314453125,86.61250305175781,0.9935165643692017,617.6461791992188,143.53334045410156,0.9911122918128967,649.0049438476562,125.14432525634766,0.9904289245605469,663.5726318359375,128.94354248046875,0.9953389167785645,693.6026000976562,129.4683074951172,0.9987385869026184,718.29248046875,127.27210998535156,0.998315691947937,665.44970703125,105.33648681640625,0.9736064672470093,664.3895874023438,93.08985900878906,0.9339572787284851,711.0384521484375,90.43850708007812,0.9916093945503235,641.1171264648438,144.34014892578125,0.9580284357070923,688.4495849609375,166.1432647705078,0.9962731599807739,723.8795776367188,146.82249450683594,0.9919507503509521
317,630.2479248046875,86.61250305175781,0.9963732361793518,614.5189208984375,143.5863494873047,0.9964128136634827,646.676513671875,124.80255126953125,0.9924172163009644,662.7828369140625,126.64032745361328,0.9951748251914978,691.085205078125,128.65835571289062,0.9977025389671326,716.2724609375,126.51532745361328,0.9971840977668762,662.771484375,108.19215393066406,0.97944575548172,664.2876586914062,93.02641296386719,0.9782780408859253,710.5950317382812,90.50674438476562,0.989052951335907,637.7855834960938,144.20062255859375,0.928909182548523,688.4495849609375,166.1432647705078,0.9965313076972961,723.1807861328125,146.82249450683594,0.9942901134490967
318,626.7288208007812,87.07899475097656,0.997497022151947,612.4717407226562,144.5003662109375,0.996957540512085,644.241943359375,124.76014709472656,0.993988037109375,659.5808715820312,126.29681396484375,0.9948740601539612,688.9769897460938,128.24887084960938,0.9971821308135986,714.6358642578125,126.50543212890625,0.9981016516685486,661.0186767578125,109.23202514648438,0.9711365103721619,663.7498168945312,92.93414306640625,0.9818284511566162,709.9530029296875,93.48815155029297,0.9933754801750183,634.975341796875,143.1222381591797,0.9136407375335693,688.4495849609375,165.9913330078125,0.9960514903068542,719.4884643554688,146.82249450683594,0.9943636655807495
319,623.4847412109375,87.9126968383789,0.9947492480278015,609.1965942382812,144.61236572265625,0.9935477375984192,641.6567993164062,124.42821502685547,0.9927605390548706,657.4234619140625,125.52603912353516,0.9941402077674866,686.48583984375,128.24887084960938,0.9975160360336304,712.0028076171875,126.50543212890625,0.9983044862747192,659.1566162109375,109.23202514648438,0.9528697729110718,660.6333618164062,88.40975189208984,0.990440845489502,709.003662109375,93.89276123046875,0.993395984172821,630.296142578125,143.1222381591797,0.9239564538002014,687.5670166015625,165.81983947753906,0.9957177042961121,715.2914428710938,146.8701171875,0.9921143054962158
320,620.8372802734375,87.9126968383789,0.9910596013069153,603.487060546875,144.61236572265625,0.9877257943153381,638.5428466796875,124.23387145996094,0.9843162894248962,654.4904174804688,125.52349090576172,0.9862013459205627,682.2927856445312,127.65441131591797,0.9971728324890137,708.3968505859375,126.50543212890625,0.9984582662582397,658.6569213867188,109.23202514648438,0.9319401979446411,660.1243286132812,87.90264892578125,0.9931743741035461,707.5652465820312,94.95596313476562,0.9933574795722961,627.6018676757812,143.1222381591797,0.9398254752159119,686.98193359375,165.7514190673828,0.995895504951477,708.9742431640625,149.4431915283203,0.9881763458251953
321,618.36181640625,87.9126968383789,0.9917715191841125,600.9404907226562,144.61236572265625,0.9861189126968384,637.3845825195312,124.08138275146484,0.9853990077972412,653.3597412109375,124.85408020019531,0.9834187030792236,682.07275390625,127.60649108886719,0.9976098537445068,704.8927612304688,126.44937133789062,0.9971201419830322,655.8642578125,109.2187271118164,0.8934304714202881,657.6378173828125,85.74199676513672,0.9932517409324646,705.786376953125,98.525390625,0.994708776473999,627.2037963867188,143.1222381591797,0.9474734663963318,686.681884765625,165.07562255859375,0.993920087814331,697.6843872070312,153.86520385742188,0.9857519268989563
322,616.960205078125,87.06141662597656,0.9957104921340942,599.7665405273438,144.61236572265625,0.9928686022758484,636.0166625976562,123.79438018798828,0.9843016266822815,652.65771484375,124.25601959228516,0.987798273563385,679.4310913085938,127.50044250488281,0.9973021745681763,702.9711303710938,126.44937133789062,0.9967670440673828,652.5055541992188,108.89472198486328,0.9073760509490967,656.1776123046875,84.66817474365234,0.992260754108429,705.1688232421875,98.5306625366211,0.9938017725944519,627.0022583007812,143.1222381591797,0.9588226675987244,684.5794677734375,164.99256896972656,0.9891475439071655,695.785400390625,156.24388122558594,0.9851560592651367
323,615.3448486328125,83.85456848144531,0.9977003931999207,597.7097778320312,144.27767944335938,0.994394063949585,633.953369140625,122.40070343017578,0.989081621170044,650.9744873046875,123.7890625,0.9920403361320496,677.6565551757812,127.30581665039062,0.9969283938407898,701.3621826171875,126.81405639648438,0.9969369173049927,651.8130493164062,107.75507354736328,0.9187048673629761,655.9802856445312,84.02397918701172,0.9942348599433899,703.4442138671875,98.78157806396484,0.9920938611030579,625.2341918945312,143.27059936523438,0.9599566459655762,682.6759643554688,164.99256896972656,0.9854596257209778,692.9676513671875,157.38336181640625,0.9900491237640381
324,613.9835815429688,82.4596939086914,0.9980677962303162,597.4097900390625,144.24258422851562,0.9955119490623474,632.4385986328125,122.09833526611328,0.9919763207435608,649.3905029296875,123.55412292480469,0.994428277015686,675.461181640625,126.9989013671875,0.996222972869873,699.603759765625,126.44937133789062,0.9969760179519653,651.0070190429688,106.82632446289062,0.9358423352241516,655.4402465820312,83.7613296508789,0.9971181154251099,702.4716186523438,99.04772186279297,0.9840812683105469,624.45751953125,143.27059936523438,0.9622330069541931,682.6094970703125,164.99256896972656,0.9729778170585632,690.7988891601562,158.78765869140625,0.9901621341705322
325,612.65087890625,81.28874206542969,0.9982945322990417,596.6028442382812,144.24258422851562,0.9950942993164062,631.6683959960938,121.77467346191406,0.9927045702934265,648.5518798828125,123.23328399658203,0.995206892490387,674.0615234375,126.58822631835938,0.9957669973373413,699.4872436523438,126.44937133789062,0.9965069890022278,651.0070190429688,105.69827270507812,0.9465605616569519,655.4402465820312,83.7613296508789,0.996691107749939,702.0921020507812,99.78462982177734,0.9846952557563782,624.0960083007812,143.5166015625,0.9629802107810974,680.8995361328125,164.9128875732422,0.9512277245521545,690.7988891601562,158.78765869140625,0.9912450909614563
326,611.548583984375,81.09160614013672,0.9984657764434814,594.6170043945312,144.1173553466797,0.993649423122406,630.7784423828125,121.50001525878906,0.9933957457542419,647.6075439453125,122.71656036376953,0.9956703186035156,672.8511352539062,125.94583892822266,0.995081901550293,698.1972045898438,126.90821838378906,0.9970245957374573,650.4969482421875,105.13705444335938,0.9539585709571838,655.4703369140625,83.52153015136719,0.9967734217643738,701.8685913085938,100.15247344970703,0.9882799386978149,623.9124755859375,143.5166015625,0.9664160013198853,680.751220703125,164.9128875732422,0.9469897150993347,690.7988891601562,158.78765869140625,0.9929364323616028
327,610.1339721679688,81.09160614013672,0.9982105493545532,594.4984741210938,142.86634826660156,0.9917508959770203,630.44140625,120.88732147216797,0.9931684732437134,647.0968627929688,122.23712921142578,0.9956672191619873,672.4064331054688,124.60685729980469,0.9935898780822754,698.0761108398438,126.59628295898438,0.9965643286705017,649.93994140625,105.12449645996094,0.959598958492279,655.4703369140625,83.37043762207031,0.9973582625389099,701.621826171875,101.67161560058594,0.9883117079734802,623.6270141601562,143.5166015625,0.9616581797599792,680.551513671875,164.9128875732422,0.9499922394752502,690.6403198242188,157.93276977539062,0.9947339296340942
328,608.731201171875,81.09160614013672,0.9978846907615662,594.052001953125,141.26666259765625,0.9874889254570007,630.0187377929688,119.37606048583984,0.9933403134346008,645.8069458007812,121.89657592773438,0.9957818984985352,670.9620361328125,123.61637115478516,0.9942082166671753,697.685546875,126.13400268554688,0.9965155124664307,649.6105346679688,103.88019561767578,0.9697712063789368,655.6583251953125,83.29564666748047,0.996887743473053,701.621826171875,101.67161560058594,0.9884132742881775,623.0709228515625,143.2869110107422,0.9622173309326172,679.8932495117188,164.3620147705078,0.9503418803215027,690.6403198242188,157.3016357421875,0.9946852922439575
329,607.0869140625,81.51173400878906,0.9970274567604065,593.6615600585938,140.6094970703125,0.9818747639656067,629.4110107421875,118.28286743164062,0.9916874766349792,643.7838134765625,120.88274383544922,0.9947124719619751,670.5125732421875,123.03065490722656,0.994615375995636,696.90673828125,126.13400268554688,0.9972700476646423,649.2779541015625,102.97622680664062,0.9696729779243469,655.7352905273438,82.66410064697266,0.9967785477638245,701.8685913085938,101.67161560058594,0.988699734210968,622.7283325195312,142.75308227539062,0.9659527540206909,679.5408935546875,163.4608154296875,0.9721736907958984,690.6403198242188,154.89610290527344,0.9941202998161316
330,606.0309448242188,84.0832290649414,0.9957301020622253,592.0691528320312,139.39126586914062,0.9829398393630981,628.3527221679688,116.8425064086914,0.9927898049354553,643.0247192382812,120.81942749023438,0.9955908060073853,669.0828247070312,122.33367156982422,0.9953391551971436,695.7576293945312,126.13400268554688,0.9975200295448303,646.9981689453125,102.39473724365234,0.9660504460334778,655.7352905273438,82.60160827636719,0.9968388080596924,701.3212890625,102.1139907836914,0.9850500226020813,622.17333984375,142.23521423339844,0.9694864749908447,679.50830078125,162.88600158691406,0.9781739115715027,690.1876831054688,153.92127990722656,0.9933184385299683
331,605.2186889648438,84.37598419189453,0.995608389377594,591.8267822265625,138.5426483154297,0.9787048101425171,627.4712524414062,116.28501892089844,0.9933131337165833,641.5781860351562,120.18151092529297,0.9952923059463501,667.9169921875,121.87866973876953,0.9959174990653992,694.6221923828125,125.76548767089844,0.998063862323761,646.132568359375,102.31795501708984,0.9594069123268127,655.7352905273438,82.60160827636719,0.996898889541626,701.9064331054688,102.1139907836914,0.9871865510940552,621.65625,141.84446716308594,0.9737787246704102,678.9020385742188,161.9960479736328,0.980863094329834,689.4755859375,152.94332885742188,0.9932498931884766
332,603.3034057617188,86.05445861816406,0.9948140382766724,591.7662353515625,136.89315795898438,0.9713203310966492,626.4979858398438,115.36275482177734,0.9934054613113403,640.133056640625,119.50643157958984,0.99489825963974,667.5928955078125,121.70789337158203,0.995731770992279,693.4071655273438,125.30249786376953,0.9978081583976746,639.9036865234375,99.0477066040039,0.9381182193756104,655.7352905273438,82.60160827636719,0.996957540512085,701.9879760742188,102.10908508300781,0.9862090349197388,621.2166748046875,141.6708984375,0.9760855436325073,678.5087890625,161.179931640625,0.9894751310348511,686.948974609375,152.48423767089844,0.9916867613792419
333,599.626220703125,87.59764099121094,0.9960671067237854,589.35888671875,136.89315795898438,0.9785904884338379,624.4191284179688,114.50614929199219,0.9924227595329285,638.1839599609375,119.37358856201172,0.9922072291374207,666.502685546875,121.37432098388672,0.9959520101547241,692.2478637695312,125.02804565429688,0.9971665740013123,637.4120483398438,96.2752456665039,0.9510846138000488,655.7775268554688,83.27945709228516,0.9972490668296814,701.9879760742188,102.10908508300781,0.9852834939956665,619.1763305664062,141.22445678710938,0.9689685702323914,676.10693359375,161.08999633789062,0.9916548728942871,686.0047607421875,152.48101806640625,0.9908267855644226
334,597.7185668945312,88.18977355957031,0.9961305856704712,588.3842163085938,136.89315795898438,0.9768741726875305,622.2261352539062,113.7021484375,0.9935798645019531,636.2464599609375,119.3303451538086,0.9909482598304749,666.0537109375,120.9433364868164,0.9965207576751709,691.3405151367188,124.88053131103516,0.9961414933204651,634.752197265625,95.95693969726562,0.9432839155197144,655.8078002929688,83.32808685302734,0.9975693821907043,702.10986328125,102.28551483154297,0.9860867261886597,617.98681640625,140.9293212890625,0.9635465145111084,671.3137817382812,157.61196899414062,0.9923923015594482,685.9844970703125,152.39344787597656,0.9909470081329346
335,596.1162719726562,89.05301666259766,0.9937976002693176,588.093505859375,137.66323852539062,0.9723088145256042,621.1143188476562,113.65020751953125,0.9946435689926147,635.5254516601562,119.0865478515625,0.9952107071876526,665.2839965820312,120.348388671875,0.9979065656661987,690.6305541992188,124.6413345336914,0.9945755004882812,634.4329833984375,95.95621490478516,0.959456741809845,655.8078002929688,83.32808685302734,0.9978488683700562,702.10986328125,102.28551483154297,0.9855269193649292,617.9480590820312,140.87286376953125,0.9563634395599365,666.2904052734375,156.47251892089844,0.9923054575920105,685.9688720703125,150.6497039794922,0.9941940903663635
336,595.651123046875,89.05301666259766,0.9932658672332764,585.463134765625,140.22781372070312,0.9733301401138306,619.2846069335938,113.63555145263672,0.9948729872703552,635.1884765625,119.0865478515625,0.9970690608024597,663.8612060546875,120.28457641601562,0.998683750629425,689.262451171875,123.85834503173828,0.992891788482666,631.0430297851562,95.93254089355469,0.9497093558311462,655.8960571289062,83.27945709228516,0.9977133274078369,701.9879760742188,102.45834350585938,0.9861917495727539,617.9480590820312,140.75474548339844,0.9508812427520752,662.8363647460938,154.98745727539062,0.9951064586639404,685.58447265625,150.6497039794922,0.9939151406288147
337,593.697021484375,89.05301666259766,0.9921334981918335,585.463134765625,142.27230834960938,0.9885990619659424,618.447998046875,113.63555145263672,0.9953336119651794,634.8999633789062,118.67158508300781,0.9981027245521545,662.3062133789062,120.1400375366211,0.9988272786140442,686.9624633789062,122.4063720703125,0.9906800389289856,629.5166625976562,95.54602813720703,0.946379542350769,655.8960571289062,83.2877197265625,0.9973400235176086,698.9940795898438,102.78697204589844,0.9922313690185547,617.9480590820312,140.75474548339844,0.9543920755386353,656.4089965820312,153.9102783203125,0.9815686345100403,685.4688720703125,150.51039123535156,0.9955399632453918
338,592.34326171875,88.81351470947266,0.9910667538642883,585.3618774414062,143.30206298828125,0.9941859245300293,617.9340209960938,113.53985595703125,0.9954543113708496,634.5523681640625,118.65485382080078,0.9983545541763306,660.2838134765625,120.1400375366211,0.9988754391670227,686.0499267578125,122.06485748291016,0.9910916686058044,620.3470458984375,93.72756958007812,0.9086803197860718,655.8960571289062,83.12128448486328,0.9975722432136536,698.6096801757812,103.35269927978516,0.9928032755851746,618.5103149414062,140.72991943359375,0.9401246309280396,653.0155639648438,152.89984130859375,0.987920880317688,684.8528442382812,150.29676818847656,0.9957695007324219
339,591.2005615234375,88.13731384277344,0.9928257465362549,585.3618774414062,143.30206298828125,0.9948338270187378,617.53955078125,113.44512939453125,0.9956939220428467,633.7166137695312,117.68531036376953,0.9986851811408997,659.311279296875,120.09471893310547,0.9986104965209961,684.6266479492188,122.06485748291016,0.9924408197402954,617.9781494140625,93.72756958007812,0.910282552242279,655.831787109375,82.95519256591797,0.9971869587898254,695.3414306640625,103.47747039794922,0.9930014610290527,620.08349609375,140.6514434814453,0.919279158115387,645.2579956054688,151.7145538330078,0.9872345328330994,684.7926635742188,150.29676818847656,0.9962447285652161
340,591.0003662109375,87.54241943359375,0.9936550855636597,584.877685546875,143.30206298828125,0.9932742118835449,616.5098876953125,113.20964813232422,0.9967978596687317,632.4271850585938,117.08206176757812,0.9986094236373901,658.3124389648438,120.09471893310547,0.9980596899986267,683.7415771484375,122.06485748291016,0.9918729662895203,616.0637817382812,93.72756958007812,0.9200958013534546,655.831787109375,82.89067840576172,0.9971156120300293,695.3414306640625,103.47747039794922,0.9922903180122375,620.3404541015625,140.5991973876953,0.9188437461853027,640.0991821289062,151.29200744628906,0.9672552347183228,684.7926635742188,150.29676818847656,0.9960934519767761
341,590.5916137695312,85.95568084716797,0.9956651329994202,584.4553833007812,141.60986328125,0.9936773180961609,615.2740478515625,113.12548828125,0.9977154731750488,630.63623046875,116.42115020751953,0.9984250068664551,657.4029541015625,119.95624542236328,0.9971120357513428,683.657958984375,122.89068603515625,0.9937372207641602,613.8189086914062,94.02938842773438,0.9363054037094116,655.692626953125,82.68389129638672,0.9969635605812073,694.9259033203125,103.47747039794922,0.9897099137306213,620.3404541015625,140.4044189453125,0.907396674156189,627.9619750976562,150.8093719482422,0.9913124442100525,684.5396728515625,149.9758758544922,0.996313750743866
342,589.806884765625,85.23934936523438,0.9956940412521362,584.1915283203125,140.44679260253906,0.9918164610862732,614.4807739257812,112.6959457397461,0.9980735778808594,629.4173583984375,116.00594329833984,0.9985529780387878,654.8729858398438,119.04949188232422,0.9973064661026001,682.83935546875,122.89068603515625,0.995254635810852,613.6932983398438,94.24457550048828,0.936872661113739,655.692626953125,81.8772201538086,0.9964333772659302,694.5460815429688,103.39134979248047,0.9909509420394897,620.08349609375,139.6360321044922,0.9189400672912598,626.2883911132812,150.8093719482422,0.996055006980896,684.5396728515625,149.9092559814453,0.9963944554328918
343,588.8287353515625,84.28910064697266,0.9953752160072327,583.1185913085938,140.3478546142578,0.9924131035804749,612.770263671875,111.60472869873047,0.9979967474937439,627.9611206054688,115.15508270263672,0.9986031651496887,653.7149658203125,118.60082244873047,0.9981847405433655,682.2546997070312,122.89068603515625,0.9959558844566345,612.1827392578125,94.39350891113281,0.9353013038635254,655.6735229492188,81.6501235961914,0.9965338706970215,693.9752197265625,103.39134979248047,0.9924927353858948,619.2333984375,137.35629272460938,0.9112884402275085,624.9843139648438,149.92306518554688,0.9954432249069214,683.7410278320312,148.162841796875,0.9972100853919983
344,588.253173828125,83.18366241455078,0.9947828650474548,581.3410034179688,139.5288543701172,0.9951238036155701,611.5697631835938,110.85591888427734,0.9976359605789185,626.3240356445312,114.56017303466797,0.9982481002807617,653.3828735351562,118.43360900878906,0.9983339905738831,681.0511474609375,122.62803649902344,0.9967654943466187,609.0409545898438,96.29593658447266,0.9372949600219727,655.6735229492188,81.6501235961914,0.9971572160720825,693.9752197265625,102.85635375976562,0.9890692830085754,618.493408203125,136.1532745361328,0.9037851095199585,623.8883666992188,149.12332153320312,0.996612012386322,682.8784790039062,147.82408142089844,0.9969694018363953
345,587.85986328125,82.06439208984375,0.9947230815887451,580.381103515625,138.39773559570312,0.9959843158721924,610.6355590820312,110.85591888427734,0.9973305463790894,625.007080078125,114.56017303466797,0.997843861579895,652.39453125,118.43360900878906,0.9983933568000793,679.5285034179688,122.56729888916016,0.9970135688781738,608.820068359375,96.29593658447266,0.9367470145225525,655.7152099609375,81.6501235961914,0.9958290457725525,692.0665893554688,102.85635375976562,0.9893196821212769,617.6306762695312,136.12950134277344,0.8970673680305481,623.4057006835938,149.12332153320312,0.9958783388137817,681.3886108398438,146.83482360839844,0.9971989393234253
346,587.5330810546875,81.30531311035156,0.9934512376785278,578.6015014648438,137.6423797607422,0.9954519867897034,609.1409301757812,110.5647201538086,0.9964613318443298,623.7355346679688,114.56017303466797,0.9970548152923584,652.044189453125,118.39713287353516,0.9981176853179932,678.4158935546875,122.56729888916016,0.9967093467712402,607.5158081054688,96.29593658447266,0.9205629825592041,656.2562255859375,81.5940933227539,0.9959165453910828,690.1275024414062,102.85635375976562,0.9874489307403564,614.244384765625,134.26644897460938,0.9065157771110535,621.937255859375,148.94808959960938,0.9948438405990601,681.20654296875,146.69866943359375,0.9968860745429993
347,586.0839233398438,79.10050201416016,0.9898276329040527,578.3095703125,137.56175231933594,0.9951033592224121,607.6851806640625,110.5647201538086,0.9944701194763184,621.989990234375,115.17777252197266,0.9958539009094238,650.626220703125,118.34684753417969,0.9984999895095825,677.2942504882812,122.56729888916016,0.9960029721260071,606.5811767578125,92.25579071044922,0.9233543872833252,656.2562255859375,81.69190979003906,0.994566798210144,686.6013793945312,100.30776977539062,0.980654776096344,613.0601196289062,134.0988006591797,0.9246323704719543,620.8428344726562,148.94808959960938,0.9938861727714539,679.651611328125,146.3490753173828,0.996326744556427
348,585.4710083007812,78.879638671875,0.9936718940734863,577.8983764648438,135.3386993408203,0.9947062134742737,606.2648315429688,110.19139862060547,0.9936586022377014,621.029541015625,115.47529602050781,0.992225170135498,649.9190063476562,118.34684753417969,0.9989742040634155,677.2681884765625,122.1256332397461,0.9958587288856506,606.383056640625,92.21259307861328,0.92822265625,656.3802490234375,81.73409271240234,0.9932711720466614,684.6614990234375,97.03971099853516,0.9716415405273438,611.999755859375,133.9522705078125,0.9263305068016052,620.5362548828125,149.13499450683594,0.9935247898101807,678.5729370117188,146.04031372070312,0.9967043995857239
349,584.5555419921875,77.8658676147461,0.9949666857719421,577.2421264648438,135.0430450439453,0.9946216344833374,604.93603515625,110.0049057006836,0.9931151270866394,620.0792236328125,115.47529602050781,0.995895266532898,648.094970703125,118.34684753417969,0.9994046688079834,675.1361694335938,121.6127700805664,0.9970832467079163,605.242919921875,91.82441711425781,0.9446906447410583,656.3802490234375,82.9549331665039,0.9962600469589233,674.14892578125,95.64138793945312,0.9818674325942993,611.3599853515625,133.61380004882812,0.9206096529960632,619.7655029296875,149.13499450683594,0.9926750063896179,678.2061767578125,144.98362731933594,0.9960785508155823
350,583.7882690429688,77.77481079101562,0.9953808784484863,576.5983276367188,134.69427490234375,0.9927533268928528,603.6924438476562,110.0049057006836,0.993240475654602,619.5419921875,115.47529602050781,0.9972118735313416,646.8875122070312,118.2984848022461,0.9994358420372009,671.9572143554688,119.82572937011719,0.997669517993927,604.180419921875,91.55157470703125,0.9402737617492676,656.3802490234375,84.95291900634766,0.9944819211959839,670.3419189453125,94.13506317138672,0.9864652156829834,611.0227661132812,133.53065490722656,0.9192585945129395,619.5968017578125,149.13499450683594,0.9893325567245483,677.74267578125,144.57638549804688,0.9961758852005005
351,583.5643310546875,77.00279998779297,0.9958103895187378,572.6051635742188,134.34315490722656,0.9881752729415894,602.0996704101562,110.19139862060547,0.9926857948303223,618.5576171875,114.96849060058594,0.9980931878089905,645.1739501953125,118.27815246582031,0.9995285272598267,670.341552734375,119.54975891113281,0.9980418682098389,602.0772705078125,91.36786651611328,0.9359270930290222,655.2555541992188,84.95291900634766,0.9900457262992859,665.5518188476562,90.59935760498047,0.9788175225257874,610.1546020507812,132.97000122070312,0.9008359909057617,619.3775024414062,149.26734924316406,0.989264190196991,675.8704833984375,143.06790161132812,0.9956348538398743
352,583.363525390625,76.32786560058594,0.9960035681724548,570.0986328125,133.3682861328125,0.9929819107055664,601.5740356445312,110.26886749267578,0.9927991628646851,617.2841796875,114.43106842041016,0.9982815980911255,643.9869995117188,118.27815246582031,0.9993540644645691,669.3018798828125,119.54975891113281,0.9974944591522217,601.8322143554688,91.36786651611328,0.9399280548095703,655.1405639648438,84.95291900634766,0.9848604798316956,664.78564453125,88.57642364501953,0.9833269715309143,610.0982666015625,132.97000122070312,0.8895465135574341,614.0255737304688,149.48574829101562,0.9912342429161072,675.8704833984375,142.883056640625,0.9948888421058655
353,582.8097534179688,76.15750885009766,0.9955782294273376,569.00927734375,133.3682861328125,0.994520366191864,600.9879760742188,111.04586029052734,0.9951127171516418,616.1421508789062,114.21045684814453,0.998429000377655,642.7817993164062,118.27815246582031,0.9990621209144592,668.3359985351562,119.54975891113281,0.9978347420692444,601.7506103515625,91.36786651611328,0.9429954886436462,654.7843627929688,83.46826934814453,0.9782952666282654,664.0606079101562,86.8713150024414,0.9902468919754028,609.4790649414062,132.97000122070312,0.8666841983795166,613.62158203125,149.9055938720703,0.992874026298523,675.8704833984375,142.87356567382812,0.994741678237915
354,583.363525390625,75.33204650878906,0.9951509237289429,568.5281982421875,133.3682861328125,0.9947493672370911,599.7399291992188,111.09942626953125,0.9959532022476196,614.7351684570312,114.08854675292969,0.9985297918319702,641.7483520507812,117.98822784423828,0.9988225102424622,667.80810546875,120.76158142089844,0.9978262782096863,601.7506103515625,91.58939361572266,0.9363376498222351,654.7843627929688,82.51177215576172,0.9454994201660156,664.0606079101562,84.71182250976562,0.994134247303009,608.755615234375,133.62330627441406,0.8970160484313965,613.3412475585938,149.9055938720703,0.9957006573677063,675.8704833984375,141.42991638183594,0.9944494962692261
355,583.5643310546875,73.12541198730469,0.9944306015968323,568.2083740234375,134.327880859375,0.9936795234680176,598.7897338867188,111.1322021484375,0.9964141845703125,613.5452270507812,113.70154571533203,0.9984523057937622,640.8278198242188,117.78795623779297,0.9986591339111328,667.597900390625,120.77288818359375,0.998403012752533,601.7506103515625,91.72542572021484,0.9314810037612915,654.7843627929688,81.9339828491211,0.9307584762573242,663.6368408203125,83.97090148925781,0.994604766368866,602.43359375,133.7234344482422,0.8816094994544983,612.236328125,149.48574829101562,0.9971702694892883,675.8704833984375,141.3570556640625,0.9944719076156616
356,583.7293701171875,72.94325256347656,0.9938734769821167,565.0347290039062,137.21214294433594,0.9934982061386108,598.337158203125,111.14234924316406,0.9964998960494995,612.7883911132812,113.58540344238281,0.9984148740768433,640.5352783203125,117.67620086669922,0.9982895255088806,667.1918334960938,120.77288818359375,0.998685896396637,601.9132690429688,91.73295593261719,0.9334396123886108,654.7843627929688,81.9339828491211,0.8990980982780457,663.4359741210938,83.97090148925781,0.99522864818573,602.43359375,134.41038513183594,0.8777617812156677,611.75341796875,149.48574829101562,0.997992992401123,675.5985107421875,141.18869018554688,0.9945982694625854
357,584.7057495117188,71.95853424072266,0.9934090375900269,563.9475708007812,138.25820922851562,0.9951901435852051,597.7069702148438,111.1322021484375,0.9965685606002808,611.9402465820312,113.58540344238281,0.9983887672424316,639.8114624023438,116.739013671875,0.9981443881988525,666.8034057617188,120.76158142089844,0.9988073110580444,601.9132690429688,92.51596069335938,0.9459863901138306,654.6099243164062,81.9339828491211,0.8869248628616333,663.1212768554688,83.97090148925781,0.9950495362281799,601.998291015625,134.7418670654297,0.8723131418228149,611.75341796875,149.57272338867188,0.9983388185501099,675.371337890625,140.85888671875,0.9948005676269531
358,584.7057495117188,71.36766052246094,0.9929481744766235,562.8536987304688,139.57730102539062,0.9956427812576294,596.9103393554688,111.14234924316406,0.9964673519134521,610.8375854492188,113.58540344238281,0.9983935952186584,639.3732299804688,116.66361236572266,0.9983577132225037,666.47607421875,120.54315948486328,0.9988677501678467,602.2539672851562,92.5933609008789,0.9531489014625549,654.5956420898438,82.28669738769531,0.9056519269943237,662.7154541015625,84.18312072753906,0.9959014058113098,601.2923583984375,135.254150390625,0.8739346861839294,611.75341796875,149.57272338867188,0.9987385869026184,674.8702392578125,140.59324645996094,0.9950803518295288
359,584.7057495117188,71.08283996582031,0.9944942593574524,561.9241943359375,139.9654541015625,0.9950984120368958,595.2322998046875,111.22017669677734,0.9961192607879639,609.3612060546875,113.76154327392578,0.9981005787849426,638.704345703125,116.64466857910156,0.9984316229820251,665.9544677734375,120.47850036621094,0.9990449547767639,602.6017456054688,92.76577758789062,0.9516199827194214,654.09912109375,82.71893310546875,0.9072750806808472,661.9646606445312,84.88285827636719,0.9964982271194458,599.1920776367188,135.4562225341797,0.8526695966720581,612.4768676757812,149.8716278076172,0.9985307455062866,674.7114868164062,140.28753662109375,0.995411217212677
360,584.1874389648438,70.68075561523438,0.9947561025619507,561.1611328125,139.9654541015625,0.9952373504638672,594.6126098632812,111.52947235107422,0.9961163997650146,608.2836303710938,114.03319549560547,0.9973282814025879,637.5751342773438,116.58361053466797,0.9985588192939758,664.9308471679688,119.982421875,0.9992129802703857,604.3032836914062,92.76577758789062,0.9518324732780457,653.3895263671875,83.46141052246094,0.889098048210144,661.7431640625,85.4136734008789,0.996802568435669,594.7301025390625,135.58078002929688,0.8977231383323669,612.9198608398438,150.0845489501953,0.9986332058906555,673.892333984375,139.74441528320312,0.9953202605247498
361,581.6995239257812,70.68075561523438,0.9964792132377625,559.9688720703125,139.9654541015625,0.9947368502616882,593.3588256835938,112.29766845703125,0.995566189289093,606.9327392578125,114.42110443115234,0.99611496925354,636.58837890625,116.66361236572266,0.9986802935600281,663.8970947265625,119.41947937011719,0.9993122816085815,604.4586181640625,92.61083221435547,0.9649175405502319,650.0470581054688,85.0262680053711,0.8906983733177185,660.8712158203125,85.4136734008789,0.9971485733985901,592.0162353515625,135.58078002929688,0.9265546798706055,614.1044311523438,150.1999053955078,0.9975576400756836,673.4126586914062,139.33082580566406,0.995381236076355
362,578.1014404296875,71.08283996582031,0.9968796968460083,559.5397338867188,139.5054168701172,0.9940956830978394,592.1581420898438,112.29766845703125,0.9945803284645081,605.951171875,114.59342193603516,0.994445264339447,636.2533569335938,116.49766540527344,0.9981933236122131,662.372802734375,119.19866180419922,0.9992990493774414,604.4586181640625,92.61083221435547,0.9722777009010315,646.7633056640625,85.0262680053711,0.9509197473526001,660.47998046875,85.4136734008789,0.9954543113708496,589.4811401367188,135.58078002929688,0.921734094619751,614.1044311523438,151.25277709960938,0.9952471852302551,672.9127807617188,138.89305114746094,0.9957185387611389
363,574.8541259765625,72.3663330078125,0.9904775619506836,559.3496704101562,139.46607971191406,0.9925938248634338,591.4803466796875,112.29766845703125,0.9929283261299133,604.9500732421875,114.7451400756836,0.9917368292808533,635.1409912109375,116.45698547363281,0.9979567527770996,660.8939819335938,117.47274017333984,0.9991887211799622,604.4586181640625,92.61083221435547,0.9786279797554016,638.1737060546875,85.0262680053711,0.9452770948410034,660.423583984375,85.00907897949219,0.996968686580658,585.0634765625,134.4869384765625,0.898198664188385,614.1044311523438,151.25277709960938,0.9955222606658936,670.5877075195312,136.8229522705078,0.9917606115341187
364,574.4866333007812,73.5291519165039,0.9848018288612366,558.5736694335938,139.06541442871094,0.9865664839744568,590.1356201171875,112.45719909667969,0.9881516098976135,604.362548828125,116.38154602050781,0.9916872382164001,634.4501953125,116.45698547363281,0.9979978203773499,659.6278076171875,117.14160919189453,0.9990131855010986,604.4586181640625,92.61083221435547,0.981748640537262,631.8287353515625,84.02500915527344,0.9790878295898438,660.423583984375,85.00907897949219,0.9973682761192322,581.1170043945312,134.3577423095703,0.9323696494102478,613.209228515625,151.267333984375,0.9948254823684692,669.2408447265625,136.8229522705078,0.9872424602508545
365,571.4279174804688,76.69448852539062,0.9828187823295593,557.7474365234375,139.06541442871094,0.9783965945243835,588.043212890625,112.52594757080078,0.9862878322601318,603.8212890625,116.38154602050781,0.9940945506095886,633.3259887695312,116.11945343017578,0.9987169504165649,657.8978271484375,116.7357406616211,0.9981693029403687,603.7102661132812,92.6874771118164,0.9753197431564331,624.4022216796875,81.36250305175781,0.9866199493408203,660.1480712890625,85.00907897949219,0.9971970319747925,578.357177734375,133.32089233398438,0.9439244270324707,613.209228515625,151.40304565429688,0.9950892329216003,668.59228515625,136.8229522705078,0.986210286617279
366,569.7962646484375,78.54956817626953,0.9928015470504761,555.7254638671875,139.06541442871094,0.97554612159729,587.5366821289062,112.74981689453125,0.9870142936706543,602.4503173828125,116.38154602050781,0.9956198334693909,630.6887817382812,116.11945343017578,0.9989266991615295,655.7052612304688,116.3694076538086,0.9975171089172363,602.9024047851562,95.1809310913086,0.9688488245010376,616.1995849609375,80.54993438720703,0.9790309071540833,660.1480712890625,86.34683227539062,0.9974778294563293,576.0025024414062,132.51284790039062,0.9423633813858032,613.209228515625,152.01683044433594,0.9954575300216675,666.9323120117188,137.98902893066406,0.992112398147583
367,566.0172119140625,79.24456787109375,0.995169460773468,553.9663696289062,139.322509765625,0.9696135520935059,586.5717163085938,112.87501525878906,0.9911832809448242,600.8456420898438,116.35050201416016,0.996289849281311,628.8903198242188,116.11945343017578,0.9987372756004333,653.6039428710938,116.3694076538086,0.9981312155723572,602.72216796875,95.65673828125,0.9727976322174072,610.8693237304688,79.21038818359375,0.9912661910057068,659.5537719726562,87.42079162597656,0.9978199005126953,574.0123291015625,132.51284790039062,0.9442112445831299,613.1531982421875,152.01683044433594,0.9956668615341187,664.7017822265625,138.16297912597656,0.9928708672523499
368,562.6074829101562,79.42933654785156,0.9971394538879395,552.6781005859375,141.22637939453125,0.9841136932373047,584.5101928710938,113.40289306640625,0.9943807721138,598.9479370117188,116.35050201416016,0.9957475066184998,626.9636840820312,116.11945343017578,0.9985297918319702,651.8154296875,116.3694076538086,0.9984531402587891,602.5415649414062,96.73453521728516,0.9711922407150269,606.315185546875,76.29365539550781,0.9860273599624634,658.6788940429688,88.40354919433594,0.9970282912254333,572.51123046875,132.51284790039062,0.9363815784454346,613.521240234375,152.01683044433594,0.9956798553466797,661.98095703125,139.835693359375,0.9946250319480896
369,560.4859008789062,79.72889709472656,0.997113823890686,552.4097290039062,142.66763305664062,0.9918314814567566,583.5634155273438,113.7110366821289,0.9957073926925659,596.9214477539062,116.27500915527344,0.9960263967514038,625.2982177734375,116.11331939697266,0.9978407621383667,651.4589233398438,117.68282318115234,0.9985824823379517,600.8010864257812,99.08854675292969,0.9649049639701843,599.8204956054688,73.5976333618164,0.9881299734115601,657.7498779296875,88.75770568847656,0.9962538480758667,571.4419555664062,133.14559936523438,0.9300174117088318,613.9011840820312,151.58128356933594,0.995896577835083,657.1464233398438,141.0061492919922,0.9935899972915649
370,558.8604736328125,82.09796142578125,0.9962678551673889,551.2098388671875,145.23672485351562,0.996345579624176,581.1448974609375,114.46726989746094,0.9958606362342834,595.1012573242188,116.27500915527344,0.9961621761322021,623.3135375976562,115.1659164428711,0.9983618855476379,649.9278564453125,117.68282318115234,0.9991301894187927,599.1290893554688,99.28172302246094,0.9661228656768799,598.72607421875,73.32203674316406,0.9901020526885986,654.9170532226562,89.66342163085938,0.992616593837738,569.4257202148438,134.1466827392578,0.9352588653564453,614.2838745117188,151.58128356933594,0.9963171482086182,648.2225952148438,141.7339630126953,0.9909005165100098
371,556.0038452148438,82.09796142578125,0.9962167143821716,550.173828125,145.368896484375,0.9971020817756653,578.7324829101562,114.46726989746094,0.9944848418235779,593.0584716796875,116.27500915527344,0.9960753321647644,621.48291015625,115.1659164428711,0.9983353018760681,648.6470336914062,117.68282318115234,0.9994961023330688,597.7608642578125,99.83167266845703,0.9642710089683533,597.8635864257812,72.90835571289062,0.9933639764785767,653.5450439453125,90.34994506835938,0.9837946891784668,567.5114135742188,134.26025390625,0.9184514284133911,614.4154663085938,151.58128356933594,0.9971489310264587,643.5411987304688,141.97373962402344,0.9913617968559265
372,554.0029907226562,82.09796142578125,0.9944972395896912,549.2855224609375,145.368896484375,0.9974835515022278,576.8106079101562,114.46726989746094,0.9934430122375488,591.3289184570312,116.01168060302734,0.9961666464805603,620.7542114257812,115.1659164428711,0.9979956150054932,647.4725341796875,117.68282318115234,0.9995019435882568,596.0267333984375,99.83167266845703,0.9614282846450806,596.5017700195312,72.90835571289062,0.9948683977127075,649.6566772460938,93.4920425415039,0.9817460775375366,566.0556640625,134.5888671875,0.8983145952224731,615.269287109375,151.85348510742188,0.9976109266281128,636.2453002929688,142.2554473876953,0.9834161996841431
373,552.763916015625,81.66567993164062,0.9957360029220581,549.075439453125,145.368896484375,0.9976486563682556,575.1277465820312,114.04695892333984,0.9905057549476624,589.7232666015625,116.01168060302734,0.9942248463630676,619.2001953125,115.96888732910156,0.997869610786438,645.9094848632812,117.98336029052734,0.9993395209312439,594.31396484375,99.83167266845703,0.9565833210945129,594.972412109375,72.38070678710938,0.9954332113265991,648.6494140625,94.14913940429688,0.9877778887748718,565.3366088867188,135.35194396972656,0.9102020859718323,615.5803833007812,152.41943359375,0.9954203963279724,635.7715454101562,142.32981872558594,0.9916009902954102
374,551.0494995117188,81.66567993164062,0.997199296951294,547.5098266601562,144.93995666503906,0.996900200843811,573.2372436523438,112.7880630493164,0.9911183714866638,588.819091796875,115.84850311279297,0.9881561994552612,618.7959594726562,115.96888732910156,0.9986422657966614,644.427001953125,117.97637939453125,0.9986156225204468,592.6132202148438,97.91072082519531,0.9323936104774475,594.305908203125,71.99661254882812,0.9962789416313171,647.9402465820312,94.5504150390625,0.98911052942276,564.7472534179688,135.35194396972656,0.9196852445602417,615.5803833007812,152.71197509765625,0.9953387975692749,631.0526123046875,145.40419006347656,0.9888927340507507
375,548.3478393554688,81.66567993164062,0.9973360896110535,545.8875122070312,144.4371337890625,0.9943922162055969,571.6395263671875,111.87960815429688,0.9914824962615967,588.2793579101562,115.6950912475586,0.9920712113380432,617.0264892578125,115.96888732910156,0.9987461566925049,642.8504638671875,118.09144592285156,0.9969848990440369,590.5193481445312,96.4985122680664,0.9172515869140625,593.8180541992188,71.36351013183594,0.9974210262298584,647.6549072265625,95.09809112548828,0.9857928156852722,563.9716186523438,135.35194396972656,0.9260303378105164,615.5803833007812,152.71197509765625,0.9917322397232056,630.4149169921875,145.9730224609375,0.9864967465400696
376,545.78271484375,81.88197326660156,0.9973137974739075,543.88818359375,144.4371337890625,0.9920995235443115,570.4762573242188,111.87960815429688,0.9906694889068604,587.4013671875,115.67555236816406,0.9936519861221313,615.4380493164062,115.85467529296875,0.9985566735267639,638.0151977539062,118.13463592529297,0.9958620071411133,589.7008056640625,95.94499206542969,0.8955976963043213,593.7623291015625,70.99923706054688,0.9973777532577515,647.62353515625,95.41317749023438,0.9852188229560852,563.2356567382812,134.77638244628906,0.9331572651863098,615.5079345703125,152.71197509765625,0.9884142875671387,629.2255249023438,146.18858337402344,0.9888781905174255
377,544.0302734375,84.96971893310547,0.9944676160812378,543.7119750976562,144.4371337890625,0.9919370412826538,569.4496459960938,111.78235626220703,0.9895949959754944,586.2139892578125,115.19115447998047,0.9948807954788208,614.191162109375,115.73501586914062,0.9982237219810486,636.6038208007812,118.31486511230469,0.9960988759994507,589.1659545898438,94.02952575683594,0.9048087000846863,593.7623291015625,70.99923706054688,0.9975966811180115,646.5054321289062,96.37178039550781,0.9868495464324951,563.2356567382812,134.40953063964844,0.9492141604423523,614.88427734375,152.65931701660156,0.9813608527183533,627.8467407226562,146.18858337402344,0.9915915727615356
378,541.668701171875,85.13030242919922,0.9951208233833313,543.3477783203125,144.90084838867188,0.9940704703330994,569.2483520507812,111.58564758300781,0.9917919635772705,585.4072875976562,115.17240142822266,0.9958220720291138,612.936767578125,115.57465362548828,0.9982171654701233,636.3935546875,118.40298461914062,0.9962292313575745,588.2391967773438,93.64933013916016,0.8993329405784607,593.7623291015625,71.3403549194336,0.9982353448867798,646.4785766601562,96.53234100341797,0.986404299736023,563.2353515625,134.39938354492188,0.9569365382194519,613.6415405273438,152.06788635253906,0.9769405126571655,627.3176879882812,145.9730224609375,0.9930626749992371
379,539.5068359375,85.42171478271484,0.9958469271659851,542.752685546875,144.90084838867188,0.9950135350227356,568.3135375976562,111.58564758300781,0.993069589138031,584.6074829101562,114.88626861572266,0.996480405330658,611.2791748046875,115.4417724609375,0.9979408383369446,635.7538452148438,119.4503173828125,0.9970441460609436,585.8834838867188,93.63658905029297,0.9262538552284241,593.809814453125,71.36351013183594,0.9984560012817383,646.4313354492188,96.7974624633789,0.9856603145599365,563.2353515625,134.39938354492188,0.9641882181167603,613.6004638671875,151.4376220703125,0.9851241707801819,625.778564453125,145.023193359375,0.9942858815193176
380,537.8729858398438,85.58465576171875,0.9954037666320801,542.162841796875,144.90086364746094,0.9953699707984924,567.3661499023438,111.58564758300781,0.9939507246017456,582.4440307617188,114.68635559082031,0.9969279170036316,609.346923828125,115.32987213134766,0.9971840977668762,635.7222900390625,119.4503173828125,0.9980924725532532,583.4147338867188,93.05136108398438,0.9449061155319214,593.987060546875,71.3985366821289,0.9987025260925293,646.4313354492188,96.96142578125,0.982736349105835,563.2353515625,134.39938354492188,0.964754045009613,613.6004638671875,150.94573974609375,0.9850842356681824,625.2786865234375,144.8177032470703,0.9953136444091797
381,534.985595703125,86.16970825195312,0.9961643218994141,541.1827392578125,144.90086364746094,0.9956772923469543,566.0975341796875,111.58564758300781,0.9951702952384949,580.0045776367188,113.68079376220703,0.9963060617446899,607.823974609375,113.87236022949219,0.9976561069488525,635.1292724609375,119.4503173828125,0.9988928437232971,578.986572265625,92.41899871826172,0.922476589679718,593.987060546875,71.89306640625,0.9983437061309814,645.4317626953125,96.96142578125,0.986249566078186,562.982421875,135.0460662841797,0.9691694974899292,613.1683349609375,150.4778289794922,0.9889406561851501,625.1729125976562,143.71804809570312,0.9948281645774841
382,532.6333618164062,86.59027099609375,0.9955697655677795,540.55224609375,144.90184020996094,0.9956626296043396,564.45166015625,111.58564758300781,0.9965127110481262,577.5007934570312,113.68079376220703,0.9963788390159607,605.4898071289062,113.84226989746094,0.998256266117096,633.0081176757812,118.72904205322266,0.9993199110031128,576.2356567382812,90.39752960205078,0.9196420907974243,593.987060546875,72.8714599609375,0.9980794191360474,643.8246459960938,96.96142578125,0.9906201362609863,562.7454833984375,135.56002807617188,0.9722223877906799,613.1683349609375,150.37171936035156,0.983716607093811,625.138427734375,143.29095458984375,0.9960423707962036
383,529.7822875976562,87.2754135131836,0.9938936829566956,539.3182983398438,145.5585174560547,0.9958646297454834,562.964111328125,111.7852554321289,0.9961626529693604,576.1480712890625,113.60267639160156,0.9960123300552368,603.6083374023438,113.84226989746094,0.9977593421936035,631.4661254882812,117.883544921875,0.9992823004722595,571.9664306640625,90.39752960205078,0.9216064810752869,593.5231323242188,72.90958404541016,0.9979524612426758,641.8592529296875,96.89006042480469,0.9917478561401367,561.9907836914062,135.81991577148438,0.9747880697250366,613.1683349609375,150.2752227783203,0.9792131781578064,625.0857543945312,143.15391540527344,0.9958460927009583
384,527.3040771484375,87.58599090576172,0.991270899772644,537.6242065429688,146.55386352539062,0.9956583976745605,560.8104248046875,112.46797943115234,0.9951411485671997,573.4800415039062,113.60267639160156,0.9927693605422974,601.6963500976562,113.84226989746094,0.9958570599555969,629.7598266601562,115.9649429321289,0.9991490840911865,568.1595458984375,90.29296112060547,0.9743364453315735,593.5231323242188,73.1590805053711,0.9974088072776794,632.5914916992188,91.11930847167969,0.9847100377082825,561.5433959960938,136.12762451171875,0.9785832166671753,612.3541870117188,150.21290588378906,0.9698278903961182,625.0857543945312,143.15391540527344,0.995820164680481
385,526.2569580078125,88.258056640625,0.9912886619567871,536.0858154296875,146.55386352539062,0.9972639083862305,557.6806640625,112.7409896850586,0.9940071105957031,573.409423828125,113.60267639160156,0.9899175763130188,601.2748413085938,113.46034240722656,0.9977551102638245,627.5645751953125,115.49871063232422,0.9986476302146912,560.8384399414062,89.85501098632812,0.9693785905838013,593.5231323242188,73.19786071777344,0.9962705373764038,628.7517700195312,89.97408294677734,0.9906702041625977,561.218017578125,136.25990295410156,0.979714572429657,611.209716796875,146.73583984375,0.9575759768486023,624.8182373046875,143.14590454101562,0.9960927367210388
386,523.6889038085938,88.258056640625,0.9910571575164795,535.1491088867188,146.55386352539062,0.9977255463600159,554.3842163085938,112.7409896850586,0.9951400756835938,571.6541748046875,113.60267639160156,0.9943021535873413,598.9483032226562,113.20890808105469,0.9980039000511169,623.360595703125,113.9024429321289,0.9985970854759216,557.4412231445312,88.95536804199219,0.9606478810310364,593.7828979492188,73.37334442138672,0.9949788451194763,625.9933471679688,88.9644546508789,0.9884877800941467,561.218017578125,136.25990295410156,0.9787018299102783,598.2960205078125,145.92832946777344,0.9712325930595398,624.2275390625,143.14590454101562,0.9967197775840759
387,521.431884765625,88.258056640625,0.9947836995124817,532.3673706054688,145.5879364013672,0.998448371887207,552.1434326171875,112.7409896850586,0.9940146803855896,569.8062133789062,113.02875518798828,0.996945321559906,597.4412841796875,112.2623519897461,0.9974787831306458,621.7059936523438,113.9024429321289,0.9985346794128418,554.4241333007812,88.95536804199219,0.9687127470970154,594.8265380859375,73.52420806884766,0.995416522026062,617.655517578125,88.13088989257812,0.943050742149353,560.6442260742188,136.25990295410156,0.9703854918479919,596.9091186523438,143.93980407714844,0.9874808192253113,623.5189819335938,143.4278106689453,0.9954472184181213
388,520.1771850585938,87.85017395019531,0.9966269731521606,529.9832763671875,145.5386505126953,0.9980271458625793,552.0473022460938,111.42243194580078,0.9963617920875549,567.3171997070312,112.18336486816406,0.9978650212287903,594.9449462890625,112.05448913574219,0.997056245803833,620.0932006835938,113.59790802001953,0.9984185695648193,551.5038452148438,88.95536804199219,0.9836288094520569,594.8265380859375,73.62269592285156,0.9967167973518372,617.1372680664062,86.74722290039062,0.9238155484199524,560.5828247070312,134.23187255859375,0.9615960121154785,591.0223388671875,143.5040740966797,0.9778808355331421,623.4713134765625,143.4278106689453,0.996317982673645
389,518.408447265625,86.61011505126953,0.9973861575126648,526.2349243164062,145.5386505126953,0.9959957599639893,549.703857421875,110.87765502929688,0.9970291256904602,564.4481811523438,111.34349822998047,0.9976509213447571,592.2393798828125,111.252685546875,0.9965884685516357,620.037109375,113.42205047607422,0.9988647699356079,547.6776123046875,90.07333374023438,0.9820461869239807,594.8265380859375,73.9818344116211,0.9976453185081482,613.649169921875,82.93785095214844,0.936603307723999,560.495849609375,131.3210906982422,0.8908728957176208,579.42529296875,143.7963104248047,0.9920449256896973,623.2045288085938,143.14590454101562,0.997101366519928
390,516.66943359375,83.830322265625,0.9976321458816528,524.3986206054688,145.1375274658203,0.9964962601661682,547.0673217773438,110.67835235595703,0.9972176551818848,560.6553955078125,111.01145935058594,0.9968181848526001,589.7830810546875,111.20849609375,0.9975761771202087,616.8832397460938,113.41239929199219,0.9992689490318298,544.8963623046875,90.07333374023438,0.9813978672027588,593.7883911132812,74.30825805664062,0.992609441280365,599.3359375,73.20735931396484,0.915543794631958,560.201904296875,131.07957458496094,0.8810344934463501,574.0457763671875,143.7963104248047,0.9853873252868652,621.6682739257812,143.10824584960938,0.9938271641731262
391,515.6138916015625,81.89464569091797,0.9970654845237732,522.214599609375,145.5386505126953,0.9963405728340149,544.4130859375,110.21785736083984,0.9945940375328064,557.8905029296875,111.01145935058594,0.9928616881370544,585.3648071289062,111.14592742919922,0.9971188306808472,614.5714721679688,112.39447784423828,0.9991129040718079,543.1218872070312,90.07333374023438,0.9718496799468994,593.1900024414062,74.4247055053711,0.9693165421485901,599.160888671875,73.1982421875,0.970146894454956,545.7273559570312,128.55221557617188,0.8543592095375061,568.3919067382812,143.7963104248047,0.9877919554710388,620.968994140625,141.3970489501953,0.9944294691085815
392,514.3754272460938,80.20292663574219,0.9958602786064148,521.6774291992188,145.5386505126953,0.995775043964386,541.0057983398438,110.21785736083984,0.9942817687988281,556.3546142578125,110.79192352294922,0.9904553294181824,583.873779296875,109.58531188964844,0.9978916049003601,610.7627563476562,111.31936645507812,0.9967472553253174,539.1014404296875,89.3136215209961,0.9551264047622681,592.9193115234375,74.4247055053711,0.9489632248878479,598.7930908203125,73.1982421875,0.9875362515449524,543.9078979492188,128.4700469970703,0.8664408326148987,565.2733764648438,144.85623168945312,0.9969448447227478,615.40966796875,136.96920776367188,0.9912765026092529
393,511.67620849609375,80.20292663574219,0.9937937259674072,519.6603393554688,145.4884796142578,0.9975117444992065,537.8480224609375,110.21785736083984,0.9939140677452087,552.7510375976562,110.79192352294922,0.995430588722229,579.8584594726562,108.88047790527344,0.9979901313781738,607.4744873046875,109.50721740722656,0.9947405457496643,535.60107421875,89.3136215209961,0.9576075077056885,592.3642578125,74.4247055053711,0.9064527153968811,598.4227294921875,73.1982421875,0.9915599226951599,534.7532958984375,128.4700469970703,0.8668150901794434,563.6995239257812,146.2059326171875,0.9961764812469482,611.598876953125,134.1126251220703,0.9979203343391418
394,511.4316711425781,80.20292663574219,0.9935418367385864,518.3480834960938,145.4884796142578,0.9979462027549744,536.4913330078125,110.33373260498047,0.994158148765564,551.0135498046875,111.01264953613281,0.9971363544464111,577.135986328125,108.88047790527344,0.9973076581954956,605.470458984375,108.58697509765625,0.9960724115371704,534.8106689453125,89.29436492919922,0.9775839447975159,591.0588989257812,72.38175201416016,0.8134489059448242,597.8278198242188,73.80973052978516,0.9944885969161987,533.4476928710938,128.4700469970703,0.8551779389381409,560.588623046875,147.03439331054688,0.9960786700248718,608.875244140625,131.43679809570312,0.9977250695228577
395,510.8788146972656,82.25922393798828,0.994566798210144,516.366455078125,145.8309783935547,0.9979262351989746,535.0333862304688,110.89559173583984,0.9952629804611206,549.1253051757812,111.06846618652344,0.997526228427887,575.71484375,108.88047790527344,0.9960565567016602,604.1996459960938,108.34283447265625,0.9958848357200623,534.8106689453125,89.29436492919922,0.984635591506958,590.81494140625,72.30879974365234,0.7167843580245972,597.2318725585938,73.81600952148438,0.9954673051834106,532.7495727539062,128.4700469970703,0.8351028561592102,558.7084350585938,148.66665649414062,0.9955472946166992,608.3223876953125,129.94515991210938,0.9971625208854675
396,510.03662109375,83.64374542236328,0.9958806037902832,515.1484375,145.8309783935547,0.9974406957626343,533.5796508789062,110.99398040771484,0.9961830973625183,547.3524780273438,111.08966827392578,0.99741131067276,575.0867309570312,108.9935073852539,0.996956467628479,602.8056030273438,108.34283447265625,0.99696284532547,534.8106689453125,89.29436492919922,0.9878149032592773,590.6848754882812,72.30879974365234,0.7277674078941345,596.7489624023438,74.03699493408203,0.9960914254188538,531.4631958007812,128.44476318359375,0.8297460675239563,558.7084350585938,149.8009796142578,0.9948720335960388,607.2437744140625,129.32679748535156,0.9968305230140686
397,508.503662109375,83.67725372314453,0.9959588646888733,514.2009887695312,146.27597045898438,0.9970603585243225,532.8554077148438,111.30097198486328,0.9962595701217651,546.6151733398438,111.25890350341797,0.9972104430198669,574.9033813476562,109.0469970703125,0.9972909092903137,602.29296875,108.34283447265625,0.9970036149024963,534.6795043945312,89.29436492919922,0.9869159460067749,590.5419921875,72.30879974365234,0.6577931642532349,595.5663452148438,74.07880401611328,0.9962403774261475,530.3638916015625,128.44476318359375,0.8430494666099548,558.7084350585938,150.07708740234375,0.9943267703056335,607.2437744140625,129.2861328125,0.996724545955658
398,508.2021179199219,83.73841857910156,0.9958537817001343,513.4024047851562,146.33615112304688,0.996701180934906,532.2876586914062,111.43013000488281,0.9962438344955444,545.7972412109375,111.32676696777344,0.9972013235092163,574.5059204101562,109.52246856689453,0.9976280331611633,602.1683959960938,108.23883056640625,0.9967725872993469,534.7138061523438,89.29436492919922,0.9862057566642761,590.3162841796875,72.41334533691406,0.6591633558273315,595.2822875976562,74.59638977050781,0.9955083131790161,529.8466796875,128.44476318359375,0.8383733630180359,558.6441040039062,150.2390899658203,0.9947386384010315,607.2437744140625,129.11224365234375,0.9967208504676819
399,504.6910705566406,83.81057739257812,0.9960249662399292,511.6888732910156,146.6425018310547,0.9957629442214966,531.7401733398438,111.76555633544922,0.9963865280151367,545.4207763671875,111.56250762939453,0.9972098469734192,574.1019287109375,109.61078643798828,0.9973253011703491,601.5911865234375,107.92729187011719,0.996199905872345,534.7138061523438,89.48023986816406,0.9870773553848267,582.384765625,77.30852508544922,0.7402562499046326,594.70703125,74.60938262939453,0.9958248138427734,526.6250610351562,130.95846557617188,0.8360955715179443,558.6441040039062,150.23983764648438,0.9952994585037231,607.29736328125,129.0574188232422,0.9966398477554321
400,504.17120361328125,84.57352447509766,0.9967457056045532,510.78338623046875,147.12757873535156,0.9950320720672607,531.6038208007812,112.49474334716797,0.9969956874847412,545.0571899414062,112.01490783691406,0.9972014427185059,573.8865356445312,109.95574188232422,0.9972098469734192,601.5604858398438,107.91261291503906,0.9963043928146362,534.2874145507812,89.56793975830078,0.9876356720924377,579.2269897460938,81.6673812866211,0.8147169351577759,594.65771484375,74.96662139892578,0.9950683116912842,526.2163696289062,131.41818237304688,0.8346530795097351,558.677734375,150.23983764648438,0.995144248008728,607.4136352539062,129.0291290283203,0.9967446327209473
401,504.08941650390625,85.43759155273438,0.9964757561683655,509.166259765625,147.19442749023438,0.996435284614563,531.343505859375,112.73407745361328,0.9970575571060181,544.9290771484375,112.01490783691406,0.9970281720161438,573.7803344726562,109.95574188232422,0.9963521957397461,601.28173828125,107.88526916503906,0.9969468712806702,534.2874145507812,89.63272094726562,0.9871244430541992,568.3726196289062,81.6673812866211,0.8837442398071289,594.65771484375,78.20296478271484,0.9917342662811279,525.8532104492188,132.05996704101562,0.8523386716842651,558.5092163085938,150.44488525390625,0.9945622086524963,607.4136352539062,128.8742218017578,0.9968729615211487
402,503.8970642089844,86.000732421875,0.9968012571334839,508.9381103515625,147.80567932128906,0.996364176273346,531.1054077148438,113.1439437866211,0.9970466494560242,544.4300537109375,112.13821411132812,0.9969802498817444,573.7332153320312,109.95574188232422,0.9957085847854614,600.5494384765625,107.74600219726562,0.9968750476837158,534.2874145507812,89.79564666748047,0.987106442451477,568.3726196289062,79.57141876220703,0.8764699697494507,594.70703125,79.08333587646484,0.9915921688079834,525.8532104492188,132.48130798339844,0.8507384061813354,558.2107543945312,150.44488525390625,0.994457483291626,607.4136352539062,128.5457763671875,0.9964989423751831
403,503.0122985839844,86.08428192138672,0.9971621036529541,508.7957458496094,148.3321533203125,0.9963938593864441,530.6456298828125,113.51333618164062,0.996995210647583,543.2591552734375,112.14447021484375,0.9970006346702576,573.3463745117188,109.95574188232422,0.9972522854804993,599.6701049804688,107.62378692626953,0.9972133040428162,534.1748046875,89.79564666748047,0.987514317035675,568.3726196289062,77.30852508544922,0.9653600454330444,594.658447265625,80.90518951416016,0.9913514852523804,525.8532104492188,133.18812561035156,0.8602908253669739,557.0347290039062,150.44488525390625,0.9956580400466919,606.875,128.51034545898438,0.99641352891922
404,501.4352722167969,87.95112609863281,0.9966610670089722,508.74322509765625,150.49783325195312,0.9946940541267395,530.4540405273438,114.10768127441406,0.9967744946479797,542.4939575195312,112.26513671875,0.99687659740448,572.2876586914062,109.95574188232422,0.9973625540733337,599.507568359375,107.62378692626953,0.9971063733100891,533.7918090820312,89.79564666748047,0.9871790409088135,567.4458618164062,76.54873657226562,0.9914223551750183,594.658447265625,81.22274017333984,0.993320107460022,526.308837890625,134.48663330078125,0.831335723400116,557.356689453125,150.44488525390625,0.9960171580314636,606.875,128.05072021484375,0.9960166811943054
405,499.6990966796875,89.34860229492188,0.9944129586219788,508.5776062011719,152.41116333007812,0.9918402433395386,530.4517211914062,114.78387451171875,0.9965998530387878,541.7969360351562,112.6343994140625,0.996537446975708,571.0523681640625,110.64090728759766,0.9978269934654236,598.3635864257812,107.74600219726562,0.9977096319198608,533.7918090820312,89.79564666748047,0.9819698333740234,560.362548828125,76.54873657226562,0.9937511086463928,594.658447265625,81.80711364746094,0.9929412603378296,531.3363647460938,134.78271484375,0.8601163625717163,557.0347290039062,150.44488525390625,0.9963175058364868,606.7462768554688,128.05072021484375,0.9957275390625
406,499.478515625,89.72914123535156,0.9940299987792969,508.1919860839844,153.73228454589844,0.9887701272964478,529.7185668945312,115.45845794677734,0.9953100085258484,541.7969360351562,113.58539581298828,0.9952719807624817,570.7879028320312,110.68217468261719,0.9978443384170532,597.8967895507812,107.800537109375,0.9976108074188232,533.7918090820312,89.79564666748047,0.9796873331069946,553.1531982421875,76.54873657226562,0.9666620492935181,594.3983154296875,82.44551086425781,0.9931882619857788,531.3363647460938,136.17892456054688,0.883187472820282,556.9927978515625,150.64939880371094,0.9955678582191467,606.7462768554688,128.05072021484375,0.995766282081604
407,499.1920166015625,91.01764678955078,0.9941259622573853,507.3665771484375,155.69772338867188,0.9816293716430664,529.0878295898438,116.44841003417969,0.9944480657577515,541.7969360351562,114.52340698242188,0.9935572743415833,570.3676147460938,110.87967681884766,0.9968910813331604,596.9414672851562,107.82807159423828,0.9975156784057617,534.826904296875,89.93000030517578,0.9782261252403259,547.0797119140625,76.9719009399414,0.9875624179840088,593.5403442382812,83.73471069335938,0.9950820207595825,531.3363647460938,136.48837280273438,0.9031522274017334,556.9927978515625,150.94378662109375,0.9953834414482117,606.7674560546875,128.26617431640625,0.9957125186920166
408,498.8360900878906,92.13461303710938,0.9946233034133911,506.84124755859375,156.63954162597656,0.9803550243377686,529.025390625,117.67316436767578,0.9924904704093933,541.0755615234375,114.81916809082031,0.9917801022529602,569.76953125,111.22774505615234,0.9962796568870544,596.0555419921875,107.84562683105469,0.9972198009490967,534.8712158203125,90.82872009277344,0.974195659160614,542.5704345703125,77.73999786376953,0.9766680598258972,593.4100341796875,83.83514404296875,0.9958193302154541,530.27587890625,139.35299682617188,0.9456738233566284,557.356689453125,151.01846313476562,0.9940317273139954,606.9622192382812,128.41299438476562,0.995501697063446
409,497.44561767578125,92.64258575439453,0.9949304461479187,506.5852966308594,157.01834106445312,0.9886491298675537,528.458251953125,120.68196105957031,0.9932610392570496,540.9420776367188,116.1309585571289,0.9920875430107117,569.236572265625,111.28013610839844,0.9964683055877686,594.6478881835938,107.89519500732422,0.9962671399116516,535.4817504882812,91.02484130859375,0.9698837399482727,538.2584838867188,79.90475463867188,0.972895085811615,592.6961059570312,85.23682403564453,0.9970557689666748,529.4153442382812,139.37689208984375,0.9562267065048218,558.5322875976562,151.03094482421875,0.9942078590393066,606.7674560546875,128.58624267578125,0.9950248599052429
410,496.01434326171875,95.2486801147461,0.9944814443588257,506.38067626953125,158.32603454589844,0.9927230477333069,527.0919799804688,120.99143981933594,0.9907630085945129,540.9420776367188,117.1845932006836,0.9894888997077942,568.5809936523438,111.28013610839844,0.9969810843467712,593.2745971679688,108.12281036376953,0.9946517944335938,535.6222534179688,92.22990417480469,0.9679951071739197,534.75048828125,81.2835464477539,0.9892756342887878,591.9103393554688,85.69884490966797,0.9966096878051758,526.6810913085938,139.6941375732422,0.9466901421546936,558.5322875976562,151.10333251953125,0.994379460811615,606.7674560546875,128.89395141601562,0.9950317144393921
411,494.4760437011719,98.92730712890625,0.9953917264938354,506.38067626953125,159.55575561523438,0.9945235252380371,524.8245849609375,121.76611328125,0.9903478622436523,539.1060180664062,118.26373291015625,0.988160252571106,567.4569702148438,111.5127944946289,0.9964939951896667,591.9500732421875,108.50675964355469,0.9926854372024536,537.0343627929688,95.58855438232422,0.9791010618209839,532.6610717773438,83.45315551757812,0.9925732612609863,591.1342163085938,85.90359497070312,0.9947815537452698,523.9224853515625,139.6941375732422,0.9285027980804443,558.5322875976562,151.29054260253906,0.9934508800506592,606.10205078125,129.1682586669922,0.992948055267334
412,493.58050537109375,101.50936126708984,0.9950903654098511,506.5852966308594,162.1619415283203,0.9957050681114197,522.850341796875,122.93485260009766,0.9903563857078552,537.6490478515625,121.4114990234375,0.9892033934593201,567.337646484375,111.95524597167969,0.9967454671859741,590.87255859375,108.52173614501953,0.9941542744636536,537.0343627929688,96.02685546875,0.9794939756393433,530.5809936523438,84.75294494628906,0.9901813864707947,589.8858642578125,86.30484008789062,0.9947056174278259,522.6277465820312,140.14358520507812,0.9166277647018433,557.258544921875,151.70767211914062,0.9926661849021912,605.2075805664062,129.64508056640625,0.9889166355133057
413,487.9857482910156,103.2792739868164,0.9962446093559265,506.6148681640625,163.2152862548828,0.9960941672325134,521.3049926757812,124.02802276611328,0.9937101602554321,535.9369506835938,122.5719985961914,0.9923251867294312,565.6630859375,112.0118408203125,0.9968683123588562,589.1703491210938,108.62200927734375,0.9943097829818726,537.0343627929688,97.4039306640625,0.962317168712616,527.599365234375,86.57794189453125,0.9827319979667664,589.6447143554688,87.43531036376953,0.9926080703735352,519.75634765625,146.72694396972656,0.9019855260848999,557.258544921875,151.70767211914062,0.9922698736190796,597.238525390625,130.74180603027344,0.9930769205093384
414,485.9635314941406,104.82804870605469,0.9935158491134644,506.6148681640625,164.18775939941406,0.9960663914680481,520.4327392578125,124.92585754394531,0.9936063289642334,534.464599609375,122.87171936035156,0.9941905736923218,563.88232421875,112.50531005859375,0.9961082339286804,588.2456665039062,108.70365905761719,0.9944838881492615,534.2116088867188,98.70930480957031,0.9502062797546387,527.15478515625,87.13349151611328,0.9754682183265686,589.3342895507812,87.43531036376953,0.9940150380134583,518.6073608398438,147.50885009765625,0.9321635961532593,557.2057495117188,151.76300048828125,0.9926736950874329,594.2777709960938,131.53834533691406,0.9967413544654846
415,483.9693908691406,107.55440521240234,0.9947810769081116,506.6148681640625,165.5811004638672,0.9950233697891235,520.328369140625,126.49390411376953,0.9941974878311157,533.3836669921875,123.16124725341797,0.9936827421188354,562.6533203125,112.86139678955078,0.9946730732917786,586.9517211914062,108.70365905761719,0.9930878281593323,532.8609008789062,98.833251953125,0.9349885582923889,526.6704711914062,87.50083923339844,0.9822288751602173,589.2131958007812,87.43531036376953,0.9941583871841431,517.9228515625,148.114501953125,0.9412100315093994,557.2057495117188,151.76300048828125,0.9929397106170654,590.9420166015625,134.99966430664062,0.9939765930175781
416,483.6591491699219,108.93119049072266,0.9935452938079834,506.54486083984375,165.5811004638672,0.9936556816101074,518.233642578125,127.21170806884766,0.9958205223083496,531.7661743164062,123.1835708618164,0.993176281452179,560.8111572265625,112.98773193359375,0.9970353841781616,586.7318725585938,109.44467163085938,0.9944144487380981,531.2012939453125,99.24664306640625,0.8979251384735107,526.4313354492188,87.62061309814453,0.9852065443992615,588.996337890625,87.2975845336914,0.9941646456718445,516.683837890625,148.9751434326172,0.9572678208351135,557.1880493164062,151.97105407714844,0.9933512806892395,588.820068359375,138.38165283203125,0.9901094436645508
417,480.03448486328125,109.50621795654297,0.9874007105827332,506.2331237792969,165.61904907226562,0.993012011051178,517.1417846679688,127.69268035888672,0.9957399368286133,529.9618530273438,123.1835708618164,0.991827130317688,558.796630859375,113.21272277832031,0.997802197933197,585.6773071289062,109.74882507324219,0.9954589605331421,527.5506591796875,99.61421203613281,0.8906821012496948,524.92431640625,87.62256622314453,0.9893490076065063,588.337646484375,87.2975845336914,0.9951725602149963,515.830810546875,149.2025604248047,0.962245523929596,557.1880493164062,151.76300048828125,0.9956894516944885,584.449951171875,140.39447021484375,0.9859601259231567
418,476.8172302246094,112.1557846069336,0.9863983988761902,506.16192626953125,166.52288818359375,0.9935926795005798,515.7273559570312,127.85789489746094,0.9957900643348694,529.024169921875,123.1835708618164,0.989986002445221,556.983154296875,113.31358337402344,0.997957706451416,583.9224243164062,109.76956939697266,0.9964129328727722,526.920166015625,100.09471130371094,0.8963413834571838,524.9009399414062,87.62061309814453,0.9912502765655518,588.0318603515625,87.2975845336914,0.9952484965324402,515.5164184570312,149.2025604248047,0.9662742018699646,557.1880493164062,151.76300048828125,0.9957519769668579,582.8951416015625,141.83897399902344,0.9892303347587585
419,475.0694580078125,112.5057373046875,0.9877342581748962,504.6221008300781,167.3043670654297,0.99518883228302,514.3550415039062,127.97294616699219,0.9952450394630432,527.6190185546875,123.13814544677734,0.9868598580360413,554.7344360351562,113.86648559570312,0.9971062541007996,582.2955932617188,109.80177307128906,0.9961525797843933,526.4367065429688,100.51958465576172,0.929992139339447,524.1039428710938,87.65326690673828,0.9902179837226868,587.4700317382812,87.77709197998047,0.995731770992279,515.5164184570312,149.2025604248047,0.9644703269004822,559.4625244140625,150.9250030517578,0.9948524832725525,577.4949340820312,142.5997772216797,0.989956259727478
420,474.90325927734375,112.6243896484375,0.9900102019309998,502.5966796875,167.3208465576172,0.9970235228538513,512.9970703125,127.99663543701172,0.9941164255142212,526.1941528320312,123.13814544677734,0.9793847799301147,554.2966918945312,114.65828704833984,0.9964945912361145,580.6893310546875,110.15937805175781,0.9952175617218018,524.3920288085938,100.94356536865234,0.9530684351921082,522.5494995117188,87.65326690673828,0.9908598065376282,586.5433959960938,88.36561584472656,0.9958968162536621,515.5164184570312,149.13555908203125,0.9614600539207458,559.4625244140625,150.58616638183594,0.9931601285934448,577.4949340820312,142.5997772216797,0.9894514679908752
421,472.3769226074219,113.48865509033203,0.9943422079086304,500.74383544921875,167.4014892578125,0.9979104399681091,511.8187561035156,128.14173889160156,0.9918866753578186,526.0835571289062,123.13814544677734,0.9693831205368042,553.4993286132812,116.1290054321289,0.9976581335067749,579.72021484375,110.28524017333984,0.9935972690582275,519.7703857421875,101.63240814208984,0.9625717997550964,519.5865478515625,87.69303131103516,0.995120108127594,585.2450561523438,88.52458953857422,0.9963184595108032,515.3162231445312,149.13555908203125,0.9548435211181641,559.4625244140625,150.3955078125,0.9902797341346741,577.4949340820312,142.5997772216797,0.9911933541297913
422,471.781982421875,113.58738708496094,0.9950811862945557,499.98712158203125,167.63400268554688,0.9976636171340942,510.6167907714844,128.87777709960938,0.9929908514022827,524.4076538085938,123.77268981933594,0.9712047576904297,552.216796875,116.57320404052734,0.9981149435043335,577.5265502929688,111.02408599853516,0.9957289099693298,517.9703979492188,101.75604248046875,0.9528457522392273,519.4700927734375,87.44356536865234,0.9971082806587219,584.8723754882812,88.52458953857422,0.9964638352394104,515.3162231445312,149.13555908203125,0.9627476334571838,559.3992919921875,150.31631469726562,0.9878160357475281,577.6326904296875,142.47251892089844,0.9923842549324036
423,470.5789489746094,113.60952758789062,0.9965577721595764,499.512939453125,168.3828582763672,0.9978266358375549,509.4625244140625,129.7264862060547,0.9935042262077332,523.1565551757812,125.40825653076172,0.9774047136306763,550.685302734375,117.53412628173828,0.9983726143836975,576.4053955078125,111.62724304199219,0.9977012276649475,515.1480102539062,102.76573944091797,0.9171109795570374,519.2075805664062,88.24169921875,0.9970717430114746,583.2127075195312,88.53262329101562,0.9976795315742493,515.3162231445312,149.61801147460938,0.9627848863601685,559.1322631835938,150.31631469726562,0.9847150444984436,577.6326904296875,142.25283813476562,0.9920766353607178
424,468.2964172363281,113.85308074951172,0.9975693821907043,498.7768859863281,168.8505859375,0.9975383281707764,507.11895751953125,130.71774291992188,0.9947499632835388,521.3654174804688,126.28465270996094,0.9895243048667908,550.1165161132812,117.93128204345703,0.9983298182487488,575.4727783203125,112.4616470336914,0.9982414245605469,508.2915954589844,102.96234893798828,0.900720477104187,519.2075805664062,88.32856750488281,0.9974371194839478,582.4087524414062,88.53262329101562,0.9976441264152527,514.9531860351562,151.1863555908203,0.9654204845428467,558.968505859375,150.3955078125,0.9821387529373169,577.6326904296875,142.25283813476562,0.992104172706604
425,467.8162536621094,115.28482818603516,0.9981861710548401,497.414306640625,169.6346435546875,0.9971495270729065,505.1148986816406,131.90293884277344,0.9950098991394043,519.3772583007812,127.42579650878906,0.9935265779495239,548.5379028320312,118.82412719726562,0.9984069466590881,573.2537231445312,113.08234405517578,0.9983881711959839,508.2720031738281,103.39466857910156,0.9103649854660034,519.2075805664062,88.32856750488281,0.9960954785346985,581.0709228515625,88.74137878417969,0.9971253275871277,514.1178588867188,152.56094360351562,0.9655876159667969,558.0963745117188,150.43589782714844,0.9750567078590393,577.2367553710938,142.25283813476562,0.9930312633514404
426,466.9621887207031,116.60580444335938,0.9968835711479187,496.0794982910156,169.69442749023438,0.9960122108459473,504.1813659667969,133.17625427246094,0.9946428537368774,518.0098266601562,128.32644653320312,0.9958593249320984,546.0972900390625,119.59119415283203,0.9981990456581116,571.6331787109375,116.260986328125,0.998664379119873,507.3766174316406,106.2516098022461,0.9359834790229797,519.153076171875,87.44356536865234,0.9950590133666992,578.8236083984375,89.47279357910156,0.9953703284263611,513.9739990234375,153.60923767089844,0.9644185304641724,553.668212890625,151.02720642089844,0.9629719853401184,577.1944580078125,142.9727783203125,0.994729220867157
427,464.5333251953125,118.90149688720703,0.9927035570144653,494.92413330078125,170.5663604736328,0.993611752986908,503.8252868652344,133.64341735839844,0.9946638345718384,516.6373291015625,128.43199157714844,0.9972547888755798,544.2203979492188,119.77560424804688,0.997742772102356,570.1242065429688,116.64947509765625,0.9993335604667664,505.9282531738281,106.66818237304688,0.9769315123558044,519.0964965820312,87.42750549316406,0.9966422319412231,568.68115234375,89.47279357910156,0.9897379279136658,513.7722778320312,153.99200439453125,0.9655163884162903,551.946044921875,152.70034790039062,0.9886115193367004,576.9546508789062,143.49671936035156,0.9957578778266907
428,463.8764343261719,121.28030395507812,0.9812403321266174,494.2267150878906,171.36700439453125,0.9917436242103577,503.11474609375,133.89752197265625,0.9939968585968018,514.5140380859375,128.5535888671875,0.9964427351951599,542.854736328125,119.77718353271484,0.9983153343200684,567.9889526367188,116.66736602783203,0.9995213747024536,501.4295654296875,109.1963882446289,0.9751906991004944,519.219482421875,87.10102081298828,0.997849702835083,564.1903076171875,89.54549407958984,0.9936740398406982,513.7027587890625,154.1037139892578,0.9525890946388245,547.437744140625,153.2375030517578,0.9890968799591064,576.8858032226562,143.56346130371094,0.9958682060241699
429,461.6659851074219,121.70494079589844,0.9818305373191833,493.3023376464844,171.83917236328125,0.9916253685951233,501.6264343261719,134.619384765625,0.9944087862968445,511.8760070800781,129.09332275390625,0.9955493211746216,539.5004272460938,121.07089233398438,0.9985646605491638,565.7011108398438,116.73867797851562,0.999491810798645,492.65484619140625,109.57122802734375,0.9456644058227539,519.219482421875,87.10102081298828,0.9971941709518433,558.4705810546875,89.71344757080078,0.9913871884346008,512.5717163085938,154.34658813476562,0.9213157892227173,539.3866577148438,155.41943359375,0.9722362756729126,576.8589477539062,143.8219451904297,0.9967987537384033
430,461.560546875,122.22460174560547,0.9815633296966553,492.8485107421875,171.83917236328125,0.9905393123626709,500.5908508300781,136.3050994873047,0.9934799671173096,509.8970031738281,129.7886199951172,0.9933972358703613,537.4368896484375,121.49597930908203,0.9978440999984741,563.7332153320312,116.73867797851562,0.9993019104003906,487.6413269042969,114.54003143310547,0.9603497385978699,519.2752685546875,87.10102081298828,0.9972712397575378,552.3806762695312,89.71344757080078,0.9847856760025024,502.3403015136719,154.34658813476562,0.8843290209770203,532.0645141601562,156.78382873535156,0.9814915657043457,576.6246948242188,143.8219451904297,0.9970217347145081
431,461.0467834472656,123.11176300048828,0.979904294013977,492.8309326171875,171.83917236328125,0.9906145334243774,499.3125,138.052978515625,0.9928338527679443,509.6270446777344,130.5885009765625,0.9923288226127625,537.379150390625,121.66541290283203,0.9971289038658142,561.5468139648438,116.73867797851562,0.9989209175109863,484.1036376953125,120.01024627685547,0.9466985464096069,520.2300415039062,88.23200988769531,0.9967401623725891,548.50146484375,92.6508560180664,0.9909364581108093,501.8932800292969,154.06031799316406,0.8983774185180664,527.6488037109375,157.11831665039062,0.9878325462341309,576.3841552734375,143.8219451904297,0.9972948431968689
432,458.91558837890625,123.97361755371094,0.9738776087760925,490.4038391113281,171.031494140625,0.9840956926345825,496.75146484375,139.08900451660156,0.9908431768417358,508.07958984375,131.93563842773438,0.9933674931526184,534.7628173828125,122.24198913574219,0.9979403614997864,559.8743896484375,117.26590728759766,0.9986948370933533,483.95721435546875,120.58247375488281,0.9205414652824402,520.2300415039062,88.3789291381836,0.9919224977493286,543.1149291992188,93.2923812866211,0.9648358225822449,501.11566162109375,154.06031799316406,0.9253201484680176,526.770263671875,159.3907470703125,0.9736214876174927,575.5701293945312,143.58775329589844,0.9971988201141357
433,457.5250549316406,125.5308609008789,0.9815312623977661,489.03802490234375,171.031494140625,0.9892916083335876,494.3818054199219,140.0712432861328,0.9868746399879456,506.72509765625,132.82212829589844,0.993047297000885,531.9821166992188,122.07870483398438,0.9977021813392639,556.5050659179688,117.26590728759766,0.9989546537399292,483.0135192871094,122.86395263671875,0.9019476175308228,520.5258178710938,88.3789291381836,0.9911302328109741,539.7229614257812,93.2923812866211,0.9626800417900085,499.244873046875,154.06031799316406,0.924355149269104,525.0711669921875,162.55226135253906,0.9825983047485352,574.3065795898438,143.54592895507812,0.9967393279075623
434,456.8311462402344,126.39814758300781,0.9915959239006042,488.3944091796875,171.031494140625,0.9906483292579651,492.415283203125,140.60206604003906,0.988063633441925,503.7925109863281,134.39231872558594,0.9958529472351074,529.7792358398438,122.3245620727539,0.9961326122283936,555.1882934570312,116.69062042236328,0.9988046884536743,481.8492736816406,124.7855453491211,0.8790602087974548,520.5258178710938,88.3789291381836,0.993273138999939,535.9008178710938,93.2923812866211,0.9463748335838318,497.1920166015625,154.06031799316406,0.9296457171440125,523.4010009765625,165.1406707763672,0.976597785949707,573.38037109375,141.94442749023438,0.9950435161590576
435,454.65484619140625,128.34523010253906,0.9955009818077087,488.3426513671875,172.46339416503906,0.987464189529419,490.6783447265625,140.907470703125,0.9823864698410034,500.59033203125,135.1364288330078,0.996236264705658,528.2890014648438,122.71563720703125,0.9915825724601746,552.9260864257812,116.69062042236328,0.9989168643951416,477.8048095703125,125.6119384765625,0.8432601690292358,520.1104736328125,87.70170593261719,0.9748311042785645,531.7205810546875,88.32469940185547,0.9896685481071472,495.61767578125,154.17706298828125,0.931566596031189,522.5890502929688,165.25704956054688,0.9722611308097839,569.8905029296875,139.11917114257812,0.9948517680168152
436,452.95880126953125,129.96157836914062,0.9962487816810608,487.9588623046875,173.24734497070312,0.9838058948516846,488.9937438964844,141.87506103515625,0.9831098318099976,497.77606201171875,135.43374633789062,0.9960469603538513,526.2225341796875,122.83582305908203,0.9935031533241272,550.1090698242188,116.69062042236328,0.9989299178123474,469.6562805175781,127.46492004394531,0.8875542283058167,519.0064697265625,87.5677490234375,0.9696754217147827,527.4403686523438,87.44798278808594,0.9862346053123474,495.0080871582031,154.86761474609375,0.9111341238021851,522.212158203125,165.25704956054688,0.9759565591812134,563.8092041015625,136.995849609375,0.9932628273963928
437,451.1917724609375,130.22195434570312,0.9957204461097717,487.26702880859375,173.24734497070312,0.9828094840049744,487.6263122558594,143.35313415527344,0.9893550872802734,495.6197814941406,135.5093536376953,0.9941270351409912,523.1787719726562,122.80096435546875,0.9943357110023499,546.946533203125,115.90123748779297,0.9981716871261597,468.6963195800781,127.78135681152344,0.9269243478775024,518.3621826171875,87.5677490234375,0.9560768604278564,525.964599609375,86.83257293701172,0.9940491914749146,492.1500549316406,162.52783203125,0.9078212380409241,522.0341186523438,165.78067016601562,0.9798378944396973,563.0706176757812,134.8889923095703,0.9961875081062317
438,450.137939453125,130.27207946777344,0.9944275617599487,486.6686096191406,173.24734497070312,0.9815007448196411,485.92437744140625,144.1172332763672,0.9926364421844482,494.3980407714844,135.57797241210938,0.9917288422584534,522.8956298828125,122.83582305908203,0.9941304326057434,544.8740234375,114.93116760253906,0.9970423579216003,468.6528625488281,127.78135681152344,0.9390987753868103,517.560546875,87.51364135742188,0.9513555765151978,524.808349609375,86.83257293701172,0.9936337471008301,490.7066955566406,162.61143493652344,0.9097673296928406,521.9260864257812,165.78067016601562,0.9792882800102234,560.7921142578125,133.09388732910156,0.997041642665863
439,449.5587158203125,130.53126525878906,0.9930287003517151,484.77398681640625,173.12759399414062,0.9804162383079529,484.7143859863281,144.54237365722656,0.9932126998901367,494.3980407714844,135.57937622070312,0.988486647605896,522.1691284179688,122.83582305908203,0.9958730340003967,544.7484130859375,113.2537841796875,0.9971973896026611,467.4724426269531,127.65348815917969,0.9502341151237488,516.6316528320312,87.51364135742188,0.9129593968391418,523.64794921875,86.83257293701172,0.9946042895317078,488.5626525878906,164.28977966308594,0.9160585403442383,517.9711303710938,166.30606079101562,0.97754967212677,560.4364013671875,132.78245544433594,0.9970541000366211
440,449.2845458984375,130.54623413085938,0.9915260672569275,484.20977783203125,172.99078369140625,0.9807872772216797,484.1209716796875,144.78384399414062,0.9943968057632446,494.3980407714844,135.5972442626953,0.9848231077194214,520.7564697265625,122.99264526367188,0.9967955946922302,543.3143310546875,113.2537841796875,0.9979137778282166,467.3914794921875,127.65348815917969,0.9541577696800232,516.2588500976562,87.65135955810547,0.9209564328193665,523.4984130859375,86.93876647949219,0.9945088028907776,487.129150390625,164.3443603515625,0.9328429698944092,521.9260864257812,166.2047576904297,0.9829685091972351,558.9188232421875,132.65093994140625,0.9966763257980347
441,447.1698913574219,131.70729064941406,0.9873898029327393,484.20977783203125,172.99078369140625,0.9781355857849121,483.452392578125,145.3594970703125,0.9946210384368896,494.5892639160156,136.52151489257812,0.9812526106834412,520.4424438476562,123.12017059326172,0.996929943561554,542.7344360351562,113.2537841796875,0.9980199337005615,466.8389892578125,127.80778503417969,0.9577081799507141,516.1135864257812,88.00480651855469,0.8842260837554932,523.441162109375,87.03971099853516,0.9958570599555969,486.76556396484375,164.3530731201172,0.9391363263130188,517.3659057617188,166.2047576904297,0.9841887950897217,558.3367309570312,132.618408203125,0.9960384368896484
442,445.7008361816406,133.4670867919922,0.9853498935699463,484.20977783203125,173.0480499267578,0.9810227751731873,483.34564208984375,145.45999145507812,0.9950141310691833,494.5892639160156,136.76927185058594,0.9813323020935059,520.100341796875,123.37724304199219,0.9971278309822083,542.3427734375,113.28845977783203,0.9982232451438904,466.4252014160156,127.6819839477539,0.9593183994293213,516.1135864257812,88.08357238769531,0.8915531039237976,523.4984130859375,87.11508178710938,0.9957534074783325,486.4873352050781,164.40582275390625,0.9440369009971619,517.3659057617188,166.2047576904297,0.9829139113426208,557.9334106445312,132.618408203125,0.9956048727035522
443,443.2262268066406,133.53334045410156,0.9852054715156555,484.42669677734375,173.0480499267578,0.9780460596084595,483.0267028808594,146.12364196777344,0.9950725436210632,494.5892639160156,137.02700805664062,0.9796937108039856,519.9576416015625,123.4323501586914,0.9969639182090759,542.3301391601562,113.31884765625,0.9983491897583008,466.4252014160156,127.6819839477539,0.9675335884094238,516.1016845703125,88.62808990478516,0.8823665976524353,523.4984130859375,87.46282196044922,0.9958561062812805,486.474609375,164.51177978515625,0.9429017305374146,521.9785766601562,166.11907958984375,0.9839522242546082,557.7496948242188,132.5467529296875,0.9953075051307678
444,442.7772521972656,133.53334045410156,0.9855837821960449,484.42669677734375,173.0480499267578,0.9791161417961121,483.0083312988281,146.55111694335938,0.9950913190841675,494.1322937011719,137.21749877929688,0.9800236821174622,519.9338989257812,123.61613464355469,0.9968723654747009,542.2990112304688,113.5566635131836,0.9984226226806641,466.4252014160156,127.6819839477539,0.9686608910560608,515.99951171875,88.62808990478516,0.883364737033844,523.9454345703125,87.46282196044922,0.9956127405166626,486.456787109375,164.78309631347656,0.9485164284706116,522.01513671875,166.0817413330078,0.9866458177566528,557.65673828125,132.5467529296875,0.9951310157775879
445,441.19140625,133.53334045410156,0.989225447177887,484.5155944824219,173.08192443847656,0.9823787808418274,482.878662109375,146.6019287109375,0.9954324960708618,493.9587707519531,137.33447265625,0.9789348244667053,519.4962158203125,123.8740005493164,0.9969053864479065,542.2036743164062,113.6296615600586,0.998357355594635,466.6479797363281,127.6819839477539,0.9668982625007629,515.9964599609375,88.98454284667969,0.848767101764679,523.9454345703125,87.71723175048828,0.9959405660629272,486.384521484375,164.9203643798828,0.9504560232162476,522.01513671875,166.0817413330078,0.9879706501960754,557.59326171875,132.5467529296875,0.9954203963279724
446,440.8795471191406,131.90724182128906,0.9954589605331421,484.5155944824219,173.23870849609375,0.9841482639312744,482.52777099609375,146.6019287109375,0.9957728981971741,493.816162109375,137.34942626953125,0.9783456921577454,519.0887451171875,123.91508483886719,0.9971810579299927,541.5257568359375,113.97819519042969,0.9981546998023987,466.6479797363281,127.6819839477539,0.9654200077056885,513.3486328125,89.1419906616211,0.8364368677139282,523.9454345703125,87.8468017578125,0.9956250786781311,485.9527893066406,165.1245574951172,0.9522256255149841,522.01513671875,166.0817413330078,0.9889010190963745,556.6681518554688,132.36502075195312,0.9935135841369629
447,440.8297119140625,129.84146118164062,0.9938587546348572,484.2582702636719,173.44644165039062,0.9840442538261414,482.3014221191406,146.60572814941406,0.9949927926063538,493.5308837890625,137.59078979492188,0.9796294569969177,518.5501098632812,124.39480590820312,0.9971400499343872,540.6246948242188,114.0491943359375,0.9984136819839478,466.6479797363281,127.59933471679688,0.957546591758728,513.2910766601562,89.288330078125,0.8732364773750305,522.4600830078125,89.31004333496094,0.9955655932426453,485.87664794921875,165.46644592285156,0.9498674273490906,522.0233154296875,166.5803985595703,0.9850603938102722,555.164306640625,132.33262634277344,0.9934965372085571
448,440.8297119140625,128.9721221923828,0.9941756725311279,484.2264709472656,173.53912353515625,0.98308265209198,481.773193359375,146.6179656982422,0.994929313659668,493.1992492675781,137.65541076660156,0.9786801338195801,518.0806274414062,124.94520568847656,0.9974835515022278,540.1796875,114.13726043701172,0.9984738230705261,466.3714294433594,127.76171875,0.9503719210624695,513.168701171875,89.288330078125,0.8799949288368225,522.4373168945312,89.6298828125,0.9952979683876038,485.87664794921875,165.77978515625,0.9524183869361877,522.0025634765625,166.79666137695312,0.9834223985671997,554.6910400390625,132.05543518066406,0.9937888979911804
449,440.8297119140625,128.81227111816406,0.9945693612098694,484.0103759765625,173.86598205566406,0.9819820523262024,481.3256530761719,146.80654907226562,0.9946828484535217,492.68206787109375,137.9016876220703,0.9794893264770508,518.050048828125,125.24727630615234,0.9972599744796753,539.8636474609375,114.24593353271484,0.9984476566314697,466.3714294433594,127.76171875,0.9498167037963867,512.981201171875,89.31451416015625,0.8756624460220337,521.8063354492188,89.76278686523438,0.9947499632835388,485.9527893066406,166.0692138671875,0.9557972550392151,522.0025634765625,167.23155212402344,0.9805307388305664,554.47314453125,132.00953674316406,0.9935130476951599
450,440.8292541503906,128.81227111816406,0.99460768699646,484.0103759765625,173.98287963867188,0.9803050756454468,480.8487243652344,146.8277130126953,0.9934141039848328,492.121826171875,138.10174560546875,0.9796279668807983,517.4624633789062,125.42967224121094,0.9969627261161804,539.0216674804688,114.31710052490234,0.9985582232475281,466.3714294433594,127.68721008300781,0.9471408724784851,512.7586669921875,89.6551513671875,0.8646929860115051,521.8063354492188,89.87238311767578,0.9941457509994507,485.87664794921875,166.54498291015625,0.953423798084259,522.2108764648438,167.31463623046875,0.9770511984825134,554.0271606445312,131.7113037109375,0.99403977394104
451,440.26422119140625,128.81227111816406,0.9955079555511475,484.0103759765625,174.1436767578125,0.9806073904037476,480.5877685546875,147.2422332763672,0.9927902221679688,492.091796875,138.5620880126953,0.9788864850997925,516.8256225585938,125.75452423095703,0.9969226717948914,538.8389282226562,114.31710052490234,0.9984954595565796,466.3916931152344,127.59933471679688,0.9557359218597412,512.2274169921875,91.24810791015625,0.852298378944397,521.471923828125,90.8771743774414,0.9932112097740173,485.8175964355469,166.7657470703125,0.9570471048355103,522.5939331054688,167.64617919921875,0.9788067936897278,553.1983642578125,131.2567901611328,0.9932318925857544
452,438.9819030761719,129.9088897705078,0.9967316389083862,484.1940612792969,174.1436767578125,0.9809544086456299,480.2872619628906,147.6776885986328,0.9913071990013123,491.7769470214844,138.65260314941406,0.9783209562301636,516.1273803710938,126.4047622680664,0.9965241551399231,538.4566650390625,114.3337631225586,0.9982550740242004,466.3916931152344,127.43830871582031,0.9623810648918152,508.7320861816406,94.31763458251953,0.8630841970443726,521.471923828125,92.5005111694336,0.985942542552948,485.71331787109375,167.438232421875,0.9608359336853027,522.5939331054688,167.82225036621094,0.9819080233573914,552.2564086914062,130.9475555419922,0.9930741786956787
453,437.5533752441406,130.5302276611328,0.9978044629096985,484.5118103027344,174.303955078125,0.9801663756370544,480.199951171875,148.1002960205078,0.992034375667572,491.5802917480469,138.88255310058594,0.9809103608131409,515.626953125,126.72612762451172,0.9954159259796143,537.9146728515625,114.55447387695312,0.9975797533988953,466.5887756347656,127.28225708007812,0.9705607295036316,505.1766662597656,94.65836334228516,0.958168625831604,521.471923828125,93.29541778564453,0.9867578148841858,485.21942138671875,167.89149475097656,0.9647372961044312,522.5939331054688,168.0286102294922,0.9829011559486389,552.2256469726562,130.9475555419922,0.9928973913192749
454,437.08819580078125,130.5302276611328,0.9978485107421875,484.5118103027344,174.4461212158203,0.9789097905158997,478.0489501953125,148.18397521972656,0.9907248616218567,491.0534362792969,139.2788848876953,0.9827157258987427,515.626953125,126.8855972290039,0.9961780309677124,537.6159057617188,114.7602767944336,0.9977971315383911,466.72479248046875,126.85746765136719,0.9744781255722046,502.02178955078125,95.13841247558594,0.9821369051933289,521.471923828125,94.14098358154297,0.983256459236145,484.1833801269531,168.78042602539062,0.9649468064308167,522.5939331054688,168.06080627441406,0.9857682585716248,551.3193969726562,130.9475555419922,0.9921005368232727
455,437.08819580078125,130.5302276611328,0.9977957010269165,484.405517578125,174.48883056640625,0.9778646230697632,477.54345703125,148.44882202148438,0.9919691681861877,490.6657409667969,139.96994018554688,0.98512864112854,515.407470703125,127.15052032470703,0.9957872033119202,537.6159057617188,114.87922668457031,0.9977449178695679,466.74395751953125,126.85746765136719,0.9727034568786621,494.6043701171875,100.53611755371094,0.9673781394958496,521.2593383789062,95.20333862304688,0.9672895669937134,482.8307800292969,169.72520446777344,0.9657567143440247,522.6205444335938,168.4959259033203,0.9888311624526978,550.7618408203125,131.0374755859375,0.989897608757019
456,437.08819580078125,130.1161346435547,0.9975523352622986,484.405517578125,174.4461212158203,0.9728973507881165,476.685791015625,148.44882202148438,0.9920661449432373,489.80780029296875,141.10821533203125,0.9866917729377747,515.0388793945312,127.42529296875,0.9951218962669373,537.6159057617188,114.89375305175781,0.9977806210517883,466.74395751953125,126.85746765136719,0.9590740203857422,485.73858642578125,101.11321258544922,0.9945277571678162,521.1495361328125,96.8485336303711,0.9659725427627563,482.2571105957031,170.5350341796875,0.9616492986679077,522.9885864257812,169.03358459472656,0.9906522035598755,550.7014770507812,131.0525665283203,0.9874057173728943
457,437.7423095703125,130.01226806640625,0.9969525337219238,484.0236511230469,174.4461212158203,0.9714776873588562,475.9657897949219,148.44882202148438,0.9932917356491089,489.24505615234375,141.10830688476562,0.9884496927261353,514.765380859375,127.61798095703125,0.9967317581176758,537.6630249023438,117.44700622558594,0.9977082014083862,467.51959228515625,127.1434555053711,0.9357061982154846,476.4853210449219,101.11321258544922,0.9918316006660461,521.1495361328125,97.17070770263672,0.9723819494247437,482.0148010253906,170.5350341796875,0.9617156386375427,522.9885864257812,169.03358459472656,0.9914523363113403,550.6674194335938,131.0525665283203,0.9847938418388367
458,439.0146484375,129.52731323242188,0.9956738352775574,484.0191650390625,174.24290466308594,0.9668928980827332,474.945556640625,148.44882202148438,0.9939571619033813,488.9471435546875,141.2344207763672,0.9893219470977783,514.0731201171875,128.18141174316406,0.9976164102554321,537.6630249023438,117.76509857177734,0.9977275729179382,468.0263671875,127.1434555053711,0.9262779355049133,475.0439758300781,101.11321258544922,0.9941510558128357,521.1495361328125,99.01553344726562,0.9364710450172424,481.6344909667969,170.5350341796875,0.9587268829345703,522.9888305664062,169.03358459472656,0.9913408160209656,550.3316650390625,131.09640502929688,0.9806761741638184
459,439.2685852050781,128.68202209472656,0.9949913620948792,483.90887451171875,174.24290466308594,0.9590574502944946,473.74951171875,147.98106384277344,0.9953956007957458,488.21466064453125,141.41944885253906,0.9890439510345459,513.5194091796875,128.52880859375,0.9978873133659363,537.6630249023438,117.77141571044922,0.9978901743888855,469.0777893066406,127.1434555053711,0.9372909665107727,475.0439758300781,99.17526245117188,0.9926872253417969,523.569091796875,101.25514221191406,0.91383957862854,481.3212585449219,170.19493103027344,0.9565098881721497,522.9966430664062,168.9879913330078,0.9911212921142578,550.3316650390625,131.12901306152344,0.9833219051361084
460,439.578125,127.72940826416016,0.994266927242279,483.84918212890625,174.24290466308594,0.9509113430976868,472.7023620605469,147.76976013183594,0.9961323738098145,487.27008056640625,141.51441955566406,0.9891369342803955,512.6759643554688,128.8739013671875,0.998393714427948,536.7935791015625,118.13594818115234,0.9982728958129883,469.3152770996094,126.45124816894531,0.9401764869689941,475.0439758300781,97.96836853027344,0.9881924986839294,523.569091796875,102.01213836669922,0.9093859791755676,480.69110107421875,169.67401123046875,0.9579692482948303,523.1074829101562,168.9879913330078,0.9931651949882507,549.31982421875,133.99557495117188,0.9793074131011963
461,439.9525451660156,126.2160873413086,0.99050372838974,481.4418640136719,175.01690673828125,0.9366264343261719,472.27081298828125,147.31631469726562,0.996855616569519,486.5657958984375,141.54798889160156,0.9904559254646301,512.6641845703125,129.1900634765625,0.9984459280967712,535.5516357421875,119.17069244384766,0.9984034895896912,470.169677734375,126.45124816894531,0.9408161044120789,475.0439758300781,97.96836853027344,0.9888232350349426,523.569091796875,103.12077331542969,0.923466682434082,480.621337890625,169.67401123046875,0.9597936272621155,523.6494750976562,168.7904815673828,0.9951943755149841,547.6209106445312,137.5355224609375,0.9759376049041748
462,440.5399169921875,125.46400451660156,0.9908288717269897,480.2959899902344,175.01690673828125,0.8923050761222839,472.0501403808594,147.31631469726562,0.9975130558013916,486.014892578125,142.1953582763672,0.990535318851471,511.6714172363281,129.30673217773438,0.9984555244445801,534.6306762695312,120.03345489501953,0.9980316758155823,471.19189453125,126.45124816894531,0.9430213570594788,475.0439758300781,97.96836853027344,0.9908272624015808,523.125732421875,103.45372009277344,0.9304630160331726,478.56103515625,169.67401123046875,0.9516649842262268,523.7752685546875,168.7904815673828,0.9959439635276794,542.9088134765625,143.1197052001953,0.9463357925415039
463,440.5399169921875,124.59440612792969,0.9909616112709045,480.28485107421875,175.103271484375,0.8880995512008667,471.13482666015625,147.31631469726562,0.9978830218315125,485.02239990234375,142.75271606445312,0.9905428290367126,510.5238037109375,129.86962890625,0.9983603358268738,533.1467895507812,120.85067749023438,0.9974254965782166,471.6490173339844,126.65171813964844,0.9403329491615295,474.16497802734375,99.40274047851562,0.9922100305557251,522.9318237304688,104.06670379638672,0.9379348754882812,477.9640197753906,169.79994201660156,0.9437357187271118,523.865234375,168.9703369140625,0.9960545301437378,542.411865234375,147.7282257080078,0.9782253503799438
464,440.5399169921875,124.4670181274414,0.9914963245391846,480.09307861328125,175.3013153076172,0.8508806824684143,471.13482666015625,147.9022674560547,0.9981864094734192,484.0064697265625,143.08204650878906,0.99081951379776,509.3343505859375,130.30873107910156,0.9981498718261719,532.3853149414062,121.13973999023438,0.996444046497345,472.0459899902344,127.13024139404297,0.937018871307373,473.8907165527344,100.30728912353516,0.991967499256134,520.1452026367188,104.75558471679688,0.9280523061752319,476.8778991699219,169.8006591796875,0.9300509095191956,523.865234375,168.6126708984375,0.9937020540237427,539.7723388671875,150.3540802001953,0.9775227904319763
465,440.5374450683594,124.33710479736328,0.992616593837738,477.1466064453125,175.891845703125,0.8276106715202332,470.37933349609375,148.37786865234375,0.998205304145813,482.87890625,143.63156127929688,0.9903272986412048,508.11102294921875,130.81361389160156,0.998835027217865,531.9088745117188,121.15864562988281,0.9945671558380127,472.2547302246094,127.13024139404297,0.9359143972396851,473.8907165527344,100.55707550048828,0.992998480796814,519.6864624023438,104.75558471679688,0.9269176125526428,474.7931213378906,170.25845336914062,0.9271442294120789,523.8395385742188,167.32229614257812,0.993753969669342,539.7723388671875,151.7161102294922,0.9686298966407776
466,439.00909423828125,123.96798706054688,0.9943670630455017,477.1466064453125,175.891845703125,0.8407675623893738,469.55596923828125,148.5644989013672,0.9979501366615295,481.7903137207031,143.63156127929688,0.989529550075531,507.1534118652344,131.25375366210938,0.9987999200820923,530.4480590820312,121.57679748535156,0.9919262528419495,472.7665100097656,127.13024139404297,0.9515721201896667,473.8907165527344,100.70289611816406,0.9926354289054871,518.0650634765625,104.75558471679688,0.9668498635292053,474.7931213378906,170.25845336914062,0.9192915558815002,523.7752685546875,166.7899169921875,0.9909635782241821,540.2301025390625,154.94747924804688,0.968330442905426
467,437.0229797363281,122.77559661865234,0.9936960339546204,477.1466064453125,175.891845703125,0.8363455533981323,468.3477783203125,148.8171844482422,0.9975892305374146,480.64593505859375,143.67181396484375,0.9879542589187622,506.7854919433594,131.53895568847656,0.9984443783760071,529.5006103515625,122.13866424560547,0.9917095303535461,472.7665100097656,126.96170806884766,0.9509046673774719,473.964599609375,101.49718475341797,0.9931722283363342,517.269287109375,103.02043914794922,0.9889571070671082,474.7931213378906,170.25845336914062,0.9119469523429871,523.8395385742188,166.32199096679688,0.9799633622169495,540.900634765625,154.98403930664062,0.9743133783340454
468,436.15667724609375,121.87674713134766,0.9934825301170349,480.9520568847656,174.15426635742188,0.8473818302154541,467.7024841308594,148.98492431640625,0.9975385665893555,478.535400390625,143.63156127929688,0.9871783256530762,505.86724853515625,131.6130828857422,0.9977098703384399,529.3038940429688,123.0950698852539,0.9911617040634155,472.7665100097656,126.51142120361328,0.9586389064788818,474.8600769042969,102.88388061523438,0.9915152788162231,516.6510009765625,101.4562759399414,0.992466151714325,474.7931213378906,169.75364685058594,0.910907506942749,523.5107421875,164.6775360107422,0.9487074613571167,540.900634765625,155.1660614013672,0.982631266117096
469,433.76373291015625,120.17749786376953,0.9931554198265076,480.9520568847656,174.15426635742188,0.8755713105201721,466.76519775390625,149.21641540527344,0.9969151020050049,478.535400390625,143.52427673339844,0.9840752482414246,505.51318359375,132.07589721679688,0.997528612613678,528.4979248046875,123.25709533691406,0.9928367733955383,471.8176574707031,126.21656799316406,0.9631487727165222,475.0016174316406,102.88388061523438,0.9872401356697083,514.6273803710938,100.27021026611328,0.9901542067527771,474.7931213378906,169.1021728515625,0.911699652671814,523.1845703125,164.0122528076172,0.8882208466529846,540.900634765625,155.25706481933594,0.9871747493743896
470,433.214111328125,119.59965515136719,0.9930331707000732,480.9520568847656,174.15426635742188,0.8424461483955383,465.4898681640625,149.21641540527344,0.9961891770362854,478.4117431640625,143.0538330078125,0.9820007681846619,504.7522277832031,132.07589721679688,0.9976755976676941,527.733154296875,123.25709533691406,0.993981659412384,471.49578857421875,126.1317367553711,0.9557960629463196,475.08984375,103.25624084472656,0.9879014492034912,513.2708740234375,100.27021026611328,0.9865121841430664,474.4075012207031,167.8761444091797,0.9276929497718811,521.638671875,163.56471252441406,0.814346194267273,540.900634765625,155.25706481933594,0.9887710213661194
471,431.3542785644531,118.57565307617188,0.9912041425704956,478.4439392089844,175.4361572265625,0.8734835982322693,464.454833984375,149.21641540527344,0.9944460391998291,478.4117431640625,142.46607971191406,0.9812681078910828,504.10540771484375,132.07589721679688,0.9975676536560059,527.0877685546875,123.0950698852539,0.9955047965049744,470.73529052734375,125.9886245727539,0.945613443851471,475.680908203125,103.25624084472656,0.9906265735626221,511.35345458984375,99.8691177368164,0.9669705629348755,473.3409118652344,167.8761444091797,0.9271804094314575,521.292236328125,162.9222869873047,0.8054203391075134,540.7008666992188,155.1660614013672,0.9889688491821289
472,431.3542785644531,118.56885528564453,0.9905980229377747,477.3319091796875,175.4361572265625,0.9220486879348755,463.4463195800781,148.59933471679688,0.9936456680297852,478.4117431640625,142.31504821777344,0.9799808859825134,503.1792297363281,131.89529418945312,0.9979974627494812,526.1229248046875,122.97566223144531,0.9958194494247437,470.1968994140625,125.7087631225586,0.9346287250518799,475.70849609375,103.25624084472656,0.9894844889640808,509.2446594238281,97.27586364746094,0.9802256226539612,472.8231506347656,167.8761444091797,0.918641209602356,520.9364013671875,162.2772216796875,0.8815647959709167,540.5859985351562,154.2209930419922,0.988507866859436
473,431.3542785644531,118.56885528564453,0.9914398193359375,475.2154846191406,175.4361572265625,0.9407966732978821,462.6567687988281,148.2034149169922,0.9916307330131531,477.5942687988281,141.99790954589844,0.9805012941360474,502.16009521484375,131.40557861328125,0.9982324242591858,525.3226928710938,122.58036041259766,0.995965838432312,469.0801086425781,125.9886245727539,0.9189895987510681,475.70849609375,103.1506576538086,0.9812901616096497,507.9930725097656,94.19941711425781,0.9807815551757812,471.27667236328125,168.4610137939453,0.9389707446098328,519.7162475585938,161.69052124023438,0.9455453753471375,537.0791015625,154.16757202148438,0.9878835082054138
474,431.5338134765625,118.57565307617188,0.9923409223556519,469.021728515625,173.75135803222656,0.9598336219787598,462.2852783203125,146.29298400878906,0.9920024871826172,477.0062255859375,141.98513793945312,0.9805864095687866,501.27667236328125,131.35638427734375,0.9978376030921936,524.5707397460938,122.24340057373047,0.995930016040802,468.5303955078125,125.9886245727539,0.9044280052185059,475.70849609375,103.25624084472656,0.9669555425643921,506.4902648925781,94.15965270996094,0.9817038178443909,469.1302795410156,168.47703552246094,0.9680526256561279,519.0752563476562,161.69052124023438,0.9727945923805237,535.4728393554688,151.0760955810547,0.9905217885971069
475,432.3280029296875,118.60601043701172,0.9910955429077148,468.6811828613281,173.18727111816406,0.973747193813324,461.0411682128906,146.25894165039062,0.9942134022712708,475.3104248046875,141.371826171875,0.9808278679847717,500.1215515136719,131.13604736328125,0.9977236390113831,524.1363525390625,122.24340057373047,0.9967241883277893,464.1106872558594,126.94851684570312,0.8786144256591797,475.8028564453125,103.15837097167969,0.971968948841095,504.19940185546875,92.81903839111328,0.9823174476623535,468.0975341796875,168.47703552246094,0.9718506932258606,519.0752563476562,161.69052124023438,0.9715901017189026,534.408447265625,149.83929443359375,0.9936623573303223
476,432.3280029296875,118.83518981933594,0.9916933178901672,467.1158447265625,173.18727111816406,0.974304735660553,459.9359130859375,146.25894165039062,0.9947900772094727,474.7444152832031,141.371826171875,0.9840710163116455,498.62615966796875,131.13604736328125,0.997478187084198,523.0751342773438,122.24340057373047,0.9961950778961182,463.6170349121094,126.94851684570312,0.8614060282707214,476.2485046386719,103.15837097167969,0.9539796113967896,501.3246765136719,87.79298400878906,0.9912866950035095,466.00628662109375,168.4610137939453,0.9725856781005859,519.0752563476562,161.69052124023438,0.9743993878364563,532.46533203125,148.92559814453125,0.9947785139083862
477,432.3280029296875,118.9693603515625,0.993005096912384,466.2477111816406,173.18727111816406,0.9712352156639099,459.59625244140625,146.25894165039062,0.9944908618927002,474.2523193359375,141.371826171875,0.9856922626495361,497.87890625,131.16419982910156,0.9972041845321655,522.1085205078125,122.58340454101562,0.9966030120849609,463.6170349121094,126.94851684570312,0.8606461882591248,477.51568603515625,103.1506576538086,0.9092137813568115,498.6690979003906,87.37895965576172,0.9936925172805786,465.31927490234375,167.94422912597656,0.9708775281906128,518.3480224609375,161.17933654785156,0.9508341550827026,531.9921264648438,148.33460998535156,0.9952694773674011
478,431.87005615234375,119.34423828125,0.9926955699920654,462.89739990234375,173.28634643554688,0.9664953947067261,459.0931091308594,146.25894165039062,0.9941985607147217,473.7678527832031,141.371826171875,0.9864700436592102,497.67852783203125,131.16419982910156,0.9968929290771484,520.9835815429688,122.58340454101562,0.996640682220459,463.6170349121094,126.84140014648438,0.8541873693466187,478.202880859375,102.61856842041016,0.9176523685455322,496.28436279296875,86.96817016601562,0.9912883043289185,465.077880859375,167.5409393310547,0.970334529876709,517.80322265625,160.96646118164062,0.9506329894065857,530.6383056640625,148.24667358398438,0.9942349791526794
479,430.62744140625,119.827880859375,0.9928324222564697,462.65185546875,173.28634643554688,0.96034175157547,458.3083190917969,146.25894165039062,0.9933505654335022,472.79949951171875,141.371826171875,0.9879856705665588,497.2061767578125,130.98362731933594,0.9977611303329468,519.4328002929688,122.58340454101562,0.9964755177497864,463.9363098144531,126.39651489257812,0.8320257663726807,479.0226135253906,102.18376159667969,0.922328770160675,494.7902526855469,86.58109283447266,0.9889128804206848,464.77264404296875,166.97479248046875,0.9667273163795471,517.221923828125,160.8994140625,0.953046441078186,529.0543823242188,147.5609893798828,0.9917023777961731
480,429.4877014160156,120.2540283203125,0.9926396608352661,462.0665588378906,173.28634643554688,0.9389117956161499,457.39404296875,145.98037719726562,0.9943209886550903,471.972900390625,140.99237060546875,0.9897146821022034,496.0660400390625,130.8368682861328,0.9982349872589111,517.8740844726562,122.20250701904297,0.9963349103927612,467.0799255371094,118.81381225585938,0.8238856196403503,479.6738586425781,101.19972229003906,0.9122174978256226,494.5848388671875,86.58109283447266,0.9887428283691406,464.6395568847656,165.50099182128906,0.9664052128791809,513.0792236328125,157.35598754882812,0.9380166530609131,524.3088989257812,147.53091430664062,0.98868328332901
481,428.10272216796875,120.85088348388672,0.9915819764137268,455.53985595703125,172.6991729736328,0.9408386945724487,456.6123046875,145.27125549316406,0.9943658113479614,470.32891845703125,140.7339630126953,0.991367757320404,494.9737243652344,130.07662963867188,0.9985404014587402,515.9672241210938,122.00069427490234,0.9963163137435913,467.0799255371094,118.34953308105469,0.8444731831550598,479.8939208984375,100.87584686279297,0.8587350845336914,494.35076904296875,85.02366638183594,0.9917353987693787,464.6395568847656,163.98475646972656,0.9630709290504456,512.2086181640625,156.91104125976562,0.9334165453910828,523.022705078125,147.35751342773438,0.9890093207359314
482,426.54095458984375,121.69499969482422,0.9896366000175476,454.3995361328125,172.33189392089844,0.94677734375,455.4432678222656,145.0625,0.9963263869285583,468.5069580078125,140.22354125976562,0.9918751120567322,494.5280456542969,129.34567260742188,0.9983389377593994,515.0828857421875,121.98709869384766,0.9957455992698669,467.0799255371094,118.34953308105469,0.847395658493042,480.66656494140625,100.71136474609375,0.8203625082969666,493.4542541503906,85.02366638183594,0.9887694120407104,464.61474609375,163.98475646972656,0.9592799544334412,510.26788330078125,156.91104125976562,0.9572498202323914,521.2302856445312,147.49563598632812,0.9893084168434143
483,425.3804016113281,122.7220458984375,0.9928401708602905,454.0443420410156,171.90293884277344,0.9670574069023132,454.9110412597656,144.98899841308594,0.9966096878051758,467.24041748046875,139.6007537841797,0.9914883375167847,492.9532470703125,129.34567260742188,0.9980354905128479,513.8287353515625,121.54298400878906,0.9933564066886902,465.9855041503906,118.34953308105469,0.8383012413978577,480.66656494140625,100.71136474609375,0.7316346764564514,493.4542541503906,85.02366638183594,0.9855373501777649,464.5555114746094,163.98475646972656,0.947718620300293,509.7085266113281,157.35598754882812,0.9468209147453308,519.1368408203125,147.49563598632812,0.9778797030448914
484,424.1744689941406,123.33241271972656,0.9944847226142883,450.8079528808594,171.76487731933594,0.9722198247909546,452.7632751464844,144.15374755859375,0.9967437982559204,465.43072509765625,138.75640869140625,0.9906346201896667,490.4675598144531,129.09153747558594,0.995625376701355,511.69366455078125,121.51300811767578,0.9930487871170044,457.47161865234375,123.88691711425781,0.8463584184646606,480.66656494140625,100.87584686279297,0.88787841796875,493.4542541503906,85.1560287475586,0.9771476984024048,456.0224304199219,163.97845458984375,0.9446906447410583,508.8568420410156,159.09259033203125,0.925432026386261,519.0546264648438,147.49563598632812,0.9827688336372375
485,423.2577209472656,123.33241271972656,0.9945551156997681,447.359375,171.61146545410156,0.9661399722099304,450.63250732421875,144.06698608398438,0.9948333501815796,463.2648620605469,138.7493896484375,0.9877902269363403,489.6448059082031,129.03848266601562,0.9956041574478149,510.3644104003906,121.16194152832031,0.9948010444641113,455.9042053222656,124.31513977050781,0.8626397848129272,474.84320068359375,102.51603698730469,0.8862553238868713,494.6201171875,86.40910339355469,0.9947801828384399,452.9540710449219,163.97845458984375,0.937730610370636,507.38336181640625,159.4734649658203,0.8830199837684631,516.4489135742188,149.1815948486328,0.9859980344772339
486,421.4353942871094,123.33241271972656,0.994236409664154,441.6962585449219,171.5616912841797,0.9677512049674988,447.8517761230469,143.9477081298828,0.9895814657211304,461.7128601074219,138.51058959960938,0.9852533936500549,486.0949401855469,128.7028045654297,0.9949495792388916,508.20623779296875,121.41832733154297,0.9952878952026367,453.0150146484375,124.31513977050781,0.8551048636436462,472.9403076171875,102.51603698730469,0.7836371064186096,494.63580322265625,88.92936706542969,0.9947000741958618,451.5025939941406,163.97845458984375,0.9267210960388184,473.5029602050781,162.3101348876953,0.9164440035820007,511.8872375488281,149.1815948486328,0.9822675585746765
487,420.157470703125,123.00189208984375,0.9935712814331055,439.60430908203125,171.5616912841797,0.9856771230697632,445.8117980957031,142.61558532714844,0.9933167695999146,459.1393737792969,138.22085571289062,0.9829293489456177,481.96636962890625,128.7028045654297,0.9920724034309387,506.83935546875,121.27881622314453,0.9949123859405518,444.783203125,124.48400115966797,0.8358599543571472,469.72210693359375,102.97168731689453,0.771371066570282,495.0208435058594,88.92936706542969,0.9919852018356323,450.19732666015625,162.58868408203125,0.9129301905632019,473.5029602050781,162.3101348876953,0.9454041719436646,508.23333740234375,149.1815948486328,0.9834189414978027
488,417.1452941894531,122.18086242675781,0.9911735653877258,437.2108154296875,171.45455932617188,0.9898165464401245,443.57452392578125,142.0234832763672,0.9942224621772766,457.379638671875,137.8756561279297,0.9870213866233826,481.34442138671875,128.01388549804688,0.9958207607269287,503.9342956542969,121.16194152832031,0.9967201352119446,442.84320068359375,124.48400115966797,0.8833562731742859,468.117919921875,102.51603698730469,0.6988109350204468,494.63580322265625,89.41276550292969,0.9940014481544495,449.7164306640625,159.797607421875,0.8950557112693787,473.5029602050781,162.3101348876953,0.9661680459976196,506.1184997558594,147.92071533203125,0.9734802842140198
489,413.8339538574219,120.67928314208984,0.9916330575942993,435.4442138671875,171.45455932617188,0.9893906712532043,441.34814453125,142.0234832763672,0.993083119392395,455.35791015625,137.4037322998047,0.9923204779624939,478.9817199707031,127.59979248046875,0.9963257908821106,501.5208740234375,120.92875671386719,0.9958985447883606,439.2503967285156,124.28980255126953,0.9165018200874329,465.031982421875,101.56792449951172,0.7147722244262695,494.6201171875,89.71744537353516,0.9936202168464661,444.09832763671875,159.21043395996094,0.9021764397621155,475.75927734375,160.36082458496094,0.9736964106559753,504.8801574707031,142.76248168945312,0.9054054021835327
490,410.0858154296875,120.6622085571289,0.9916799664497375,434.5730895996094,171.5616912841797,0.9922532439231873,440.3530578613281,142.0234832763672,0.9938241243362427,451.6839904785156,137.27984619140625,0.9935801029205322,476.9019470214844,127.45603942871094,0.9951519966125488,499.2705993652344,120.74332427978516,0.9951419830322266,436.6937255859375,123.94469451904297,0.9177954196929932,464.4432678222656,101.56792449951172,0.7537227869033813,494.0231628417969,91.26825714111328,0.9921318888664246,442.5708923339844,158.9228973388672,0.9019870162010193,476.08935546875,160.36082458496094,0.9855013489723206,503.7914123535156,136.2097625732422,0.8860106468200684
491,408.1068420410156,118.98057556152344,0.9930370450019836,433.37310791015625,172.15359497070312,0.9917855858802795,438.448974609375,142.29867553710938,0.9955297112464905,449.2553405761719,136.64828491210938,0.9951815009117126,474.6178894042969,127.38977813720703,0.9938183426856995,496.9806213378906,120.74332427978516,0.9923864603042603,434.7479553222656,121.93402862548828,0.9443181753158569,463.36328125,101.74703979492188,0.7726367115974426,493.75775146484375,91.53650665283203,0.9914504885673523,438.0093078613281,158.9228973388672,0.9291130900382996,476.8603515625,160.36082458496094,0.9871135950088501,503.19110107421875,136.2097625732422,0.8681641817092896
492,406.0704040527344,118.98057556152344,0.9946907162666321,430.1199951171875,172.21449279785156,0.9817401170730591,436.9405517578125,142.29867553710938,0.99594646692276,447.7685852050781,136.55734252929688,0.9937680959701538,473.33758544921875,127.12165069580078,0.9918429255485535,494.8346862792969,120.74332427978516,0.9931439161300659,429.2574462890625,121.38162994384766,0.9309567213058472,461.466552734375,101.74703979492188,0.709934413433075,493.5474853515625,91.60295867919922,0.9898753762245178,435.9078674316406,157.74368286132812,0.9291847944259644,477.05584716796875,161.91453552246094,0.9790934324264526,503.19110107421875,136.2097625732422,0.787487268447876
493,404.9937438964844,118.98057556152344,0.9947262406349182,428.6960144042969,172.21449279785156,0.969788670539856,435.8954162597656,142.29867553710938,0.9954196214675903,446.8277587890625,136.24017333984375,0.9925211071968079,472.939453125,125.81149291992188,0.9923398494720459,494.8346862792969,120.7656478881836,0.9942904710769653,426.04937744140625,121.38162994384766,0.9411270618438721,461.466552734375,101.74703979492188,0.6917148232460022,490.4516906738281,91.69237518310547,0.9893842339515686,434.83416748046875,157.74368286132812,0.9283446669578552,477.2907409667969,162.3529510498047,0.9799005389213562,502.7745361328125,136.22067260742188,0.8359180092811584
494,404.8015441894531,120.72294616699219,0.9938616752624512,428.451171875,172.21449279785156,0.9673042893409729,435.6177978515625,142.21998596191406,0.9952385425567627,446.78118896484375,136.24017333984375,0.9922004342079163,472.51617431640625,125.81149291992188,0.9926209449768066,494.8346862792969,120.77308654785156,0.994649350643158,424.9087219238281,121.38162994384766,0.9499870538711548,461.466552734375,101.74703979492188,0.6340011954307556,490.23291015625,92.13197326660156,0.9902719855308533,434.6333312988281,157.74368286132812,0.9241977334022522,477.39154052734375,162.3529510498047,0.9806352853775024,490.0096740722656,157.21707153320312,0.7749577164649963
495,403.5692138671875,121.23693084716797,0.9936435222625732,427.4892578125,172.01785278320312,0.9599303603172302,435.4266357421875,142.21029663085938,0.9946267008781433,446.6630859375,136.24017333984375,0.9913743138313293,472.51617431640625,125.81149291992188,0.9935712814331055,495.0556335449219,120.9409408569336,0.9942373037338257,424.2648010253906,121.31730651855469,0.9493109583854675,461.6707763671875,101.63330841064453,0.615150511264801,489.844970703125,92.2074966430664,0.989449143409729,433.0360412597656,160.4674835205078,0.9268651604652405,478.5712585449219,162.51707458496094,0.9709142446517944,490.0096740722656,157.21707153320312,0.8664372563362122
496,402.98663330078125,121.4901351928711,0.9930850267410278,425.9386901855469,170.14881896972656,0.9653856754302979,435.40240478515625,142.1457977294922,0.9946553707122803,446.6630859375,136.39231872558594,0.9907987117767334,472.51617431640625,126.0559310913086,0.9939385652542114,495.20013427734375,121.11425018310547,0.9937283992767334,424.1456604003906,121.44966888427734,0.951945424079895,462.7275695800781,101.63330841064453,0.5374706983566284,489.61712646484375,92.31922912597656,0.9907935261726379,432.9657897949219,160.52926635742188,0.923977792263031,478.90606689453125,162.51707458496094,0.9757580161094666,490.0096740722656,157.21707153320312,0.9067975282669067
497,402.6204833984375,121.5906753540039,0.9922513365745544,425.9386901855469,170.14881896972656,0.96811443567276,435.2166442871094,142.1457977294922,0.994933545589447,446.6630859375,136.52835083007812,0.9894953370094299,472.7545166015625,127.17662048339844,0.9945112466812134,495.5824890136719,121.11425018310547,0.9936966300010681,424.13092041015625,121.51836395263672,0.9550109505653381,462.7275695800781,101.63330841064453,0.4341433346271515,489.61712646484375,93.16643524169922,0.987669050693512,432.6860046386719,160.71229553222656,0.9156213402748108,481.0923156738281,162.51707458496094,0.9836241006851196,491.11846923828125,155.81051635742188,0.9491606950759888
498,402.0715637207031,121.64552307128906,0.9914703965187073,425.9386901855469,170.14881896972656,0.968360424041748,435.1236572265625,142.1457977294922,0.9945093989372253,446.7331237792969,136.75286865234375,0.9879893064498901,473.1308898925781,127.50874328613281,0.9946236610412598,495.8958740234375,121.14881896972656,0.9940295219421387,423.95703125,121.60053253173828,0.9600204825401306,462.7275695800781,101.80219268798828,0.333843469619751,489.61712646484375,94.4385757446289,0.9875075221061707,432.68548583984375,160.71229553222656,0.9141367673873901,481.0923156738281,162.0713348388672,0.988997220993042,496.41424560546875,151.66558837890625,0.9876367449760437
499,402.0715637207031,122.12663269042969,0.9907596111297607,426.1178894042969,170.18296813964844,0.9693455696105957,435.09771728515625,142.1662139892578,0.9938150644302368,447.13116455078125,137.0557861328125,0.9885197281837463,473.8551330566406,127.64197540283203,0.992768406867981,496.3670654296875,121.38465881347656,0.9937454462051392,423.691162109375,121.68998718261719,0.9620196223258972,462.9253234863281,103.2467269897461,0.4267330765724182,489.61712646484375,94.4549331665039,0.9858384728431702,432.68548583984375,160.81024169921875,0.9187178611755371,481.0923156738281,161.1394500732422,0.9786267280578613,497.53228759765625,151.5148162841797,0.9897458553314209
500,402.0715637207031,122.12663269042969,0.9910077452659607,426.15496826171875,170.2648468017578,0.9705251455307007,435.0257263183594,142.21823120117188,0.9935745596885681,447.3231201171875,137.17642211914062,0.9894487857818604,474.1969909667969,127.88426971435547,0.9929882884025574,496.51129150390625,121.78950500488281,0.9937133193016052,423.691162109375,121.75247192382812,0.9600186944007874,463.0900573730469,103.47828674316406,0.44359657168388367,488.8201904296875,97.050048828125,0.9868707656860352,432.68548583984375,160.89410400390625,0.9136276841163635,472.21771240234375,159.96780395507812,0.985660195350647,498.88458251953125,151.5148162841797,0.9897814989089966
501,402.5021057128906,122.12663269042969,0.9922682642936707,426.8768310546875,171.41641235351562,0.9700936079025269,434.9919738769531,142.40097045898438,0.9939253926277161,447.3231201171875,137.3455810546875,0.9892394542694092,474.3459167480469,128.24766540527344,0.9935070276260376,496.5964660644531,122.11380004882812,0.9932578802108765,423.691162109375,121.75247192382812,0.957619845867157,470.56732177734375,104.25486755371094,0.4917134642601013,488.1329345703125,98.20264434814453,0.9887278079986572,432.7257995605469,161.38290405273438,0.9216712117195129,470.8636779785156,159.96780395507812,0.982948362827301,501.4068298339844,151.66558837890625,0.9889419078826904
502,402.5672912597656,121.82518005371094,0.992789089679718,426.8768310546875,171.41641235351562,0.9703102707862854,434.8880310058594,142.6533966064453,0.994215190410614,447.3753967285156,137.8091278076172,0.9887825846672058,474.408935546875,128.82896423339844,0.9949907660484314,496.5964660644531,122.46102905273438,0.992646336555481,423.96575927734375,121.68998718261719,0.9558750987052917,471.5290222167969,104.45518493652344,0.6128681302070618,487.9345703125,99.07821655273438,0.9869869947433472,432.75592041015625,161.68910217285156,0.9310517907142639,470.0594787597656,159.96780395507812,0.9842298626899719,501.9533996582031,152.7963104248047,0.9926522970199585
503,402.5672912597656,121.63433837890625,0.9932152032852173,426.8768310546875,171.41641235351562,0.9691391587257385,434.8880310058594,142.6533966064453,0.9942924976348877,447.3753967285156,137.9989776611328,0.988965630531311,474.5355529785156,129.42489624023438,0.9963045120239258,496.5964660644531,123.00360870361328,0.993409276008606,424.0092468261719,121.75247192382812,0.9560059309005737,471.9129943847656,104.69403076171875,0.6047536134719849,487.7648620605469,99.55626678466797,0.9891400337219238,432.78704833984375,161.9854736328125,0.9372473955154419,469.91253662109375,160.34500122070312,0.9746415019035339,502.79248046875,153.03561401367188,0.9928503036499023
504,402.5672912597656,121.50224304199219,0.9919388890266418,426.45501708984375,171.1509552001953,0.9717906713485718,434.82763671875,142.79922485351562,0.9939236044883728,447.3753967285156,137.9989776611328,0.9893184304237366,474.9765625,129.4503631591797,0.9958165287971497,496.5794677734375,123.4220199584961,0.9929821491241455,424.14202880859375,121.75680541992188,0.9500687122344971,472.40386962890625,104.90066528320312,0.5785056352615356,487.53570556640625,100.21878814697266,0.9930005073547363,432.99908447265625,162.09765625,0.9369239211082458,469.5777893066406,160.59182739257812,0.9720723032951355,508.0289001464844,153.96157836914062,0.9891189336776733
505,402.4698791503906,121.50224304199219,0.9913040399551392,426.45501708984375,171.1509552001953,0.9694824814796448,434.8880310058594,142.79922485351562,0.9943080544471741,447.5899353027344,138.15164184570312,0.989250659942627,475.0635681152344,129.83584594726562,0.9964711666107178,496.5794677734375,123.6930160522461,0.9925470948219299,424.3390197753906,121.67369842529297,0.9517768621444702,472.4277038574219,104.93096160888672,0.7166027426719666,485.13275146484375,101.58446502685547,0.996760904788971,433.4114990234375,162.77919006347656,0.9423075318336487,469.5777893066406,160.59182739257812,0.9642078280448914,511.0858459472656,154.6997528076172,0.9934412240982056
506,402.398193359375,121.4336166381836,0.9913585186004639,426.45501708984375,171.1509552001953,0.9701761603355408,434.9692077636719,142.40200805664062,0.9942323565483093,447.8102722167969,138.49269104003906,0.9884196519851685,475.14947509765625,130.3544464111328,0.9968419075012207,496.5794677734375,124.1585464477539,0.9920632243156433,424.3390197753906,121.73831939697266,0.947975754737854,472.4941711425781,105.00436401367188,0.689191997051239,484.8723449707031,102.357421875,0.997109591960907,434.45208740234375,163.14112854003906,0.9409810304641724,469.5777893066406,160.59182739257812,0.9211805462837219,512.1360473632812,154.6997528076172,0.9945908784866333
507,402.0979309082031,121.28534698486328,0.9904657602310181,427.4045715332031,172.9630126953125,0.9741992950439453,434.9692077636719,142.38848876953125,0.9944103360176086,447.92572021484375,138.81906127929688,0.9871090650558472,475.1640319824219,130.44541931152344,0.9963058233261108,496.68017578125,124.21282958984375,0.9917783141136169,424.34442138671875,121.73831939697266,0.9463933110237122,472.76080322265625,105.6974105834961,0.6537584066390991,484.410888671875,102.78260803222656,0.9968144297599792,434.4598693847656,163.14112854003906,0.9451032876968384,475.7377014160156,157.56385803222656,0.9190506339073181,512.926025390625,154.6997528076172,0.9951926469802856
508,401.8957214355469,121.21051788330078,0.9908113479614258,427.6334228515625,172.9630126953125,0.976966917514801,434.95819091796875,142.38848876953125,0.9945854544639587,447.9951477050781,138.81906127929688,0.9861183166503906,475.2370910644531,130.57931518554688,0.9967079162597656,496.75830078125,124.4345474243164,0.9926623106002808,424.34442138671875,121.73831939697266,0.9478033185005188,473.1044006347656,105.77713775634766,0.716935396194458,484.23785400390625,102.8512191772461,0.9964911341667175,434.802001953125,163.14112854003906,0.9503947496414185,476.21990966796875,157.56385803222656,0.931573212146759,513.1539916992188,154.68951416015625,0.9953927993774414
509,401.8957214355469,121.14191436767578,0.9891642928123474,428.16229248046875,172.9733123779297,0.9806862473487854,434.9692077636719,142.16104125976562,0.9944310784339905,447.9951477050781,138.81906127929688,0.9860047698020935,475.5679016113281,130.636474609375,0.9955828785896301,496.7693176269531,124.46895599365234,0.9918956160545349,424.34442138671875,121.67802429199219,0.9478587508201599,472.9360656738281,105.8424301147461,0.7414289116859436,484.23785400390625,103.24922943115234,0.9964279532432556,434.9855651855469,163.0597381591797,0.9526694416999817,476.4831848144531,157.56385803222656,0.9360488653182983,513.1539916992188,153.88006591796875,0.994993269443512
510,401.73162841796875,121.03434753417969,0.9892774820327759,428.4420471191406,172.9733123779297,0.9811036586761475,434.95819091796875,142.1329803466797,0.9942901134490967,448.21856689453125,138.25303649902344,0.9837438464164734,475.6197814941406,130.79273986816406,0.9952869415283203,496.83172607421875,124.60858917236328,0.9923560619354248,423.9660339355469,121.67802429199219,0.9445521235466003,473.1044006347656,106.04801940917969,0.7578960061073303,484.23590087890625,103.55731201171875,0.9957833290100098,434.9898376464844,163.0597381591797,0.9526293277740479,476.5907287597656,158.41921997070312,0.9274742007255554,513.2158203125,152.7703094482422,0.9939761161804199
511,401.73162841796875,120.34832000732422,0.9895766973495483,429.2509765625,172.9733123779297,0.9823548197746277,434.8628845214844,142.1329803466797,0.9951102137565613,448.470947265625,138.25303649902344,0.9847787022590637,475.6197814941406,131.18130493164062,0.99610835313797,496.83172607421875,124.72974395751953,0.9927575588226318,423.9660339355469,121.52843475341797,0.9401782751083374,473.13665771484375,106.16922760009766,0.8084664940834045,483.9223327636719,103.62256622314453,0.9947437047958374,435.40350341796875,163.0597381591797,0.9518005847930908,476.5907287597656,159.29043579101562,0.9345702528953552,513.2158203125,152.7703094482422,0.9938294291496277
512,401.73162841796875,118.677490234375,0.9916061162948608,429.2509765625,172.98155212402344,0.9840235710144043,434.6951599121094,142.1329803466797,0.9957219362258911,448.49591064453125,138.25303649902344,0.9850242137908936,475.646484375,131.5325469970703,0.9968992471694946,496.8888244628906,124.88944244384766,0.9910940527915955,423.9660339355469,121.4923095703125,0.9404267072677612,473.13665771484375,106.16922760009766,0.8252533078193665,483.2992248535156,104.39717864990234,0.9926241636276245,435.40350341796875,163.72227478027344,0.9598435163497925,476.5907287597656,159.6190185546875,0.9307839870452881,513.132080078125,152.7703094482422,0.9930880665779114
513,401.7612609863281,118.53911590576172,0.9929729700088501,429.2509765625,173.2732391357422,0.9838992357254028,434.16357421875,142.33291625976562,0.9960914254188538,448.5131530761719,138.37806701660156,0.9861164689064026,475.67364501953125,131.8512725830078,0.997438907623291,496.8888244628906,125.14481353759766,0.9918428659439087,424.47918701171875,121.08368682861328,0.9472898840904236,472.9360656738281,106.16922760009766,0.8208919763565063,483.2323913574219,104.57948303222656,0.9937642812728882,435.40350341796875,163.72227478027344,0.9655868411064148,476.0943298339844,160.34214782714844,0.9397196173667908,511.45172119140625,152.78640747070312,0.9917069673538208
514,401.7612609863281,118.33402252197266,0.9934684038162231,428.8940124511719,173.3145294189453,0.9817403554916382,433.9708251953125,142.36497497558594,0.9958875775337219,448.5131530761719,138.5079345703125,0.9863499999046326,475.67364501953125,131.96914672851562,0.9973378777503967,496.9168395996094,125.20573425292969,0.9919453263282776,424.8192443847656,121.01939392089844,0.9473530054092407,471.9496765136719,104.90469360351562,0.8020456433296204,483.1998596191406,104.7743911743164,0.9931082725524902,434.5094299316406,163.81781005859375,0.966866135597229,476.0943298339844,160.3817138671875,0.933366596698761,511.45172119140625,152.78640747070312,0.9918828010559082
515,401.77069091796875,117.45183563232422,0.9932560920715332,428.1781311035156,173.32069396972656,0.9781209826469421,433.72906494140625,142.38645935058594,0.9961787462234497,448.6501159667969,138.76087951660156,0.9877248406410217,475.79193115234375,132.28024291992188,0.9975796341896057,496.9168395996094,125.20573425292969,0.9922424554824829,424.9474792480469,121.01844787597656,0.9426781535148621,471.78497314453125,104.90469360351562,0.8467928171157837,482.916748046875,104.94425201416016,0.991563081741333,433.75067138671875,164.02255249023438,0.9672807455062866,476.0943298339844,160.90406799316406,0.930761992931366,511.45172119140625,152.78640747070312,0.9923182725906372
516,401.9579162597656,116.492919921875,0.9964639544487,427.5858154296875,173.32069396972656,0.9709246158599854,433.5816345214844,142.38645935058594,0.9958070516586304,448.85845947265625,138.93016052246094,0.9870404601097107,475.79193115234375,132.49143981933594,0.997734785079956,497.0108642578125,125.22915649414062,0.9916719794273376,426.5362854003906,121.01844787597656,0.939098060131073,471.58978271484375,104.80636596679688,0.9002670049667358,482.329833984375,105.47993469238281,0.9840733408927917,432.9007263183594,164.02255249023438,0.9654845595359802,476.12176513671875,161.9091796875,0.8884001970291138,511.82012939453125,151.9371795654297,0.9927733540534973
517,402.43133544921875,115.8390884399414,0.9967883825302124,427.5631408691406,173.32069396972656,0.9680192470550537,433.3668212890625,142.440185546875,0.9960777163505554,448.9973449707031,139.0661163330078,0.9866129159927368,475.793701171875,132.7130889892578,0.9977686405181885,497.0888366699219,125.3088607788086,0.991813063621521,426.6374206542969,121.01939392089844,0.9379949569702148,471.4700622558594,104.90469360351562,0.9036839604377747,482.3058166503906,105.65482330322266,0.98029625415802,432.8346862792969,164.12205505371094,0.9633498787879944,486.1072082519531,164.97215270996094,0.8949140310287476,511.82012939453125,151.3498992919922,0.9926028847694397
518,404.05413818359375,115.8292236328125,0.997130811214447,427.5631408691406,173.40953063964844,0.9636505842208862,433.12615966796875,142.45907592773438,0.99558025598526,449.0577697753906,139.15884399414062,0.986005425453186,475.79193115234375,132.84100341796875,0.9976521134376526,497.10467529296875,125.328125,0.9911860823631287,426.72406005859375,121.04649353027344,0.9342361092567444,471.3807067871094,105.00971984863281,0.8903210163116455,482.30072021484375,105.69218444824219,0.9847946763038635,432.62237548828125,164.13417053222656,0.95904541015625,486.6389465332031,165.37969970703125,0.9073672890663147,511.82012939453125,150.61770629882812,0.9916408061981201
519,407.64996337890625,115.742919921875,0.9955588579177856,427.5631408691406,173.43377685546875,0.9576902389526367,433.1135559082031,142.45907592773438,0.995598554611206,449.0577697753906,139.15884399414062,0.9861035943031311,475.74078369140625,133.3098907470703,0.9977224469184875,497.10467529296875,125.59708404541016,0.9900102019309998,426.72406005859375,122.03211975097656,0.9195751547813416,471.3807067871094,105.00971984863281,0.8848206996917725,482.30072021484375,106.16480255126953,0.9851454496383667,432.59228515625,164.13417053222656,0.9567596912384033,486.6389465332031,165.4027099609375,0.9392498135566711,511.0962219238281,150.00218200683594,0.9899835586547852
520,407.67779541015625,115.24164581298828,0.994702160358429,427.8446960449219,173.43377685546875,0.9583192467689514,433.1135559082031,142.36492919921875,0.9955534338951111,449.0577697753906,139.0661163330078,0.9866465330123901,475.74078369140625,133.3098907470703,0.9978716373443604,497.10467529296875,125.71463775634766,0.9900651574134827,427.5145263671875,122.30061340332031,0.9214094877243042,471.3807067871094,105.0542984008789,0.8823617696762085,482.3058166503906,106.16480255126953,0.9855743646621704,432.5260314941406,164.12205505371094,0.9565211534500122,486.6389465332031,165.45655822753906,0.9400895237922668,510.4486389160156,150.00218200683594,0.9883809089660645
521,408.6258239746094,111.90843200683594,0.9931200742721558,428.2003479003906,173.43377685546875,0.9630244970321655,433.12615966796875,141.8261260986328,0.9950124621391296,449.0215759277344,138.5328826904297,0.9864315390586853,475.80133056640625,133.3098907470703,0.9979410767555237,496.921875,125.75298309326172,0.9911336302757263,428.0914306640625,122.62372589111328,0.9105250239372253,471.3807067871094,105.20408630371094,0.8699267506599426,482.3865051269531,106.16480255126953,0.9871163964271545,432.29364013671875,163.8263397216797,0.9572654366493225,486.1903991699219,165.45655822753906,0.9533595442771912,510.25872802734375,150.00218200683594,0.9885922074317932
522,410.6546325683594,103.7725830078125,0.9937300682067871,428.204833984375,173.19241333007812,0.9717591404914856,433.0665588378906,141.49368286132812,0.9948575496673584,448.74072265625,138.24537658691406,0.9873828291893005,475.80133056640625,133.04550170898438,0.9978027939796448,496.921875,125.88188171386719,0.9930631518363953,428.86968994140625,122.65351867675781,0.8885089159011841,470.9412536621094,105.20408630371094,0.9221380949020386,482.4698791503906,106.02880859375,0.9800083637237549,432.17364501953125,163.6246337890625,0.9576239585876465,486.16876220703125,165.499755859375,0.9517354965209961,507.6740417480469,150.90818786621094,0.989788830280304
523,410.8921813964844,103.48912811279297,0.9957296252250671,428.204833984375,172.75363159179688,0.9700773358345032,433.0375061035156,140.810302734375,0.9949443936347961,448.4746398925781,137.90821838378906,0.9872837066650391,475.80133056640625,132.7407684326172,0.9980456829071045,496.6457824707031,125.94642639160156,0.993450403213501,432.1238708496094,123.82777404785156,0.839724063873291,469.5545349121094,105.02517700195312,0.9735136032104492,483.6383361816406,104.99918365478516,0.9797378778457642,431.92694091796875,163.57777404785156,0.9595603346824646,486.1343994140625,165.45655822753906,0.9625456929206848,507.6740417480469,150.90818786621094,0.9911341071128845
524,412.307861328125,102.070068359375,0.9939481019973755,428.204833984375,172.6644287109375,0.961451530456543,433.0375061035156,140.68853759765625,0.9947439432144165,448.0365295410156,137.84632873535156,0.9866911172866821,475.80133056640625,132.7407684326172,0.9983555674552917,496.6306457519531,125.95653533935547,0.9940382242202759,433.5485534667969,123.82777404785156,0.8497989773750305,465.30810546875,105.02517700195312,0.9393416047096252,485.9590759277344,104.08695220947266,0.989286482334137,431.6011657714844,163.03900146484375,0.9596280455589294,486.081298828125,165.2881317138672,0.969203770160675,507.6740417480469,150.90818786621094,0.9902805089950562
525,415.6415710449219,101.32433319091797,0.9950644373893738,427.7021789550781,172.49310302734375,0.9459404945373535,432.7646789550781,140.547119140625,0.9935845732688904,446.8136901855469,137.8393096923828,0.9820306301116943,474.7869873046875,132.7407684326172,0.9984048008918762,496.6306457519531,126.30081939697266,0.9947550296783447,435.0361633300781,123.82777404785156,0.8629198670387268,457.09136962890625,104.20960998535156,0.9272600412368774,486.2437744140625,103.62899017333984,0.9938498139381409,431.5613098144531,163.03900146484375,0.9593253135681152,484.4422912597656,165.2881317138672,0.9916447997093201,509.39056396484375,148.2424774169922,0.9942367076873779
526,416.47686767578125,98.40278625488281,0.9931449890136719,426.0534973144531,170.7752227783203,0.9519864916801453,432.60797119140625,140.50515747070312,0.9928622841835022,446.4964599609375,137.68739318847656,0.9784060716629028,473.396728515625,132.90406799316406,0.9987939596176147,496.8536071777344,126.46942901611328,0.9946974515914917,435.0361633300781,122.58257293701172,0.9024916887283325,451.6380310058594,103.14202880859375,0.974699854850769,486.8172912597656,103.6236801147461,0.994329035282135,431.2352294921875,163.27178955078125,0.9594175815582275,483.8955383300781,165.82139587402344,0.9966873526573181,509.64569091796875,148.19036865234375,0.994640588760376
527,417.0969543457031,98.40278625488281,0.9894417524337769,425.2247009277344,170.61502075195312,0.9617829322814941,432.5636291503906,140.50515747070312,0.9922926425933838,446.1308288574219,137.6818389892578,0.9779742956161499,473.3922119140625,132.94520568847656,0.9989603757858276,496.6306457519531,126.59986877441406,0.9945819973945618,435.0361633300781,122.52133178710938,0.8902357816696167,442.9886474609375,99.48515319824219,0.9755120873451233,487.3915710449219,103.2718505859375,0.9930686950683594,430.8988037109375,163.57777404785156,0.9539618492126465,483.6616516113281,167.94503784179688,0.995863676071167,509.64569091796875,147.96177673339844,0.9949475526809692
528,417.57720947265625,98.40278625488281,0.9856321811676025,424.4101867675781,170.22677612304688,0.9707961678504944,431.96337890625,140.43128967285156,0.9892566800117493,446.0871276855469,137.6818389892578,0.9753011465072632,473.1678466796875,132.94520568847656,0.9991482496261597,496.6191711425781,126.59986877441406,0.9949600696563721,433.7920837402344,119.21043395996094,0.9105188250541687,441.3228454589844,94.4804916381836,0.9798208475112915,487.3915710449219,103.2718505859375,0.9922094345092773,430.3017272949219,163.68771362304688,0.9565154314041138,483.1809997558594,168.51046752929688,0.9981772899627686,509.39056396484375,147.96177673339844,0.9946867227554321
529,417.57720947265625,98.40278625488281,0.9867765307426453,424.0317077636719,170.22677612304688,0.9711987972259521,431.889892578125,140.3956298828125,0.9895511269569397,446.05023193359375,137.6818389892578,0.9763630628585815,472.67529296875,132.94520568847656,0.9993851184844971,496.21734619140625,126.59986877441406,0.9956756234169006,433.7920837402344,119.1329116821289,0.9161946773529053,440.68194580078125,94.19034576416016,0.982923150062561,487.3915710449219,103.2718505859375,0.9912374019622803,430.19659423828125,163.78509521484375,0.9575801491737366,479.68621826171875,168.51046752929688,0.9970636963844299,508.7835693359375,147.84840393066406,0.9946757555007935
530,417.57720947265625,98.40278625488281,0.9833366274833679,423.2035217285156,170.22677612304688,0.9796546101570129,431.73065185546875,140.05865478515625,0.9899464249610901,443.6131591796875,137.52017211914062,0.9794623255729675,472.02447509765625,132.5851287841797,0.9994379878044128,495.5897216796875,126.59986877441406,0.9962982535362244,433.5902099609375,118.2017822265625,0.9342002272605896,437.86846923828125,93.32933044433594,0.9849336743354797,486.7950134277344,103.95867919921875,0.9911223649978638,430.19659423828125,163.78509521484375,0.9606991410255432,476.98614501953125,168.51046752929688,0.9960816502571106,508.1951599121094,147.84747314453125,0.9950933456420898
531,416.1118469238281,97.84613037109375,0.9880043864250183,423.1203308105469,168.87646484375,0.9794210195541382,431.63409423828125,139.94784545898438,0.99089515209198,443.5614929199219,137.39764404296875,0.9818836450576782,471.5683898925781,132.27163696289062,0.9993558526039124,494.9986877441406,126.59986877441406,0.9965687990188599,433.5902099609375,118.2017822265625,0.9284924268722534,436.9079284667969,93.20567321777344,0.982317328453064,486.58929443359375,104.27110290527344,0.9900206327438354,430.3017272949219,163.68771362304688,0.9564487934112549,470.30560302734375,165.94366455078125,0.99674391746521,508.06390380859375,147.84747314453125,0.9952239394187927
532,414.42041015625,97.84209442138672,0.9915497303009033,421.8070373535156,168.87646484375,0.9858163595199585,431.00531005859375,139.7948455810547,0.9919607043266296,442.86883544921875,135.98561096191406,0.9859253764152527,470.18817138671875,132.16891479492188,0.9991950392723083,494.2514953613281,126.64502716064453,0.9966110587120056,433.480712890625,118.2017822265625,0.9197890758514404,434.650634765625,93.0167465209961,0.9818772077560425,486.58929443359375,104.27110290527344,0.9900113940238953,431.9235534667969,163.43826293945312,0.9592312574386597,466.0088806152344,165.57713317871094,0.9942341446876526,507.81317138671875,147.84747314453125,0.9953757524490356
533,413.966796875,97.84209442138672,0.9923619031906128,420.2928771972656,168.23309326171875,0.9836508631706238,430.9488220214844,138.66978454589844,0.99094557762146,441.70941162109375,135.9639129638672,0.9913102388381958,469.0947570800781,131.9687042236328,0.9991123080253601,493.72052001953125,126.64502716064453,0.9966667294502258,433.01177978515625,118.2017822265625,0.9271224737167358,433.7261962890625,91.1686782836914,0.9872051477432251,486.3411865234375,104.27110290527344,0.9923012256622314,432.190185546875,163.12625122070312,0.9513127207756042,463.88836669921875,163.4464569091797,0.9813356399536133,507.81317138671875,147.4505615234375,0.995427131652832
534,413.2302551269531,97.74092864990234,0.9932410717010498,417.13787841796875,167.55259704589844,0.9795915484428406,429.25140380859375,137.81521606445312,0.9919562339782715,440.555419921875,135.8113555908203,0.9949175119400024,468.1379699707031,131.782958984375,0.9990900754928589,493.0389404296875,126.64502716064453,0.9968022108078003,432.1064758300781,118.2017822265625,0.9326812624931335,433.4891662597656,90.42073059082031,0.9916959404945374,485.6813049316406,103.6633529663086,0.9921212196350098,433.600341796875,161.5379638671875,0.937837541103363,452.72161865234375,163.4464569091797,0.8587051033973694,506.7703857421875,146.74032592773438,0.9957274198532104
535,409.21734619140625,97.63666534423828,0.9944402575492859,411.2972412109375,166.9897918701172,0.9893233180046082,425.69287109375,136.1433563232422,0.9918109178543091,438.9794616699219,135.60116577148438,0.9967034459114075,467.5966796875,131.77719116210938,0.9990975856781006,492.5832214355469,125.52277374267578,0.9972044825553894,432.0147399902344,118.15918731689453,0.9147838354110718,433.2008056640625,90.08051300048828,0.9937312006950378,484.8570556640625,102.9500732421875,0.9863771796226501,434.56915283203125,159.35870361328125,0.9427301287651062,445.41375732421875,165.94366455078125,0.8976408243179321,506.14111328125,146.02566528320312,0.9956668615341187
536,406.82305908203125,97.36141204833984,0.9971638321876526,408.87158203125,163.0687713623047,0.9933803081512451,425.26922607421875,136.13262939453125,0.9918053150177002,437.93438720703125,135.33595275878906,0.997655987739563,466.91082763671875,131.7252960205078,0.9988734126091003,492.5596008300781,125.50643920898438,0.9974084496498108,429.92205810546875,117.74689483642578,0.9202539324760437,433.1778564453125,90.08051300048828,0.9949000477790833,479.8081359863281,102.85382080078125,0.9768274426460266,434.6351623535156,158.67649841308594,0.9392210841178894,445.1707763671875,166.0354766845703,0.9799013137817383,506.1395568847656,145.7439727783203,0.9960759282112122
537,406.4763488769531,96.59278106689453,0.9970088601112366,405.21136474609375,161.04730224609375,0.9952763319015503,424.7948913574219,134.85044860839844,0.9934084415435791,436.4169616699219,135.07371520996094,0.9982328414916992,465.7371826171875,131.6704559326172,0.9984513521194458,492.06451416015625,125.50643920898438,0.9970888495445251,429.4822998046875,117.74689483642578,0.9147250056266785,433.0523376464844,90.08051300048828,0.9953941106796265,478.562744140625,101.08976745605469,0.9843423962593079,434.6463317871094,158.0553741455078,0.9414559602737427,444.4459533691406,166.28880310058594,0.987692654132843,505.0903015136719,145.7439727783203,0.9953833222389221
538,406.3548278808594,96.527099609375,0.9969817996025085,400.1858215332031,160.19821166992188,0.9917505383491516,424.1684265136719,134.33480834960938,0.9952669143676758,435.64996337890625,134.83383178710938,0.9981024861335754,464.9781799316406,131.29782104492188,0.998026430606842,491.2301940917969,125.52277374267578,0.9969263672828674,429.4822998046875,117.66390228271484,0.907526433467865,433.02545166015625,90.10588836669922,0.9945068955421448,478.2677917480469,98.9957504272461,0.9876561164855957,434.6463317871094,157.6666259765625,0.9361440539360046,443.7559814453125,166.28880310058594,0.9895588159561157,502.74267578125,145.94900512695312,0.9948950409889221
539,405.6969299316406,96.3543930053711,0.9972934126853943,396.24749755859375,160.1215057373047,0.993000864982605,423.3173522949219,133.78192138671875,0.9963219165802002,434.4312744140625,134.3741912841797,0.9982482194900513,464.3645324707031,131.02430725097656,0.9979477524757385,490.8291931152344,126.35295104980469,0.9968724846839905,429.4822998046875,117.62134552001953,0.9047881960868835,433.0523376464844,90.3658218383789,0.9937463998794556,475.225341796875,98.64775085449219,0.9873015880584717,434.56915283203125,157.05894470214844,0.9447241425514221,438.0792541503906,166.28880310058594,0.9898958206176758,502.2544250488281,145.40194702148438,0.9956297874450684
540,405.042724609375,95.66191864013672,0.9974647760391235,392.19940185546875,159.84088134765625,0.994789719581604,422.7361145019531,132.8226776123047,0.9972339272499084,433.896728515625,133.5552978515625,0.9982746839523315,463.50347900390625,130.70301818847656,0.998137354850769,489.6500244140625,126.39347839355469,0.9975480437278748,429.4822998046875,117.3163070678711,0.8985357880592346,433.1778564453125,90.4732437133789,0.9929903745651245,472.3339538574219,98.48710632324219,0.9857562184333801,434.4587097167969,156.0386505126953,0.9454470872879028,436.614013671875,166.04054260253906,0.9908728003501892,502.0935363769531,145.40194702148438,0.9950438737869263
541,403.9737243652344,94.97582244873047,0.9976488947868347,391.0431823730469,159.3666534423828,0.9965215921401978,421.88232421875,131.97637939453125,0.9973861575126648,433.43109130859375,133.09527587890625,0.9983800649642944,462.9018249511719,130.55506896972656,0.9983071088790894,488.4244689941406,126.4386978149414,0.9976651668548584,429.5086669921875,116.65200805664062,0.9015125036239624,433.4403991699219,90.3658218383789,0.9928719401359558,471.8056335449219,98.36434173583984,0.9910724759101868,433.78289794921875,155.5028839111328,0.9409084320068359,435.2974853515625,166.04054260253906,0.9877421855926514,500.4095153808594,145.40194702148438,0.9949800372123718
542,403.79766845703125,94.69534301757812,0.9975946545600891,388.8144226074219,158.55862426757812,0.9968309998512268,420.54095458984375,131.4298553466797,0.9971604347229004,432.3230895996094,132.9582977294922,0.9982813596725464,461.8468933105469,130.44827270507812,0.9984146356582642,487.5743408203125,126.52996063232422,0.9976974129676819,429.6106262207031,116.24500274658203,0.8926834464073181,433.870849609375,90.10588836669922,0.9917685985565186,470.02972412109375,98.36434173583984,0.9926282167434692,432.8648681640625,155.16851806640625,0.942889928817749,434.1625671386719,166.04054260253906,0.9808326959609985,499.46417236328125,144.76345825195312,0.9952837824821472
543,402.620849609375,94.29474639892578,0.9978277087211609,387.1752624511719,157.49037170410156,0.9953237175941467,419.306884765625,130.79330444335938,0.9964280724525452,431.7331848144531,132.42196655273438,0.9980046153068542,461.13543701171875,130.40504455566406,0.9982864260673523,487.1083984375,126.58045196533203,0.9978362917900085,429.5086669921875,115.76824188232422,0.8945298194885254,434.4183349609375,89.997802734375,0.9910844564437866,469.9671325683594,94.63947296142578,0.9914400577545166,431.4233703613281,154.89797973632812,0.9314686059951782,433.34222412109375,166.22511291503906,0.9831119179725647,498.2881164550781,144.41001892089844,0.9953818917274475
544,402.14013671875,94.29474639892578,0.9968865513801575,385.03375244140625,156.9233856201172,0.9942588806152344,418.5435791015625,130.35289001464844,0.9961197376251221,431.2135009765625,132.08148193359375,0.9979912042617798,460.5230712890625,130.33334350585938,0.9982081651687622,486.4847106933594,126.61302947998047,0.9979344606399536,429.3626403808594,115.60398864746094,0.8949689269065857,434.4501647949219,89.997802734375,0.9929161071777344,469.7200622558594,93.68841552734375,0.9908064007759094,431.40216064453125,153.99148559570312,0.91405189037323,433.2720947265625,167.01861572265625,0.9888725876808167,498.2881164550781,144.36923217773438,0.9952955842018127
545,401.2222595214844,94.29474639892578,0.9961546063423157,384.15692138671875,155.76806640625,0.994265615940094,417.6119384765625,129.89524841308594,0.9957355260848999,430.71966552734375,131.91392517089844,0.9978815913200378,460.4424133300781,130.33334350585938,0.9981865286827087,486.1400451660156,126.64908599853516,0.9979598522186279,429.3626403808594,115.60398864746094,0.8984366059303284,434.909912109375,89.997802734375,0.992944061756134,469.6636657714844,93.36363983154297,0.9907513856887817,430.95556640625,153.7205810546875,0.8928876519203186,433.2565002441406,167.43246459960938,0.9904900789260864,497.8110656738281,144.35711669921875,0.9944602251052856
546,401.13671875,92.98920440673828,0.9953128099441528,383.5656433105469,155.49879455566406,0.9908637404441833,416.85211181640625,129.73855590820312,0.9948626160621643,429.913818359375,131.90777587890625,0.9971996545791626,459.93072509765625,130.33334350585938,0.997930645942688,485.2535095214844,126.69876861572266,0.9976767897605896,429.0371398925781,115.60398864746094,0.897305428981781,435.6904296875,90.3536148071289,0.9922120571136475,469.2359313964844,92.92100524902344,0.9923480749130249,405.0650329589844,146.80230712890625,0.8612661957740784,433.2565002441406,167.5520782470703,0.9924464821815491,497.6578674316406,144.16964721679688,0.9937647581100464
547,400.410400390625,94.56533813476562,0.9939696788787842,381.91339111328125,155.12274169921875,0.9860451817512512,416.02020263671875,129.6481170654297,0.994201123714447,429.3320007324219,131.88784790039062,0.9964892864227295,459.5266418457031,130.38536071777344,0.9981531500816345,484.54693603515625,126.7157974243164,0.997364342212677,428.93408203125,115.6807861328125,0.8888002634048462,436.2426452636719,90.4346923828125,0.9916804432868958,468.36859130859375,89.59508514404297,0.9923931360244751,405.0650329589844,146.7655029296875,0.8517926335334778,433.2565002441406,167.9336700439453,0.9935065507888794,497.8110656738281,143.99148559570312,0.9935438632965088
548,398.2670593261719,94.56533813476562,0.9930185675621033,381.4813537597656,151.43348693847656,0.9867666363716125,415.51971435546875,129.59854125976562,0.9933857321739197,428.93951416015625,131.60678100585938,0.9957041144371033,459.1856689453125,130.38536071777344,0.9987426400184631,483.6934814453125,126.7157974243164,0.9969152212142944,428.8528747558594,115.6807861328125,0.8709746599197388,436.5711364746094,91.99795532226562,0.9884130358695984,468.3184814453125,88.1457748413086,0.9947890043258667,405.0650329589844,146.7655029296875,0.8843764662742615,433.2586669921875,167.9336700439453,0.9949980974197388,497.3951416015625,142.60855102539062,0.9925258159637451
549,398.08380126953125,94.56533813476562,0.9931463599205017,380.9436950683594,151.16282653808594,0.9884501695632935,414.8221435546875,128.5636444091797,0.9930528998374939,428.7449645996094,131.60678100585938,0.996126115322113,459.1856689453125,130.38536071777344,0.9988662004470825,482.9820556640625,126.69876861572266,0.9962968230247498,428.44354248046875,115.6807861328125,0.8515540361404419,436.9931640625,92.05017852783203,0.9900161623954773,467.606689453125,87.39496612548828,0.9954008460044861,405.3905944824219,146.80230712890625,0.8878450989723206,433.48980712890625,167.68936157226562,0.996137797832489,496.7908020019531,143.99148559570312,0.9922224879264832
550,395.1346740722656,94.77202606201172,0.9909865260124207,380.9436950683594,149.8826446533203,0.9906907081604004,413.6853942871094,128.30148315429688,0.9937425255775452,428.5830383300781,131.60678100585938,0.996553897857666,458.2139587402344,129.8193359375,0.9987579584121704,481.825439453125,126.66478729248047,0.9957557916641235,428.10986328125,115.411376953125,0.8452047109603882,437.55780029296875,93.29049682617188,0.985446572303772,467.60308837890625,86.80585479736328,0.9960980415344238,406.05224609375,147.53114318847656,0.898597002029419,434.23382568359375,167.5520782470703,0.9966525435447693,496.5069885253906,143.99148559570312,0.9910708665847778
551,393.65081787109375,94.77202606201172,0.9930897355079651,379.2204895019531,148.79183959960938,0.9915948510169983,412.3494873046875,128.0189971923828,0.9939770698547363,426.90386962890625,131.8362579345703,0.9971490502357483,456.92938232421875,129.41505432128906,0.9987566471099854,481.1937561035156,126.56689453125,0.995020866394043,427.7493591308594,115.411376953125,0.8012580275535583,438.2190856933594,93.557373046875,0.9821960926055908,467.39434814453125,86.80585479736328,0.9968094229698181,406.9686584472656,148.9859619140625,0.9047142267227173,435.30609130859375,167.4430389404297,0.9980207681655884,493.4822998046875,144.0040740966797,0.9814848899841309
552,393.4409484863281,94.5779037475586,0.9929521679878235,376.50030517578125,147.72940063476562,0.9916676878929138,411.0003662109375,128.0189971923828,0.9944934844970703,426.2096862792969,131.8921356201172,0.9980067610740662,455.60675048828125,129.02589416503906,0.9989731311798096,480.0636901855469,126.4269790649414,0.9964512586593628,427.7204895019531,115.411376953125,0.7536321878433228,439.06964111328125,94.30474090576172,0.9813317060470581,467.39434814453125,86.80585479736328,0.9969569444656372,406.9686584472656,149.241455078125,0.9277644753456116,435.3947448730469,167.4430389404297,0.9978756904602051,491.57794189453125,144.13381958007812,0.9854499101638794
553,391.10479736328125,94.5779037475586,0.9952164888381958,375.88592529296875,145.88172912597656,0.9935838580131531,409.92596435546875,128.0189971923828,0.9944447875022888,425.7777404785156,131.8921356201172,0.9983019828796387,453.92193603515625,129.02589416503906,0.9986181259155273,479.0028076171875,126.36578369140625,0.9966415166854858,427.6949462890625,117.20933532714844,0.7398205995559692,439.1811828613281,95.56758117675781,0.9830490350723267,466.8038635253906,87.0737533569336,0.9968329071998596,406.2432556152344,149.241455078125,0.9512118697166443,436.24481201171875,167.4430389404297,0.9965739250183105,485.40203857421875,146.10252380371094,0.9940998554229736
554,390.0284729003906,94.48614501953125,0.9954759478569031,374.5382385253906,145.7527618408203,0.99505215883255,409.2109375,128.37655639648438,0.9934631586074829,425.1933288574219,131.8362579345703,0.9981325268745422,452.8566589355469,129.02589416503906,0.9984555244445801,478.2657775878906,126.36508178710938,0.9971681237220764,427.6949462890625,117.40171813964844,0.7818567752838135,439.69805908203125,96.32708740234375,0.9789829254150391,466.3507995605469,87.68641662597656,0.9963099360466003,406.2432556152344,149.8396453857422,0.9620535969734192,436.2471008300781,167.4430389404297,0.9953706860542297,484.95330810546875,147.2373809814453,0.99556964635849
555,389.03558349609375,93.59296417236328,0.9945386052131653,371.5147399902344,145.5689697265625,0.9935837388038635,409.0069580078125,128.78712463378906,0.9918672442436218,424.68780517578125,131.80056762695312,0.9974241256713867,451.27642822265625,128.9151611328125,0.9983416795730591,477.0312805175781,126.36508178710938,0.9971950054168701,427.6949462890625,117.4183349609375,0.7779867053031921,439.69805908203125,98.3723373413086,0.9759442806243896,465.9794921875,87.92779541015625,0.9968474507331848,403.8526306152344,149.8396453857422,0.9786573052406311,436.38189697265625,167.4430389404297,0.9950404763221741,482.3929138183594,148.42703247070312,0.9951980710029602
556,388.85919189453125,93.5028305053711,0.9950255751609802,369.5506896972656,145.5689697265625,0.9887963533401489,407.8367919921875,128.78712463378906,0.9941636919975281,423.7024230957031,131.67811584472656,0.9972673654556274,449.1840515136719,128.87991333007812,0.997542142868042,475.9879455566406,126.36508178710938,0.9964516162872314,426.7970886230469,117.4183349609375,0.7789257168769836,439.7941589355469,98.66559600830078,0.9821987748146057,465.111328125,88.78179168701172,0.9963306784629822,400.8704833984375,149.241455078125,0.9787105917930603,436.71728515625,167.7564239501953,0.9944082498550415,476.5885009765625,148.97940063476562,0.9936581254005432
557,388.6858825683594,92.85479736328125,0.9941738247871399,367.1466369628906,145.533447265625,0.981823205947876,406.0080261230469,128.78712463378906,0.9953902959823608,422.50482177734375,131.21630859375,0.9971631169319153,448.7984924316406,129.35879516601562,0.995266318321228,474.4660949707031,126.87956237792969,0.9961920976638794,425.91107177734375,117.4183349609375,0.7613344788551331,439.69805908203125,98.92308044433594,0.9835180044174194,464.1617431640625,89.983154296875,0.9936659932136536,398.5637512207031,148.84727478027344,0.9763595461845398,436.76055908203125,167.68150329589844,0.9947015643119812,472.1142272949219,152.26927185058594,0.9911298751831055
558,388.51947021484375,92.81017303466797,0.9932838678359985,363.9940185546875,145.2245330810547,0.9732428789138794,404.7995910644531,128.44557189941406,0.995101273059845,421.4287109375,130.82398986816406,0.9971514344215393,447.6326599121094,129.35879516601562,0.9963447451591492,473.29693603515625,127.29328918457031,0.998009979724884,425.1640930175781,116.72601318359375,0.7850964069366455,439.6440734863281,98.92308044433594,0.9766885638237,462.4974670410156,93.58647155761719,0.9926484227180481,396.8951721191406,147.71505737304688,0.9711522459983826,437.358154296875,167.4684295654297,0.9956316947937012,471.19189453125,154.44229125976562,0.9898874163627625
559,387.9347229003906,92.32171630859375,0.9940460920333862,359.1213073730469,145.2245330810547,0.9714910984039307,403.3736267089844,128.20639038085938,0.9945953488349915,419.1058044433594,130.75692749023438,0.9974071383476257,447.5462646484375,129.40370178222656,0.9977587461471558,471.38104248046875,128.1198272705078,0.9991746544837952,423.7251892089844,115.89476776123047,0.9046776294708252,428.6924743652344,98.92308044433594,0.9283837080001831,460.90771484375,95.84208679199219,0.9890978336334229,394.8382568359375,145.6459197998047,0.9508573412895203,437.6495666503906,167.68150329589844,0.9954610466957092,470.6507568359375,156.03976440429688,0.9925560355186462
560,386.55572509765625,91.1656265258789,0.992653489112854,358.3178405761719,145.50698852539062,0.985856294631958,401.86138916015625,127.83753204345703,0.9935019612312317,415.5686950683594,130.75692749023438,0.9967947602272034,444.5032653808594,129.45286560058594,0.9983391761779785,469.30804443359375,128.14822387695312,0.999117910861969,419.2718505859375,115.8231201171875,0.9123645424842834,422.82244873046875,95.56021881103516,0.9681234955787659,460.90771484375,97.10130310058594,0.9908369779586792,389.4933776855469,144.14076232910156,0.9248870611190796,438.8298645019531,167.68150329589844,0.9963183403015137,461.9635925292969,157.34176635742188,0.978950560092926
561,386.55572509765625,90.71739196777344,0.9898086190223694,356.50592041015625,145.50698852539062,0.9910168647766113,399.9947204589844,127.1204605102539,0.984794557094574,413.6007080078125,130.82398986816406,0.9923927783966064,443.7206726074219,130.36521911621094,0.9974835515022278,466.6930847167969,128.41293334960938,0.998779833316803,417.525390625,114.95185852050781,0.9407311677932739,416.8789978027344,94.18170928955078,0.9888555407524109,460.4272766113281,97.5546646118164,0.993155300617218,386.8675842285156,143.65936279296875,0.9270283579826355,438.9848937988281,167.4684295654297,0.9953036308288574,456.4525146484375,157.43505859375,0.98021000623703
562,386.262939453125,90.69137573242188,0.9907165169715881,356.1259765625,145.76052856445312,0.9923427700996399,398.19390869140625,127.1204605102539,0.9718486666679382,411.72943115234375,132.03668212890625,0.9867080450057983,442.007080078125,130.53700256347656,0.9987043142318726,464.4793701171875,128.41293334960938,0.9992189407348633,414.5090637207031,114.16091918945312,0.8842208981513977,413.6537780761719,93.13484191894531,0.9652009606361389,459.66802978515625,98.3810043334961,0.9910906553268433,385.6183776855469,143.65936279296875,0.9184912443161011,439.4208679199219,166.6443328857422,0.9959686994552612,454.4803466796875,157.43505859375,0.9766155481338501
563,385.9111633300781,90.42555236816406,0.9896513223648071,356.0859375,145.86123657226562,0.9930857419967651,396.4833068847656,127.1204605102539,0.9769710898399353,410.51373291015625,132.28724670410156,0.9926181435585022,438.90289306640625,130.59095764160156,0.9985635876655579,461.8232727050781,128.92330932617188,0.9993128776550293,409.5434265136719,111.57795715332031,0.9470980167388916,409.96795654296875,93.13484191894531,0.9601103663444519,458.4309997558594,101.34185028076172,0.9952670335769653,384.8521423339844,143.65936279296875,0.9215443134307861,439.66204833984375,166.6443328857422,0.9948884844779968,451.88531494140625,157.81344604492188,0.981109082698822
564,384.6528625488281,89.79036712646484,0.9894225001335144,355.7361145019531,146.5574951171875,0.9935033917427063,393.29791259765625,127.27471923828125,0.9725381135940552,408.134033203125,132.28724670410156,0.9956711530685425,435.8068542480469,130.6798095703125,0.9985033273696899,460.2320556640625,130.48428344726562,0.999125063419342,407.6370849609375,111.57795715332031,0.9480117559432983,409.0699768066406,93.13484191894531,0.9681107401847839,454.9046936035156,104.90225982666016,0.991692841053009,383.0031433105469,144.823486328125,0.9288263916969299,439.66204833984375,166.6443328857422,0.9942554831504822,449.6361389160156,158.43093872070312,0.9783536791801453
565,382.3791198730469,89.21976470947266,0.9893080592155457,356.1259765625,146.82965087890625,0.9943968057632446,392.8955078125,128.05856323242188,0.9830081462860107,406.40008544921875,132.28724670410156,0.9963486194610596,433.3525085449219,130.83984375,0.9977972507476807,459.919921875,132.03720092773438,0.9991626739501953,407.40911865234375,111.57795715332031,0.9494799375534058,408.0352478027344,93.26936340332031,0.9644479155540466,453.7798767089844,106.63994598388672,0.9894910454750061,382.0600280761719,145.57952880859375,0.9445043802261353,439.66204833984375,166.04986572265625,0.976754367351532,448.7530212402344,158.43093872070312,0.9874451160430908
566,380.12823486328125,89.21976470947266,0.9868395924568176,356.1259765625,147.0417938232422,0.994683563709259,390.3865051269531,128.05856323242188,0.987180769443512,403.4356689453125,132.27789306640625,0.9964383840560913,430.5771484375,130.99961853027344,0.9978500604629517,457.0281677246094,132.2820281982422,0.9993564486503601,406.4019775390625,115.10321044921875,0.9318293333053589,407.3952941894531,93.26936340332031,0.9677066802978516,451.7643127441406,107.6043472290039,0.9897856712341309,380.24224853515625,146.02088928222656,0.9333958625793457,438.3436584472656,165.31202697753906,0.974738359451294,447.94732666015625,158.43093872070312,0.9898186326026917
567,378.1605529785156,89.79036712646484,0.9916028380393982,356.69403076171875,147.4359893798828,0.996483564376831,388.9274597167969,128.05856323242188,0.99097740650177,401.5146484375,132.0462646484375,0.9966140389442444,428.4776611328125,130.99961853027344,0.9979268312454224,454.23687744140625,132.2820281982422,0.9993834495544434,406.1368103027344,115.10321044921875,0.9470680356025696,406.998046875,93.26936340332031,0.981238067150116,448.69744873046875,108.86601257324219,0.9872870445251465,379.74462890625,146.02117919921875,0.9448813199996948,437.76873779296875,164.93331909179688,0.980815589427948,446.6134948730469,157.87110900878906,0.9872074723243713
568,377.1288757324219,90.42816925048828,0.9933555126190186,356.69403076171875,147.46478271484375,0.9967278242111206,387.1912536621094,127.93473052978516,0.9912274479866028,399.89105224609375,131.4666748046875,0.9956549406051636,426.9032897949219,130.99961853027344,0.9974760413169861,452.5501403808594,132.2820281982422,0.9992569088935852,404.493896484375,115.25518798828125,0.9357787370681763,406.74432373046875,92.96849822998047,0.9855027198791504,447.62091064453125,108.88594055175781,0.9872341156005859,378.7291564941406,146.15231323242188,0.9397872686386108,437.0987854003906,164.0334930419922,0.9877462387084961,446.366943359375,157.1044464111328,0.9860363006591797
569,376.1634826660156,90.77574157714844,0.9929407835006714,356.69403076171875,147.61680603027344,0.9971743822097778,386.23834228515625,127.93473052978516,0.9923273921012878,399.1030578613281,131.2152862548828,0.9954929351806641,426.4344177246094,131.0420379638672,0.9966720342636108,451.5575256347656,132.22312927246094,0.9990296363830566,403.18585205078125,115.25518798828125,0.9338381290435791,406.55963134765625,92.50689697265625,0.9888794422149658,446.9992370605469,108.8968734741211,0.9862908720970154,378.55035400390625,146.27015686035156,0.9452059268951416,436.95208740234375,162.70159912109375,0.9861393570899963,445.9188537597656,155.9052734375,0.9862050414085388
570,375.10699462890625,91.77848815917969,0.9926214218139648,354.6646423339844,148.21885681152344,0.9956940412521362,385.38958740234375,127.93473052978516,0.9919903874397278,398.67962646484375,131.20443725585938,0.9943457245826721,426.1734924316406,131.0420379638672,0.9966275095939636,450.287841796875,131.70611572265625,0.9987527132034302,402.78759765625,115.25518798828125,0.9387121796607971,406.2090148925781,92.50689697265625,0.9908007979393005,446.6319885253906,109.2669906616211,0.9886414408683777,378.04608154296875,146.33349609375,0.9494914412498474,436.0151062011719,162.06907653808594,0.9873035550117493,445.7113037109375,154.7289276123047,0.987716019153595
571,375.0041809082031,92.31791687011719,0.9915052056312561,352.67462158203125,149.03244018554688,0.9922602772712708,384.6647644042969,127.93473052978516,0.9916706085205078,397.56817626953125,131.20443725585938,0.9920600652694702,425.408447265625,130.9376678466797,0.9969143867492676,449.08331298828125,129.64678955078125,0.9987727999687195,402.10040283203125,115.38780212402344,0.9311084151268005,406.1346130371094,92.50689697265625,0.9895937442779541,446.44891357421875,109.34089660644531,0.9876437187194824,377.8288879394531,146.33349609375,0.9514693021774292,435.8812255859375,161.70831298828125,0.9870981574058533,445.7113037109375,154.40618896484375,0.9890566468238831
572,373.4601745605469,92.32925415039062,0.9913104772567749,352.14105224609375,149.6313934326172,0.99134761095047,383.6880798339844,127.93473052978516,0.9887095093727112,396.67352294921875,131.2152862548828,0.9873360991477966,425.3923034667969,130.9376678466797,0.997225821018219,448.64208984375,129.44862365722656,0.9989578723907471,401.3161315917969,115.38780212402344,0.913440465927124,405.939208984375,92.50689697265625,0.9929470419883728,446.1963195800781,109.34089660644531,0.9864587187767029,377.2425231933594,146.33349609375,0.9376847147941589,435.3982238769531,161.70831298828125,0.986295759677887,445.7113037109375,153.28086853027344,0.9873720407485962
573,371.5667419433594,92.65391540527344,0.9932177662849426,351.2781677246094,150.4088592529297,0.989985466003418,383.3088073730469,127.30359649658203,0.9870140552520752,396.408935546875,131.2152862548828,0.9881629347801208,424.97271728515625,130.45867919921875,0.997353196144104,448.23248291015625,129.37960815429688,0.9990819692611694,400.2818908691406,115.38780212402344,0.8996532559394836,405.939208984375,92.50689697265625,0.9930503368377686,446.1963195800781,109.34089660644531,0.9852120876312256,376.6145935058594,146.10154724121094,0.9384946823120117,435.1064147949219,161.55075073242188,0.9815253019332886,447.2545166015625,152.82102966308594,0.9919162392616272
574,369.3048095703125,92.65391540527344,0.9951930046081543,348.4586486816406,153.4585723876953,0.987250030040741,381.6566162109375,126.94589233398438,0.9892011880874634,395.6390380859375,131.13168334960938,0.9927062392234802,423.71563720703125,130.05474853515625,0.9973987340927124,447.89056396484375,129.248046875,0.9990808963775635,398.62628173828125,114.25104522705078,0.8685681819915771,405.939208984375,92.36144256591797,0.9933271408081055,446.1963195800781,109.34089660644531,0.9826856851577759,376.4837341308594,146.04981994628906,0.9378531575202942,434.4110412597656,161.37551879882812,0.9685639142990112,447.2545166015625,152.29888916015625,0.9923211932182312
575,364.19482421875,92.65391540527344,0.989939272403717,347.6395568847656,153.53797912597656,0.9879670739173889,381.06866455078125,126.33065032958984,0.9904330968856812,395.437744140625,130.79652404785156,0.9944491386413574,422.3560485839844,129.63742065429688,0.9973800778388977,447.3478088378906,129.248046875,0.998978853225708,397.137451171875,112.90852355957031,0.8113583326339722,406.06365966796875,91.9525375366211,0.9939700365066528,446.1357421875,109.26373291015625,0.9830573201179504,376.2678527832031,145.61740112304688,0.9447466731071472,425.3679504394531,159.5177459716797,0.9768561720848083,447.2545166015625,151.96005249023438,0.9919049739837646
576,362.47113037109375,92.18519592285156,0.989866316318512,346.8169860839844,153.9518585205078,0.9878366589546204,380.6246643066406,126.10984802246094,0.9898310303688049,395.05902099609375,129.56480407714844,0.9957013726234436,421.55218505859375,129.09068298339844,0.9970799088478088,446.4919738769531,129.15284729003906,0.9989602565765381,397.01361083984375,112.58932495117188,0.8317668437957764,406.52911376953125,91.8429946899414,0.9951323866844177,445.96478271484375,108.4218978881836,0.9822162389755249,376.2678527832031,145.53195190429688,0.9431460499763489,423.0120849609375,159.37442016601562,0.9903567433357239,444.5260009765625,151.60220336914062,0.9889179468154907
577,361.104736328125,92.00581359863281,0.9952728152275085,346.34332275390625,154.1334991455078,0.9867375493049622,379.0965270996094,126.10984802246094,0.9879663586616516,394.11932373046875,128.81646728515625,0.9961625337600708,420.7374267578125,128.62757873535156,0.9972130656242371,445.0823974609375,129.1238250732422,0.9989976286888123,394.12518310546875,110.7121810913086,0.8920285701751709,406.8944396972656,91.64816284179688,0.993466317653656,445.96478271484375,106.47264862060547,0.9815627336502075,376.2678527832031,145.53195190429688,0.9247332811355591,419.4891662597656,159.37442016601562,0.9954758286476135,444.2884826660156,150.66282653808594,0.9905310273170471
578,359.61199951171875,91.33090209960938,0.9967701435089111,346.1625671386719,155.40243530273438,0.9860002398490906,378.15228271484375,126.33065032958984,0.9891117215156555,392.9383544921875,128.46334838867188,0.9970320463180542,418.7915344238281,128.10581970214844,0.997042715549469,444.1848449707031,129.15284729003906,0.9991006851196289,393.48468017578125,109.87706756591797,0.9285266995429993,407.0999450683594,91.52814483642578,0.9937331080436707,445.27532958984375,106.14344024658203,0.9817239046096802,376.2678527832031,145.53195190429688,0.8904055953025818,416.4934997558594,159.5177459716797,0.9930787682533264,443.9383850097656,150.2415771484375,0.9917184114456177
579,352.70794677734375,91.33090209960938,0.9963395595550537,345.4202880859375,155.40243530273438,0.9906152486801147,377.6323547363281,126.33065032958984,0.9896560907363892,391.68048095703125,128.32464599609375,0.9979680180549622,417.2562561035156,127.57426452636719,0.9964148998260498,443.1773681640625,129.15284729003906,0.9992434978485107,391.0634765625,108.68293762207031,0.9568530321121216,407.53533935546875,90.67223358154297,0.9894134998321533,444.23175048828125,104.210205078125,0.9895685315132141,373.7025146484375,145.31922912597656,0.8765408992767334,414.5487976074219,159.52352905273438,0.9939404726028442,443.5771789550781,150.18226623535156,0.9920116066932678
580,352.2301025390625,90.62173461914062,0.9931603670120239,345.3948059082031,155.40243530273438,0.989044189453125,376.0601806640625,126.10984802246094,0.9922888875007629,389.8199157714844,127.6875,0.9979068040847778,416.4525451660156,126.6453628540039,0.996282160282135,443.0498352050781,128.51754760742188,0.9991663694381714,389.0204162597656,108.27598571777344,0.9433796405792236,408.4041442871094,90.41561126708984,0.9871516227722168,440.069580078125,102.27957153320312,0.9923221468925476,372.1463317871094,145.31922912597656,0.864376425743103,409.11328125,159.52352905273438,0.9913791418075562,443.3421936035156,149.74488830566406,0.9930317401885986
581,350.28045654296875,89.50528717041016,0.9942926168441772,344.72637939453125,155.36317443847656,0.9883644580841064,374.88970947265625,125.19395446777344,0.9945030212402344,388.27783203125,126.17876434326172,0.9972766041755676,414.8795166015625,125.74481964111328,0.9967166781425476,441.0439147949219,128.50119018554688,0.9993002414703369,381.7983093261719,104.56767272949219,0.9329066276550293,409.04888916015625,90.32511901855469,0.9868950843811035,438.6611633300781,97.61880493164062,0.9904334545135498,369.5782775878906,144.0047607421875,0.8834576606750488,402.3457946777344,161.47891235351562,0.9927067160606384,442.9370422363281,149.0452117919922,0.9943231344223022
582,350.0068359375,89.50528717041016,0.9912505149841309,344.0250549316406,148.76731872558594,0.994023859500885,373.2939147949219,123.11258697509766,0.9964985847473145,388.0216064453125,123.45250701904297,0.9969378709793091,412.4498291015625,125.5916748046875,0.9971796274185181,439.21820068359375,127.91104888916016,0.9991158843040466,378.8172302246094,103.82298278808594,0.9294658899307251,410.99786376953125,89.5551986694336,0.9844453930854797,438.45758056640625,97.32069396972656,0.9884389042854309,369.5782775878906,142.16110229492188,0.87079256772995,395.40875244140625,160.3433837890625,0.9885401129722595,442.0250549316406,148.30323791503906,0.9940667152404785
583,348.29742431640625,89.50528717041016,0.9939729571342468,341.84600830078125,146.5868377685547,0.998322069644928,371.8469543457031,122.6895751953125,0.996737539768219,385.8943176269531,123.16368865966797,0.9960827827453613,411.1298828125,125.03424835205078,0.9971754550933838,437.09124755859375,127.49288940429688,0.9986181259155273,375.6895446777344,103.61563110351562,0.9520056247711182,410.99786376953125,89.5551986694336,0.9887421727180481,428.9734802246094,95.30215454101562,0.9556007981300354,369.5782775878906,142.16110229492188,0.8833171725273132,390.7381286621094,159.52352905273438,0.9925249218940735,441.72125244140625,147.9920196533203,0.9946006536483765
584,347.167236328125,89.39138793945312,0.9944053888320923,338.0590515136719,145.9915313720703,0.9980465173721313,369.7701110839844,121.88770294189453,0.9954634308815002,383.3301086425781,121.92423248291016,0.9943807721138,410.4821472167969,122.55403137207031,0.9972387552261353,435.2100830078125,126.72186279296875,0.9979467988014221,373.6016845703125,103.61563110351562,0.94123774766922,410.99786376953125,89.5551986694336,0.9881742000579834,423.9245910644531,93.30854797363281,0.9425166249275208,370.35980224609375,140.6949005126953,0.8651067614555359,389.6470947265625,158.1581573486328,0.9942502975463867,441.1942443847656,146.90853881835938,0.9948692321777344
585,346.6895446777344,89.39138793945312,0.9952423572540283,338.0590515136719,145.9915313720703,0.9967838525772095,368.1619873046875,121.88770294189453,0.9941891431808472,381.42633056640625,121.42115020751953,0.9920873045921326,409.3658447265625,122.20060729980469,0.9978082776069641,433.35260009765625,126.39253997802734,0.9968482851982117,372.50726318359375,103.61563110351562,0.876731276512146,410.8748779296875,89.5551986694336,0.9858760237693787,419.4096374511719,90.52044677734375,0.9577829837799072,373.4515380859375,140.6949005126953,0.8665274381637573,384.9851379394531,158.1581573486328,0.9934208989143372,438.68621826171875,146.72265625,0.9933254718780518
586,344.03173828125,89.11389923095703,0.9946040511131287,338.0590515136719,145.9915313720703,0.9969316720962524,367.01971435546875,121.73853302001953,0.9917209148406982,379.6492004394531,121.42115020751953,0.987640917301178,406.6952819824219,122.12826538085938,0.9985589385032654,430.7421569824219,123.61487579345703,0.997173547744751,370.76971435546875,103.09394073486328,0.8378072381019592,410.5469665527344,89.0545883178711,0.9716439247131348,417.9071044921875,87.52684783935547,0.9878422021865845,375.07891845703125,142.8237762451172,0.8919690847396851,384.0883483886719,156.99136352539062,0.9533523321151733,432.4309387207031,144.86073303222656,0.9888445734977722
587,343.7643127441406,88.62663269042969,0.9955488443374634,338.24700927734375,148.7479705810547,0.9978976249694824,366.4026794433594,121.71330261230469,0.9890884160995483,378.8563232421875,121.42115020751953,0.9856570959091187,404.2329406738281,122.01222229003906,0.9981849789619446,429.1150817871094,122.5534439086914,0.9976781010627747,364.4833679199219,102.46656036376953,0.8896303772926331,408.55303955078125,88.67524719238281,0.9734926819801331,415.4446105957031,87.52684783935547,0.9906020164489746,375.07891845703125,142.8237762451172,0.9045591354370117,383.07177734375,156.726318359375,0.9613654613494873,430.8148498535156,143.75914001464844,0.9851042628288269
588,342.23455810546875,88.62663269042969,0.9958789348602295,338.9804992675781,150.3632049560547,0.997099757194519,363.87286376953125,121.71330261230469,0.9901032447814941,377.5800476074219,122.99919891357422,0.9893743395805359,402.68267822265625,122.01222229003906,0.9977770447731018,427.35943603515625,122.5534439086914,0.9975492358207703,364.27337646484375,102.19367218017578,0.9451841711997986,408.1470947265625,88.14042663574219,0.9849334359169006,413.81756591796875,87.21809387207031,0.9719887375831604,374.5563049316406,140.6949005126953,0.8965866565704346,382.52630615234375,156.50245666503906,0.9760244488716125,429.7179260253906,143.2793426513672,0.9863068461418152
589,342.23455810546875,87.90345764160156,0.9961141347885132,339.1686096191406,154.07199096679688,0.9974830746650696,362.8653869628906,121.41927337646484,0.9925100803375244,376.5350036621094,123.01567840576172,0.9929868578910828,401.7227478027344,121.15838623046875,0.996660590171814,426.1183776855469,122.5534439086914,0.9970212578773499,364.21527099609375,101.49592590332031,0.9631574153900146,408.03948974609375,88.14042663574219,0.9883203506469727,413.80523681640625,87.04802703857422,0.9794156551361084,374.5563049316406,140.0808563232422,0.884726345539093,382.10003662109375,156.50245666503906,0.9831390976905823,427.0732421875,142.4484100341797,0.9807243347167969
590,342.23455810546875,87.17778015136719,0.9961382746696472,339.71917724609375,155.0960693359375,0.9976000189781189,362.06195068359375,121.3359603881836,0.9927460551261902,375.52386474609375,123.05870056152344,0.9949455857276917,401.4604187011719,121.15838623046875,0.9955782294273376,425.8843078613281,122.68749237060547,0.996929943561554,363.89892578125,101.38382720947266,0.9697085022926331,408.03948974609375,88.67524719238281,0.9786354899406433,413.80523681640625,87.21809387207031,0.9852955341339111,373.6716613769531,139.6124725341797,0.8777101039886475,381.26953125,156.50245666503906,0.9864662289619446,426.9039611816406,140.724365234375,0.9735803604125977
591,342.23455810546875,87.17778015136719,0.9963489770889282,339.71917724609375,156.775146484375,0.9971674084663391,362.06195068359375,121.3359603881836,0.9919573068618774,374.65875244140625,123.36385345458984,0.9952976107597351,398.7404479980469,121.03118133544922,0.993194580078125,425.3341064453125,122.72199249267578,0.9973113536834717,363.78948974609375,101.38382720947266,0.9677529335021973,408.1470947265625,89.11283874511719,0.968185305595398,413.80523681640625,87.04802703857422,0.9857300519943237,373.4905700683594,139.52911376953125,0.8796232342720032,381.1426696777344,156.56170654296875,0.9851744771003723,426.28021240234375,139.64698791503906,0.9698196053504944
592,342.23455810546875,87.17778015136719,0.9964559674263,339.72314453125,158.54080200195312,0.9975820779800415,362.06195068359375,121.3359603881836,0.9918879866600037,374.55511474609375,123.43424224853516,0.9954286813735962,398.3314208984375,121.223388671875,0.9927103519439697,424.8421936035156,122.78389739990234,0.9974907636642456,363.78948974609375,101.38382720947266,0.9654011130332947,407.9684753417969,89.5394058227539,0.9463459253311157,414.35394287109375,87.04802703857422,0.9871644973754883,373.3095703125,139.52911376953125,0.8766577243804932,381.1426696777344,156.56170654296875,0.9855255484580994,425.4376525878906,139.64698791503906,0.9631221294403076
593,341.9638366699219,87.18531036376953,0.9964828491210938,339.7365417480469,158.8155517578125,0.9975197911262512,361.9372253417969,122.32894897460938,0.9911795258522034,374.55511474609375,123.43424224853516,0.9947338104248047,398.3017578125,121.223388671875,0.9929568767547607,424.49609375,123.0269775390625,0.9976493716239929,363.78948974609375,101.63317108154297,0.966124415397644,407.73712158203125,90.44561767578125,0.8653227090835571,418.4455871582031,87.97913360595703,0.9957927465438843,373.2613525390625,139.52911376953125,0.8795735239982605,381.1426696777344,156.67938232421875,0.9846711158752441,425.388916015625,139.64698791503906,0.9594571590423584
594,341.8739318847656,87.9952163696289,0.9958503246307373,339.7365417480469,160.0623779296875,0.9978959560394287,361.9372253417969,122.65882873535156,0.9911059737205505,374.55511474609375,123.43424224853516,0.9942728877067566,398.3017578125,121.223388671875,0.9934045672416687,424.44189453125,123.30580139160156,0.9978322386741638,363.9835510253906,101.6577377319336,0.9652649760246277,405.7351989746094,90.6323471069336,0.9093296527862549,418.73309326171875,89.06224060058594,0.9926122426986694,373.2613525390625,139.6607666015625,0.8793410658836365,382.65576171875,156.67938232421875,0.9826194047927856,422.7384033203125,139.86004638671875,0.9633118510246277
595,340.3341369628906,88.05198669433594,0.9962080717086792,339.72314453125,160.0623779296875,0.9976578950881958,361.80963134765625,122.74657440185547,0.9913532137870789,375.03814697265625,122.96890258789062,0.9943152070045471,398.08050537109375,121.26451110839844,0.9931267499923706,424.37725830078125,123.80004119873047,0.9978272318840027,363.9835510253906,102.13387298583984,0.9650349617004395,405.7351989746094,91.27859497070312,0.8859112858772278,419.08660888671875,90.85521697998047,0.9887857437133789,373.2613525390625,140.66909790039062,0.8883188366889954,382.8359680175781,156.67938232421875,0.9822604060173035,421.8430480957031,141.3146209716797,0.9699552059173584
596,340.3341369628906,88.0738525390625,0.9939131140708923,339.4178161621094,160.0623779296875,0.9975078105926514,361.6784973144531,123.06575012207031,0.9926254153251648,375.03814697265625,122.96890258789062,0.9953666925430298,397.6513977050781,121.28003692626953,0.9934749007225037,423.82342529296875,123.8048324584961,0.9984362721443176,363.9835510253906,102.30252075195312,0.9635037779808044,405.7351989746094,91.56615447998047,0.8703072667121887,420.1395568847656,93.2077407836914,0.9867253303527832,371.4168701171875,140.8623046875,0.8912668228149414,383.50201416015625,156.78953552246094,0.979363203048706,421.8331604003906,142.0872039794922,0.9723552465438843
597,340.3341369628906,90.82138061523438,0.9933740496635437,339.4178161621094,159.27879333496094,0.9968222379684448,361.6190490722656,123.34072875976562,0.9933791160583496,375.050537109375,122.96890258789062,0.9957626461982727,398.08050537109375,121.5029067993164,0.9925038814544678,423.06243896484375,123.97643280029297,0.9988307356834412,364.0000915527344,102.52185821533203,0.9591057896614075,405.7351989746094,92.67344665527344,0.936628520488739,420.1395568847656,95.9985580444336,0.9823647141456604,369.472412109375,141.530517578125,0.8705847263336182,383.6009521484375,157.22093200683594,0.9870526194572449,413.6417236328125,143.52224731445312,0.9468181133270264
598,340.5006408691406,91.14800262451172,0.9940184354782104,339.0733642578125,158.7978973388672,0.9967402815818787,361.6784973144531,123.64012145996094,0.9930117726325989,375.050537109375,123.30974578857422,0.9960832595825195,398.2239074707031,121.9736099243164,0.9929556846618652,422.8150634765625,124.2303237915039,0.998676598072052,363.8959045410156,102.52185821533203,0.9487057328224182,405.4677429199219,93.95220184326172,0.9535290598869324,420.1395568847656,98.05187225341797,0.9871475100517273,356.6111145019531,141.530517578125,0.873686671257019,384.8857421875,157.22093200683594,0.9943174719810486,413.35919189453125,144.68930053710938,0.9831476211547852
599,340.5893859863281,91.15935516357422,0.9943916201591492,338.9337463378906,158.22540283203125,0.9966314435005188,361.6190490722656,123.89289855957031,0.9930335283279419,375.03814697265625,123.81527709960938,0.9961509704589844,397.6513977050781,122.5453109741211,0.992431640625,422.7991638183594,124.73224639892578,0.9986257553100586,363.78765869140625,102.52185821533203,0.9437312483787537,405.40594482421875,94.80924224853516,0.9790696501731873,418.458740234375,100.79847717285156,0.9811562299728394,356.06097412109375,141.530517578125,0.879896879196167,386.8780517578125,158.00816345214844,0.9949743747711182,413.35919189453125,145.7488555908203,0.9899139404296875
600,340.8474426269531,91.30632019042969,0.994300127029419,339.0733642578125,158.17076110839844,0.9964710474014282,361.614013671875,124.58847045898438,0.9919156432151794,374.9089050292969,124.2969741821289,0.9962916374206543,397.6047668457031,123.44491577148438,0.9936307072639465,422.6250915527344,125.10025024414062,0.9983900785446167,360.890625,100.86064147949219,0.9459717869758606,404.4718322753906,94.96197509765625,0.9797144532203674,416.16259765625,101.76625061035156,0.9632173776626587,355.87774658203125,142.40492248535156,0.8830535411834717,389.3216552734375,158.00816345214844,0.9874923229217529,413.35919189453125,150.44142150878906,0.9828618764877319
601,340.9551696777344,91.25151062011719,0.995015561580658,339.1169738769531,158.17076110839844,0.9962045550346375,361.2947998046875,124.80963897705078,0.9921144247055054,373.9288024902344,124.68190002441406,0.9963825941085815,397.5940856933594,124.63521575927734,0.9947065711021423,422.2106018066406,125.48075866699219,0.998582124710083,360.890625,100.86064147949219,0.949867844581604,404.41424560546875,95.01154327392578,0.9754712581634521,415.6125793457031,101.98127746582031,0.9381253719329834,355.281982421875,143.1322479248047,0.8987762928009033,389.3870849609375,161.1698455810547,0.9766959547996521,414.772216796875,157.36602783203125,0.9914387464523315
602,341.0303955078125,91.25151062011719,0.9950782060623169,339.05487060546875,158.17076110839844,0.9960523843765259,360.7593078613281,124.97173309326172,0.9928158521652222,373.6736145019531,125.05281066894531,0.9961369633674622,396.39971923828125,125.36458587646484,0.9953688979148865,422.19482421875,125.75010681152344,0.9985278844833374,360.890625,100.86064147949219,0.9571613669395447,403.8692626953125,95.41783142089844,0.9743444919586182,415.41552734375,103.24039459228516,0.9278429746627808,354.3312683105469,143.19583129882812,0.9144847393035889,390.0567932128906,161.9220428466797,0.9394950866699219,415.7427978515625,161.39068603515625,0.9876189231872559
603,341.30645751953125,91.33856201171875,0.9944151639938354,339.1169738769531,157.92286682128906,0.9966576099395752,360.27166748046875,125.3213882446289,0.9923658967018127,373.4446716308594,125.22969818115234,0.9959496259689331,395.9833679199219,125.76571655273438,0.9959579110145569,421.8746643066406,126.1718521118164,0.9984342455863953,361.25958251953125,101.53804779052734,0.9597172141075134,403.8462829589844,95.66674041748047,0.9777921438217163,412.6571350097656,103.24039459228516,0.9210583567619324,353.7428894042969,143.20655822753906,0.9217067360877991,390.57586669921875,163.22715759277344,0.9798763990402222,415.7427978515625,161.39068603515625,0.9854991436004639
604,341.6299133300781,92.08626556396484,0.9954192638397217,339.1169738769531,157.78089904785156,0.9957114458084106,360.0677490234375,125.44309997558594,0.9920146465301514,373.2927551269531,125.22969818115234,0.9956437349319458,394.8966979980469,125.87976837158203,0.9952720999717712,421.4466247558594,126.60909271240234,0.9984620809555054,361.501708984375,101.56790924072266,0.9599544405937195,403.8462829589844,95.75765228271484,0.9799213409423828,412.5376281738281,103.35364532470703,0.9104815721511841,353.592529296875,143.53707885742188,0.9212390184402466,390.6722106933594,163.9796600341797,0.9850000143051147,415.8148498535156,161.39068603515625,0.9888056516647339
605,341.7922668457031,92.5744857788086,0.995969295501709,339.05487060546875,157.92286682128906,0.9961175918579102,359.8816833496094,125.66456604003906,0.9920176267623901,373.27191162109375,125.5105972290039,0.9953717589378357,394.8966979980469,126.1939468383789,0.9951293468475342,421.26727294921875,126.89566040039062,0.9982436895370483,362.0997619628906,102.11017608642578,0.959718644618988,403.8692626953125,95.78458404541016,0.9725730419158936,412.0653381347656,103.52410888671875,0.9178688526153564,353.0649719238281,143.6042022705078,0.9236090183258057,391.98785400390625,163.9796600341797,0.9895110726356506,415.8148498535156,160.02969360351562,0.9912574291229248
606,341.96868896484375,92.5744857788086,0.9959698915481567,338.9784240722656,157.90953063964844,0.9960193037986755,359.6765441894531,125.66456604003906,0.9911744594573975,373.0382385253906,125.96665954589844,0.995155930519104,394.3014221191406,126.48271179199219,0.9954484105110168,420.9246520996094,126.97430419921875,0.9979355335235596,363.26739501953125,102.80987548828125,0.9667550325393677,404.009521484375,96.99247741699219,0.9618871212005615,411.8094177246094,104.15521240234375,0.9445611834526062,352.59381103515625,143.9447784423828,0.9285854697227478,394.7267150878906,163.9796600341797,0.9785608053207397,416.2644958496094,159.9685821533203,0.9904792904853821
607,341.96868896484375,92.5744857788086,0.9959543943405151,338.4979553222656,157.92286682128906,0.9958833456039429,359.5491638183594,125.66456604003906,0.9907626509666443,371.61602783203125,127.8063735961914,0.9949192404747009,394.2208557128906,126.7119140625,0.9944686889648438,420.248046875,127.45758819580078,0.9966803789138794,364.123291015625,103.22647094726562,0.9670908451080322,404.0962829589844,99.7784652709961,0.9681169986724854,411.4595642089844,104.81072998046875,0.9621579647064209,352.48333740234375,144.38600158691406,0.92561936378479,394.86492919921875,163.84811401367188,0.9743229746818542,416.50762939453125,159.93603515625,0.9922269582748413
608,342.0436096191406,92.22293090820312,0.9962272644042969,338.48291015625,157.98501586914062,0.9958004355430603,358.6309509277344,125.88219451904297,0.9904706478118896,371.4026794433594,128.16958618164062,0.9954095482826233,394.04736328125,127.2320327758789,0.9944032430648804,419.65191650390625,127.45758819580078,0.9945664405822754,364.97576904296875,103.75175476074219,0.9694575667381287,404.0962829589844,100.75670623779297,0.9747422933578491,411.4595642089844,104.81072998046875,0.9768847227096558,352.36322021484375,144.81405639648438,0.9265663027763367,397.6750183105469,161.30677795410156,0.9792296290397644,416.60565185546875,158.18942260742188,0.9945634007453918
609,342.3293762207031,91.74530029296875,0.9954767823219299,338.2105712890625,157.98501586914062,0.9958493709564209,358.39752197265625,125.70805358886719,0.9913451671600342,371.1747741699219,128.423828125,0.9952450394630432,394.04736328125,127.80784606933594,0.9954257607460022,417.75042724609375,127.45758819580078,0.994665265083313,364.97576904296875,103.9995346069336,0.9725528955459595,404.0962829589844,100.75670623779297,0.9666542410850525,410.0680236816406,104.81072998046875,0.9880176782608032,352.293701171875,145.18824768066406,0.9261515140533447,397.68670654296875,160.3219451904297,0.9770517945289612,418.55596923828125,157.81063842773438,0.9942349791526794
610,342.46099853515625,91.60517120361328,0.9958322644233704,337.2144470214844,157.90953063964844,0.9955804944038391,358.2350158691406,125.58576202392578,0.9922791719436646,370.91168212890625,129.32322692871094,0.995510458946228,394.04736328125,128.34036254882812,0.9960870742797852,417.2066650390625,127.24919128417969,0.9951719641685486,364.97576904296875,104.29509735107422,0.9722774028778076,403.9460754394531,100.75670623779297,0.8463480472564697,409.8951721191406,103.28990173339844,0.9935528039932251,352.293701171875,145.47030639648438,0.9288761615753174,397.68670654296875,160.3219451904297,0.9758703708648682,419.9739685058594,157.21511840820312,0.993708610534668
611,342.46099853515625,91.50300598144531,0.9950757622718811,337.0742492675781,157.5708465576172,0.9929513335227966,358.1245422363281,125.58576202392578,0.9923324584960938,370.6575927734375,129.358154296875,0.995718777179718,395.9888610839844,129.40240478515625,0.996964156627655,416.8706359863281,127.21339416503906,0.9967182278633118,364.6888122558594,104.36168670654297,0.9762492179870605,368.9794921875,98.50463104248047,0.7477041482925415,409.64642333984375,100.31600952148438,0.9942161440849304,352.293701171875,145.4878692626953,0.9209765195846558,397.6750183105469,160.3219451904297,0.9600226879119873,420.07763671875,157.1730499267578,0.9934184551239014
612,342.46099853515625,91.50300598144531,0.994964599609375,336.7404479980469,157.47775268554688,0.9914699196815491,357.97259521484375,125.58576202392578,0.9920974969863892,370.18585205078125,129.46270751953125,0.9956375956535339,395.9888610839844,129.60528564453125,0.9970213770866394,416.63751220703125,127.1114273071289,0.9971803426742554,364.3827209472656,104.36288452148438,0.9736161828041077,368.6678771972656,97.90872192382812,0.7429271340370178,409.8951721191406,98.34597778320312,0.9895563721656799,352.5273132324219,145.52267456054688,0.9277662038803101,394.8577575683594,160.2628631591797,0.9559130072593689,420.07763671875,156.59046936035156,0.993996262550354
613,342.3878173828125,91.167724609375,0.9946011304855347,336.5570068359375,157.47775268554688,0.9915818572044373,357.8829650878906,125.58576202392578,0.9921277761459351,370.1371154785156,129.46270751953125,0.9954906105995178,395.9888610839844,129.60528564453125,0.9971902966499329,416.58160400390625,126.99824523925781,0.9972656965255737,364.3827209472656,104.43959045410156,0.9749051928520203,368.6678771972656,97.90872192382812,0.700337290763855,409.8951721191406,96.56452178955078,0.9817315936088562,352.8172607421875,145.59487915039062,0.9298312067985535,394.3970947265625,159.3319091796875,0.9577618837356567,420.2178039550781,156.03292846679688,0.9943305253982544
614,340.58905029296875,88.7242660522461,0.9947303533554077,336.3375244140625,157.47775268554688,0.9914237856864929,357.5650634765625,125.58576202392578,0.9927765130996704,369.6844482421875,129.358154296875,0.9955927729606628,395.7840881347656,129.40240478515625,0.9975367784500122,416.5808410644531,126.81865692138672,0.9970216155052185,364.3827209472656,104.43959045410156,0.9745951890945435,368.6678771972656,97.90872192382812,0.6994888782501221,410.2098388671875,92.20828247070312,0.9862205982208252,352.8172607421875,145.70997619628906,0.9250831007957458,392.2239074707031,159.06666564941406,0.9627891778945923,420.54168701171875,155.27919006347656,0.9940382242202759
615,340.58905029296875,88.7242660522461,0.9951269626617432,336.0814208984375,157.47775268554688,0.9926396608352661,357.3021545410156,125.4969253540039,0.9926901459693909,369.49139404296875,129.24755859375,0.9950917959213257,395.7840881347656,129.15406799316406,0.9974285960197449,416.51025390625,126.40269470214844,0.9962618947029114,364.95538330078125,104.43959045410156,0.9757334589958191,368.69659423828125,97.9456558227539,0.718721330165863,410.2098388671875,89.33470153808594,0.9908711314201355,352.8172607421875,146.1514434814453,0.9362539649009705,392.2239074707031,158.6183319091797,0.9710431694984436,421.83343505859375,154.18142700195312,0.9946095943450928
616,340.58905029296875,88.7242660522461,0.9955652356147766,335.97052001953125,157.47775268554688,0.9924654960632324,357.08355712890625,125.4969253540039,0.9925981760025024,369.217529296875,129.05140686035156,0.9949579834938049,395.7840881347656,128.8242950439453,0.9970800280570984,416.3363342285156,126.15667724609375,0.9955697655677795,364.95538330078125,104.43959045410156,0.9724388718605042,368.69659423828125,97.9456558227539,0.6016985774040222,410.2098388671875,88.16621398925781,0.9928709864616394,352.60205078125,146.1514434814453,0.9410924315452576,392.2239074707031,158.09556579589844,0.9717231392860413,421.83343505859375,152.80316162109375,0.9939093589782715
617,340.6825866699219,89.04073333740234,0.995390772819519,335.3474426269531,157.3297119140625,0.9896785020828247,357.0105285644531,125.48247528076172,0.9929900169372559,369.166015625,128.91761779785156,0.9941542744636536,395.7840881347656,128.69125366210938,0.9967978596687317,416.3363342285156,125.6285400390625,0.9953255653381348,364.95538330078125,104.22560119628906,0.9632476568222046,368.76202392578125,97.9456558227539,0.5716275572776794,410.2098388671875,87.75,0.989782989025116,352.5453186035156,146.1514434814453,0.9500927329063416,394.65826416015625,157.90335083007812,0.9634923934936523,421.83343505859375,152.244384765625,0.993556797504425
618,340.6825866699219,89.15209197998047,0.9952941536903381,335.2468566894531,157.03018188476562,0.9833299517631531,356.2820129394531,125.38793182373047,0.9935029149055481,368.39910888671875,128.67626953125,0.9940748810768127,395.7840881347656,128.59060668945312,0.9973258972167969,416.3363342285156,125.6285400390625,0.996390163898468,364.4305114746094,103.9842529296875,0.9753099679946899,368.69659423828125,96.05123901367188,0.8353328704833984,410.2098388671875,87.75,0.9840844869613647,352.4751892089844,146.18177795410156,0.9558476805686951,395.3307800292969,156.70433044433594,0.9617453217506409,420.75,152.1820831298828,0.9937418103218079
619,340.6825866699219,90.90019226074219,0.9938852190971375,333.25482177734375,156.1784210205078,0.9783851504325867,355.79364013671875,125.30364227294922,0.9934364557266235,367.3867492675781,128.39157104492188,0.992343008518219,393.5350036621094,126.8132095336914,0.9977001547813416,416.3363342285156,125.44184875488281,0.9963250756263733,364.39483642578125,102.98589324951172,0.9755076766014099,368.76202392578125,90.97864532470703,0.9704247713088989,410.2746276855469,87.75,0.989824116230011,352.3247375488281,146.18177795410156,0.9603981375694275,395.3307800292969,155.4949493408203,0.9709986448287964,419.03240966796875,151.90455627441406,0.992737352848053
620,340.0698547363281,92.075439453125,0.99399733543396,332.7073059082031,156.10598754882812,0.9761665463447571,355.072509765625,125.30364227294922,0.9933288097381592,366.9698486328125,127.82454681396484,0.9927542805671692,393.533203125,126.36255645751953,0.9979807734489441,416.3363342285156,125.22015380859375,0.9962244033813477,364.39251708984375,102.98589324951172,0.9750415086746216,368.76202392578125,90.62850189208984,0.946878969669342,411.31781005859375,87.83894348144531,0.9900292754173279,351.65631103515625,146.82395935058594,0.964607298374176,395.3307800292969,154.87493896484375,0.9748127460479736,418.5788879394531,151.1539306640625,0.9938479065895081
621,337.5313720703125,92.31036376953125,0.990796685218811,332.2085266113281,155.50767517089844,0.9687691330909729,354.5943298339844,125.30364227294922,0.9929742813110352,366.8824768066406,127.57677459716797,0.9932122230529785,393.03802490234375,126.15868377685547,0.9983147382736206,415.6552734375,125.03658294677734,0.9965278506278992,364.39251708984375,102.662841796875,0.9702498912811279,368.76202392578125,89.15879821777344,0.9594875574111938,413.29571533203125,90.59764862060547,0.9839069843292236,351.5115661621094,147.4039764404297,0.9725981950759888,394.8992919921875,154.87493896484375,0.9794472455978394,416.1219787597656,149.80670166015625,0.993371844291687
622,336.1452941894531,92.66862487792969,0.9866349101066589,331.14544677734375,155.50767517089844,0.965111255645752,354.141845703125,125.35660552978516,0.9931207299232483,366.2301940917969,127.57677459716797,0.9912960529327393,392.3085021972656,126.14634704589844,0.9981192946434021,414.883056640625,124.84207153320312,0.996647298336029,364.39483642578125,102.98589324951172,0.9593985676765442,367.31695556640625,87.2965087890625,0.9739838242530823,414.1519470214844,90.59764862060547,0.991474986076355,351.31732177734375,147.79319763183594,0.9753962755203247,393.5728454589844,154.87493896484375,0.9870621562004089,415.5610046386719,148.23748779296875,0.9913790225982666
623,335.09918212890625,93.10022735595703,0.9861288666725159,328.836181640625,155.50767517089844,0.9736946225166321,353.6875915527344,125.68644714355469,0.9931550621986389,365.8213195800781,127.4520263671875,0.988965630531311,391.4704895019531,126.01517486572266,0.9981422424316406,414.68426513671875,124.81098937988281,0.9965378046035767,364.96014404296875,102.98589324951172,0.9516305327415466,367.31695556640625,84.11140441894531,0.9792056679725647,417.6697082519531,91.4430923461914,0.99346923828125,351.1296691894531,148.50221252441406,0.9796437621116638,392.96295166015625,157.04063415527344,0.9901368618011475,415.2476806640625,148.2373046875,0.9915015697479248
624,333.3037414550781,93.28128051757812,0.986419141292572,327.8207092285156,155.91006469726562,0.9797468185424805,353.0827331542969,125.94151306152344,0.9936914443969727,365.8213195800781,127.33067321777344,0.9871986508369446,390.8223571777344,126.01517486572266,0.9980261921882629,414.59539794921875,124.84207153320312,0.9970355033874512,364.96014404296875,102.662841796875,0.9586706757545471,367.31695556640625,83.68102264404297,0.9848212599754333,419.3837585449219,91.4430923461914,0.9935332536697388,350.9856872558594,148.9168243408203,0.9797167181968689,392.76397705078125,157.81387329101562,0.9907757639884949,415.2476806640625,147.90151977539062,0.9921634197235107
625,332.9739074707031,93.38697052001953,0.9874448776245117,327.47265625,155.91006469726562,0.9817573428153992,352.7530212402344,126.05274200439453,0.9937191009521484,365.8213195800781,127.23896026611328,0.9846012592315674,390.4500732421875,126.01517486572266,0.9980533123016357,414.0859680175781,124.84207153320312,0.997227132320404,364.96014404296875,102.61566162109375,0.9599285125732422,367.31695556640625,83.68102264404297,0.9865511655807495,419.3837585449219,91.4430923461914,0.9944761395454407,350.92901611328125,148.98526000976562,0.9769883751869202,389.54779052734375,158.33255004882812,0.9961977601051331,415.2945251464844,147.90151977539062,0.9919012188911438
626,331.5452880859375,94.69464111328125,0.9860666394233704,326.92608642578125,155.91006469726562,0.9834807515144348,352.3584899902344,126.06128692626953,0.9933023452758789,365.7195129394531,126.34612274169922,0.9865402579307556,390.11883544921875,126.00196838378906,0.9981011748313904,414.0752868652344,125.0318832397461,0.9966630339622498,364.09954833984375,102.18467712402344,0.961365282535553,368.067626953125,83.68102264404297,0.9907800555229187,419.78173828125,93.91940307617188,0.994852602481842,350.92901611328125,148.98526000976562,0.9762376546859741,389.0382385253906,158.33255004882812,0.9952136278152466,415.2945251464844,148.23748779296875,0.9926658272743225
627,331.1224670410156,94.69464111328125,0.9890899062156677,326.1495361328125,155.19764709472656,0.9869751930236816,350.5976867675781,126.06128692626953,0.9921036958694458,365.7195129394531,126.34612274169922,0.9864758849143982,389.2051696777344,125.79352569580078,0.9980683922767639,413.1612243652344,125.04583740234375,0.9964566826820374,364.09954833984375,101.39671325683594,0.9692245125770569,368.125244140625,84.65629577636719,0.9946947693824768,419.78173828125,95.76577758789062,0.9938003420829773,350.9856872558594,148.98526000976562,0.9737105369567871,384.6876525878906,158.33255004882812,0.9942659735679626,416.3797302246094,148.18992614746094,0.996057391166687
628,331.01458740234375,94.70895385742188,0.9896404147148132,324.7682800292969,155.19764709472656,0.9913985729217529,350.5976867675781,126.06128692626953,0.9922561645507812,365.7195129394531,126.34612274169922,0.9883434772491455,388.92926025390625,125.70124053955078,0.9980399012565613,412.30780029296875,125.11820983886719,0.996313750743866,364.09954833984375,101.39671325683594,0.9688229560852051,368.2322692871094,84.65629577636719,0.9954906105995178,419.3935546875,95.93540954589844,0.9922236204147339,350.92901611328125,148.61849975585938,0.9704952836036682,383.1731262207031,160.02072143554688,0.992566704750061,416.5366516113281,148.49945068359375,0.9962729215621948
629,330.80804443359375,94.70895385742188,0.9902637004852295,321.93804931640625,155.1363067626953,0.9943219423294067,350.5976867675781,125.51866149902344,0.9917871356010437,363.5146484375,127.12266540527344,0.9917497038841248,388.82244873046875,125.70124053955078,0.9979808926582336,412.3021545410156,125.10011291503906,0.9964562058448792,364.09954833984375,101.39671325683594,0.9710392355918884,368.579345703125,84.65629577636719,0.9965113997459412,419.3935546875,96.11406707763672,0.9924894571304321,351.2431335449219,148.6018524169922,0.9587974548339844,378.80816650390625,160.02072143554688,0.9883041381835938,416.61102294921875,148.49945068359375,0.9965583682060242
630,330.4429931640625,94.70895385742188,0.9916259050369263,320.1932067871094,155.19764709472656,0.9936748147010803,350.2767639160156,124.2203140258789,0.9917646050453186,363.08935546875,127.13276672363281,0.9932450652122498,388.4437561035156,125.69391632080078,0.9979082345962524,412.06085205078125,125.10011291503906,0.996354341506958,363.7745666503906,101.46918487548828,0.9707938432693481,368.606689453125,84.46258544921875,0.9967162609100342,419.3935546875,96.75299072265625,0.9907764792442322,351.60076904296875,148.1717071533203,0.935154378414154,374.9659423828125,161.4351806640625,0.994681179523468,416.61102294921875,148.18992614746094,0.9965303540229797
631,330.0436706542969,95.22162628173828,0.9923796653747559,319.3543701171875,155.49818420410156,0.9904080033302307,349.9344787597656,124.2203140258789,0.991954505443573,362.9908752441406,127.14227294921875,0.9938530921936035,388.1429748535156,125.61283111572266,0.9976775050163269,412.06085205078125,125.11820983886719,0.9964454770088196,363.7274475097656,101.52336883544922,0.9665305018424988,368.6435546875,84.20794677734375,0.9969289898872375,419.39288330078125,96.96415710449219,0.9897955060005188,351.66986083984375,148.00592041015625,0.9425123929977417,372.4053955078125,162.2451934814453,0.9947723746299744,416.8512878417969,148.0749053955078,0.9965764880180359
632,326.9794006347656,96.32539367675781,0.9947476983070374,318.9013366699219,155.80316162109375,0.986034095287323,349.9344787597656,124.2203140258789,0.9921292066574097,362.2231750488281,127.13276672363281,0.9952828288078308,387.5998840332031,125.47102355957031,0.9977082014083862,411.7931823730469,125.11820983886719,0.9969731569290161,363.7274169921875,101.6971435546875,0.9640384912490845,368.6714782714844,84.05040740966797,0.9970260262489319,417.9603576660156,98.31684875488281,0.991487979888916,351.743408203125,147.5959930419922,0.935221254825592,369.80389404296875,162.2451934814453,0.9950205087661743,416.8512878417969,147.61509704589844,0.9967066645622253
633,324.52423095703125,96.59215545654297,0.996444046497345,318.4929504394531,157.62120056152344,0.9838268160820007,348.9932861328125,124.22547912597656,0.9913257956504822,361.6114196777344,127.12266540527344,0.9956302642822266,387.1097106933594,125.38867950439453,0.9974662065505981,411.3956298828125,126.74327087402344,0.9970130920410156,363.7274169921875,101.87921905517578,0.9688391089439392,368.71551513671875,84.0289077758789,0.9969587326049805,417.77276611328125,98.72652435302734,0.9931094646453857,351.9816589355469,147.5811767578125,0.9259158968925476,368.2666931152344,161.87307739257812,0.9941974878311157,416.1571960449219,147.45297241210938,0.9955329895019531
634,323.0169677734375,97.00320434570312,0.9969268441200256,318.4929504394531,158.89907836914062,0.9880896210670471,348.2589416503906,124.57686614990234,0.9910566806793213,361.28857421875,127.03764343261719,0.9961931705474854,386.048583984375,124.9904556274414,0.9972472786903381,411.3822021484375,126.74327087402344,0.9977195858955383,363.7274475097656,102.1166000366211,0.965284526348114,368.7731628417969,83.97783660888672,0.9972054362297058,417.46209716796875,99.27070617675781,0.9934872388839722,351.9816589355469,147.4917449951172,0.9273306727409363,368.2666931152344,161.4351806640625,0.9937035441398621,415.7518615722656,146.6702423095703,0.9934275150299072
635,321.8336181640625,97.40962982177734,0.9967888593673706,318.9013366699219,158.9038848876953,0.9907559752464294,347.47161865234375,124.57686614990234,0.9907840490341187,360.9244079589844,127.00907897949219,0.9964638352394104,385.9181213378906,124.6544418334961,0.9971426129341125,411.3956298828125,126.74327087402344,0.9974341988563538,363.7485046386719,104.05506896972656,0.9618480801582336,368.7807922363281,83.97783660888672,0.9973727464675903,417.0955505371094,99.89042663574219,0.9943704009056091,351.9349670410156,147.468017578125,0.9327539801597595,368.2666931152344,161.1884002685547,0.993949294090271,414.354736328125,146.4459686279297,0.9932998418807983
636,321.4694519042969,98.33343505859375,0.9963274598121643,319.12896728515625,158.9862823486328,0.993291974067688,346.84222412109375,124.76060485839844,0.9911686182022095,360.43133544921875,126.89773559570312,0.9969297051429749,385.4827575683594,124.20355987548828,0.9970513582229614,411.311767578125,126.61505126953125,0.997209370136261,363.7485046386719,104.05506896972656,0.9673252701759338,368.7807922363281,83.93363189697266,0.9975504279136658,416.6863098144531,100.0439453125,0.9929363131523132,351.9349670410156,147.3733367919922,0.937456488609314,369.4586486816406,161.1884002685547,0.9943091869354248,413.8615417480469,146.4451141357422,0.9957150816917419
637,320.6925048828125,99.02383422851562,0.9959465861320496,319.12896728515625,159.07464599609375,0.9944220185279846,346.74847412109375,124.84193420410156,0.9901949763298035,359.8526916503906,126.34961700439453,0.9966776371002197,384.7895812988281,123.62838745117188,0.9957895874977112,411.192626953125,126.3536605834961,0.9971833825111389,363.7485046386719,104.05506896972656,0.9636147022247314,368.7731628417969,83.93363189697266,0.9975146055221558,416.20819091796875,100.90694427490234,0.9947482943534851,351.9349670410156,146.1794891357422,0.9298207759857178,369.4924011230469,161.1884002685547,0.9941692352294922,411.6932373046875,145.55958557128906,0.9928597807884216
638,320.62994384765625,100.99060821533203,0.9957494735717773,319.12896728515625,159.07464599609375,0.9943099021911621,345.7073059082031,125.02037811279297,0.9907591342926025,359.2974853515625,125.85400390625,0.9964313507080078,384.5870361328125,123.48335266113281,0.9952880144119263,410.829345703125,126.276123046875,0.9976049661636353,362.9121398925781,103.63612365722656,0.9630406498908997,368.67181396484375,84.11351013183594,0.9972767233848572,416.20819091796875,101.45523071289062,0.9946190118789673,351.7015686035156,145.35296630859375,0.9172064661979675,370.6015930175781,161.44696044921875,0.9941739439964294,411.5916442871094,144.1014862060547,0.9901323318481445
639,319.853515625,101.67520904541016,0.9957815408706665,316.4807434082031,161.06951904296875,0.9953057169914246,344.9939270019531,125.19115447998047,0.990957498550415,359.069091796875,125.26741027832031,0.9968922734260559,383.9993896484375,123.122314453125,0.9943093061447144,410.100341796875,125.73323822021484,0.9979965090751648,362.3419494628906,103.39636993408203,0.9589580297470093,368.6374206542969,84.11351013183594,0.9970189332962036,416.20819091796875,101.45523071289062,0.9942294359207153,351.7015686035156,144.6837615966797,0.8960571885108948,371.9925842285156,162.3567657470703,0.994321346282959,409.8577880859375,143.3112335205078,0.9756600260734558
640,319.853515625,101.8900375366211,0.996046245098114,316.10076904296875,161.20814514160156,0.9950313568115234,344.8227844238281,125.38192749023438,0.9930219054222107,358.3524169921875,124.4608383178711,0.9966351389884949,383.7412109375,122.87217712402344,0.9952933192253113,409.3759460449219,125.05937957763672,0.9982138872146606,361.56036376953125,101.75708770751953,0.9543076753616333,368.5329895019531,83.93363189697266,0.9975146055221558,416.5290832519531,101.73100280761719,0.9939903020858765,351.61187744140625,144.20184326171875,0.8693041801452637,371.9925842285156,162.65208435058594,0.9948192238807678,409.4580993652344,143.13665771484375,0.9821735620498657
641,317.4288635253906,102.39329528808594,0.9960894584655762,316.10076904296875,161.20814514160156,0.9960266351699829,344.27862548828125,125.38192749023438,0.9948786497116089,358.2907409667969,124.33077239990234,0.9966358542442322,382.6689453125,122.75535583496094,0.9961937665939331,407.8628845214844,124.22787475585938,0.9982719421386719,359.8222961425781,101.75708770751953,0.9401383399963379,368.247802734375,83.83030700683594,0.9975224137306213,416.5290832519531,101.82107543945312,0.992897629737854,351.61187744140625,143.73033142089844,0.8835891485214233,371.9925842285156,162.71116638183594,0.9933212399482727,407.44390869140625,142.99264526367188,0.9598162770271301
642,312.6519470214844,103.84388732910156,0.9943150877952576,316.10076904296875,161.26914978027344,0.9960499405860901,343.5989074707031,125.38192749023438,0.9951066970825195,356.7776794433594,123.95713806152344,0.9963986873626709,381.1313171386719,122.62969970703125,0.9970496892929077,406.6804504394531,123.863037109375,0.9984523057937622,347.23089599609375,101.75708770751953,0.9378246665000916,367.9642028808594,83.73367309570312,0.9974108338356018,416.5290832519531,101.82107543945312,0.9935729503631592,350.3192138671875,142.32260131835938,0.8649294376373291,371.9244384765625,162.7394256591797,0.9940236210823059,406.9086608886719,142.45318603515625,0.9684327244758606
643,310.97332763671875,105.37745666503906,0.9923155307769775,316.7682800292969,161.29238891601562,0.9961691498756409,342.6461486816406,125.5206298828125,0.9951150417327881,355.3501281738281,123.90930938720703,0.9960408210754395,380.32586669921875,122.55099487304688,0.9970927238464355,405.7871398925781,122.99480438232422,0.9979477524757385,346.41766357421875,102.59452056884766,0.9578256011009216,367.91204833984375,83.68405151367188,0.9976379871368408,415.65966796875,101.99160766601562,0.991644561290741,340.3128967285156,142.22877502441406,0.8605239987373352,371.9244384765625,162.8128662109375,0.9926173090934753,406.0963134765625,141.82855224609375,0.9746777415275574
644,310.0984191894531,105.78646850585938,0.9924736022949219,316.9401550292969,161.29238891601562,0.9962121248245239,341.8434753417969,125.38192749023438,0.9952688813209534,354.1314392089844,123.90930938720703,0.9961681962013245,379.3046569824219,122.44194030761719,0.997302770614624,405.0490417480469,122.75401306152344,0.997704803943634,346.3415832519531,103.85248565673828,0.9458810687065125,367.9022521972656,82.93352508544922,0.9978839755058289,415.1895446777344,102.22856140136719,0.9907376170158386,339.97509765625,142.22877502441406,0.8748463988304138,371.9244384765625,162.95172119140625,0.9919825196266174,406.0963134765625,141.82855224609375,0.9772408604621887
645,308.2555236816406,106.28495788574219,0.994524359703064,317.17138671875,162.13917541503906,0.9966014623641968,341.2107849121094,125.5206298828125,0.9950705766677856,353.66058349609375,123.90930938720703,0.9959778189659119,379.03265380859375,122.44194030761719,0.9971797466278076,404.436279296875,122.75401306152344,0.9973912239074707,344.6827087402344,104.7498779296875,0.9485343098640442,367.8533020019531,82.6383056640625,0.997992753982544,415.14117431640625,102.38970184326172,0.9899044632911682,339.8559265136719,142.22877502441406,0.86925208568573,372.1716003417969,162.96963500976562,0.9931400418281555,406.0963134765625,141.60646057128906,0.9816377758979797
646,306.9014892578125,107.49017333984375,0.9945131540298462,317.7142639160156,162.79811096191406,0.9961206316947937,338.83404541015625,125.65702056884766,0.995036780834198,352.708251953125,124.50605773925781,0.9949097037315369,378.39697265625,122.3748779296875,0.9968468546867371,403.3188171386719,122.71444702148438,0.9967723488807678,343.18145751953125,105.82435607910156,0.9085829854011536,367.8533020019531,82.60382080078125,0.9982582926750183,415.0068664550781,102.49737548828125,0.9900109171867371,339.7974853515625,142.25511169433594,0.8686947226524353,372.65631103515625,163.1485137939453,0.9950289130210876,405.13092041015625,141.7538299560547,0.981680691242218
647,304.70062255859375,109.95471954345703,0.9935452938079834,318.6665344238281,163.05343627929688,0.995924711227417,338.6562194824219,126.11177062988281,0.9956851005554199,352.2355041503906,125.19712829589844,0.9930741786956787,378.0099792480469,122.3748779296875,0.9976468682289124,402.6795654296875,122.64100646972656,0.996657133102417,338.1510009765625,105.9750747680664,0.8999654650688171,367.8389892578125,82.58218383789062,0.998067319393158,414.67498779296875,102.83050537109375,0.9904646873474121,339.7974853515625,142.9541473388672,0.8302001357078552,373.6748352050781,163.1485137939453,0.9935657382011414,404.1274108886719,141.7538299560547,0.9400076866149902
648,302.59381103515625,113.8600082397461,0.9945176243782043,319.6726989746094,163.5824737548828,0.9964189529418945,337.94525146484375,127.3148422241211,0.9960722923278809,351.989990234375,125.4028549194336,0.9909310340881348,377.32830810546875,122.3748779296875,0.9981624484062195,401.7749328613281,122.43699645996094,0.9947206974029541,333.3933410644531,106.64263153076172,0.9258684515953064,367.8389892578125,81.8413314819336,0.9970883727073669,413.6299743652344,103.20330810546875,0.9853083491325378,339.7974853515625,143.98004150390625,0.8441196084022522,373.6748352050781,163.1485137939453,0.9959908127784729,404.1274108886719,141.60646057128906,0.9808419942855835
649,301.0542907714844,115.0426025390625,0.9954503178596497,320.8417663574219,163.73350524902344,0.9968818426132202,337.4403381347656,128.26341247558594,0.99503493309021,351.2716064453125,125.4442367553711,0.9887735247612,376.35986328125,122.3748779296875,0.9982775449752808,399.6704406738281,121.5108642578125,0.9926799535751343,327.71380615234375,107.78888702392578,0.9367335438728333,367.7991638183594,81.59071350097656,0.996697187423706,412.4856262207031,103.20330810546875,0.9883264899253845,339.8559265136719,144.21994018554688,0.8481223583221436,373.7456970214844,162.8151397705078,0.996575653553009,403.728759765625,140.88966369628906,0.9839263558387756
650,300.66607666015625,117.02239227294922,0.9955213069915771,322.5023193359375,164.75570678710938,0.99748694896698,337.07574462890625,129.27450561523438,0.9943431615829468,349.65716552734375,125.78596496582031,0.9904824495315552,375.4551696777344,122.35108184814453,0.9983187913894653,399.3576965332031,121.08126831054688,0.994662880897522,326.61590576171875,108.3219985961914,0.9636529088020325,367.7991638183594,81.59071350097656,0.9957730174064636,408.71453857421875,103.20330810546875,0.99128258228302,339.94287109375,144.53538513183594,0.853351891040802,374.04949951171875,162.7724609375,0.9958721995353699,403.728759765625,140.2571258544922,0.9855259656906128
651,300.52325439453125,118.80326080322266,0.9946439266204834,324.9878845214844,166.11253356933594,0.9972233772277832,336.7546081542969,129.9343719482422,0.9926425814628601,349.65716552734375,125.78596496582031,0.9909067153930664,374.3849182128906,122.3145523071289,0.9983534812927246,398.4962463378906,121.06841278076172,0.9962487816810608,326.10040283203125,108.7318115234375,0.9728919267654419,367.5949401855469,81.30325317382812,0.9952235817909241,407.03338623046875,102.9936294555664,0.9887836575508118,340.0462646484375,144.53538513183594,0.8569630980491638,374.06781005859375,160.8223419189453,0.9950307607650757,402.1250305175781,139.42718505859375,0.9772079586982727
652,300.06414794921875,120.5279769897461,0.9918246865272522,325.69146728515625,168.93356323242188,0.9975516200065613,336.42327880859375,130.5602569580078,0.992045521736145,349.02996826171875,126.12765502929688,0.9911397099494934,374.2718505859375,122.28974151611328,0.9982385635375977,397.8450927734375,121.04088592529297,0.9962823987007141,326.0676574707031,108.7318115234375,0.9766022562980652,367.4147644042969,81.22587585449219,0.9950981736183167,406.65155029296875,102.6942138671875,0.9896740913391113,340.0462646484375,144.88563537597656,0.8838897943496704,374.06781005859375,160.7397918701172,0.9953739047050476,402.1250305175781,139.42718505859375,0.9786351323127747
653,299.41168212890625,120.98919677734375,0.9915508031845093,325.69146728515625,169.0608673095703,0.997572124004364,336.2667541503906,130.80032348632812,0.992668867111206,348.6238098144531,126.4373779296875,0.9908124804496765,373.6038513183594,122.3145523071289,0.9982024431228638,397.6514587402344,121.04088592529297,0.9963825941085815,326.0676574707031,108.7318115234375,0.9805652499198914,367.33013916015625,81.29544830322266,0.9941722750663757,403.7452697753906,102.36504364013672,0.9875749945640564,339.94287109375,145.1803436279297,0.9030423760414124,374.06781005859375,160.10838317871094,0.9960405826568604,402.1250305175781,139.42718505859375,0.9827359914779663
654,298.9520263671875,120.98919677734375,0.9917716383934021,325.69146728515625,169.09368896484375,0.9976770281791687,335.99493408203125,130.80032348632812,0.9919554591178894,348.14990234375,126.5378646850586,0.9905134439468384,373.14019775390625,122.3145523071289,0.998201847076416,397.5761413574219,121.0273666381836,0.9961094260215759,326.0676574707031,108.68851470947266,0.979358971118927,367.33013916015625,81.29544830322266,0.9933881759643555,403.590087890625,102.1561279296875,0.9854615926742554,339.8683166503906,145.25985717773438,0.8946072459220886,374.1697692871094,159.82594299316406,0.9964602589607239,403.8488464355469,139.83839416503906,0.987570583820343
655,298.6995544433594,121.17771911621094,0.990847110748291,325.2143859863281,169.098876953125,0.9980413913726807,335.8760681152344,130.81085205078125,0.99222731590271,348.0523376464844,126.83676147460938,0.990581750869751,373.0112609863281,122.37079620361328,0.9982853531837463,397.1144714355469,121.00756072998047,0.9955025315284729,326.0676574707031,108.5758285522461,0.9805677533149719,367.33013916015625,81.29544830322266,0.9940120577812195,403.407958984375,102.1280517578125,0.9880313873291016,339.70538330078125,145.91258239746094,0.9032173752784729,374.1697692871094,158.9897003173828,0.9968332648277283,404.4471740722656,140.01165771484375,0.9874118566513062
656,298.5281982421875,121.35658264160156,0.9921669960021973,324.9564208984375,169.098876953125,0.9979496598243713,335.1085205078125,130.81085205078125,0.9917562007904053,347.4351501464844,127.32682037353516,0.9907616972923279,372.93603515625,122.38478088378906,0.9980898499488831,396.3751525878906,121.00756072998047,0.9961044788360596,326.2625732421875,108.55687713623047,0.9827562570571899,367.6676025390625,81.43280029296875,0.9922341108322144,402.0104064941406,101.1928482055664,0.9825277924537659,339.622802734375,146.0367431640625,0.9039340019226074,374.1697692871094,158.9257049560547,0.9957225322723389,404.4601745605469,140.01165771484375,0.9830090403556824
657,297.8614807128906,121.42332458496094,0.9911303520202637,324.876708984375,169.2274627685547,0.9979409575462341,334.3102722167969,130.91831970214844,0.9921339750289917,346.009033203125,128.87118530273438,0.9917532205581665,371.9129638671875,122.49921417236328,0.9981811046600342,396.20947265625,121.06892395019531,0.997545063495636,326.2625732421875,108.4843978881836,0.9841665029525757,368.4341125488281,81.57057189941406,0.9931602478027344,392.85809326171875,99.55522918701172,0.9543997645378113,339.4477844238281,146.44480895996094,0.9069817662239075,374.2618103027344,158.4054718017578,0.9964865446090698,404.6351013183594,140.01165771484375,0.9847469329833984
658,297.8614807128906,122.14382934570312,0.9887617230415344,324.5000305175781,169.27462768554688,0.997947633266449,333.9158020019531,130.91831970214844,0.9928394556045532,345.9653625488281,128.90306091308594,0.9927991628646851,371.6659851074219,122.84300231933594,0.9977666139602661,396.20947265625,121.06892395019531,0.9966894388198853,325.9178771972656,108.01095581054688,0.9861693382263184,368.5527648925781,82.34510040283203,0.9946416616439819,387.42169189453125,94.85379791259766,0.9387319087982178,339.30963134765625,146.8682098388672,0.9075809121131897,374.2650146484375,158.4054718017578,0.9964606165885925,404.9191589355469,139.94932556152344,0.9786579608917236
659,297.8406982421875,123.5522232055664,0.9870989918708801,324.4853515625,169.35513305664062,0.9979707598686218,333.6136779785156,130.93653869628906,0.9933552742004395,345.9170837402344,128.94244384765625,0.9929097294807434,371.25689697265625,122.92864227294922,0.9976853132247925,396.01263427734375,123.27580261230469,0.9965793490409851,325.9178771972656,107.8185806274414,0.9870861172676086,368.5725402832031,83.09964752197266,0.9959644079208374,383.8619079589844,92.27616882324219,0.9251993894577026,338.9523620605469,147.0385284423828,0.9078294038772583,374.45745849609375,158.39492797851562,0.9954439401626587,404.93988037109375,139.45274353027344,0.9792160391807556
660,297.5716857910156,124.25714874267578,0.9883338212966919,324.1598205566406,169.37701416015625,0.9979429841041565,333.5846252441406,131.3431396484375,0.9938873648643494,345.7948303222656,129.2189483642578,0.9935742020606995,371.2076416015625,122.96709442138672,0.9976252913475037,395.77398681640625,123.27580261230469,0.9961265921592712,326.2362365722656,107.8185806274414,0.988329291343689,368.6205139160156,83.92415618896484,0.9958219528198242,379.68841552734375,87.3751220703125,0.9468716979026794,338.9317321777344,147.54185485839844,0.907592236995697,374.64715576171875,158.4054718017578,0.9958406090736389,405.84918212890625,139.42990112304688,0.9809397459030151
661,297.49920654296875,125.39656829833984,0.9893535375595093,323.664306640625,169.37701416015625,0.9980327486991882,333.10101318359375,131.823486328125,0.9937199354171753,345.5107421875,129.4994354248047,0.9943534135818481,371.158935546875,123.31893157958984,0.9973264932632446,395.770751953125,123.34105682373047,0.996113657951355,326.2362365722656,107.8185806274414,0.9898015856742859,368.84503173828125,84.12752532958984,0.9931305050849915,378.5841979980469,86.2282485961914,0.9683583974838257,338.6996154785156,148.14183044433594,0.9110770225524902,374.7149963378906,158.45838928222656,0.9962018132209778,405.84918212890625,139.42990112304688,0.9846286773681641
662,296.3345947265625,125.922607421875,0.990267813205719,323.2170104980469,169.4821319580078,0.9978662133216858,332.5684509277344,132.37400817871094,0.9945084452629089,345.5002136230469,129.61685180664062,0.9942821264266968,371.02716064453125,123.32555389404297,0.9972814321517944,395.4073791503906,123.34105682373047,0.99614018201828,326.9374084472656,108.42405700683594,0.9916568994522095,369.17022705078125,84.40122985839844,0.9897827506065369,377.51593017578125,85.68064880371094,0.977544903755188,338.5956726074219,148.7412567138672,0.9115729928016663,374.7149963378906,158.6312713623047,0.9960829019546509,405.84918212890625,139.45274353027344,0.984408438205719
663,295.8075866699219,126.0597915649414,0.9909381866455078,323.1434631347656,169.5807647705078,0.997703492641449,332.2376708984375,132.76036071777344,0.9945047497749329,345.3250427246094,130.08377075195312,0.9945089221000671,370.893310546875,123.91968536376953,0.9970415234565735,394.8987731933594,123.05597686767578,0.9956263303756714,327.2481994628906,108.56217193603516,0.992155134677887,369.5878601074219,85.22449493408203,0.9869629740715027,376.4109802246094,84.99108123779297,0.9785110354423523,338.4934997558594,149.71829223632812,0.9118353724479675,375.0221862792969,158.8122100830078,0.9956749081611633,406.0050964355469,139.65847778320312,0.9862070083618164
664,295.5439758300781,126.52705383300781,0.990900993347168,322.2893981933594,169.5807647705078,0.9975016713142395,332.1589050292969,133.1338653564453,0.9946402907371521,345.3250427246094,130.36746215820312,0.9947746992111206,370.45263671875,124.1241683959961,0.9968816041946411,394.49273681640625,122.95931243896484,0.9962081909179688,327.506591796875,109.0853271484375,0.9926108717918396,369.92352294921875,85.65381622314453,0.9585888385772705,375.35626220703125,83.35513305664062,0.9892289638519287,338.3161315917969,150.09495544433594,0.9147037267684937,375.04266357421875,158.9934539794922,0.9956082701683044,406.0050964355469,139.79815673828125,0.9855490326881409
665,295.43438720703125,126.55186462402344,0.992811381816864,322.2730407714844,169.72671508789062,0.9975199103355408,331.8992004394531,133.6360321044922,0.9944278001785278,344.9366149902344,130.93228149414062,0.9952059388160706,370.3384704589844,124.6454849243164,0.9969525337219238,394.15533447265625,122.91790771484375,0.9961836934089661,327.70172119140625,109.34131622314453,0.9931047558784485,370.1335754394531,85.65381622314453,0.9330359697341919,375.3353271484375,82.94156646728516,0.9915220737457275,338.1644592285156,150.73902893066406,0.9096797108650208,375.2826232910156,158.9934539794922,0.995352029800415,406.0050964355469,139.79815673828125,0.986011803150177
666,294.0272216796875,127.73345947265625,0.9943757057189941,322.1835021972656,169.7762908935547,0.9975461363792419,331.4361267089844,133.6785430908203,0.9947591423988342,344.7583312988281,131.08004760742188,0.9954634308815002,370.251953125,124.6688232421875,0.9971590042114258,394.0869445800781,122.91790771484375,0.9960837364196777,327.8482666015625,109.36819458007812,0.9928128123283386,370.7239074707031,85.22449493408203,0.8928892612457275,375.3353271484375,82.35997772216797,0.9913221597671509,337.994384765625,151.17218017578125,0.9086446166038513,375.4558410644531,158.9934539794922,0.9953118562698364,406.15045166015625,139.6894989013672,0.985826313495636
667,293.3089904785156,128.04229736328125,0.9949188828468323,322.1618957519531,169.86004638671875,0.9975973963737488,331.06201171875,134.4434814453125,0.994300365447998,344.4106750488281,131.41445922851562,0.9953191876411438,370.1756591796875,124.78783416748047,0.997140645980835,394.0308532714844,122.91790771484375,0.9963603615760803,327.8482666015625,110.07534790039062,0.9933291673660278,370.7239074707031,85.65381622314453,0.7452982664108276,375.3353271484375,80.73030853271484,0.9841737747192383,337.8820495605469,151.80636596679688,0.9147780537605286,377.4723205566406,158.98568725585938,0.9951719641685486,406.2287902832031,139.6647491455078,0.9856017231941223
668,292.7239074707031,128.146728515625,0.9949122667312622,321.763427734375,169.92459106445312,0.9976267218589783,330.73345947265625,134.82077026367188,0.9940057992935181,344.3513488769531,131.78184509277344,0.9951725602149963,369.659912109375,125.16817474365234,0.9971612691879272,393.680908203125,122.91790771484375,0.9962698221206665,327.873779296875,110.391357421875,0.9924007654190063,371.7364501953125,85.65381622314453,0.7738718390464783,375.3824157714844,80.73030853271484,0.9849003553390503,337.8285217285156,152.94078063964844,0.9154213070869446,377.8012390136719,158.82957458496094,0.995269238948822,406.2287902832031,139.6894989013672,0.9854226112365723
669,290.94921875,128.41416931152344,0.9937764406204224,321.73175048828125,170.2277374267578,0.9976966977119446,330.1748352050781,135.47616577148438,0.9936046004295349,343.8033447265625,132.210205078125,0.9953895807266235,369.17724609375,125.72737121582031,0.9970666766166687,393.6746520996094,123.25076293945312,0.9962331652641296,327.8482666015625,111.01113891601562,0.9925419092178345,371.7364501953125,86.27116394042969,0.7210216522216797,375.7854919433594,80.73030853271484,0.9776479005813599,334.9018859863281,153.12567138671875,0.9200276732444763,377.8206481933594,158.82957458496094,0.994649350643158,406.2287902832031,139.6894989013672,0.9854087233543396
670,289.74737548828125,128.96954345703125,0.9925106763839722,321.722900390625,170.53997802734375,0.9977530837059021,329.7252502441406,135.9649200439453,0.9925439357757568,343.0739440917969,132.78485107421875,0.9954937696456909,368.5408630371094,126.21749877929688,0.9965937733650208,393.55810546875,123.25076293945312,0.9956488013267517,327.873779296875,111.45177459716797,0.9918873906135559,371.48846435546875,87.09842681884766,0.7966304421424866,376.371337890625,82.9088134765625,0.9898500442504883,333.947021484375,153.54238891601562,0.9167702198028564,377.90692138671875,158.7428436279297,0.995010495185852,405.7257080078125,139.6647491455078,0.984209418296814
671,289.0360107421875,128.96954345703125,0.9912703037261963,321.5533142089844,170.77732849121094,0.9975403547286987,329.3540954589844,136.2868194580078,0.9916049242019653,342.6321105957031,133.09393310546875,0.9958189129829407,368.2367248535156,126.31024169921875,0.9963772892951965,393.1020202636719,123.72301483154297,0.9958090782165527,327.953125,111.89781951904297,0.9912449717521667,370.78857421875,87.225341796875,0.8150125741958618,376.4534912109375,82.9088134765625,0.9913629293441772,333.1225891113281,154.00213623046875,0.9251234531402588,378.0296630859375,158.7428436279297,0.9958869814872742,405.627197265625,139.63955688476562,0.9832573533058167
672,288.7162780761719,128.96954345703125,0.9896529316902161,320.97705078125,170.81112670898438,0.9967061877250671,329.248291015625,136.4412384033203,0.9914535284042358,342.4961242675781,133.1304473876953,0.9960350394248962,368.2367248535156,126.31024169921875,0.9958756566047668,392.87921142578125,124.33267211914062,0.9958803653717041,328.13421630859375,112.176025390625,0.9907172322273254,370.78857421875,87.225341796875,0.8180632591247559,376.5060119628906,82.9088134765625,0.9898175597190857,333.07427978515625,154.8161163330078,0.9334138631820679,378.0672302246094,158.94725036621094,0.9955089092254639,405.627197265625,139.25604248046875,0.9827293157577515
673,288.6417541503906,128.85879516601562,0.9907814860343933,320.29168701171875,171.1597900390625,0.9962058067321777,329.248291015625,137.58045959472656,0.9913934469223022,341.5595397949219,133.2662353515625,0.9966315627098083,368.2367248535156,126.37471771240234,0.9945567846298218,392.1111755371094,124.37471771240234,0.9962528944015503,328.13421630859375,112.42919158935547,0.9909390211105347,366.4403381347656,87.225341796875,0.8189439177513123,377.93023681640625,83.87357330322266,0.987442672252655,332.2937316894531,154.97434997558594,0.9300273656845093,378.07159423828125,159.0090789794922,0.9960533380508423,405.57366943359375,138.63270568847656,0.9814925789833069
674,288.6417541503906,128.2954559326172,0.988940417766571,319.9880676269531,171.36468505859375,0.996163010597229,329.3540954589844,137.87120056152344,0.9915099143981934,340.8364562988281,133.54742431640625,0.9967836141586304,368.4759521484375,126.37471771240234,0.9937528967857361,392.0519714355469,124.37471771240234,0.9961647987365723,328.15753173828125,112.42919158935547,0.9906026124954224,362.4414978027344,89.23191833496094,0.8145371675491333,378.3708801269531,84.13197326660156,0.9861506819725037,331.725830078125,155.1459197998047,0.9243848919868469,378.2447204589844,159.06338500976562,0.996212363243103,405.4515380859375,138.42636108398438,0.9837958812713623
675,288.7162780761719,126.90921020507812,0.9893063902854919,319.4646301269531,171.5408935546875,0.9949573874473572,329.5665283203125,138.0380859375,0.9911627769470215,340.0298156738281,133.67880249023438,0.9966257810592651,368.4759521484375,126.4527816772461,0.9933795928955078,391.80596923828125,124.54791259765625,0.9965136647224426,328.7450866699219,112.42919158935547,0.9906813502311707,358.22479248046875,90.22066497802734,0.8841694593429565,379.0970153808594,84.74310302734375,0.9935682415962219,328.8502197265625,158.0207061767578,0.933475136756897,378.2716064453125,159.06338500976562,0.996494710445404,404.8600769042969,138.3524169921875,0.9783480763435364
676,289.1803894042969,126.01628112792969,0.9879153966903687,319.4249267578125,171.5753936767578,0.9949631690979004,329.5665283203125,138.05332946777344,0.9928268790245056,339.61834716796875,133.789794921875,0.9959041476249695,368.4759521484375,126.49465942382812,0.9928269982337952,391.67333984375,124.54791259765625,0.996466875076294,328.84979248046875,112.38338470458984,0.9908451437950134,358.22479248046875,90.1423568725586,0.9320939779281616,379.0970153808594,85.08610534667969,0.9945034980773926,328.4077453613281,158.5342559814453,0.9399468302726746,378.3847351074219,159.06338500976562,0.9960864782333374,404.8339538574219,137.72850036621094,0.9783809781074524
677,289.4717712402344,125.20587921142578,0.9873721599578857,319.4140319824219,171.7021026611328,0.9947785139083862,329.5665283203125,138.0906524658203,0.9933245778083801,339.3115539550781,133.82781982421875,0.9953905344009399,367.0075988769531,126.73626708984375,0.9939494132995605,391.28582763671875,124.54791259765625,0.9964021444320679,329.3936767578125,111.95538330078125,0.989976704120636,358.22479248046875,90.1423568725586,0.9538165926933289,379.0970153808594,85.08610534667969,0.9917715191841125,327.6785888671875,158.76014709472656,0.9496363401412964,378.92022705078125,159.06338500976562,0.9956490397453308,404.24249267578125,137.69754028320312,0.9822754859924316
678,289.91796875,124.37432098388672,0.9878374338150024,319.11871337890625,171.72499084472656,0.9943042397499084,328.8882141113281,138.53489685058594,0.9940915703773499,338.47564697265625,133.91741943359375,0.9950563907623291,366.3571472167969,127.10975646972656,0.995303750038147,390.53448486328125,124.44660186767578,0.9960875511169434,330.0042724609375,111.48645782470703,0.9883135557174683,352.04864501953125,90.22066497802734,0.9442523717880249,378.99127197265625,85.08610534667969,0.9905335903167725,324.9916076660156,160.56228637695312,0.9544716477394104,379.8200988769531,159.06338500976562,0.993806004524231,404.24249267578125,137.69754028320312,0.9799955487251282
679,289.91973876953125,123.4521255493164,0.9873065948486328,318.9668273925781,171.82275390625,0.9937068819999695,328.8686828613281,138.56240844726562,0.9939939379692078,338.2392883300781,134.17506408691406,0.9949190020561218,366.1684265136719,127.9046630859375,0.9948729872703552,390.43408203125,124.44660186767578,0.9958179593086243,332.758544921875,110.30049133300781,0.9830533862113953,345.7107849121094,91.30146789550781,0.9575890302658081,378.99127197265625,84.54582214355469,0.9886069893836975,324.7792663574219,160.78416442871094,0.9531832337379456,379.96234130859375,158.63937377929688,0.9941493272781372,403.9644775390625,137.69754028320312,0.9729870557785034
680,289.979736328125,122.76925659179688,0.9863762259483337,318.9047546386719,172.01907348632812,0.9938939213752747,328.42974853515625,138.564697265625,0.9942635893821716,338.018798828125,134.27381896972656,0.9956358075141907,365.4830627441406,128.41427612304688,0.9963148236274719,390.43408203125,124.44660186767578,0.9966500401496887,333.0003967285156,110.30049133300781,0.977301299571991,338.67034912109375,91.58027648925781,0.9818852543830872,378.99127197265625,84.54582214355469,0.9907556176185608,324.7787170410156,161.00364685058594,0.9550299644470215,379.96234130859375,158.31027221679688,0.9912980794906616,403.8873291015625,138.1427001953125,0.9776015281677246
681,289.979736328125,122.46055603027344,0.9858497977256775,318.4427795410156,172.18191528320312,0.9926266074180603,328.1976318359375,138.67478942871094,0.9940136075019836,337.78692626953125,134.27381896972656,0.996056318283081,365.4616394042969,128.41427612304688,0.9964009523391724,390.4290771484375,124.5048599243164,0.997104823589325,333.5916748046875,110.30049133300781,0.9744037985801697,336.4474182128906,94.11262512207031,0.969221830368042,379.5525817871094,84.54582214355469,0.9899879097938538,324.621826171875,160.9910430908203,0.9609421491622925,379.96234130859375,158.31027221679688,0.9848235845565796,391.9393310546875,146.4432830810547,0.9778895974159241
682,289.98162841796875,122.43818664550781,0.9867858290672302,318.4140625,172.18191528320312,0.9926393032073975,328.0697021484375,138.74766540527344,0.994452178478241,337.6548767089844,134.3220977783203,0.9952883720397949,365.20172119140625,128.41427612304688,0.9960643649101257,390.4290771484375,124.5048599243164,0.9973681569099426,333.82879638671875,111.15037536621094,0.9770623445510864,330.1255187988281,94.2707748413086,0.9780099987983704,380.6246643066406,85.53135681152344,0.9923756718635559,324.621826171875,160.9910430908203,0.9629252552986145,379.7599792480469,157.4202117919922,0.9797337651252747,391.8265686035156,146.80471801757812,0.9855689406394958
683,290.2909240722656,121.12329864501953,0.9867588877677917,318.4140625,172.18191528320312,0.9926797151565552,327.9689025878906,138.74766540527344,0.9947265982627869,337.6264343261719,134.3247528076172,0.9950745701789856,364.9573974609375,128.3728485107422,0.9965496063232422,390.177490234375,124.5048599243164,0.997858464717865,334.1037292480469,111.44078826904297,0.9766715168952942,328.375,95.03743743896484,0.9848451614379883,380.96868896484375,86.60431671142578,0.9937981963157654,324.621826171875,160.9910430908203,0.9566187262535095,379.5780334472656,156.5998992919922,0.9786859750747681,389.96038818359375,146.80471801757812,0.9899537563323975
684,290.899169921875,119.1115493774414,0.9924863576889038,318.4140625,172.141357421875,0.9921290874481201,327.8985900878906,138.74766540527344,0.9955256581306458,337.5838623046875,134.3247528076172,0.9952006340026855,364.85076904296875,128.26422119140625,0.9965317845344543,390.17010498046875,124.45081329345703,0.9977960586547852,334.19573974609375,111.51286315917969,0.9757242798805237,327.95025634765625,94.48490905761719,0.9834955334663391,381.0465087890625,87.09149169921875,0.993135929107666,324.8151550292969,160.80662536621094,0.9509430527687073,379.5780334472656,156.5998992919922,0.9768770337104797,389.96038818359375,146.80471801757812,0.9889123439788818
685,292.14990234375,118.55765533447266,0.9945501685142517,318.6241455078125,171.9105987548828,0.9925732612609863,327.6654968261719,138.709228515625,0.9957525730133057,337.4006042480469,134.3247528076172,0.995125949382782,364.46270751953125,128.16058349609375,0.9966629147529602,389.7725830078125,124.44288635253906,0.9976975321769714,334.2269592285156,111.7528076171875,0.972984254360199,327.855224609375,94.48490905761719,0.9810328483581543,381.0465087890625,87.76799774169922,0.9930447936058044,326.0722351074219,160.80662536621094,0.9497551918029785,379.5780334472656,156.5998992919922,0.978325605392456,389.96038818359375,147.24168395996094,0.989546000957489
686,293.3376770019531,117.36297607421875,0.9972018003463745,318.6477966308594,171.56594848632812,0.9902880191802979,327.1199951171875,138.46983337402344,0.9963057041168213,336.8954772949219,134.48046875,0.9948733448982239,364.3288879394531,128.10572814941406,0.9960007071495056,389.61077880859375,124.28529357910156,0.9976346492767334,334.2269592285156,111.78230285644531,0.974704384803772,327.95025634765625,94.48490905761719,0.9831274747848511,380.96868896484375,87.8170394897461,0.9929724931716919,326.0722351074219,160.80662536621094,0.9492713212966919,381.56292724609375,156.95877075195312,0.9515577554702759,391.073974609375,148.460205078125,0.9920295476913452
687,294.53839111328125,115.43548583984375,0.9983168840408325,318.6477966308594,171.33697509765625,0.9892071485519409,326.6784362792969,138.4362335205078,0.9958270192146301,336.45867919921875,134.6056365966797,0.9949555993080139,363.4489440917969,127.84757232666016,0.9955229759216309,389.0120849609375,124.28529357910156,0.9977123737335205,334.19573974609375,112.3485336303711,0.9756057858467102,327.95025634765625,94.26166534423828,0.9831804633140564,380.83148193359375,89.23124694824219,0.9932712912559509,326.2969970703125,161.4612274169922,0.9465279579162598,383.81341552734375,157.81390380859375,0.8719789981842041,392.4715576171875,150.65553283691406,0.9895133376121521
688,295.7709045410156,114.42828369140625,0.9981347322463989,318.6241455078125,171.3109893798828,0.9897428154945374,326.2595520019531,138.4362335205078,0.9954956769943237,336.3792419433594,134.60714721679688,0.9947313070297241,363.406494140625,127.80825805664062,0.9956172704696655,388.91143798828125,124.32757568359375,0.9975925087928772,334.19573974609375,112.58277130126953,0.9768648147583008,327.95025634765625,94.08763885498047,0.9787688851356506,380.83148193359375,89.26860809326172,0.9930639863014221,326.0722351074219,161.55796813964844,0.9482333660125732,384.43536376953125,157.81390380859375,0.8391368985176086,392.77752685546875,150.68048095703125,0.989151120185852
689,297.46917724609375,113.40617370605469,0.996881365776062,318.3207092285156,171.0653076171875,0.9860563278198242,326.0716247558594,138.4362335205078,0.9954505562782288,336.36859130859375,134.60714721679688,0.9948198199272156,363.38006591796875,127.78297424316406,0.995798647403717,388.89263916015625,124.32757568359375,0.9978175163269043,334.2269592285156,112.8543930053711,0.9739810824394226,328.0562438964844,93.61018371582031,0.9770282506942749,380.83148193359375,89.67823791503906,0.9923591017723083,326.0722351074219,161.58285522460938,0.9511182308197021,384.4632873535156,157.81390380859375,0.8400654792785645,392.77752685546875,150.68048095703125,0.9874152541160583
690,298.5238952636719,112.12569427490234,0.993970513343811,317.6437683105469,170.8222198486328,0.9823880791664124,325.2538146972656,138.4362335205078,0.995152473449707,335.8279724121094,134.60714721679688,0.9939887523651123,362.89263916015625,127.76992797851562,0.9956947565078735,388.1386413574219,124.57795715332031,0.9976339340209961,334.1194763183594,113.53797149658203,0.9735181331634521,328.18756103515625,93.61018371582031,0.9699722528457642,381.7161560058594,89.91065216064453,0.9925968647003174,325.9408264160156,162.21554565429688,0.9585404396057129,384.4632873535156,157.53799438476562,0.794165313243866,393.1907653808594,150.68048095703125,0.9890384674072266
691,298.8286437988281,110.87619018554688,0.9914286732673645,317.5381774902344,170.7847137451172,0.978279173374176,324.9304504394531,138.4362335205078,0.9947073459625244,335.2042541503906,134.56150817871094,0.9934965372085571,362.44891357421875,127.76992797851562,0.9951375126838684,387.80474853515625,124.57795715332031,0.9975199103355408,334.1194763183594,113.6280746459961,0.9723973870277405,328.3242492675781,93.43365478515625,0.9797939658164978,381.72869873046875,90.03547668457031,0.9913848638534546,325.9408264160156,162.21554565429688,0.9533516764640808,384.4632873535156,156.14918518066406,0.8088169693946838,393.23687744140625,150.68048095703125,0.992778480052948
692,298.97705078125,107.18950653076172,0.9896605014801025,313.3406066894531,169.0804443359375,0.9707888960838318,324.4601745605469,138.33180236816406,0.9945746064186096,334.86602783203125,134.3876953125,0.9928355813026428,362.44891357421875,127.71955871582031,0.994091808795929,387.6811828613281,124.57795715332031,0.9974303841590881,334.1194763183594,114.12161254882812,0.9723208546638489,328.60919189453125,93.61018371582031,0.9766279458999634,381.9449462890625,90.29049682617188,0.991239607334137,325.903564453125,162.21554565429688,0.9502789974212646,384.1181640625,155.30520629882812,0.778763473033905,393.23687744140625,150.99098205566406,0.9935504198074341
693,300.27362060546875,104.86686706542969,0.9934832453727722,313.2109680175781,169.02919006347656,0.974636435508728,324.184814453125,138.21900939941406,0.9942421317100525,334.6536865234375,134.32533264160156,0.9917512536048889,362.44891357421875,127.71955871582031,0.9930270314216614,387.4775390625,121.51935577392578,0.997969925403595,334.1194763183594,115.05458068847656,0.9662829637527466,328.60919189453125,94.17420959472656,0.9802866578102112,381.9630126953125,90.58613586425781,0.9900368452072144,325.1105041503906,161.84494018554688,0.9510248899459839,376.248046875,154.98854064941406,0.664447546005249,398.39398193359375,150.99098205566406,0.9935755133628845
694,300.27362060546875,104.86686706542969,0.9939665794372559,312.98309326171875,168.89305114746094,0.9762717485427856,323.67724609375,138.2137451171875,0.9940341114997864,334.14886474609375,134.05258178710938,0.9914304614067078,362.36541748046875,126.87564849853516,0.9929366707801819,387.34173583984375,121.51935577392578,0.9978576302528381,334.1194763183594,115.1463623046875,0.9690038561820984,328.65606689453125,94.17420959472656,0.9809367060661316,381.9630126953125,90.86416625976562,0.9903811812400818,323.6105651855469,159.2410125732422,0.9501323103904724,367.8923645019531,154.98854064941406,0.6951355338096619,399.7019958496094,151.2713623046875,0.9922202229499817
695,300.27362060546875,104.86686706542969,0.9920143485069275,312.0050354003906,168.65728759765625,0.983585000038147,323.3800354003906,138.2137451171875,0.9942644238471985,334.0989685058594,134.05258178710938,0.9906127452850342,362.36541748046875,126.78541564941406,0.994321346282959,386.93353271484375,121.51935577392578,0.9976165294647217,334.4978942871094,115.49273681640625,0.9687618017196655,329.08880615234375,94.10694122314453,0.9815168976783752,381.9630126953125,90.9527816772461,0.9908390641212463,322.7412414550781,159.0348358154297,0.9521655440330505,367.4900817871094,154.98854064941406,0.7387646436691284,399.8106994628906,151.85501098632812,0.9902092218399048
696,298.7998352050781,107.56818389892578,0.990838348865509,311.4094543457031,167.82974243164062,0.9888901710510254,322.8688049316406,138.2137451171875,0.9941867589950562,334.0989685058594,134.05258178710938,0.9915359020233154,362.36541748046875,126.68980407714844,0.9945959448814392,386.2706604003906,121.51935577392578,0.9973058700561523,334.4978942871094,115.49273681640625,0.9675624966621399,329.3720397949219,94.17420959472656,0.9818559288978577,379.7542419433594,92.25346374511719,0.9883521199226379,322.7355041503906,157.99102783203125,0.9512977004051208,367.4900817871094,154.98854064941406,0.6939742565155029,399.7019958496094,151.85501098632812,0.9934384226799011
697,298.3684387207031,108.66194152832031,0.9928317070007324,307.25274658203125,166.01919555664062,0.9910665154457092,322.4557800292969,138.7345733642578,0.9942848086357117,333.87969970703125,134.15740966796875,0.9904481768608093,361.24786376953125,126.68980407714844,0.9956574440002441,385.6991882324219,121.53978729248047,0.996800422668457,334.4978942871094,115.49273681640625,0.9760786294937134,329.5727844238281,94.27204895019531,0.9842965006828308,379.4997863769531,92.48558807373047,0.9880468845367432,322.7355041503906,157.83714294433594,0.9477837085723877,371.21795654296875,154.98854064941406,0.8592076301574707,398.96246337890625,151.85501098632812,0.9950238466262817
698,298.10272216796875,110.84805297851562,0.9923834204673767,305.9669494628906,165.91351318359375,0.9935670495033264,321.91943359375,138.74676513671875,0.993698239326477,333.8790283203125,134.46556091308594,0.9891480803489685,360.4789123535156,126.6679458618164,0.9964197874069214,385.1535339355469,121.59468078613281,0.9960834980010986,334.0770568847656,115.24694061279297,0.9751578569412231,330.0223083496094,94.43824768066406,0.9843255281448364,379.2626953125,92.69779968261719,0.9884976148605347,322.7128601074219,157.83714294433594,0.9395030736923218,363.42022705078125,155.67581176757812,0.8899217247962952,398.96246337890625,150.79661560058594,0.9937938451766968
699,295.71038818359375,110.92608642578125,0.9938342571258545,303.7839660644531,165.8772735595703,0.9918374419212341,321.77325439453125,138.84133911132812,0.9938096404075623,333.3640441894531,134.54942321777344,0.9895958304405212,358.31231689453125,126.52324676513672,0.9976072311401367,382.7496032714844,121.53978729248047,0.9965304732322693,332.7187805175781,115.24694061279297,0.9726808667182922,330.0866394042969,94.43824768066406,0.9852661490440369,377.8622131347656,93.28506469726562,0.9866306185722351,322.7128601074219,157.83714294433594,0.9293321371078491,363.42022705078125,155.67581176757812,0.9203106164932251,398.17120361328125,150.35757446289062,0.9942076206207275
700,293.1759338378906,112.28961181640625,0.9968597888946533,302.1158142089844,165.8772735595703,0.9880963563919067,321.5353698730469,139.02310180664062,0.9945384860038757,333.3426818847656,134.63912963867188,0.9903924465179443,357.6911926269531,126.41267395019531,0.9979262351989746,382.19036865234375,121.52362823486328,0.9965975880622864,332.6871032714844,115.24694061279297,0.9732089042663574,330.0901794433594,94.43824768066406,0.9855805039405823,377.8622131347656,93.28506469726562,0.9877434968948364,322.84747314453125,158.4983367919922,0.9225961565971375,363.42022705078125,155.67581176757812,0.9757005572319031,397.3572692871094,149.9160919189453,0.9935141801834106
701,291.73394775390625,112.78360748291016,0.9967958331108093,299.92767333984375,165.91351318359375,0.989852249622345,321.1661376953125,139.53878784179688,0.9942299127578735,332.7441101074219,134.6421661376953,0.9917967319488525,356.7911376953125,126.52324676513672,0.9981352090835571,381.2940673828125,121.52362823486328,0.9967300891876221,331.8912048339844,116.14273071289062,0.9717851877212524,330.7607421875,94.3687744140625,0.9839161038398743,377.8622131347656,93.28506469726562,0.9876728653907776,322.84747314453125,158.4983367919922,0.9046742916107178,361.0665283203125,158.1409912109375,0.9784637093544006,396.0470275878906,147.95901489257812,0.9939683675765991
702,291.10736083984375,113.48116302490234,0.9969773292541504,298.9697265625,166.1298065185547,0.9894095659255981,320.4972839355469,139.9582061767578,0.994743824005127,332.26873779296875,135.2230987548828,0.9916133880615234,356.2279357910156,126.52324676513672,0.9981662631034851,381.0097351074219,121.45761108398438,0.996757447719574,331.0746154785156,117.09788513183594,0.9513830542564392,331.19854736328125,93.89948272705078,0.9835345149040222,378.01422119140625,93.0083999633789,0.9890835881233215,322.6300964355469,158.4983367919922,0.9023019075393677,355.8348693847656,160.3903045654297,0.9669092893600464,395.8741760253906,147.8609161376953,0.9935891628265381
703,289.9314270019531,114.56193542480469,0.9967683553695679,297.2280578613281,166.82516479492188,0.9896698594093323,319.6067199707031,139.9582061767578,0.994278073310852,331.6614685058594,135.2230987548828,0.9924041628837585,355.3711853027344,126.64280700683594,0.9976517558097839,380.9169006347656,120.73986053466797,0.9968583583831787,329.48565673828125,117.23332977294922,0.9320337772369385,331.4009704589844,93.81279754638672,0.9847286343574524,378.01422119140625,92.98210906982422,0.9883087873458862,322.84747314453125,157.94235229492188,0.8964443802833557,352.8037414550781,160.97825622558594,0.9867348670959473,395.4752502441406,147.2444305419922,0.9947627186775208
704,288.8373107910156,117.57012176513672,0.9948005676269531,296.9539794921875,166.82516479492188,0.9883883595466614,318.48681640625,139.9582061767578,0.99234938621521,331.01910400390625,135.2230987548828,0.9929719567298889,354.3241271972656,126.89604949951172,0.9974628686904907,380.7209777832031,120.73986053466797,0.9967132806777954,327.0580139160156,117.23332977294922,0.9001995921134949,331.4904479980469,93.67916870117188,0.9865782856941223,378.01422119140625,92.92259979248047,0.9876636862754822,322.84747314453125,157.2895965576172,0.8961181044578552,348.17144775390625,161.2634735107422,0.9874609112739563,394.93646240234375,147.23318481445312,0.9956880211830139
705,287.7885437011719,117.57012176513672,0.9939301013946533,296.3721923828125,166.82516479492188,0.9909182786941528,316.7056579589844,139.37217712402344,0.991162896156311,328.9535827636719,135.09445190429688,0.9933958649635315,353.4226989746094,126.89604949951172,0.9968180656433105,380.2176818847656,120.65345764160156,0.9966861605644226,318.014892578125,117.23332977294922,0.8839300274848938,331.4904479980469,93.29814147949219,0.987697422504425,377.98541259765625,92.81643676757812,0.9882209300994873,322.86578369140625,156.2516632080078,0.8885934948921204,340.6651306152344,161.41162109375,0.9896332025527954,393.4472961425781,146.80465698242188,0.9963086247444153
706,286.9898376464844,117.57012176513672,0.9939494132995605,295.34466552734375,165.41668701171875,0.9954621195793152,316.1482849121094,139.28399658203125,0.9915359020233154,328.53155517578125,134.7179412841797,0.993882417678833,353.3039245605469,126.89604949951172,0.9963569045066833,380.0431213378906,120.73986053466797,0.9967430233955383,315.4767150878906,117.23332977294922,0.9058300852775574,331.4904479980469,93.29244995117188,0.9890727400779724,377.98541259765625,92.81643676757812,0.9881333708763123,323.1367492675781,155.80844116210938,0.8783413767814636,340.4755859375,161.41162109375,0.991101861000061,392.91131591796875,145.83828735351562,0.9963688850402832
707,283.7065124511719,115.67509460449219,0.9960721731185913,293.70220947265625,165.20364379882812,0.9966405630111694,315.2058410644531,139.28399658203125,0.991548478603363,327.5969543457031,134.54483032226562,0.9946388602256775,353.0943603515625,126.70707702636719,0.9956551790237427,379.4629821777344,120.84978485107422,0.9964680671691895,315.1018371582031,117.67593383789062,0.9421345591545105,330.79071044921875,93.25277709960938,0.9907683730125427,377.9368896484375,92.58915710449219,0.9884257316589355,323.1367492675781,155.6077423095703,0.8763644695281982,340.4334716796875,162.67845153808594,0.9918150305747986,391.8930358886719,145.72430419921875,0.9958849549293518
708,282.2897644042969,114.85403442382812,0.9954019784927368,292.28863525390625,165.20364379882812,0.9969621300697327,314.5523986816406,139.28399658203125,0.9908807277679443,326.92938232421875,134.51113891601562,0.9955322742462158,352.75433349609375,126.70707702636719,0.9950641989707947,379.33642578125,120.86882019042969,0.9963616728782654,313.46148681640625,118.2301254272461,0.9556486010551453,330.79071044921875,93.25277709960938,0.9907235503196716,377.8736572265625,92.54966735839844,0.988689124584198,323.2557067871094,155.4881134033203,0.8704423904418945,340.2317199707031,164.66412353515625,0.9885903000831604,391.7509765625,145.39959716796875,0.996220052242279
709,282.199951171875,114.85403442382812,0.9951130747795105,289.0484924316406,165.20364379882812,0.9948616623878479,313.94512939453125,139.20755004882812,0.9905973076820374,326.5164489746094,134.51113891601562,0.9953393936157227,352.4355163574219,126.5289077758789,0.9937143921852112,378.4465026855469,121.26396179199219,0.9958791732788086,312.90911865234375,118.2301254272461,0.9658212065696716,330.79071044921875,92.93232727050781,0.9903320670127869,377.62567138671875,92.54485321044922,0.9868205189704895,323.2557067871094,155.26043701171875,0.860885500907898,340.2317199707031,165.10675048828125,0.9834508895874023,389.2084655761719,145.36044311523438,0.9957815408706665
710,281.9134826660156,114.85403442382812,0.9951165914535522,286.8395690917969,165.31785583496094,0.9893609881401062,313.814453125,138.89215087890625,0.9924472570419312,326.0224609375,134.54483032226562,0.9955576062202454,352.1849060058594,126.5289077758789,0.9933951497077942,377.4930725097656,124.12736511230469,0.9962239265441895,311.14752197265625,118.2301254272461,0.9686209559440613,330.8049621582031,92.77218627929688,0.9903506636619568,377.62567138671875,92.54966735839844,0.9865386486053467,323.4101867675781,155.21585083007812,0.8607272505760193,339.3422546386719,165.80873107910156,0.9859248995780945,389.05523681640625,145.36044311523438,0.9947498440742493
711,280.3057861328125,114.71924591064453,0.9973099231719971,283.821533203125,167.4956817626953,0.9892643094062805,312.54217529296875,138.76864624023438,0.9938262104988098,324.66888427734375,134.54483032226562,0.996132493019104,352.1849060058594,126.81194305419922,0.9956371188163757,376.6291198730469,124.12736511230469,0.9968861937522888,309.96923828125,117.75226593017578,0.9762600064277649,330.8049621582031,92.76371002197266,0.9890152812004089,377.62567138671875,92.58915710449219,0.9818062782287598,323.61016845703125,155.1383514404297,0.8469842076301575,338.5055847167969,165.80873107910156,0.9847063422203064,388.8745422363281,144.406494140625,0.9954220652580261
712,278.477783203125,114.71924591064453,0.9976504445075989,282.38177490234375,167.5148468017578,0.9898896217346191,311.7926025390625,138.76864624023438,0.9945839047431946,323.82232666015625,134.57777404785156,0.9960864782333374,350.90667724609375,127.07262420654297,0.9960982799530029,376.1036376953125,124.12736511230469,0.997306227684021,309.510498046875,117.63902282714844,0.9742501974105835,330.8049621582031,92.41907501220703,0.9878185987472534,377.62567138671875,92.77100372314453,0.9814416170120239,323.61016845703125,155.0257568359375,0.856203019618988,338.0552673339844,165.7299346923828,0.9864852428436279,388.166015625,144.33482360839844,0.9950985312461853
713,277.6487121582031,114.71924591064453,0.9976285099983215,282.38177490234375,167.56295776367188,0.9903033375740051,311.1260986328125,138.79678344726562,0.9949551224708557,322.6983947753906,134.74952697753906,0.996428906917572,349.8721923828125,127.07262420654297,0.9973024129867554,375.5140686035156,124.12736511230469,0.9978604912757874,309.510498046875,117.21678161621094,0.9786327481269836,330.56182861328125,92.36067962646484,0.987226665019989,377.2497253417969,93.01619720458984,0.9831423759460449,323.61016845703125,154.89108276367188,0.8472410440444946,338.0552673339844,165.7299346923828,0.990578830242157,388.166015625,144.2917022705078,0.9957394599914551
714,276.2449035644531,114.71924591064453,0.9974629878997803,282.38177490234375,168.9119415283203,0.9896496534347534,310.4979553222656,138.81272888183594,0.9953201413154602,322.1940002441406,134.74952697753906,0.9964765906333923,349.5929870605469,127.07262420654297,0.9970771074295044,375.3028259277344,123.98848724365234,0.9977414608001709,309.39141845703125,116.98918151855469,0.9763181805610657,330.3954772949219,92.36067962646484,0.9864687919616699,377.1767272949219,93.01619720458984,0.9853795170783997,323.4931335449219,155.0257568359375,0.8247668743133545,338.0552673339844,165.7299346923828,0.9895561337471008,388.8745422363281,144.217529296875,0.9952319264411926
715,275.72955322265625,114.71924591064453,0.9975047707557678,282.68951416015625,169.89500427246094,0.9882981181144714,309.7902526855469,138.79678344726562,0.9959626793861389,321.39642333984375,134.7040557861328,0.9965394735336304,349.5727844238281,127.01036071777344,0.997164785861969,375.2428894042969,123.98686218261719,0.9977447986602783,309.3656005859375,116.62100219726562,0.9792954921722412,330.3954772949219,92.36067962646484,0.9876216053962708,376.72454833984375,92.9448471069336,0.9882463812828064,322.74267578125,155.0257568359375,0.7977961301803589,338.6002502441406,165.7299346923828,0.9919958114624023,388.96722412109375,142.88124084472656,0.9955378770828247
716,275.72955322265625,114.56251525878906,0.9974615573883057,282.8412780761719,170.4724578857422,0.9870049953460693,309.37725830078125,138.79678344726562,0.9961785078048706,320.7481994628906,134.7040557861328,0.9962725639343262,349.0239562988281,127.01036071777344,0.9975435137748718,374.8829040527344,122.70777130126953,0.9978255033493042,308.9924011230469,116.62100219726562,0.9786952137947083,330.3954772949219,91.98043823242188,0.9869678616523743,376.5736389160156,92.9448471069336,0.9885401129722595,306.39404296875,154.95428466796875,0.8024107813835144,339.2938232421875,165.7861785888672,0.9943773150444031,388.96722412109375,142.88124084472656,0.9947115182876587
717,275.72955322265625,114.56251525878906,0.9975835084915161,282.8412780761719,170.51837158203125,0.9882524609565735,308.8880615234375,138.49563598632812,0.9960923790931702,320.0863952636719,134.7040557861328,0.9965429902076721,348.4516296386719,127.01036071777344,0.9977723956108093,374.4427795410156,122.70777130126953,0.9981168508529663,308.98333740234375,116.62100219726562,0.9754326939582825,330.3954772949219,91.98043823242188,0.9874157309532166,376.36322021484375,93.04176330566406,0.9899188280105591,306.0686340332031,154.95428466796875,0.7822169065475464,339.2992858886719,166.1946258544922,0.994751513004303,389.1590881347656,142.88124084472656,0.9947845339775085
718,276.1990051269531,113.6865005493164,0.9975817203521729,282.8412780761719,170.51837158203125,0.9901986122131348,308.34393310546875,138.33828735351562,0.9960387945175171,319.3543701171875,134.5950927734375,0.9967374205589294,347.7498474121094,127.26620483398438,0.9977673292160034,374.4266662597656,122.70777130126953,0.9984279870986938,308.7765808105469,116.78221893310547,0.9727813601493835,330.5602722167969,91.78323364257812,0.9880906343460083,375.7051086425781,93.39144134521484,0.9915475249290466,305.90887451171875,154.95428466796875,0.7824550271034241,339.63897705078125,167.3121795654297,0.9945181012153625,388.96722412109375,143.0588836669922,0.9941693544387817
719,276.74755859375,112.99407958984375,0.9973238706588745,282.0892639160156,170.4724578857422,0.990942656993866,307.7452392578125,137.99896240234375,0.9959200620651245,318.7618408203125,134.47918701171875,0.9966068267822266,347.0282287597656,127.4128189086914,0.9975881576538086,374.00848388671875,122.784423828125,0.9985966086387634,308.7765808105469,117.10359954833984,0.9690295457839966,330.8880310058594,91.78323364257812,0.9890462756156921,375.6806945800781,93.51560974121094,0.9914008975028992,305.90887451171875,154.95428466796875,0.7942540645599365,340.0458984375,167.71148681640625,0.9956728219985962,388.8669128417969,143.39552307128906,0.9933213591575623
720,278.9981994628906,111.79742431640625,0.9952269792556763,281.7711181640625,169.99794006347656,0.9923262596130371,307.2698059082031,137.17567443847656,0.99534010887146,318.42779541015625,134.34454345703125,0.9968122839927673,347.0282287597656,127.59523010253906,0.9969503283500671,373.33642578125,122.96439361572266,0.9986054301261902,308.7765808105469,117.10359954833984,0.9622001647949219,330.9054870605469,91.78323364257812,0.9907641410827637,374.69036865234375,94.06715393066406,0.9921584129333496,305.4559326171875,154.95428466796875,0.8060277700424194,340.0937194824219,167.95077514648438,0.9960280656814575,386.1901550292969,144.58541870117188,0.9935257434844971
721,280.563720703125,109.13285064697266,0.9950543642044067,281.7006530761719,169.7367401123047,0.9922897219657898,307.1446228027344,136.5318603515625,0.9951190948486328,318.29931640625,134.20860290527344,0.9966884255409241,347.0282287597656,127.68887329101562,0.9965884685516357,372.9384460449219,122.97794342041016,0.9986410737037659,309.1058349609375,117.19744110107422,0.9568707346916199,330.9054870605469,91.9107666015625,0.9906483292579651,374.49859619140625,94.20884704589844,0.9924984574317932,300.6182556152344,156.25350952148438,0.8155478239059448,340.1048889160156,167.95077514648438,0.9963551759719849,385.3916320800781,144.59349060058594,0.994438886642456
722,281.0037841796875,104.80294799804688,0.9893460869789124,281.45489501953125,169.3104705810547,0.9932235479354858,306.9945373535156,135.8685760498047,0.9945797920227051,317.67547607421875,134.1891632080078,0.9963474869728088,347.37359619140625,128.637451171875,0.9969494938850403,372.4928283691406,123.11293029785156,0.9988189339637756,309.4988708496094,117.17383575439453,0.9406945705413818,330.8880310058594,92.27357482910156,0.9909070730209351,374.3758850097656,94.2629623413086,0.993034839630127,296.5517578125,156.27456665039062,0.8112285733222961,340.17535400390625,168.0200958251953,0.9966022968292236,385.3916320800781,144.82720947265625,0.9953886270523071
723,285.8273010253906,103.91846466064453,0.9930117726325989,281.227783203125,169.3104705810547,0.9931578040122986,306.4548034667969,135.3544921875,0.9946916699409485,317.46636962890625,134.1891632080078,0.9960926175117493,347.37359619140625,128.68841552734375,0.9974251985549927,372.1783142089844,123.39324188232422,0.9987329840660095,309.6274719238281,117.20307922363281,0.9185690879821777,330.6974182128906,92.32879638671875,0.990577220916748,374.1853942871094,94.2629623413086,0.9935343265533447,296.0701904296875,156.5288543701172,0.8137298822402954,342.2716064453125,168.02896118164062,0.9971510767936707,385.1907653808594,144.96507263183594,0.9960730075836182
724,285.8273010253906,103.75564575195312,0.9933331608772278,281.15753173828125,169.3104705810547,0.9929274916648865,305.9190368652344,135.3544921875,0.9944213032722473,317.36798095703125,134.20860290527344,0.9954223036766052,347.37359619140625,128.68841552734375,0.9981052875518799,371.52349853515625,123.49988555908203,0.9987142086029053,309.6810607910156,117.22710418701172,0.9141024947166443,330.61199951171875,92.27357482910156,0.9902229309082031,374.1761779785156,94.2629623413086,0.9940120577812195,295.825439453125,156.5288543701172,0.8193788528442383,342.3820495605469,168.03619384765625,0.9970230460166931,385.1907653808594,145.00131225585938,0.9955645799636841
725,285.8273010253906,103.6203384399414,0.9936419129371643,281.15753173828125,169.3104705810547,0.9925779700279236,305.2110290527344,135.3096923828125,0.992482602596283,316.8547668457031,134.24078369140625,0.9935802221298218,346.42388916015625,128.637451171875,0.9984979629516602,370.7317810058594,123.49988555908203,0.9985839128494263,310.0345458984375,117.35480499267578,0.9202326536178589,330.37286376953125,92.27357482910156,0.989202082157135,374.059814453125,94.37397003173828,0.9940544962882996,295.583251953125,156.5288543701172,0.8206321001052856,342.6290588378906,168.17654418945312,0.9969981908798218,385.1907653808594,144.96507263183594,0.9956722259521484
726,285.32891845703125,102.40037536621094,0.9956412315368652,281.02349853515625,169.3104705810547,0.9924907088279724,304.8205871582031,135.24586486816406,0.9921452403068542,316.4801940917969,134.38926696777344,0.9916866421699524,345.5852966308594,128.48455810546875,0.9983780384063721,369.6814880371094,123.49988555908203,0.9981212019920349,310.1148986816406,117.40185546875,0.9102132320404053,330.2412414550781,92.38774108886719,0.9882646799087524,373.31011962890625,94.37397003173828,0.9942839741706848,295.583251953125,156.71315002441406,0.8343358039855957,342.79815673828125,168.17654418945312,0.9972373247146606,384.8940124511719,144.96507263183594,0.9945052266120911
727,285.32891845703125,98.89138793945312,0.9971471428871155,280.4360656738281,165.48529052734375,0.9963879585266113,303.0264587402344,134.3049774169922,0.9920819997787476,316.120361328125,134.82814025878906,0.9932085871696472,344.66082763671875,128.40713500976562,0.9986419081687927,368.2938232421875,123.22447204589844,0.9975467324256897,310.47882080078125,117.88103485107422,0.9130880236625671,330.1700439453125,91.9930191040039,0.9869758486747742,372.9438171386719,94.65821838378906,0.994869589805603,295.583251953125,156.71315002441406,0.8569096922874451,343.1393127441406,168.17654418945312,0.9971678853034973,384.0604248046875,145.00131225585938,0.9945664405822754
728,285.23211669921875,97.31343841552734,0.9971405267715454,278.0347595214844,161.3387908935547,0.9978997707366943,302.3349914550781,133.98374938964844,0.9913807511329651,315.48138427734375,134.83653259277344,0.9934119582176208,343.7683410644531,127.98051452636719,0.998740017414093,367.6375732421875,123.22447204589844,0.9977794289588928,310.6318664550781,118.49246215820312,0.9163002967834473,330.1700439453125,91.89302062988281,0.9854370951652527,372.44525146484375,94.8380126953125,0.995539128780365,297.0947265625,156.6429901123047,0.9054373502731323,343.3139953613281,168.0110626220703,0.9969083666801453,383.2497253417969,145.0433807373047,0.9940966367721558
729,285.0301208496094,96.58318328857422,0.9964086413383484,274.79962158203125,161.3387908935547,0.9971116781234741,300.9687805175781,133.4156951904297,0.992641031742096,315.0176086425781,135.3026580810547,0.9946830868721008,342.3774108886719,127.98051452636719,0.9986826777458191,366.8695068359375,123.22447204589844,0.997731626033783,310.6318664550781,118.49246215820312,0.9190587997436523,330.1700439453125,91.63397979736328,0.9836660623550415,372.4297180175781,95.26319885253906,0.9955887794494629,297.0947265625,155.98324584960938,0.9305369257926941,343.9259338378906,168.0110626220703,0.9960561990737915,380.9399719238281,145.17503356933594,0.9909855127334595
730,284.980712890625,95.24942016601562,0.9956048727035522,270.74224853515625,161.0876922607422,0.9933153986930847,298.5944519042969,133.41261291503906,0.992719292640686,314.0122985839844,135.3026580810547,0.9962050318717957,341.2567443847656,127.97391510009766,0.9983671307563782,366.22869873046875,123.22447204589844,0.9976685643196106,310.6318664550781,118.49246215820312,0.9212105870246887,330.38348388671875,90.63105010986328,0.980118989944458,371.55609130859375,96.5078125,0.9951686859130859,297.0947265625,155.98324584960938,0.9126639366149902,343.9765319824219,168.0110626220703,0.9961283206939697,377.21234130859375,145.5464324951172,0.993074893951416
731,284.41131591796875,95.08119201660156,0.9940047860145569,266.55841064453125,161.0207977294922,0.9932835102081299,297.6938171386719,133.38748168945312,0.9913836717605591,312.8858642578125,135.3026580810547,0.99681156873703,340.05389404296875,127.98051452636719,0.9982602000236511,365.48065185546875,123.22447204589844,0.9977105855941772,310.2322998046875,118.31179809570312,0.9157829880714417,330.52947998046875,90.5380859375,0.9752097725868225,370.7462463378906,96.73356628417969,0.9952888488769531,292.6826477050781,155.3719482421875,0.8995131850242615,344.4837341308594,168.11651611328125,0.9972116351127625,372.0578308105469,148.289306640625,0.9939984083175659
732,283.2954406738281,94.55753326416016,0.9929230213165283,262.385498046875,161.0207977294922,0.9957199692726135,297.3253479003906,133.3155059814453,0.9920810461044312,311.403076171875,135.165771484375,0.9973575472831726,338.5655212402344,128.02798461914062,0.996107280254364,363.7431335449219,123.4302978515625,0.9971532821655273,305.8127746582031,116.00223541259766,0.9205743074417114,330.52947998046875,90.5380859375,0.9683176279067993,369.5568542480469,96.91194152832031,0.9938054084777832,290.1883544921875,154.87664794921875,0.883876621723175,344.6740417480469,168.2871856689453,0.9966602325439453,360.28582763671875,149.38792419433594,0.9916696548461914
733,282.398681640625,94.15138244628906,0.9904680848121643,262.1279296875,161.16259765625,0.9974545836448669,295.90447998046875,133.3155059814453,0.9944334626197815,309.4320373535156,135.09877014160156,0.9973010420799255,337.5597229003906,128.80422973632812,0.997139573097229,363.3099670410156,123.4302978515625,0.9973589777946472,304.7610168457031,116.00223541259766,0.909508228302002,330.52947998046875,90.5380859375,0.9549382328987122,368.0994567871094,97.57489013671875,0.9897965788841248,288.2349548339844,154.53587341308594,0.8907652497291565,344.6832580566406,168.51071166992188,0.9976478219032288,360.28057861328125,152.04855346679688,0.9775452613830566
734,281.03631591796875,93.51714324951172,0.9941271543502808,260.9166564941406,161.16259765625,0.9976086616516113,294.55401611328125,133.38748168945312,0.9953723549842834,307.8460388183594,135.09521484375,0.9967441558837891,336.9989929199219,129.24671936035156,0.9982085227966309,362.49072265625,125.45450592041016,0.9981043338775635,303.3272705078125,115.71376037597656,0.9382370114326477,330.52947998046875,92.59837341308594,0.9629009366035461,361.23870849609375,99.00350189208984,0.9843027591705322,286.54132080078125,154.32379150390625,0.9086231589317322,344.6832580566406,168.51071166992188,0.9972866773605347,358.1832275390625,155.23077392578125,0.9826632738113403
735,279.156982421875,93.16169738769531,0.9940920472145081,259.9967041015625,161.39276123046875,0.9973192811012268,293.7657470703125,133.62010192871094,0.9954402446746826,306.5152587890625,135.09521484375,0.9958682060241699,335.7059326171875,129.59869384765625,0.9985387325286865,361.9114990234375,125.67306518554688,0.9982542395591736,303.2142028808594,115.71376037597656,0.938663125038147,330.4229736328125,94.9360122680664,0.9509795904159546,358.0708312988281,101.5088882446289,0.9896517395973206,284.435302734375,154.222412109375,0.9101001620292664,344.6832580566406,168.51071166992188,0.9976769089698792,357.8313293457031,156.45506286621094,0.9817447066307068
736,276.2210388183594,93.05792999267578,0.9973078966140747,259.29364013671875,161.5071258544922,0.997100293636322,292.12200927734375,133.7144775390625,0.9948851466178894,304.682861328125,135.09877014160156,0.9951151609420776,333.43389892578125,129.8316192626953,0.9988110065460205,359.3953857421875,126.15251159667969,0.998671293258667,302.9275207519531,115.71376037597656,0.9503561854362488,330.4229736328125,95.63874816894531,0.9591591358184814,357.33319091796875,102.17440032958984,0.9910105466842651,282.5990905761719,154.222412109375,0.9101388454437256,344.4042053222656,168.14244079589844,0.9978969097137451,353.72320556640625,157.03485107421875,0.982143223285675
737,273.8232116699219,93.05792999267578,0.9966048002243042,258.4931945800781,161.5071258544922,0.9968230724334717,290.2599182128906,133.93243408203125,0.9934846758842468,302.244873046875,135.6240234375,0.9917722344398499,331.718017578125,130.29617309570312,0.998849630355835,356.8509521484375,126.64495086669922,0.9986764788627625,301.7876892089844,116.19734191894531,0.9443588852882385,330.4229736328125,100.20227813720703,0.9325034618377686,356.0599365234375,103.57450866699219,0.9857555031776428,280.8760070800781,154.32379150390625,0.9012372493743896,342.7967529296875,168.14244079589844,0.9976689219474792,349.97259521484375,157.82057189941406,0.9735532402992249
738,272.5055236816406,93.16169738769531,0.9961431622505188,255.91172790527344,161.52163696289062,0.9948362112045288,289.0052795410156,134.39300537109375,0.9895215034484863,300.9750671386719,136.11837768554688,0.9871969223022461,330.509765625,133.56365966796875,0.9986807703971863,355.5644226074219,127.51571655273438,0.9978317618370056,300.79705810546875,116.3015365600586,0.9416372179985046,330.2949523925781,101.6020278930664,0.9324927926063538,353.45355224609375,103.83133697509766,0.9909806847572327,277.2523498535156,154.77247619628906,0.8937262296676636,341.8174133300781,168.14244079589844,0.9956420660018921,349.97259521484375,159.038818359375,0.977919340133667
739,271.66015625,98.1611328125,0.9962965846061707,254.82977294921875,161.52163696289062,0.9936182498931885,286.8056335449219,134.4027557373047,0.9875427484512329,299.7845458984375,136.81646728515625,0.9829455614089966,329.5177307128906,134.33045959472656,0.9991452693939209,352.7826232910156,128.36666870117188,0.9984986782073975,299.9375305175781,116.89447021484375,0.9384292960166931,328.84136962890625,104.22380065917969,0.9520325064659119,346.9925231933594,106.39314270019531,0.9783403277397156,276.8126220703125,154.98312377929688,0.9048236012458801,341.6519470214844,168.46685791015625,0.9912376403808594,349.3886413574219,159.63636779785156,0.967172384262085
740,270.27838134765625,100.19107818603516,0.9964757561683655,254.0436553955078,161.52163696289062,0.9914244413375854,285.953857421875,135.6339874267578,0.984650194644928,299.1299133300781,137.27345275878906,0.9806733131408691,327.9493408203125,135.0548553466797,0.9989651441574097,351.298583984375,130.0049285888672,0.9987993240356445,299.0866394042969,119.81940460205078,0.9416974782943726,326.6959533691406,104.22380065917969,0.9535818696022034,344.6092224121094,107.205322265625,0.980922281742096,276.24578857421875,155.45286560058594,0.9231725931167603,340.9710388183594,169.5596160888672,0.9902403354644775,348.6507263183594,160.86329650878906,0.968887984752655
741,266.6276550292969,100.19107818603516,0.9957465529441833,251.5586395263672,162.37518310546875,0.9932774901390076,284.874267578125,137.12208557128906,0.9870729446411133,299.1251525878906,137.4212188720703,0.9866631627082825,325.37261962890625,135.56365966796875,0.9986565113067627,349.9532775878906,131.1642303466797,0.9988623857498169,298.21868896484375,119.97969055175781,0.9431157112121582,323.4426574707031,104.62130737304688,0.9693858027458191,342.79534912109375,107.205322265625,0.9831966161727905,275.9983215332031,156.98294067382812,0.9236919283866882,340.97076416015625,169.5596160888672,0.9819632768630981,348.6507263183594,162.0321502685547,0.9804129004478455
742,263.64794921875,100.19107818603516,0.9977900981903076,249.61019897460938,162.85105895996094,0.9929693341255188,283.261474609375,137.24961853027344,0.9864057898521423,298.3816833496094,137.4212188720703,0.9922826886177063,323.6871643066406,136.02322387695312,0.9982812404632568,348.06524658203125,132.185302734375,0.9988712668418884,298.21868896484375,120.04377746582031,0.9543182253837585,322.93780517578125,105.15658569335938,0.9777430295944214,342.3104553222656,106.39314270019531,0.9774525165557861,275.1893005371094,157.2573699951172,0.921158492565155,340.6980895996094,169.5596160888672,0.9763842225074768,348.4703063964844,162.2459716796875,0.9813882112503052
743,262.1255798339844,100.19107818603516,0.998103141784668,249.05386352539062,162.88023376464844,0.9933739900588989,282.1641845703125,138.05624389648438,0.9911074042320251,298.3816833496094,137.4212188720703,0.9939543604850769,322.0476379394531,136.2211456298828,0.9980610013008118,347.2432556152344,134.3921356201172,0.9990960359573364,298.21868896484375,120.04377746582031,0.9534967541694641,310.660400390625,104.62130737304688,0.969639778137207,342.3104553222656,105.8305435180664,0.987588107585907,273.3644714355469,157.49569702148438,0.9217609167098999,339.2389831542969,169.09848022460938,0.9691809415817261,347.80963134765625,162.4063262939453,0.9866971373558044
744,260.70556640625,100.19107818603516,0.99795001745224,248.2511749267578,162.88023376464844,0.9945235252380371,280.89447021484375,138.18190002441406,0.9936436414718628,297.2530212402344,137.9640350341797,0.9952163696289062,320.7269592285156,136.3063201904297,0.9975952506065369,346.3068542480469,134.61083984375,0.9994046688079834,297.4779052734375,120.07191467285156,0.9659885764122009,304.9769592285156,104.47591400146484,0.9871849417686462,342.30511474609375,105.7843017578125,0.9904159307479858,272.6161804199219,157.8461151123047,0.9360880255699158,339.0693664550781,168.57936096191406,0.9485775232315063,347.49237060546875,162.51707458496094,0.9890551567077637
745,260.7010498046875,101.43376159667969,0.9976081848144531,247.44009399414062,162.85105895996094,0.9959384202957153,279.48846435546875,138.786865234375,0.9945681095123291,296.3663635253906,138.4271240234375,0.994652509689331,319.8416748046875,136.84449768066406,0.9965640902519226,346.0648193359375,134.7501220703125,0.9995149374008179,296.7746887207031,120.32796478271484,0.971238911151886,299.9983215332031,104.47591400146484,0.9814731478691101,342.03546142578125,105.57853698730469,0.993425726890564,272.23651123046875,157.96688842773438,0.9474939107894897,338.0186462402344,168.25328063964844,0.9362202882766724,346.15985107421875,162.4063262939453,0.9896055459976196
746,259.48388671875,102.89915466308594,0.9966423511505127,246.81808471679688,162.66064453125,0.9966388940811157,278.5135498046875,138.8835906982422,0.9949723482131958,295.0447692871094,138.908203125,0.9955136179924011,319.5317077636719,137.6110382080078,0.9951131939888,345.2264404296875,134.88775634765625,0.9995368719100952,295.8460693359375,121.97940826416016,0.961575984954834,297.6689758300781,103.01275634765625,0.9841219186782837,341.8206787109375,105.44892883300781,0.9929112792015076,272.0756530761719,158.0082244873047,0.9538176655769348,334.9974060058594,167.88182067871094,0.9530545473098755,346.0425720214844,162.4063262939453,0.9902830123901367
747,259.2122497558594,107.71701049804688,0.9963089823722839,246.37733459472656,162.66064453125,0.9971027970314026,277.7166442871094,139.01388549804688,0.9959164261817932,293.19512939453125,139.06793212890625,0.9961060881614685,318.2518615722656,137.6110382080078,0.9960120916366577,344.6042175292969,134.99197387695312,0.9995730519294739,294.991943359375,121.97940826416016,0.957456648349762,292.706787109375,102.93328094482422,0.9900627732276917,341.6371765136719,105.14527893066406,0.9936586022377014,271.9981994628906,158.2585906982422,0.9643430709838867,327.6146545410156,167.43048095703125,0.9641699194908142,345.5262145996094,160.9987030029297,0.9924899935722351
748,257.6604309082031,109.3463134765625,0.9955925345420837,246.34022521972656,162.66064453125,0.9969692826271057,277.05413818359375,139.45919799804688,0.9954641461372375,292.0044860839844,139.1083221435547,0.9958066940307617,317.80950927734375,137.6110382080078,0.9964640736579895,343.7430114746094,135.0662841796875,0.9996016621589661,294.7961730957031,121.97940826416016,0.9508610963821411,291.5092468261719,101.38123321533203,0.9917002320289612,341.5794982910156,105.09124755859375,0.9935188889503479,271.3799743652344,158.8863067626953,0.9628063440322876,327.19024658203125,167.3212890625,0.974280059337616,345.5262145996094,160.9352264404297,0.992678165435791
749,256.68505859375,109.6836166381836,0.9942924976348877,246.2120361328125,163.02926635742188,0.9969784021377563,276.7816467285156,139.45919799804688,0.9955121874809265,291.6896057128906,139.1083221435547,0.9956639409065247,317.3637390136719,137.4877166748047,0.9966326355934143,342.86309814453125,135.0662841796875,0.9996125102043152,294.6961364746094,121.53298950195312,0.9490042328834534,290.9742126464844,100.90374755859375,0.9908530116081238,341.5794982910156,105.07456970214844,0.9938849806785583,271.32745361328125,158.8863067626953,0.9672746062278748,326.9088439941406,167.3212890625,0.9723754525184631,345.8897705078125,160.88052368164062,0.9927353858947754
750,256.26019287109375,109.99224090576172,0.9943640232086182,246.12969970703125,163.07827758789062,0.9970532655715942,276.3241882324219,139.45919799804688,0.9957850575447083,291.2247619628906,139.1083221435547,0.9954665899276733,316.8862609863281,137.3608856201172,0.9970625042915344,342.2340087890625,135.07846069335938,0.9996517896652222,294.3705749511719,121.35228729248047,0.9416800141334534,290.9424133300781,100.8563232421875,0.9928416013717651,341.51953125,105.00707244873047,0.9931449890136719,271.0158386230469,158.8863067626953,0.9673630595207214,326.1922912597656,167.43048095703125,0.9766072630882263,345.8897705078125,160.7555389404297,0.9929889440536499
751,255.4981689453125,109.99224090576172,0.9935221076011658,245.41091918945312,163.28196716308594,0.997313916683197,275.8937072753906,139.10165405273438,0.9955204725265503,290.7012939453125,138.74354553222656,0.9949567914009094,316.6433410644531,137.3608856201172,0.9970914125442505,341.8224792480469,135.1932373046875,0.9996508359909058,294.3705749511719,121.241943359375,0.9444953203201294,290.88238525390625,100.7874526977539,0.993077278137207,341.51953125,104.94293975830078,0.99378502368927,270.07623291015625,158.69363403320312,0.9682291746139526,325.99517822265625,167.78707885742188,0.9873031973838806,345.9012756347656,160.2052764892578,0.9911161661148071
752,255.05984497070312,109.81561279296875,0.9904950857162476,244.67100524902344,163.3811798095703,0.9976229071617126,275.2999267578125,138.7509307861328,0.9955131411552429,289.7483215332031,138.44032287597656,0.9943398833274841,315.82855224609375,137.3608856201172,0.9973993301391602,340.8684387207031,135.07858276367188,0.9996784925460815,294.211669921875,120.95582580566406,0.9380471110343933,290.73004150390625,100.39776611328125,0.9927725195884705,341.4944152832031,104.94293975830078,0.9937750101089478,269.76678466796875,158.67755126953125,0.9726894497871399,324.9395751953125,168.0026092529297,0.988517165184021,346.412109375,159.8731689453125,0.9924782514572144
753,253.930908203125,109.6836166381836,0.9893187880516052,244.34054565429688,163.66822814941406,0.9976502060890198,274.56494140625,138.6549072265625,0.9951741099357605,288.8412780761719,138.1416778564453,0.9927828311920166,315.7947692871094,137.3682098388672,0.9974691867828369,340.12701416015625,135.07858276367188,0.9996567964553833,293.67071533203125,120.87677001953125,0.9328058958053589,290.7129211425781,100.40534210205078,0.9949451088905334,341.4944152832031,104.8220443725586,0.9938651919364929,268.7910461425781,158.54806518554688,0.9717677235603333,324.41888427734375,168.0580291748047,0.9899581074714661,346.412109375,159.80381774902344,0.9921646118164062
754,252.60684204101562,109.41495513916016,0.9891600012779236,244.11785888671875,164.2144775390625,0.9975990653038025,273.9075622558594,138.6405487060547,0.9948244094848633,288.053466796875,138.12411499023438,0.990843653678894,314.9454040527344,137.44068908691406,0.9976372718811035,339.65277099609375,135.07858276367188,0.9996035695075989,293.0973815917969,120.851318359375,0.9061352014541626,290.6729431152344,100.40261840820312,0.9952858090400696,341.5951843261719,104.77902221679688,0.9938223361968994,268.679931640625,158.5301055908203,0.9707592129707336,323.5235595703125,168.36721801757812,0.9950981736183167,346.412109375,158.8334503173828,0.9892587065696716
755,252.1346893310547,109.18800354003906,0.9889689683914185,243.6367950439453,164.36077880859375,0.9976608753204346,273.3954772949219,138.6405487060547,0.9941763877868652,287.0865173339844,138.12411499023438,0.9879651069641113,314.6654357910156,137.44068908691406,0.9975154399871826,339.1692199707031,134.92637634277344,0.9995546936988831,292.0157470703125,120.30998229980469,0.9194560647010803,290.6300964355469,100.38926696777344,0.9953728318214417,341.5951843261719,104.709716796875,0.9939135909080505,268.5487060546875,158.39315795898438,0.9763131737709045,323.49322509765625,168.0580291748047,0.9952012300491333,346.3353576660156,158.35000610351562,0.9827724099159241
756,251.36915588378906,109.07493591308594,0.9884297847747803,242.3737030029297,164.36077880859375,0.997470498085022,272.8674621582031,138.6405487060547,0.9941874742507935,286.6822509765625,138.1416778564453,0.9857431054115295,314.05487060546875,137.3682098388672,0.9982315897941589,338.4090881347656,134.86904907226562,0.9995090961456299,290.3323669433594,119.76216125488281,0.8954676985740662,289.75189208984375,100.38926696777344,0.9961066842079163,341.4944152832031,104.709716796875,0.993910551071167,268.3545227050781,158.37806701660156,0.9772570133209229,322.70269775390625,168.0026092529297,0.9939174056053162,346.2393798828125,158.25106811523438,0.9851834774017334
757,249.42022705078125,109.07493591308594,0.9941189289093018,241.3453369140625,164.51393127441406,0.9973963499069214,272.072021484375,138.6208953857422,0.9937843084335327,286.6468811035156,138.1416778564453,0.9856612682342529,313.9977722167969,137.34402465820312,0.998427152633667,337.9986267089844,134.72787475585938,0.9994381070137024,289.0478820800781,119.08927917480469,0.9027187824249268,289.4272155761719,100.09588623046875,0.9966260194778442,341.4353332519531,104.62373352050781,0.9943519830703735,268.358154296875,158.37806701660156,0.9770553112030029,322.2467346191406,167.5348663330078,0.9938468337059021,346.0284118652344,158.13619995117188,0.9818258285522461
758,248.13316345214844,109.07493591308594,0.9961089491844177,241.310791015625,164.51393127441406,0.9974738955497742,271.211181640625,138.6405487060547,0.9936255216598511,285.48651123046875,138.0359649658203,0.986844539642334,312.7142333984375,137.13880920410156,0.9986521601676941,337.6549377441406,133.73046875,0.9992437362670898,287.998046875,118.76470184326172,0.9269461035728455,289.31707763671875,100.08418273925781,0.9970017075538635,341.3470458984375,104.62373352050781,0.9943957328796387,268.22552490234375,158.37806701660156,0.9761091470718384,320.8302917480469,167.5348663330078,0.9922771453857422,345.170166015625,157.47409057617188,0.9793345928192139
759,247.76434326171875,109.3342514038086,0.9964129328727722,241.16226196289062,164.51393127441406,0.9973948001861572,270.6224060058594,138.69357299804688,0.992330014705658,284.7070007324219,137.89913940429688,0.9864511489868164,311.4292297363281,136.81216430664062,0.9987431168556213,336.36663818359375,133.73046875,0.9991795420646667,287.0715637207031,118.67162322998047,0.9532764554023743,288.9600524902344,99.54944610595703,0.9971604347229004,341.2262878417969,104.79932403564453,0.9952827095985413,268.22552490234375,158.37806701660156,0.9740540385246277,315.923583984375,167.34913635253906,0.9874721169471741,344.0212097167969,157.47409057617188,0.9862252473831177
760,246.9293670654297,109.3342514038086,0.9964207410812378,240.5944061279297,164.3289337158203,0.997204601764679,269.3266906738281,138.6208953857422,0.9904305338859558,284.40667724609375,137.89913940429688,0.9882901906967163,309.95819091796875,136.75550842285156,0.9986063838005066,335.58258056640625,133.73046875,0.9992724061012268,286.6275634765625,117.61255645751953,0.9653528332710266,288.66607666015625,99.36756896972656,0.9970287680625916,341.1754455566406,104.87364196777344,0.9948230981826782,268.358154296875,158.2515411376953,0.9717493653297424,312.4704284667969,167.34913635253906,0.9938801527023315,343.1728210449219,157.2025146484375,0.9866098761558533
761,244.27479553222656,109.3342514038086,0.9961891770362854,238.99563598632812,164.79165649414062,0.996648371219635,267.64923095703125,138.2904510498047,0.9895498752593994,283.5794372558594,137.89913940429688,0.9922063946723938,307.9394836425781,136.3734588623047,0.9986978769302368,334.7847900390625,133.6302032470703,0.9992840886116028,285.8240661621094,115.97469329833984,0.9749924540519714,288.1532287597656,99.31376647949219,0.997090220451355,341.2262878417969,105.15431213378906,0.9945476651191711,268.94427490234375,158.09201049804688,0.9672608971595764,310.3138122558594,166.9134979248047,0.9956254959106445,343.1728210449219,157.2025146484375,0.9886309504508972
762,241.25376892089844,109.12208557128906,0.9944281578063965,238.27838134765625,164.8439178466797,0.9955299496650696,267.1792907714844,136.18447875976562,0.9900166392326355,279.96649169921875,138.14288330078125,0.9949116110801697,306.18768310546875,135.91673278808594,0.9982629418373108,334.0639343261719,133.6302032470703,0.9991029500961304,284.44219970703125,115.27092742919922,0.9771865606307983,288.05206298828125,99.25824737548828,0.9966148734092712,341.1754455566406,105.2735366821289,0.9941437840461731,268.9913635253906,158.01808166503906,0.9490770101547241,307.9001159667969,166.1421356201172,0.9940496683120728,343.08148193359375,157.07147216796875,0.9894223809242249
763,238.83908081054688,109.12208557128906,0.9903690218925476,237.05284118652344,165.18231201171875,0.9944983124732971,265.9532775878906,135.90353393554688,0.991257905960083,279.1504211425781,138.14288330078125,0.9968642592430115,305.12677001953125,135.32513427734375,0.9976980090141296,333.2862854003906,133.75270080566406,0.9988841414451599,281.50567626953125,115.17887878417969,0.9728637337684631,288.05206298828125,99.25824737548828,0.995537519454956,341.0909729003906,105.41493225097656,0.9945104122161865,269.3061828613281,158.00611877441406,0.9068970084190369,304.6503601074219,166.1421356201172,0.9894574284553528,342.90887451171875,156.96340942382812,0.9913161993026733
764,235.347900390625,109.12208557128906,0.9878000020980835,237.05284118652344,165.6531982421875,0.9948211908340454,264.8548278808594,135.86593627929688,0.9923536777496338,278.26458740234375,138.14288330078125,0.9971798658370972,304.49017333984375,135.2015838623047,0.9967865943908691,332.39373779296875,133.85317993164062,0.9987717270851135,279.29937744140625,114.78785705566406,0.9634690284729004,288.05206298828125,99.25824737548828,0.995088517665863,341.0909729003906,105.41856384277344,0.9945153594017029,271.7021789550781,157.75341796875,0.8866204023361206,291.4258728027344,166.0959014892578,0.9702577590942383,342.245361328125,156.88009643554688,0.9937744140625
765,235.2325439453125,109.31903839111328,0.9921214580535889,237.04031372070312,166.0324249267578,0.995274007320404,263.538330078125,135.7764129638672,0.9932467937469482,276.9801940917969,137.0034637451172,0.9973957538604736,304.27801513671875,134.54164123535156,0.9969250559806824,330.51800537109375,134.30670166015625,0.9986951947212219,269.4939270019531,113.45700073242188,0.9589146971702576,288.6335754394531,99.41793060302734,0.9954824447631836,340.6938781738281,105.73017120361328,0.9944990873336792,272.0088195800781,157.37759399414062,0.9302970170974731,284.07818603515625,165.1949462890625,0.9670196175575256,341.5757141113281,156.84381103515625,0.9950879216194153
766,234.39984130859375,109.69284057617188,0.994040310382843,237.00900268554688,166.0324249267578,0.9956867098808289,262.1217041015625,135.0258331298828,0.9948478937149048,275.8166198730469,136.1341552734375,0.9968191385269165,304.0154113769531,133.99217224121094,0.9965890645980835,329.3797302246094,134.30670166015625,0.9990326166152954,269.4794616699219,113.45700073242188,0.9762476682662964,289.8827209472656,99.70003509521484,0.9963072538375854,340.3289489746094,105.91497802734375,0.9937333464622498,272.0088195800781,156.69512939453125,0.9569162130355835,274.7537536621094,162.9231719970703,0.8822404742240906,340.576171875,155.55487060546875,0.9960797429084778
767,233.32260131835938,110.9730224609375,0.9947403073310852,236.69021606445312,166.11941528320312,0.9955020546913147,260.77496337890625,135.01177978515625,0.9959349632263184,274.3953552246094,134.92442321777344,0.9974778294563293,302.44427490234375,132.6568603515625,0.9976838827133179,327.76971435546875,134.30670166015625,0.9994175434112549,265.71075439453125,113.45700073242188,0.9874643087387085,290.66876220703125,99.70003509521484,0.9964698553085327,339.4669189453125,105.91497802734375,0.9947516322135925,272.0088195800781,155.35433959960938,0.9420667290687561,273.58905029296875,162.9231719970703,0.9799060225486755,339.43896484375,155.47520446777344,0.9962790608406067
768,231.9898681640625,111.89282989501953,0.9959607720375061,234.92535400390625,167.5000457763672,0.9946280121803284,259.1462707519531,135.01177978515625,0.9947486519813538,272.100341796875,134.76431274414062,0.9970542192459106,299.7299499511719,132.6568603515625,0.9977703094482422,325.642578125,134.14459228515625,0.9995906949043274,262.0063781738281,114.86599731445312,0.9839837551116943,291.6761779785156,99.70003509521484,0.9970115423202515,338.46490478515625,105.91497802734375,0.9941617846488953,269.44732666015625,155.32115173339844,0.912735641002655,272.8154602050781,162.9231719970703,0.9841346144676208,338.3919677734375,154.38739013671875,0.9956419467926025
769,229.16696166992188,113.65779876708984,0.9973825812339783,234.477294921875,169.559814453125,0.9907028675079346,257.5843811035156,135.01177978515625,0.9923376441001892,270.2821044921875,134.4952850341797,0.9958662986755371,297.6105651855469,132.6568603515625,0.9976400136947632,323.92022705078125,133.40042114257812,0.9994888305664062,259.7835388183594,114.96119689941406,0.9617258906364441,291.6761779785156,99.84527587890625,0.9967594742774963,335.0851745605469,105.81013488769531,0.991428554058075,263.53277587890625,155.1579132080078,0.887701153755188,272.6282653808594,165.81564331054688,0.9803967475891113,335.9961242675781,153.1401824951172,0.9935411214828491
770,225.68338012695312,115.37076568603516,0.996426522731781,234.39064025878906,169.559814453125,0.989785373210907,256.21466064453125,136.66751098632812,0.9896296858787537,269.52557373046875,134.4952850341797,0.9937637448310852,296.05609130859375,133.19383239746094,0.9987447261810303,321.7522277832031,133.22218322753906,0.998867392539978,253.0837860107422,115.20185089111328,0.9429715275764465,291.6761779785156,99.84527587890625,0.9964808821678162,328.32086181640625,105.0936279296875,0.9929953217506409,263.2736511230469,154.92349243164062,0.8824562430381775,271.3622131347656,166.37669372558594,0.9863627552986145,333.8757019042969,152.2589111328125,0.9818114638328552
771,225.25157165527344,117.59026336669922,0.9936553239822388,233.78204345703125,169.559814453125,0.9897833466529846,253.37594604492188,136.77842712402344,0.9849461317062378,267.69305419921875,134.92442321777344,0.9938568472862244,294.03460693359375,133.19383239746094,0.9988803267478943,319.09820556640625,132.18450927734375,0.9987585544586182,246.9443817138672,117.77586364746094,0.9435572624206543,291.8984680175781,99.84527587890625,0.994300127029419,321.8967590332031,104.35368347167969,0.9942079782485962,262.8426818847656,154.92349243164062,0.8642374277114868,271.3622131347656,167.5372772216797,0.9895402789115906,329.0755310058594,152.09986877441406,0.9815168380737305
772,224.1201934814453,117.59026336669922,0.9939915537834167,233.01553344726562,169.35610961914062,0.9927829504013062,252.271240234375,137.42236328125,0.9887528419494629,264.4466552734375,135.8341064453125,0.9938477873802185,292.65673828125,133.19383239746094,0.9984946250915527,317.2685241699219,131.91253662109375,0.9989645481109619,244.0351104736328,118.85437774658203,0.9509141445159912,291.44097900390625,100.96324920654297,0.9939775466918945,309.2480773925781,103.57242584228516,0.9823032021522522,262.45172119140625,154.54161071777344,0.8793860673904419,270.7850646972656,167.5372772216797,0.9896605014801025,327.2075500488281,151.57489013671875,0.9839214086532593
773,222.66818237304688,117.59026336669922,0.9946684241294861,232.72303771972656,169.10081481933594,0.9944337010383606,250.62913513183594,137.9349365234375,0.9879172444343567,263.1066589355469,136.11375427246094,0.9960508942604065,289.9032897949219,132.3025665283203,0.9979146122932434,315.4668884277344,131.29696655273438,0.9987251162528992,243.2390594482422,119.5628662109375,0.9591531753540039,290.77935791015625,100.96324920654297,0.9931443929672241,307.424560546875,103.25655364990234,0.9934458136558533,262.2774353027344,154.1443634033203,0.8700680732727051,270.68414306640625,167.62266540527344,0.9917516112327576,325.9344482421875,151.43453979492188,0.9900346398353577
774,221.0587615966797,117.11498260498047,0.9952325224876404,231.2147216796875,169.04722595214844,0.9964759945869446,248.73223876953125,137.97317504882812,0.990626335144043,261.4251708984375,136.11375427246094,0.9972196817398071,287.891357421875,131.50868225097656,0.9973402619361877,313.70648193359375,130.99449157714844,0.9991229176521301,242.1396026611328,119.5628662109375,0.9718523621559143,290.6423645019531,100.96324920654297,0.9895414710044861,301.47637939453125,103.15673065185547,0.9902141690254211,261.7613220214844,153.98277282714844,0.8805935382843018,270.4353942871094,167.62266540527344,0.9919680953025818,323.5619812011719,149.65846252441406,0.9957976341247559
775,220.35809326171875,117.11498260498047,0.9954875111579895,227.53689575195312,168.8793487548828,0.9967883825302124,246.7945098876953,138.13449096679688,0.9936563372612,259.7822265625,135.9993133544922,0.9972165822982788,287.0582580566406,131.36477661132812,0.997313916683197,311.9645690917969,129.68605041503906,0.9990012049674988,240.77578735351562,119.5628662109375,0.9816307425498962,290.6423645019531,100.76069641113281,0.8984629511833191,296.6983947753906,100.44412994384766,0.9936717748641968,261.53021240234375,153.91656494140625,0.8929794430732727,269.4366149902344,167.8958282470703,0.990825355052948,322.4740905761719,148.35983276367188,0.99699866771698
776,216.31509399414062,117.11498260498047,0.9963769316673279,224.6029510498047,168.70606994628906,0.9961380362510681,245.24693298339844,138.13449096679688,0.9952487349510193,257.4003601074219,135.8341064453125,0.9979016780853271,284.8125305175781,131.20449829101562,0.9978854060173035,310.1336364746094,128.62399291992188,0.998674750328064,240.043701171875,119.34249877929688,0.9797360897064209,289.6215515136719,100.6781005859375,0.7754291296005249,296.0339050292969,99.57910919189453,0.9953957200050354,260.00787353515625,153.4293670654297,0.8546513319015503,269.045166015625,168.24769592285156,0.9917941689491272,322.3812255859375,147.93258666992188,0.9977967739105225
777,213.53366088867188,117.21792602539062,0.997221827507019,221.849609375,168.27272033691406,0.9913051724433899,244.50320434570312,138.13449096679688,0.9956965446472168,256.29864501953125,135.48898315429688,0.9977676868438721,284.1435546875,130.787109375,0.9974114298820496,309.2106628417969,128.13015747070312,0.9983646273612976,240.00216674804688,118.7326889038086,0.9785735011100769,288.5892639160156,100.6781005859375,0.7911755442619324,295.25421142578125,98.97237396240234,0.9965378046035767,259.6597595214844,153.3624725341797,0.8834527134895325,268.4089660644531,168.24769592285156,0.9872415065765381,322.1003112792969,147.9104461669922,0.997897744178772
778,212.0074005126953,117.21792602539062,0.9967538714408875,221.7809600830078,168.24644470214844,0.9919986128807068,243.82199096679688,137.7725830078125,0.9953446984291077,254.81771850585938,135.07521057128906,0.9974639415740967,283.8665466308594,130.787109375,0.9977468848228455,308.00225830078125,127.33495330810547,0.9976845979690552,240.00216674804688,118.49363708496094,0.9755567908287048,288.5892639160156,100.00143432617188,0.6922280192375183,295.25421142578125,98.61617279052734,0.9967674016952515,258.1955871582031,153.1983642578125,0.8510241508483887,268.0702209472656,168.41685485839844,0.9873647093772888,320.8464050292969,147.20855712890625,0.9977255463600159
779,211.66416931152344,117.21792602539062,0.9969276785850525,219.6124725341797,167.92013549804688,0.9940548539161682,242.8438720703125,137.24978637695312,0.9952821135520935,254.34652709960938,134.90603637695312,0.9966753721237183,283.6347961425781,130.46414184570312,0.997882068157196,307.33880615234375,127.23884582519531,0.9978027939796448,240.00216674804688,118.17545318603516,0.9748685359954834,288.5892639160156,100.00143432617188,0.6825017333030701,295.25421142578125,98.61617279052734,0.9964708089828491,258.1849670410156,153.097412109375,0.8798981308937073,267.57598876953125,168.41685485839844,0.9841688871383667,319.86041259765625,147.0731964111328,0.9974332451820374
780,211.2233123779297,115.83319854736328,0.9975441098213196,218.1699676513672,167.61936950683594,0.9946601986885071,242.07203674316406,136.6138153076172,0.9937934875488281,253.79408264160156,134.13333129882812,0.9955083131790161,283.1897888183594,129.8059844970703,0.9980712532997131,306.3312072753906,127.23884582519531,0.9973056316375732,240.00216674804688,117.2596435546875,0.9712572693824768,287.5302734375,100.00143432617188,0.5609998106956482,297.0498962402344,98.32315063476562,0.9948298335075378,255.88380432128906,152.18617248535156,0.8387275338172913,261.7453308105469,168.56919860839844,0.987978458404541,319.818359375,146.81607055664062,0.9973168969154358
781,210.01913452148438,113.59575653076172,0.996773898601532,217.4215087890625,166.53294372558594,0.9942455887794495,240.6878662109375,135.9484100341797,0.9926073551177979,253.5623321533203,133.0888671875,0.9941520094871521,282.5207214355469,129.2007293701172,0.9979895353317261,305.8722839355469,127.21650695800781,0.9969882369041443,240.00216674804688,117.08697509765625,0.965181291103363,281.829345703125,101.52935791015625,0.5526168942451477,297.0498962402344,97.8772964477539,0.992557168006897,251.07456970214844,150.93655395507812,0.848216712474823,261.6894836425781,168.6426544189453,0.9890395402908325,319.72247314453125,146.81124877929688,0.9975515007972717
782,209.145263671875,112.33474731445312,0.9957017302513123,216.42942810058594,166.46954345703125,0.9953665733337402,239.91836547851562,135.6155242919922,0.9910847544670105,252.95762634277344,133.0640106201172,0.9941098690032959,281.77215576171875,128.91551208496094,0.9979743361473083,305.2491149902344,127.09053802490234,0.9956948757171631,238.38063049316406,114.37601470947266,0.9550135731697083,270.605712890625,101.1905517578125,0.6202437281608582,297.0498962402344,97.47819519042969,0.9940097332000732,250.405517578125,150.93655395507812,0.8591027855873108,261.6894836425781,169.25169372558594,0.9896816611289978,318.3684997558594,146.62098693847656,0.9968472123146057
783,208.5321502685547,111.7684097290039,0.9949788451194763,215.67161560058594,166.15196228027344,0.9964851140975952,238.79542541503906,134.1316680908203,0.9909995198249817,252.95762634277344,133.00140380859375,0.9944722056388855,280.40997314453125,128.75624084472656,0.9984935522079468,304.6655578613281,126.25894927978516,0.9952680468559265,238.27239990234375,113.90532684326172,0.9573729634284973,270.605712890625,101.30013275146484,0.7022690773010254,297.37841796875,97.47819519042969,0.9935153722763062,249.90707397460938,150.93655395507812,0.8669109344482422,261.6894836425781,169.2786102294922,0.99085932970047,318.07373046875,146.509521484375,0.9967538714408875
784,207.989013671875,110.9669189453125,0.9938262104988098,214.43402099609375,165.41310119628906,0.9977579712867737,237.96009826660156,134.1316680908203,0.9921883344650269,252.62327575683594,133.00140380859375,0.9943814873695374,279.7423095703125,128.62673950195312,0.9986012578010559,304.12725830078125,126.21917724609375,0.995368480682373,238.26986694335938,113.75180053710938,0.9570781588554382,270.605712890625,101.52935791015625,0.739999532699585,295.6657409667969,98.04137420654297,0.9932830333709717,248.94332885742188,151.1392059326172,0.876241147518158,263.93170166015625,169.35206604003906,0.9931027889251709,317.8139953613281,145.90985107421875,0.9945780038833618
785,207.47398376464844,109.58564758300781,0.989797830581665,212.7771759033203,164.93759155273438,0.9978454113006592,236.8786163330078,134.10984802246094,0.9926081895828247,251.8871307373047,133.00140380859375,0.9936943650245667,279.13726806640625,128.39393615722656,0.9985988736152649,303.4991149902344,126.17324829101562,0.9957367181777954,238.23289489746094,113.64807891845703,0.9549316763877869,271.01898193359375,101.30013275146484,0.8092831969261169,295.446044921875,97.71256256103516,0.9920387268066406,248.0428466796875,151.43641662597656,0.8793609738349915,263.9371643066406,169.35206604003906,0.9920085668563843,317.75897216796875,145.79579162597656,0.9951851963996887
786,204.6118927001953,108.97553253173828,0.9833609461784363,211.45303344726562,164.72325134277344,0.9976218342781067,235.80677795410156,134.10984802246094,0.9928996562957764,250.0305938720703,134.00250244140625,0.9944979548454285,277.5059509277344,128.39393615722656,0.9982686042785645,302.7314453125,125.51705932617188,0.996397078037262,237.8671417236328,113.29635620117188,0.9530550837516785,271.01898193359375,101.1905517578125,0.9450399875640869,295.43951416015625,97.80321502685547,0.9928273558616638,247.33802795410156,152.09706115722656,0.8799218535423279,264.3734436035156,169.35206604003906,0.9910954236984253,316.2685852050781,145.6846923828125,0.9951242804527283
787,204.28273010253906,108.79341888427734,0.9842930436134338,208.76315307617188,164.54515075683594,0.9964809417724609,234.994140625,134.38082885742188,0.9937365055084229,248.99957275390625,134.16525268554688,0.9959700107574463,276.25604248046875,128.32720947265625,0.9983727931976318,301.92828369140625,125.34650421142578,0.9969778060913086,237.67724609375,113.2410659790039,0.9465056657791138,271.01898193359375,100.70545959472656,0.9524603486061096,295.3835754394531,97.80321502685547,0.9921090006828308,239.29409790039062,153.46810913085938,0.8476080894470215,264.9208068847656,168.83071899414062,0.9878760576248169,316.2685852050781,145.50054931640625,0.9956151247024536
788,204.0921630859375,108.77153015136719,0.9844250679016113,206.86627197265625,164.54515075683594,0.9933205842971802,234.37660217285156,134.92678833007812,0.9932382106781006,247.5420684814453,134.54502868652344,0.9967557787895203,275.0899353027344,128.32720947265625,0.9979010820388794,301.0105895996094,125.1781005859375,0.9970206618309021,236.80845642089844,112.87335968017578,0.9563600420951843,269.39666748046875,100.03630828857422,0.9279136061668396,295.22314453125,97.71256256103516,0.993935763835907,238.34959411621094,153.6546630859375,0.8877488374710083,265.13946533203125,168.83071899414062,0.9878901839256287,316.15203857421875,145.23513793945312,0.9951323866844177
789,203.50453186035156,108.40621185302734,0.9859569072723389,204.47364807128906,164.06332397460938,0.9942278861999512,233.9026641845703,135.06988525390625,0.9925563931465149,246.317138671875,134.54502868652344,0.9976478219032288,273.6355285644531,128.40171813964844,0.996968686580658,299.9915771484375,125.1781005859375,0.9974220991134644,236.4910888671875,111.8720932006836,0.9654778242111206,259.35064697265625,99.1742935180664,0.9898791313171387,294.88623046875,97.32134246826172,0.9927471280097961,237.43299865722656,153.74606323242188,0.8728404641151428,265.40081787109375,168.80160522460938,0.9898547530174255,316.0205383300781,145.22328186035156,0.9956139326095581
790,203.50453186035156,107.89201354980469,0.9891262054443359,203.63511657714844,164.06332397460938,0.9943575263023376,233.69732666015625,135.12171936035156,0.9923807978630066,245.97926330566406,134.54502868652344,0.99809330701828,272.8608703613281,128.74208068847656,0.9962725639343262,299.5912170410156,125.1781005859375,0.9972977042198181,236.4910888671875,111.8720932006836,0.9684010148048401,255.19558715820312,98.1678466796875,0.9866182208061218,294.3917541503906,97.19032287597656,0.9921227097511292,237.43299865722656,153.974609375,0.8560382127761841,265.40081787109375,168.29608154296875,0.9896305203437805,315.4337463378906,144.23179626464844,0.9950579404830933
791,204.0921630859375,106.91316223144531,0.9864192605018616,202.7925567626953,164.06332397460938,0.994845986366272,233.5392608642578,135.12171936035156,0.9936432838439941,245.01365661621094,134.4895782470703,0.9979896545410156,271.74615478515625,129.09130859375,0.9955434203147888,298.8625793457031,125.59408569335938,0.9971451163291931,236.80845642089844,111.8720932006836,0.9687185883522034,252.1075439453125,97.55267333984375,0.9648793339729309,294.2630920410156,97.19032287597656,0.9917871356010437,228.11834716796875,155.16787719726562,0.8657045960426331,266.2127990722656,168.32052612304688,0.9913365840911865,314.77392578125,143.85231018066406,0.995011568069458
792,205.72412109375,105.5615005493164,0.9891420602798462,201.93759155273438,163.27102661132812,0.9947361350059509,233.49916076660156,135.093505859375,0.9937246441841125,244.56192016601562,134.4270477294922,0.9980194568634033,270.9428405761719,129.09130859375,0.9960280656814575,298.78814697265625,125.6336898803711,0.9974938631057739,237.5843048095703,112.86366271972656,0.9681764245033264,246.7642059326172,96.16911315917969,0.9808245897293091,293.907958984375,97.19032287597656,0.9924977421760559,227.75714111328125,155.16787719726562,0.8808993697166443,266.2669372558594,168.32052612304688,0.9913061261177063,314.6937561035156,143.85231018066406,0.9944504499435425
793,205.72412109375,105.46705627441406,0.9917289614677429,201.56822204589844,160.27554321289062,0.994088888168335,233.4222412109375,135.093505859375,0.9949238896369934,243.98487854003906,134.2601318359375,0.9980453252792358,270.49237060546875,129.30799865722656,0.9965807795524597,298.17413330078125,125.7433853149414,0.9977085590362549,238.3046417236328,113.25367736816406,0.9678823351860046,246.42567443847656,96.16911315917969,0.9880673885345459,293.8985595703125,97.28955078125,0.9930738210678101,227.430419921875,155.16787719726562,0.8919805884361267,266.2785949707031,168.1892852783203,0.9922598004341125,314.2099304199219,143.85231018066406,0.9935564398765564
794,205.72412109375,105.46705627441406,0.9898630380630493,199.68479919433594,159.42764282226562,0.9955626726150513,232.7978515625,135.093505859375,0.9960583448410034,243.3261260986328,134.0552520751953,0.9981094598770142,269.9368591308594,129.32151794433594,0.9964231848716736,297.6502990722656,125.77001190185547,0.9980168342590332,238.40037536621094,113.32012939453125,0.961688756942749,245.86180114746094,92.84736633300781,0.9943875670433044,293.806640625,97.469970703125,0.9927927255630493,225.285888671875,155.16787719726562,0.915141224861145,267.3934020996094,168.1892852783203,0.9953000545501709,306.18255615234375,143.8566131591797,0.9920775294303894
795,203.73414611816406,105.46705627441406,0.9863082766532898,198.53970336914062,159.42764282226562,0.9968101382255554,231.79385375976562,134.7498016357422,0.995726466178894,242.43055725097656,133.93646240234375,0.9978285431861877,268.6958923339844,129.489501953125,0.9967615008354187,296.7182312011719,125.77001190185547,0.998654842376709,238.6884307861328,113.43682098388672,0.9590379595756531,244.098876953125,92.84736633300781,0.9962496161460876,293.4639587402344,97.60464477539062,0.9916451573371887,224.7880859375,155.16787719726562,0.9102743864059448,268.3536682128906,168.32052612304688,0.9958880543708801,304.7052001953125,145.9205780029297,0.9969673752784729
796,202.1754150390625,105.46705627441406,0.991266667842865,198.41632080078125,159.42764282226562,0.997006356716156,230.86033630371094,134.7498016357422,0.995553195476532,241.2454833984375,133.92337036132812,0.9971287846565247,267.6692810058594,129.489501953125,0.9970068335533142,296.3190002441406,125.77001190185547,0.9988948702812195,238.9976806640625,113.43682098388672,0.9565877914428711,243.95053100585938,92.84736633300781,0.9970157146453857,293.4639587402344,97.74964904785156,0.9916592240333557,222.38131713867188,156.002197265625,0.9091354012489319,268.72344970703125,168.1892852783203,0.9965722560882568,304.09344482421875,147.43983459472656,0.9970360994338989
797,202.1754150390625,105.46705627441406,0.9912369251251221,198.2548370361328,160.30909729003906,0.9974883794784546,229.38619995117188,134.84849548339844,0.9958492517471313,240.80755615234375,133.92337036132812,0.996920108795166,266.68341064453125,129.59042358398438,0.9961966276168823,294.9603271484375,125.92876434326172,0.9986697435379028,238.9976806640625,113.66352081298828,0.9498310685157776,243.35360717773438,93.12440490722656,0.9967179894447327,293.3988037109375,98.26374053955078,0.9910359382629395,221.51119995117188,156.18408203125,0.9136921167373657,269.1183166503906,168.1892852783203,0.9964424967765808,295.0162353515625,147.5644073486328,0.9895228743553162
798,202.1754150390625,105.27228546142578,0.9895948171615601,198.41632080078125,160.7792510986328,0.9978464841842651,229.37542724609375,134.89291381835938,0.9956527948379517,240.21328735351562,133.92337036132812,0.9962272644042969,266.0253601074219,129.86654663085938,0.9963561296463013,293.6874694824219,125.92876434326172,0.9986618757247925,238.9976806640625,113.89401245117188,0.9516960978507996,243.35162353515625,93.2983169555664,0.996996283531189,291.4122009277344,98.4288330078125,0.9919314980506897,220.93910217285156,156.18408203125,0.9201952815055847,270.2191467285156,162.6519317626953,0.9972081780433655,293.32122802734375,148.4664764404297,0.9899722337722778
799,202.26605224609375,105.27228546142578,0.9887259602546692,198.53970336914062,162.19483947753906,0.9975374937057495,227.8563995361328,134.89291381835938,0.9950597286224365,240.21328735351562,134.4012451171875,0.9954594969749451,266.0138854980469,130.1007537841797,0.9973078966140747,292.9365234375,126.13935852050781,0.9986687898635864,239.09938049316406,114.01144409179688,0.9579246044158936,243.35162353515625,95.2005844116211,0.9964110255241394,289.8604736328125,99.20198059082031,0.9939868450164795,220.40847778320312,156.002197265625,0.9140779972076416,274.30682373046875,162.6519317626953,0.9974082112312317,291.23736572265625,150.42181396484375,0.9831136465072632
800,202.26605224609375,105.27228546142578,0.9878664016723633,199.344482421875,163.23521423339844,0.9968442916870117,227.4805145263672,135.76943969726562,0.9949325919151306,240.21328735351562,135.56658935546875,0.9951602816581726,265.8134460449219,130.71395874023438,0.9977782368659973,292.0581970214844,126.26457977294922,0.9983376264572144,239.1403350830078,114.48340606689453,0.964740514755249,240.7532196044922,97.68653106689453,0.9964417815208435,288.7673034667969,100.4020004272461,0.9955106973648071,219.5771484375,156.002197265625,0.9226756691932678,277.2079162597656,162.6519317626953,0.9983878135681152,290.556640625,151.77183532714844,0.9698824286460876
801,202.26605224609375,106.67514038085938,0.9917598366737366,199.344482421875,164.35140991210938,0.995860755443573,226.91845703125,136.55836486816406,0.993984043598175,240.4335174560547,137.00196838378906,0.99458909034729,265.73382568359375,131.5966339111328,0.9985454082489014,291.7063293457031,126.65100860595703,0.9978952407836914,239.57286071777344,115.3429183959961,0.9629753232002258,240.30128479003906,99.19032287597656,0.9953657388687134,286.7001953125,101.30558013916016,0.9934345483779907,218.44000244140625,156.78431701660156,0.9073006510734558,277.77197265625,163.19285583496094,0.9984011054039001,288.09521484375,153.604248046875,0.9628775119781494
802,201.5160675048828,106.75845336914062,0.9931163191795349,199.344482421875,167.0811004638672,0.9935899972915649,226.39125061035156,137.00985717773438,0.9939515590667725,240.4335174560547,137.6738739013672,0.9927607774734497,265.6542663574219,132.05911254882812,0.9986435770988464,291.1806335449219,126.72113800048828,0.9974405765533447,239.57286071777344,115.4808349609375,0.964148759841919,240.09361267089844,99.23990631103516,0.9942461848258972,286.1513977050781,102.7830581665039,0.9909321069717407,216.6417694091797,158.40115356445312,0.8858559131622314,277.9968566894531,163.61685180664062,0.9980946183204651,288.09521484375,153.98333740234375,0.9461044669151306
803,201.41441345214844,106.75845336914062,0.9934079647064209,199.3168487548828,168.91517639160156,0.9923966526985168,226.1108856201172,137.21945190429688,0.9931802749633789,240.4335174560547,137.8301239013672,0.9918437600135803,265.4213562011719,132.05911254882812,0.998646080493927,291.16326904296875,126.7462158203125,0.9972406625747681,239.57286071777344,115.5910873413086,0.9602164030075073,240.09361267089844,99.54747009277344,0.9940292835235596,286.0404052734375,103.02471160888672,0.991231381893158,216.61573791503906,158.59835815429688,0.8923738598823547,277.9968566894531,163.61685180664062,0.9979293346405029,288.09521484375,153.98333740234375,0.9606841206550598
804,201.03515625,106.75845336914062,0.9940038323402405,199.3168487548828,168.91517639160156,0.9933326840400696,225.8583221435547,137.21945190429688,0.9931272268295288,240.202392578125,137.8301239013672,0.991193950176239,265.4213562011719,132.1159210205078,0.998544454574585,290.56549072265625,126.80780029296875,0.9968805313110352,239.44580078125,115.5910873413086,0.9623759984970093,240.09361267089844,99.23990631103516,0.9938437938690186,285.9456787109375,103.02471160888672,0.9907545447349548,216.61573791503906,158.59835815429688,0.8891119956970215,278.33905029296875,163.61685180664062,0.9980389475822449,288.2232971191406,154.11282348632812,0.9691134095191956
805,200.6893310546875,106.45421600341797,0.9942638278007507,199.3168487548828,168.91517639160156,0.9941900968551636,225.30419921875,137.21945190429688,0.9925131797790527,239.94410705566406,137.8301239013672,0.9899967908859253,265.6542663574219,132.05911254882812,0.9983238577842712,290.2268981933594,126.80780029296875,0.9969754219055176,239.44580078125,115.78347778320312,0.9602502584457397,240.49632263183594,99.19032287597656,0.995071291923523,285.9456787109375,103.02471160888672,0.9862992167472839,216.61573791503906,158.59835815429688,0.8944700956344604,278.4074401855469,164.0720672607422,0.9978600144386292,292.1773681640625,153.98333740234375,0.9867194294929504
806,199.89288330078125,105.32429504394531,0.99405437707901,199.6585235595703,167.69004821777344,0.9951761960983276,225.2106170654297,137.00852966308594,0.9920255541801453,239.08677673339844,137.13134765625,0.9910532832145691,266.2560119628906,131.90843200683594,0.9978519678115845,290.09259033203125,126.80780029296875,0.9967940449714661,239.1303253173828,115.97930145263672,0.961469292640686,241.1764373779297,99.0789794921875,0.9960816502571106,285.9456787109375,102.66544342041016,0.9911428689956665,217.50241088867188,157.0047149658203,0.9003992080688477,278.43560791015625,164.18026733398438,0.9967257976531982,293.5513000488281,153.95730590820312,0.9902937412261963
807,199.89288330078125,103.91738891601562,0.9953683614730835,199.6585235595703,167.6232147216797,0.9954708814620972,224.68153381347656,136.83990478515625,0.9908962845802307,238.26251220703125,136.6590576171875,0.9893534183502197,266.2560119628906,131.6754608154297,0.998128354549408,288.978515625,125.16670227050781,0.996638298034668,239.00057983398438,115.97930145263672,0.9470909237861633,241.54025268554688,97.17815399169922,0.9958688020706177,286.8424072265625,102.66544342041016,0.9904127717018127,217.50241088867188,156.7528839111328,0.9205398559570312,278.43560791015625,164.18026733398438,0.9964613318443298,293.5513000488281,153.89324951171875,0.9896600246429443
808,199.89288330078125,103.78356170654297,0.9951828122138977,199.6585235595703,167.45521545410156,0.995744526386261,224.0232696533203,136.10702514648438,0.9884777665138245,237.0216827392578,135.7122039794922,0.9880499243736267,266.2560119628906,131.2083282470703,0.9981416463851929,288.3608093261719,125.16670227050781,0.9971545934677124,238.5138702392578,116.11076354980469,0.9371799826622009,243.31082153320312,95.89921569824219,0.9966327548027039,286.8424072265625,102.66544342041016,0.9904419183731079,217.50241088867188,156.7528839111328,0.9226239919662476,278.43560791015625,164.18026733398438,0.9969714879989624,293.5513000488281,153.30819702148438,0.9908931255340576
809,199.8000946044922,103.78356170654297,0.9950394034385681,199.54486083984375,167.45521545410156,0.9961991906166077,221.93478393554688,134.9298553466797,0.9874793887138367,236.28146362304688,135.6951904296875,0.9901184439659119,265.0872497558594,130.7360076904297,0.9983583092689514,287.66949462890625,125.16670227050781,0.9975095987319946,237.4546661376953,116.3509750366211,0.9292398691177368,244.13262939453125,95.8742904663086,0.9969115853309631,286.8424072265625,102.66544342041016,0.9897693395614624,217.50241088867188,156.86180114746094,0.9167506694793701,276.1044921875,164.09681701660156,0.9968185424804688,292.7914123535156,152.78273010253906,0.9908537864685059
810,199.8000946044922,103.72858428955078,0.9949783682823181,197.63299560546875,166.6663360595703,0.9969300627708435,220.95010375976562,134.91354370117188,0.9889814853668213,235.3436279296875,135.22915649414062,0.9918408393859863,263.51959228515625,130.35157775878906,0.9980493783950806,287.1623840332031,125.64469146728516,0.9977953433990479,234.56402587890625,116.76455688476562,0.9228253364562988,244.4233856201172,94.67466735839844,0.9972215890884399,286.46746826171875,102.67649841308594,0.9912540316581726,217.50241088867188,156.7528839111328,0.9278352856636047,270.11151123046875,162.17478942871094,0.9954288005828857,290.1359558105469,152.30221557617188,0.991768479347229
811,199.5272674560547,103.72858428955078,0.9959706664085388,194.21658325195312,164.2439727783203,0.996324360370636,219.37442016601562,134.1737518310547,0.990993320941925,234.82461547851562,135.1781005859375,0.993224024772644,261.881591796875,129.67401123046875,0.9982129335403442,286.44708251953125,125.7303237915039,0.9979950189590454,233.27471923828125,116.76455688476562,0.8963385224342346,244.5047149658203,94.42123413085938,0.9973251819610596,286.16888427734375,102.67649841308594,0.9895909428596497,217.44635009765625,156.86180114746094,0.934303879737854,266.3830261230469,162.15328979492188,0.9937465190887451,289.29974365234375,151.0885772705078,0.992712676525116
812,197.81204223632812,103.01102447509766,0.997395396232605,192.24708557128906,161.4029083251953,0.9954476952552795,217.84471130371094,132.52798461914062,0.9926421046257019,233.66964721679688,134.06649780273438,0.9966913461685181,260.2431335449219,129.28330993652344,0.9977830052375793,284.8333435058594,125.74443054199219,0.9979559183120728,233.04867553710938,116.76455688476562,0.8339542150497437,244.5047149658203,93.5257339477539,0.997246503829956,285.9761962890625,102.67649841308594,0.9931038022041321,217.71240234375,156.88714599609375,0.9438246488571167,264.9605407714844,159.3739013671875,0.9956836700439453,285.7562255859375,149.76182556152344,0.9904986023902893
813,196.2767333984375,102.13451385498047,0.9979985356330872,186.43447875976562,158.24745178222656,0.9898292422294617,217.45272827148438,131.8113555908203,0.9939497709274292,231.79391479492188,133.1732177734375,0.9984524250030518,257.52313232421875,128.96957397460938,0.9960832595825195,283.94207763671875,125.89686584472656,0.9977486729621887,231.61180114746094,114.96730041503906,0.8489388823509216,244.5047149658203,93.467529296875,0.9970219731330872,285.92291259765625,102.67649841308594,0.990516722202301,218.36915588378906,157.14324951171875,0.9473309516906738,263.0030212402344,159.354248046875,0.9927733540534973,285.6497497558594,148.76284790039062,0.9916203022003174
814,194.40806579589844,101.95899963378906,0.9981056451797485,183.53134155273438,155.30189514160156,0.9858834147453308,216.57522583007812,131.38038635253906,0.995664656162262,230.1177215576172,132.4493865966797,0.9989607334136963,256.2180480957031,127.94368743896484,0.9958792924880981,282.6339416503906,127.02920532226562,0.9978088736534119,225.27606201171875,114.49272918701172,0.8673667907714844,244.0884246826172,93.44355010986328,0.9969727993011475,285.8332214355469,103.53252410888672,0.9886167645454407,218.36915588378906,156.88714599609375,0.952399492263794,253.33175659179688,160.17562866210938,0.9768049120903015,284.24102783203125,148.76284790039062,0.9944527745246887
815,193.5470428466797,101.64361572265625,0.9976061582565308,182.0701904296875,153.3235321044922,0.9876245260238647,215.69613647460938,130.674072265625,0.9973291158676147,227.41653442382812,131.1270294189453,0.999060332775116,253.68995666503906,127.94368743896484,0.9968324303627014,280.51104736328125,127.02920532226562,0.998356282711029,223.3434295654297,113.67435455322266,0.9030733704566956,243.9874267578125,93.12403106689453,0.9970359802246094,285.2748718261719,103.64026641845703,0.990062415599823,216.39540100097656,156.88714599609375,0.9348466396331787,244.5335235595703,160.17562866210938,0.9731109142303467,282.34454345703125,148.76284790039062,0.9949554800987244
816,193.02362060546875,101.54707336425781,0.9964165687561035,181.83843994140625,150.12863159179688,0.9952958226203918,213.34457397460938,129.9634552001953,0.9975959658622742,224.56895446777344,130.6443328857422,0.9987176656723022,251.87008666992188,127.94368743896484,0.995890736579895,278.3937072753906,127.05577087402344,0.9985619187355042,221.51840209960938,112.75666046142578,0.913550615310669,243.4462432861328,92.5438461303711,0.9973165392875671,284.4285888671875,103.75760650634766,0.9912905693054199,214.7376708984375,154.75660705566406,0.9375487565994263,238.808349609375,160.17562866210938,0.9386941194534302,281.9584045410156,148.85775756835938,0.9946123361587524
817,189.5074005126953,98.15090942382812,0.997217059135437,178.2310028076172,149.391845703125,0.9959534406661987,210.88441467285156,129.12942504882812,0.9974428415298462,222.24095153808594,130.15292358398438,0.9980424642562866,251.3636016845703,127.71688079833984,0.9947598576545715,276.47906494140625,127.02920532226562,0.9981197714805603,221.11376953125,111.75221252441406,0.9376605749130249,243.39988708496094,92.5438461303711,0.9970700740814209,282.2198181152344,104.1903076171875,0.9918402433395386,212.39791870117188,152.425537109375,0.946651041507721,230.43582153320312,160.17562866210938,0.9744497537612915,281.48388671875,148.85775756835938,0.9948864579200745
818,187.8905487060547,97.08561706542969,0.9969465136528015,175.9709014892578,147.060302734375,0.9951977133750916,208.84783935546875,127.49539947509766,0.9965007305145264,221.94406127929688,129.7001495361328,0.9960126876831055,249.0657196044922,127.25834655761719,0.9960331320762634,276.1335754394531,126.81515502929688,0.9975783228874207,219.5235137939453,111.53691101074219,0.9205690622329712,243.35719299316406,92.21369934082031,0.9972947239875793,281.1236267089844,104.62879943847656,0.9927080273628235,212.20912170410156,149.17654418945312,0.9363721609115601,229.67457580566406,160.17562866210938,0.9969385862350464,280.0252990722656,148.85775756835938,0.9952172040939331
819,186.86375427246094,96.57379913330078,0.9961310625076294,173.2792205810547,145.64251708984375,0.9906840324401855,207.96881103515625,126.59256744384766,0.9936262369155884,219.8882598876953,128.39625549316406,0.9930756092071533,246.66253662109375,126.87254333496094,0.9970821738243103,274.6357116699219,126.40995025634766,0.9970663189888,213.27490234375,111.34039306640625,0.9324743151664734,243.35177612304688,92.21369934082031,0.9962548017501831,279.4845886230469,105.62071228027344,0.9915647506713867,211.68914794921875,148.4827880859375,0.9320031404495239,224.5795440673828,158.41754150390625,0.9881105422973633,276.8656005859375,147.2451171875,0.9975274205207825
820,184.6466064453125,96.43193054199219,0.995758593082428,172.03884887695312,142.71621704101562,0.988562822341919,205.548095703125,126.59080505371094,0.9892193675041199,218.68125915527344,127.80855560302734,0.9964563250541687,244.61602783203125,126.61190032958984,0.9964267611503601,271.47381591796875,126.38782501220703,0.9969468712806702,212.2352752685547,110.48452758789062,0.9220656752586365,243.06442260742188,92.21369934082031,0.9962693452835083,279.0496826171875,105.66294860839844,0.9934388995170593,211.68914794921875,147.28363037109375,0.917121946811676,223.787353515625,157.9730224609375,0.9924831986427307,272.80718994140625,145.811279296875,0.9960124492645264
821,182.19236755371094,96.19188690185547,0.995652437210083,166.9447021484375,140.37155151367188,0.9823160767555237,202.5897216796875,125.90387725830078,0.9881419539451599,216.81028747558594,127.38766479492188,0.997962474822998,242.52584838867188,126.02703857421875,0.995474636554718,270.3384704589844,126.38782501220703,0.9972770810127258,207.75723266601562,108.27479553222656,0.9011918902397156,243.06442260742188,91.93152618408203,0.9958791732788086,276.94415283203125,105.66294860839844,0.9928662776947021,211.68914794921875,147.28363037109375,0.9016653895378113,220.93238830566406,157.79867553710938,0.9900916814804077,271.86981201171875,145.52880859375,0.9947675466537476
822,180.47108459472656,95.94154357910156,0.9950613379478455,165.55902099609375,139.86477661132812,0.9839791059494019,200.9064178466797,125.90387725830078,0.9924962520599365,214.29444885253906,126.76093292236328,0.998101532459259,240.70053100585938,125.86404418945312,0.9951359629631042,268.4659118652344,126.38782501220703,0.996599018573761,203.89547729492188,107.64054107666016,0.910696268081665,243.06442260742188,91.93152618408203,0.995770275592804,274.55548095703125,105.67491912841797,0.9877231121063232,211.0816192626953,147.27830505371094,0.894542396068573,220.67771911621094,157.9730224609375,0.9923834204673767,269.9434814453125,143.9862060546875,0.9927069544792175
823,178.44927978515625,95.35274505615234,0.9949518442153931,163.873291015625,139.74533081054688,0.9880397915840149,198.67369079589844,125.07286071777344,0.9934420585632324,211.35458374023438,126.35438537597656,0.9980723857879639,239.56329345703125,125.35851287841797,0.9939578771591187,267.2735595703125,125.88285064697266,0.9964805245399475,203.02963256835938,107.64054107666016,0.9239646792411804,243.29830932617188,91.98078155517578,0.9955379962921143,272.72088623046875,105.76290130615234,0.9892356991767883,210.6557159423828,147.28363037109375,0.8741557002067566,219.55763244628906,157.9730224609375,0.9921560287475586,266.5963134765625,143.41729736328125,0.9893050193786621
824,176.8205108642578,94.95755004882812,0.9923728108406067,162.95834350585938,139.50665283203125,0.9874998927116394,197.2642822265625,125.0301513671875,0.994074285030365,209.7032470703125,126.23066711425781,0.9983575940132141,237.66110229492188,125.3077621459961,0.9959092140197754,265.26123046875,125.88285064697266,0.9977964162826538,202.23118591308594,107.64054107666016,0.9516438245773315,243.96951293945312,91.98078155517578,0.9953759908676147,270.8985900878906,105.67491912841797,0.979648768901825,205.48277282714844,147.2879638671875,0.9189565181732178,216.17623901367188,157.9730224609375,0.9833479523658752,265.0546875,143.39584350585938,0.9716328978538513
825,173.80751037597656,93.80827331542969,0.9889968633651733,159.6483612060547,139.4944610595703,0.9889306426048279,196.9378662109375,125.0301513671875,0.9943705201148987,207.91146850585938,126.23066711425781,0.9974677562713623,235.5288543701172,124.33123779296875,0.9966506361961365,263.00439453125,125.19966125488281,0.9982060194015503,201.5318603515625,107.64054107666016,0.9548147320747375,243.96951293945312,92.37102508544922,0.9939073920249939,267.2267761230469,105.36080932617188,0.9817138910293579,204.44000244140625,147.772216796875,0.9285727143287659,215.58319091796875,158.38095092773438,0.9888650178909302,264.5840759277344,143.1788330078125,0.9894698858261108
826,171.32546997070312,92.07427978515625,0.9861645102500916,157.19720458984375,139.50665283203125,0.9816358089447021,195.13926696777344,125.07286071777344,0.9933322072029114,207.54261779785156,126.17122650146484,0.994878888130188,233.9243927001953,123.52447509765625,0.9967355132102966,260.2528381347656,123.57963562011719,0.9981839060783386,200.56785583496094,107.64054107666016,0.966382622718811,243.96951293945312,92.39434051513672,0.9897391200065613,263.33251953125,103.28588104248047,0.986629843711853,202.0481414794922,147.772216796875,0.900912880897522,215.2074737548828,158.38095092773438,0.9877776503562927,262.7379455566406,141.76499938964844,0.9595244526863098
827,170.96466064453125,90.81678009033203,0.9853515625,156.57888793945312,139.74533081054688,0.9775510430335999,194.0443878173828,125.07286071777344,0.9912846088409424,206.87744140625,126.05135345458984,0.992647647857666,232.64488220214844,123.20289611816406,0.9978640675544739,257.85565185546875,122.5885238647461,0.9973644614219666,199.33409118652344,107.59738159179688,0.9632290005683899,243.4210968017578,92.39434051513672,0.9752470254898071,256.78314208984375,99.86669158935547,0.9878467917442322,201.9036865234375,147.772216796875,0.8913653492927551,215.17982482910156,158.38095092773438,0.9902749061584473,262.7379455566406,140.62664794921875,0.9722493290901184
828,170.96466064453125,89.42034149169922,0.9890844225883484,155.80467224121094,140.09939575195312,0.9724572896957397,191.17010498046875,125.39519500732422,0.9907695651054382,206.2211151123047,124.49089813232422,0.9879066944122314,231.47738647460938,123.20289611816406,0.9982024431228638,256.3130187988281,122.55023956298828,0.9959285855293274,198.16250610351562,107.5542221069336,0.9559178948402405,242.0941162109375,92.37102508544922,0.9636919498443604,252.50164794921875,99.40716552734375,0.9697661399841309,200.47059631347656,146.64871215820312,0.886313796043396,214.81854248046875,159.288330078125,0.9960696697235107,262.7379455566406,140.11915588378906,0.9596918821334839
829,170.69830322265625,89.22478485107422,0.9889217615127563,155.572509765625,142.28329467773438,0.9890615940093994,190.42588806152344,125.54344940185547,0.9885252118110657,206.2211151123047,124.49089813232422,0.9870267510414124,231.28109741210938,123.20289611816406,0.9985359907150269,255.8256378173828,122.42826080322266,0.9961207509040833,197.7549285888672,107.5542221069336,0.9623090624809265,242.0941162109375,92.37102508544922,0.9078251123428345,250.23211669921875,94.27118682861328,0.9735455513000488,181.0897216796875,141.55494689941406,0.9123693704605103,214.63731384277344,162.2530517578125,0.997238278388977,262.9208068847656,140.11915588378906,0.980467677116394
830,170.9113006591797,89.1444091796875,0.9900286793708801,155.572509765625,144.8054656982422,0.9938135147094727,190.38320922851562,125.54344940185547,0.988851010799408,206.2211151123047,124.49089813232422,0.989540159702301,231.04238891601562,123.4751968383789,0.9987576007843018,255.48760986328125,122.42826080322266,0.9964796900749207,197.16122436523438,107.44529724121094,0.9658588767051697,242.0941162109375,92.39434051513672,0.8334671258926392,250.08294677734375,93.6374740600586,0.9835345149040222,180.83038330078125,141.55494689941406,0.9212222099304199,214.81854248046875,164.88047790527344,0.9932370781898499,264.6250305175781,140.11915588378906,0.9847418069839478
831,170.96466064453125,88.87762451171875,0.9918813109397888,155.572509765625,147.66595458984375,0.994060218334198,190.38320922851562,125.39519500732422,0.9884082674980164,205.8525848388672,124.49089813232422,0.991567075252533,230.69642639160156,123.90452575683594,0.998816967010498,255.28143310546875,122.5885238647461,0.99687659740448,197.16122436523438,107.2360610961914,0.97030109167099,242.83843994140625,92.02629852294922,0.6928839683532715,249.11807250976562,92.92182159423828,0.9855140447616577,180.83038330078125,141.55494689941406,0.8932764530181885,214.73892211914062,164.89712524414062,0.9911092519760132,264.6250305175781,140.18052673339844,0.9878751635551453
832,170.972900390625,88.7765121459961,0.9917454123497009,156.4060821533203,147.66595458984375,0.9923527836799622,190.38320922851562,125.3276596069336,0.9878346920013428,205.38162231445312,124.49089813232422,0.9916742444038391,230.33175659179688,124.40093231201172,0.9989701509475708,255.04562377929688,122.60250854492188,0.9971585273742676,197.16122436523438,107.22601318359375,0.9651206731796265,243.05799865722656,92.02629852294922,0.6430871486663818,248.07327270507812,92.78520965576172,0.987203061580658,180.83038330078125,141.55494689941406,0.8834901452064514,214.73892211914062,164.89712524414062,0.9942820072174072,264.8101501464844,140.18052673339844,0.985770583152771
833,170.985107421875,88.73458099365234,0.9911932349205017,156.77513122558594,147.67071533203125,0.9926282167434692,190.38320922851562,124.85327911376953,0.9879837036132812,204.70602416992188,124.4135513305664,0.9918414354324341,229.6389617919922,124.49119567871094,0.9989487528800964,254.9626007080078,122.70270538330078,0.9973108768463135,197.16122436523438,106.9769058227539,0.9623805284500122,243.1145477294922,92.02629852294922,0.6345148086547852,248.0123748779297,92.38603210449219,0.9868590831756592,180.83038330078125,141.55494689941406,0.900274932384491,214.63731384277344,164.89712524414062,0.9936752915382385,264.8101501464844,140.2208709716797,0.9838865399360657
834,171.1529083251953,88.5478286743164,0.9916375279426575,156.77513122558594,147.66595458984375,0.9920653700828552,190.08749389648438,124.47373962402344,0.9891098737716675,204.39390563964844,124.4135513305664,0.990858256816864,229.07174682617188,124.49119567871094,0.9989838004112244,254.50180053710938,123.00750732421875,0.9976385831832886,196.84530639648438,106.95982360839844,0.9618484377861023,243.1145477294922,91.80289459228516,0.6274638175964355,248.0123748779297,91.86612701416016,0.9892575144767761,180.80792236328125,141.29852294921875,0.897019624710083,214.73892211914062,164.89712524414062,0.9946699738502502,264.1279602050781,140.2208709716797,0.9864768981933594
835,171.4823760986328,88.19004821777344,0.9922828078269958,156.77513122558594,147.5054931640625,0.9934273958206177,190.07504272460938,124.35581970214844,0.9889736771583557,203.62261962890625,124.4135513305664,0.9895579218864441,228.4549560546875,124.49119567871094,0.9988571405410767,254.37847900390625,123.1288070678711,0.9976376295089722,195.77468872070312,106.9769058227539,0.9491925835609436,243.1145477294922,91.79524230957031,0.6132362484931946,248.0123748779297,91.83695220947266,0.9886671900749207,179.7209930419922,141.25579833984375,0.8759995102882385,214.73892211914062,164.89712524414062,0.9955040812492371,263.82794189453125,140.8309326171875,0.9870554208755493
836,172.03024291992188,86.35619354248047,0.994357168674469,155.10348510742188,147.44354248046875,0.9938347339630127,189.24884033203125,124.30940246582031,0.9893342852592468,202.97308349609375,124.75959777832031,0.9915658235549927,228.10031127929688,124.27316284179688,0.9988149404525757,254.0223388671875,123.26888275146484,0.9975787997245789,195.69937133789062,106.9769058227539,0.9611828327178955,243.15789794921875,91.78549194335938,0.6511548757553101,248.07327270507812,91.82525634765625,0.9876639246940613,178.73727416992188,141.1553497314453,0.8698698282241821,214.84165954589844,165.35816955566406,0.9972461462020874,261.3527526855469,143.26295471191406,0.9887290000915527
837,176.18460083007812,85.51701354980469,0.9952593445777893,152.69412231445312,146.03062438964844,0.9930908679962158,188.62562561035156,124.28072357177734,0.9887468218803406,202.97308349609375,124.75959777832031,0.9930860996246338,227.40090942382812,124.14904022216797,0.9988352656364441,253.4413604736328,123.34491729736328,0.9977248311042786,195.2892608642578,107.52875518798828,0.9535444378852844,243.4094696044922,91.7286148071289,0.6667644381523132,248.76568603515625,91.80786895751953,0.990062415599823,177.63790893554688,141.0649871826172,0.8499075770378113,215.25437927246094,165.65606689453125,0.9973791837692261,261.036376953125,143.48983764648438,0.9904541969299316
838,176.432373046875,80.00269317626953,0.9940044283866882,152.0486297607422,144.08778381347656,0.9952296018600464,188.22467041015625,124.23782348632812,0.9869786500930786,202.97308349609375,124.75959777832031,0.9936755299568176,226.75999450683594,124.02505493164062,0.9986246824264526,253.07778930664062,123.34491729736328,0.9978951215744019,194.25885009765625,107.59514617919922,0.9389746785163879,243.6251678466797,91.7286148071289,0.7156087160110474,250.51661682128906,91.82525634765625,0.9898872971534729,177.63790893554688,140.94728088378906,0.853263795375824,216.00430297851562,166.39088439941406,0.9970646500587463,259.98931884765625,144.30946350097656,0.9939298629760742
839,177.73983764648438,78.32877349853516,0.9907500147819519,150.73956298828125,142.0202178955078,0.994678258895874,187.6036834716797,123.708984375,0.9830461144447327,202.48150634765625,123.98633575439453,0.9936645030975342,226.11114501953125,123.93844604492188,0.9984760880470276,252.70162963867188,123.38314819335938,0.9978965520858765,193.67054748535156,107.70697784423828,0.9339194893836975,243.81805419921875,91.7286148071289,0.7118533849716187,251.0585174560547,91.82525634765625,0.9891538023948669,177.50172424316406,140.22120666503906,0.8462647795677185,216.00430297851562,166.78021240234375,0.9974441528320312,259.9537048339844,144.36256408691406,0.9936383366584778
840,179.09674072265625,78.32877349853516,0.9938104748725891,150.600341796875,140.66494750976562,0.9869122505187988,187.36790466308594,123.30307006835938,0.9820342063903809,202.44940185546875,123.86083221435547,0.9947662353515625,225.24530029296875,123.93844604492188,0.9981017708778381,251.85630798339844,123.46293640136719,0.9980248212814331,193.67054748535156,108.13021850585938,0.936341404914856,244.44911193847656,91.7286148071289,0.6839051842689514,251.0585174560547,91.82525634765625,0.9901589751243591,177.58656311035156,140.22120666503906,0.860729455947876,216.01821899414062,166.78021240234375,0.99747234582901,259.7890625,144.38601684570312,0.9942672848701477
841,180.36781311035156,77.97970581054688,0.9899988770484924,150.600341796875,139.1801300048828,0.9835853576660156,186.5953826904297,120.60285949707031,0.9832183718681335,202.44940185546875,123.81425476074219,0.996042013168335,224.19570922851562,123.93844604492188,0.9974830746650696,251.81887817382812,124.81027221679688,0.9980100989341736,194.07083129882812,108.13021850585938,0.938962459564209,244.44911193847656,91.80834197998047,0.705215334892273,251.41339111328125,91.87688446044922,0.9879806637763977,177.4672393798828,139.6040802001953,0.8863257765769958,216.048095703125,166.90492248535156,0.9973764419555664,259.3084716796875,144.66085815429688,0.9940225481987
842,180.91207885742188,77.97970581054688,0.9881913065910339,150.600341796875,137.85487365722656,0.982754647731781,185.80039978027344,120.19158935546875,0.9865206480026245,201.12608337402344,123.67684936523438,0.9964720010757446,224.1419219970703,123.819091796875,0.9964466691017151,250.930908203125,124.81027221679688,0.9982286095619202,194.25885009765625,108.13021850585938,0.9356208443641663,244.44911193847656,92.10423278808594,0.648655891418457,251.49774169921875,91.87688446044922,0.988029420375824,177.4672393798828,139.30967712402344,0.9125702977180481,216.32965087890625,166.78021240234375,0.9972645044326782,259.08062744140625,144.7542266845703,0.9937577247619629
843,180.91207885742188,77.97970581054688,0.9869511127471924,150.600341796875,135.01954650878906,0.984107494354248,184.98439025878906,120.00836181640625,0.9860572814941406,199.7755584716797,123.17790985107422,0.9970186948776245,223.5987091064453,123.61808013916016,0.9968649744987488,250.69998168945312,124.81027221679688,0.9985068440437317,195.33853149414062,107.92179870605469,0.9381648898124695,242.44798278808594,92.32746887207031,0.613140881061554,251.58152770996094,91.43762969970703,0.9872667193412781,173.9429931640625,139.275146484375,0.8854143619537354,216.72560119628906,166.74705505371094,0.9968835711479187,257.3934326171875,144.7542266845703,0.9924290776252747
844,180.91207885742188,77.95061492919922,0.9879571795463562,150.3331298828125,134.70175170898438,0.9874217510223389,183.69151306152344,119.76496124267578,0.9871864318847656,198.37701416015625,122.70207977294922,0.9972881078720093,222.47714233398438,123.6396713256836,0.9972361922264099,249.93470764160156,124.61754608154297,0.9987826943397522,196.28126525878906,106.67188262939453,0.9296159744262695,223.33535766601562,92.32746887207031,0.7572260499000549,251.41339111328125,91.43762969970703,0.9874352216720581,172.13389587402344,138.92495727539062,0.867671549320221,217.09906005859375,166.73321533203125,0.9968693852424622,257.3200988769531,144.66085815429688,0.9933673739433289
845,178.4271240234375,75.11327362060547,0.9800019264221191,149.5361785888672,134.70175170898438,0.9905045628547668,182.3152313232422,119.37845611572266,0.9861131310462952,196.4856414794922,122.15058898925781,0.997183084487915,220.13565063476562,123.6396713256836,0.9979594945907593,248.3940887451172,124.30426025390625,0.9990466237068176,196.28126525878906,106.415771484375,0.9228482246398926,217.0464324951172,92.32746887207031,0.8777896165847778,251.41339111328125,91.4450912475586,0.9899752736091614,171.01104736328125,138.753662109375,0.8551076650619507,218.6059112548828,165.06698608398438,0.99688321352005,256.8253479003906,144.66085815429688,0.9866304993629456
846,178.0552520751953,75.11327362060547,0.9647429585456848,148.97779846191406,134.70175170898438,0.9910262227058411,181.0089111328125,119.12867736816406,0.9861730933189392,195.28573608398438,121.91195678710938,0.9964070916175842,218.84837341308594,123.6396713256836,0.9982866644859314,246.86822509765625,124.09928131103516,0.9991807341575623,196.28126525878906,106.19805908203125,0.9411197900772095,212.57960510253906,90.9289779663086,0.9537082314491272,250.56631469726562,91.4450912475586,0.9897241592407227,169.6017608642578,138.6032257080078,0.8067094087600708,218.7421417236328,165.06698608398438,0.996950626373291,251.58004760742188,144.7466278076172,0.9582000374794006
847,177.89564514160156,75.11327362060547,0.93812096118927,148.4628143310547,134.7018280029297,0.9925077557563782,179.6147003173828,119.12867736816406,0.9874767661094666,193.59144592285156,121.90438079833984,0.9951901435852051,218.80599975585938,123.91050720214844,0.9979438185691833,245.28636169433594,124.09928131103516,0.9990518689155579,195.97137451171875,106.17766571044922,0.956617534160614,207.21669006347656,90.09111785888672,0.9295034408569336,249.2823486328125,92.44670867919922,0.9895642995834351,165.69422912597656,136.24591064453125,0.80402672290802,218.8062286376953,165.06698608398438,0.9971678853034973,245.57052612304688,144.7466278076172,0.9855237603187561
848,177.2042999267578,76.89775848388672,0.9265377521514893,147.20016479492188,134.7018280029297,0.9922399520874023,178.77752685546875,119.09844970703125,0.9896026253700256,192.20263671875,121.84278869628906,0.9936136603355408,217.4662628173828,124.33649444580078,0.9983412027359009,244.29087829589844,124.1090316772461,0.9990655779838562,194.0639190673828,104.36578369140625,0.9516509175300598,206.74893188476562,85.99967193603516,0.9497695565223694,248.94790649414062,92.70018768310547,0.9903923273086548,165.43020629882812,136.171630859375,0.8283481597900391,218.82237243652344,165.78831481933594,0.9968810081481934,245.4713134765625,144.87257385253906,0.9949020147323608
849,176.47747802734375,80.2177963256836,0.9547142386436462,146.06622314453125,134.7018280029297,0.9933189153671265,177.83499145507812,119.12867736816406,0.9896373152732849,190.36602783203125,121.84278869628906,0.9917546510696411,217.3761749267578,124.49826049804688,0.9986640214920044,242.85540771484375,124.1090316772461,0.9988046884536743,193.61984252929688,104.2435302734375,0.9743504524230957,198.77427673339844,85.99967193603516,0.9521301984786987,247.241455078125,93.5809326171875,0.9936366081237793,164.93002319335938,136.0737762451172,0.8582763671875,218.83021545410156,165.8141632080078,0.9958337545394897,245.24398803710938,147.9320831298828,0.9938348531723022
850,176.47747802734375,80.92056274414062,0.9645892381668091,145.03497314453125,133.81930541992188,0.9922728538513184,176.89234924316406,119.13650512695312,0.9867428541183472,189.3402557373047,121.90438079833984,0.9882716536521912,216.345458984375,124.59188842773438,0.9986227750778198,241.15574645996094,124.3226318359375,0.9982703924179077,192.8735809326172,104.2435302734375,0.9755480289459229,196.84707641601562,85.99967193603516,0.9566424489021301,246.91311645507812,94.08155822753906,0.9939395189285278,164.6950225830078,136.0737762451172,0.8632095456123352,218.83021545410156,166.09249877929688,0.9955489635467529,236.65097045898438,151.1492156982422,0.9883695840835571
851,174.99441528320312,81.26663970947266,0.9821661114692688,143.61705017089844,133.4684600830078,0.9885899424552917,176.470947265625,119.27509307861328,0.9858550429344177,189.33877563476562,121.98902130126953,0.9865260720252991,215.48965454101562,124.72111511230469,0.9986318945884705,240.31362915039062,124.64893341064453,0.9975206255912781,192.8735809326172,104.2435302734375,0.972378134727478,195.6271514892578,87.58306884765625,0.9362190365791321,246.32931518554688,94.17193603515625,0.9912514090538025,164.6950225830078,136.0737762451172,0.8709113001823425,218.8062286376953,166.09249877929688,0.995315432548523,232.80850219726562,153.39974975585938,0.9841432571411133
852,174.09466552734375,81.26663970947266,0.9794600605964661,142.62905883789062,133.16380310058594,0.9833819270133972,175.5404510498047,119.80779266357422,0.9850730299949646,189.33877563476562,122.24736785888672,0.9846585988998413,214.44076538085938,124.84937286376953,0.9987733960151672,239.6647186279297,124.90409088134766,0.9971625208854675,192.123291015625,104.92972564697266,0.96698397397995,194.8020782470703,87.58306884765625,0.9658282995223999,246.3042755126953,95.15446472167969,0.9901766180992126,164.6950225830078,136.28414916992188,0.8852495551109314,218.13453674316406,165.8141632080078,0.9960552453994751,231.98345947265625,154.6096649169922,0.985640287399292
853,173.7722930908203,81.26663970947266,0.9782623052597046,140.4583282470703,132.12722778320312,0.9815928339958191,175.0010528564453,119.80779266357422,0.98473060131073,188.90443420410156,122.24736785888672,0.9857967495918274,213.22213745117188,124.9553451538086,0.9985927939414978,238.39833068847656,124.95368957519531,0.997289776802063,192.123291015625,104.92972564697266,0.968605637550354,194.8020782470703,87.58306884765625,0.9717912673950195,245.2906951904297,95.31714630126953,0.9893653392791748,165.24566650390625,136.39816284179688,0.9096061587333679,217.1425323486328,164.9511260986328,0.9961277842521667,227.69900512695312,154.64154052734375,0.9803094267845154
854,173.67428588867188,80.42548370361328,0.9703400135040283,139.13880920410156,131.90879821777344,0.9799443483352661,174.29754638671875,119.80779266357422,0.9817590713500977,188.68753051757812,122.24736785888672,0.98859041929245,211.33279418945312,124.9553451538086,0.9980944991111755,237.06280517578125,125.02725219726562,0.9974365830421448,191.66600036621094,104.92972564697266,0.9656785130500793,194.73924255371094,87.27041625976562,0.9770440459251404,244.84030151367188,96.31683349609375,0.9911850094795227,165.24566650390625,136.70262145996094,0.9200772047042847,217.02145385742188,164.9511260986328,0.9916472434997559,225.78501892089844,155.79275512695312,0.9688856601715088
855,173.51412963867188,79.7673568725586,0.9649772644042969,136.68045043945312,129.65252685546875,0.9801627397537231,174.15234375,117.67813110351562,0.9800424575805664,188.57479858398438,122.0345230102539,0.9896997809410095,210.4780731201172,124.86338806152344,0.9979922771453857,236.2921142578125,125.39453125,0.9976029992103577,191.66000366210938,104.50249481201172,0.9744178056716919,194.63768005371094,87.27041625976562,0.9788734912872314,242.75531005859375,97.41458129882812,0.9929448962211609,165.24566650390625,137.367919921875,0.9375649094581604,216.83352661132812,164.91058349609375,0.9906607270240784,224.56187438964844,156.71128845214844,0.9667333364486694
856,171.468994140625,78.74353790283203,0.9706858396530151,134.9773406982422,129.6097869873047,0.9911619424819946,173.23411560058594,117.38743591308594,0.9820318222045898,188.05438232421875,122.0345230102539,0.9919671416282654,209.772216796875,124.84937286376953,0.997731626033783,235.40562438964844,125.68221282958984,0.997104823589325,191.5519561767578,104.33821105957031,0.9722806215286255,194.60389709472656,87.22172546386719,0.9803236722946167,242.24391174316406,97.7957763671875,0.9926277995109558,164.2844696044922,137.367919921875,0.932130753993988,216.68260192871094,164.91058349609375,0.9863412976264954,224.1549530029297,157.7486114501953,0.9787824749946594
857,170.89964294433594,78.54376983642578,0.9723285436630249,133.60728454589844,129.6097869873047,0.994038462638855,171.5789031982422,116.98863983154297,0.9826720952987671,187.35104370117188,122.0345230102539,0.9931182861328125,209.24050903320312,124.67838287353516,0.9974778294563293,235.3917999267578,126.92777252197266,0.9974784255027771,190.73941040039062,104.23152160644531,0.9734746217727661,194.63768005371094,87.20101928710938,0.9833757281303406,241.94984436035156,98.00261688232422,0.9927653670310974,163.34432983398438,137.4740447998047,0.9358905553817749,216.54542541503906,165.0693817138672,0.9821564555168152,223.8994903564453,158.15890502929688,0.980728805065155
858,169.9495086669922,78.34854125976562,0.9715876579284668,132.9853515625,129.19711303710938,0.9953828454017639,170.34718322753906,116.42013549804688,0.984164297580719,183.65582275390625,122.2489242553711,0.994174063205719,208.31483459472656,124.18282318115234,0.9967325925827026,234.45989990234375,126.92777252197266,0.997819185256958,190.68112182617188,103.46965789794922,0.9747762084007263,194.63768005371094,87.20101928710938,0.9858587384223938,241.89747619628906,98.12822723388672,0.9920948147773743,161.09027099609375,137.50491333007812,0.9476767182350159,216.42373657226562,165.0693817138672,0.9765151739120483,223.69732666015625,158.15890502929688,0.9853023290634155
859,169.7501678466797,78.05109405517578,0.9795545339584351,130.87254333496094,129.19711303710938,0.994615375995636,169.13638305664062,115.72378540039062,0.9836066961288452,182.66868591308594,122.2489242553711,0.9960039258003235,207.18898010253906,124.0368423461914,0.9955121874809265,234.0559844970703,126.92777252197266,0.9981042146682739,190.20314025878906,103.06123352050781,0.9699208736419678,194.95281982421875,87.1755142211914,0.9860203862190247,241.88902282714844,98.69465637207031,0.9929068088531494,161.06597900390625,137.50714111328125,0.9549058079719543,216.3055419921875,164.91058349609375,0.9672274589538574,223.51670837402344,158.15890502929688,0.9889561533927917
860,167.74838256835938,78.05109405517578,0.9835218191146851,128.99412536621094,128.9893798828125,0.9919047355651855,168.07276916503906,115.21240997314453,0.9823237657546997,181.4822235107422,122.2489242553711,0.9972172975540161,207.01287841796875,123.74461364746094,0.9953277111053467,233.19223022460938,126.84593200683594,0.9984554052352905,189.71678161621094,102.99195098876953,0.9604998230934143,194.95281982421875,85.76172637939453,0.9866177439689636,241.67599487304688,98.69465637207031,0.9934189915657043,160.48031616210938,137.50714111328125,0.9588295817375183,216.29312133789062,163.8402557373047,0.9548807144165039,223.46673583984375,157.80421447753906,0.9921907782554626
861,165.67041015625,78.34854125976562,0.985129714012146,127.72811889648438,128.5186004638672,0.9897157549858093,167.6280975341797,115.0625,0.9869264960289001,180.6448974609375,121.65324401855469,0.9978411197662354,206.39846801757812,123.48429107666016,0.9961821436882019,232.4524688720703,126.63572692871094,0.9985219836235046,188.97727966308594,102.52980041503906,0.9485160708427429,194.95281982421875,85.70125579833984,0.9896550178527832,241.59169006347656,98.84332275390625,0.9930330514907837,159.9912567138672,137.50714111328125,0.9629184007644653,216.0649871826172,161.3848114013672,0.9373019933700562,223.15065002441406,156.76150512695312,0.9922717809677124
862,162.59994506835938,77.77657318115234,0.9865294694900513,126.74120330810547,128.5186004638672,0.9889430999755859,165.86166381835938,114.30962371826172,0.9917212128639221,178.87979125976562,120.397216796875,0.9983634352684021,204.16329956054688,122.4769515991211,0.9972354769706726,230.7984619140625,125.76468658447266,0.9986812472343445,187.1175537109375,102.17162322998047,0.9373724460601807,194.5326690673828,85.57869720458984,0.9907512664794922,241.44688415527344,99.01636505126953,0.9899868369102478,159.2863311767578,137.0269775390625,0.9636988043785095,211.41531372070312,155.93907165527344,0.9819689393043518,223.15065002441406,153.91363525390625,0.9898916482925415
863,160.30850219726562,77.44457244873047,0.9793297648429871,124.5030288696289,128.5186004638672,0.9891013503074646,164.77308654785156,113.52440643310547,0.9931238293647766,177.1634979248047,119.22999572753906,0.9983491897583008,203.64236450195312,122.24797821044922,0.9970815777778625,229.29605102539062,125.76468658447266,0.998759388923645,184.2582244873047,101.8505859375,0.929955005645752,193.600341796875,85.4534683227539,0.9902259707450867,240.91343688964844,99.03783416748047,0.9907728433609009,158.8986053466797,136.20724487304688,0.9625565409660339,208.18299865722656,155.93907165527344,0.9763887524604797,223.51670837402344,153.91363525390625,0.9920312166213989
864,154.49009704589844,77.05247497558594,0.979010820388794,123.350341796875,129.3138885498047,0.9909242987632751,163.1248016357422,112.51207733154297,0.9944401979446411,175.18687438964844,118.29546356201172,0.9976857900619507,202.9213104248047,122.1138687133789,0.9964433312416077,228.22109985351562,125.76468658447266,0.998907208442688,181.73593139648438,100.40445709228516,0.9231831431388855,192.4928436279297,85.04778289794922,0.9918211698532104,240.62289428710938,99.69066619873047,0.9922288060188293,158.02137756347656,135.32449340820312,0.962745189666748,206.0280303955078,155.3441162109375,0.9847705960273743,224.86827087402344,153.30850219726562,0.9945334196090698
865,153.2535858154297,76.88904571533203,0.9904518127441406,121.56513977050781,129.3138885498047,0.9911261200904846,162.17193603515625,112.48351287841797,0.9950538873672485,173.66891479492188,117.81818389892578,0.9970768690109253,202.39596557617188,121.90965270996094,0.9973924160003662,227.7721405029297,126.05768585205078,0.998805046081543,180.59434509277344,100.29319763183594,0.9343504905700684,192.4928436279297,84.59294128417969,0.9939314126968384,240.297607421875,100.83045959472656,0.9928939938545227,157.20729064941406,135.2472381591797,0.9555885195732117,202.56991577148438,153.40933227539062,0.9839784502983093,225.5064697265625,153.61045837402344,0.9959905743598938
866,151.23019409179688,76.55010986328125,0.9938288331031799,120.16465759277344,129.3138885498047,0.9927257299423218,161.2061309814453,112.1572265625,0.9958035349845886,172.8369598388672,117.81818389892578,0.996483564376831,202.39596557617188,121.73719024658203,0.9982730150222778,226.3917694091797,126.05768585205078,0.9985559582710266,177.19927978515625,99.89347839355469,0.9236661195755005,192.4928436279297,83.96865844726562,0.9958945512771606,238.58233642578125,102.60906982421875,0.9888258576393127,157.16311645507812,133.7999725341797,0.9449304938316345,198.3387908935547,153.40933227539062,0.9900376796722412,225.71031188964844,153.61045837402344,0.9964746832847595
867,148.42433166503906,75.2691650390625,0.9921810626983643,120.16465759277344,128.77090454101562,0.9946293234825134,159.57821655273438,110.73001861572266,0.994839608669281,171.87355041503906,117.63139343261719,0.9950613379478455,201.17922973632812,121.05479431152344,0.9987062215805054,224.70419311523438,126.05768585205078,0.9973241090774536,175.1898193359375,98.26111602783203,0.9144729971885681,192.7223358154297,83.92562866210938,0.9957956075668335,238.58233642578125,104.18500518798828,0.9820928573608398,156.6893768310547,131.57110595703125,0.9192414879798889,192.71580505371094,154.38037109375,0.9874736070632935,225.77511596679688,153.59661865234375,0.9967652559280396
868,146.1304931640625,75.2691650390625,0.9887791872024536,120.16465759277344,128.77090454101562,0.9954441785812378,158.86997985839844,110.0262680053711,0.9929512143135071,171.66949462890625,117.62037658691406,0.9956990480422974,199.7438507080078,120.9276351928711,0.99893718957901,223.0026397705078,124.8980941772461,0.9965521097183228,173.80845642089844,98.07884216308594,0.8922195434570312,193.05105590820312,83.1773452758789,0.9957336783409119,238.30963134765625,104.86131286621094,0.982837438583374,148.75445556640625,129.13742065429688,0.9282824397087097,182.55300903320312,154.08872985839844,0.9888888001441956,225.77511596679688,153.30850219726562,0.9979835748672485
869,141.7921905517578,75.2691650390625,0.9770792126655579,120.5309066772461,128.77090454101562,0.9942097663879395,157.7613983154297,109.88247680664062,0.9908883571624756,170.91189575195312,116.83350372314453,0.9967175126075745,198.67608642578125,120.88606262207031,0.9990203380584717,222.1234130859375,124.20941162109375,0.9968987703323364,172.10696411132812,97.35356903076172,0.8570349216461182,193.44264221191406,82.56391906738281,0.996364176273346,237.94972229003906,105.13230895996094,0.9822631478309631,148.75445556640625,129.13742065429688,0.9226880073547363,178.8928985595703,153.40933227539062,0.9821256399154663,225.77511596679688,152.9081268310547,0.9980417490005493
870,141.5001983642578,75.97273254394531,0.9812069535255432,120.80862426757812,131.75735473632812,0.9916121959686279,157.0103302001953,109.88247680664062,0.9903173446655273,170.6057891845703,116.4678955078125,0.9978027939796448,197.0106964111328,120.4693603515625,0.999068558216095,221.31881713867188,124.20941162109375,0.996465802192688,171.4275360107422,96.12444305419922,0.8953150510787964,193.760498046875,82.14710998535156,0.9960822463035583,237.58688354492188,104.86131286621094,0.9866761565208435,148.75445556640625,129.13742065429688,0.8834201693534851,176.1759490966797,150.79946899414062,0.9880993962287903,225.22251892089844,151.7970428466797,0.9973775148391724
871,140.0906524658203,77.18325805664062,0.9923989176750183,121.39579010009766,136.28387451171875,0.987413763999939,155.91465759277344,109.88247680664062,0.9910637140274048,169.6882781982422,115.6492691040039,0.9984819293022156,194.7537078857422,119.73139953613281,0.9990887641906738,220.07562255859375,123.95825958251953,0.9960313439369202,168.09910583496094,94.80339050292969,0.9053614139556885,193.760498046875,82.06607818603516,0.99604332447052,235.7165069580078,104.86131286621094,0.9876389503479004,161.79290771484375,133.17893981933594,0.9187103509902954,174.43402099609375,150.7071075439453,0.992775559425354,224.20880126953125,151.6071319580078,0.9952208399772644
872,134.49310302734375,77.49785614013672,0.9952675104141235,124.3659896850586,142.1369171142578,0.9844069480895996,153.24415588378906,110.60002136230469,0.9909906387329102,168.80714416503906,114.81218719482422,0.9988264441490173,192.9763946533203,119.40921020507812,0.9987189769744873,219.520751953125,123.60575103759766,0.9971306920051575,158.452392578125,92.94194793701172,0.8616436123847961,193.79376220703125,81.74073791503906,0.9963006973266602,232.4423065185547,104.37512969970703,0.9881154298782349,162.20687866210938,133.17893981933594,0.9264153838157654,162.607177734375,150.28575134277344,0.9919825196266174,221.73526000976562,150.222412109375,0.9952810406684875
873,132.97964477539062,77.74272155761719,0.9955821633338928,127.84761047363281,143.1392822265625,0.9924042820930481,151.91131591796875,110.60002136230469,0.9922411441802979,167.3096466064453,114.55573272705078,0.9990378618240356,190.77720642089844,119.40921020507812,0.9978491067886353,217.16415405273438,123.60575103759766,0.9984740614891052,155.97828674316406,92.11647033691406,0.8810619115829468,193.79376220703125,80.360595703125,0.9956439733505249,230.42144775390625,104.29724884033203,0.9886823892593384,162.20687866210938,133.17893981933594,0.9368225336074829,162.07183837890625,149.94540405273438,0.9945099353790283,221.30923461914062,150.0468292236328,0.9963908791542053
874,132.5400390625,77.74272155761719,0.9946733117103577,130.2711944580078,144.09432983398438,0.9957607388496399,151.0711212158203,110.60002136230469,0.9942447543144226,165.65826416015625,114.11652374267578,0.9990134239196777,189.2713623046875,118.57038879394531,0.9986578226089478,215.31723022460938,123.60575103759766,0.998839795589447,152.00498962402344,91.54808044433594,0.8798093199729919,193.39060974121094,79.3050537109375,0.9963817596435547,229.8972930908203,103.59504699707031,0.9902576208114624,161.79290771484375,132.88710021972656,0.919934868812561,161.68910217285156,150.28575134277344,0.9953842759132385,220.86965942382812,148.1343536376953,0.996301531791687
875,131.6880645751953,77.77510833740234,0.9942323565483093,130.2711944580078,144.1674346923828,0.9958831071853638,149.68218994140625,110.60002136230469,0.995213508605957,164.0446319580078,114.11652374267578,0.9986704587936401,188.8168487548828,118.36998748779297,0.9986365437507629,213.60804748535156,122.98825073242188,0.998893678188324,151.8834991455078,91.54808044433594,0.8966508507728577,193.35374450683594,78.8283462524414,0.9965264201164246,226.7957000732422,102.22659301757812,0.9886767864227295,160.6195831298828,132.8524627685547,0.897881805896759,161.36070251464844,150.3126983642578,0.9945331811904907,219.29220581054688,146.63880920410156,0.9950544834136963
876,130.36351013183594,78.31764221191406,0.9928171634674072,130.2711944580078,145.3000030517578,0.9905176758766174,148.00865173339844,110.60002136230469,0.996378481388092,161.39797973632812,114.11652374267578,0.9978122711181641,187.2129669189453,118.57038879394531,0.9991912245750427,212.4457244873047,122.3150405883789,0.9984227418899536,149.47689819335938,91.54808044433594,0.9310367703437805,193.28919982910156,78.61347961425781,0.9961608648300171,222.00099182128906,98.96656799316406,0.9756474494934082,155.36805725097656,132.67556762695312,0.8460810780525208,161.36070251464844,150.03347778320312,0.9869087338447571,212.1844024658203,144.54269409179688,0.9893123507499695
877,129.45501708984375,78.4289321899414,0.992121696472168,129.88577270507812,146.34048461914062,0.9864825010299683,146.83090209960938,110.6556167602539,0.9961504936218262,159.79910278320312,114.34337615966797,0.9975360631942749,187.2129669189453,118.73921203613281,0.9993212223052979,210.6947479248047,121.00811004638672,0.997565507888794,148.25840759277344,91.97019958496094,0.910836935043335,193.28919982910156,78.61347961425781,0.9960617423057556,220.61061096191406,96.21065521240234,0.9682513475418091,155.0039520263672,132.67556762695312,0.8491110801696777,161.36070251464844,150.3126983642578,0.9892232418060303,211.3864288330078,144.1047821044922,0.9869279265403748
878,128.82225036621094,78.51619720458984,0.988923966884613,128.9192657470703,148.36538696289062,0.9865505695343018,145.27272033691406,110.7942886352539,0.9958869814872742,157.62042236328125,114.43550872802734,0.9967994689941406,185.29136657714844,118.73921203613281,0.9994974136352539,209.1520538330078,120.90995788574219,0.996806263923645,148.1811981201172,92.42280578613281,0.9414790272712708,193.28919982910156,78.61347961425781,0.9953422546386719,216.7651824951172,94.98023986816406,0.9669208526611328,154.20606994628906,132.67556762695312,0.8423935174942017,161.36070251464844,150.5488739013672,0.9921215772628784,210.36788940429688,143.28973388671875,0.9904376864433289
879,126.74665832519531,78.72852325439453,0.9881212711334229,128.7016143798828,148.5127410888672,0.9849933385848999,144.46673583984375,111.03604888916016,0.9955863952636719,157.52357482910156,114.43550872802734,0.9963614344596863,183.8404998779297,118.860595703125,0.9993891716003418,207.4037322998047,120.05912780761719,0.9962993264198303,147.72438049316406,92.87710571289062,0.9401440024375916,194.70838928222656,83.46713256835938,0.994862973690033,211.897705078125,94.96166229248047,0.9541232585906982,154.13388061523438,132.7468719482422,0.8349716663360596,161.23428344726562,151.45968627929688,0.9909989833831787,206.95706176757812,142.20974731445312,0.9914381504058838
880,126.54862976074219,78.97393798828125,0.9896256327629089,125.8977279663086,148.53623962402344,0.9888595342636108,143.51063537597656,111.2294921875,0.9956427812576294,156.6160430908203,114.5387954711914,0.9947434663772583,182.7583770751953,119.13461303710938,0.9994069337844849,206.92433166503906,120.05912780761719,0.9962009787559509,147.5920867919922,93.20199584960938,0.957749605178833,194.70838928222656,85.14094543457031,0.9936913251876831,210.04600524902344,94.5767593383789,0.9646114110946655,153.51319885253906,132.7468719482422,0.8321520686149597,161.15542602539062,151.9779815673828,0.990483283996582,206.29969787597656,142.20974731445312,0.9916364550590515
881,126.21166229248047,79.07660675048828,0.9892947673797607,123.35578918457031,148.53623962402344,0.9920265078544617,142.78482055664062,111.24858093261719,0.9960429668426514,156.30752563476562,114.85328674316406,0.9950466156005859,182.2688446044922,119.45391082763672,0.9993487000465393,206.60171508789062,120.05912780761719,0.9962868690490723,147.5920867919922,93.46576690673828,0.9534847140312195,194.70838928222656,87.27701568603516,0.9858706593513489,208.10060119628906,94.16252899169922,0.9731119275093079,149.66693115234375,132.82266235351562,0.8282685875892639,160.63690185546875,152.87525939941406,0.9900868535041809,206.0635223388672,142.20974731445312,0.990185022354126
882,125.88432312011719,79.18640899658203,0.9904800057411194,122.36662292480469,148.5127410888672,0.9911928772926331,142.1020050048828,111.29082489013672,0.9964879751205444,156.1675262451172,115.8739242553711,0.9953632354736328,181.62442016601562,119.6240005493164,0.9992634654045105,206.22967529296875,120.29319763183594,0.9965972304344177,146.4744110107422,93.8375244140625,0.9593576788902283,193.16058349609375,89.2750015258789,0.9762283563613892,207.19119262695312,93.3634033203125,0.9624937772750854,149.2814483642578,132.82266235351562,0.8382369875907898,159.1356201171875,153.12680053710938,0.9904006123542786,206.0635223388672,142.2892303466797,0.9916084408760071
883,125.36321258544922,79.62248229980469,0.9914016127586365,122.20891571044922,147.89971923828125,0.9908038377761841,142.0034942626953,111.40397644042969,0.9964876174926758,156.1675262451172,116.27112579345703,0.9957969188690186,181.12161254882812,119.86896514892578,0.9991907477378845,205.93792724609375,120.45088195800781,0.9965105652809143,145.7642059326172,93.8760986328125,0.9672728776931763,193.09857177734375,90.4697494506836,0.96554034948349,206.86582946777344,93.11430358886719,0.9410046935081482,149.2467041015625,132.82266235351562,0.8426138758659363,159.1356201171875,153.12680053710938,0.9907111525535583,206.29969787597656,142.5972442626953,0.9895702600479126
884,124.79005432128906,81.06666564941406,0.9937272071838379,121.32536315917969,147.2242889404297,0.9941419959068298,141.39361572265625,112.27269744873047,0.9966729879379272,155.7913055419922,116.9566879272461,0.996545135974884,180.8682098388672,120.1891860961914,0.9991455078125,205.9021453857422,120.59410095214844,0.9964480400085449,145.4169921875,94.19634246826172,0.9754344820976257,193.09857177734375,90.47445678710938,0.9256488084793091,206.66604614257812,92.81253814697266,0.9525707960128784,149.1361541748047,133.0155487060547,0.8433881998062134,159.4577178955078,153.12680053710938,0.9913179874420166,206.44773864746094,142.64794921875,0.98773592710495
885,124.2161636352539,82.6446304321289,0.9959065914154053,121.2108154296875,146.82879638671875,0.9930826425552368,141.19448852539062,112.66765594482422,0.9966732263565063,155.35018920898438,117.36437225341797,0.9970166683197021,180.5081024169922,120.57380676269531,0.9992289543151855,205.63262939453125,120.63945007324219,0.9966250658035278,145.00697326660156,94.31356811523438,0.9799755215644836,193.09857177734375,90.83763122558594,0.921343207359314,205.65518188476562,91.86017608642578,0.9499959945678711,148.79844665527344,133.4528045654297,0.8542917966842651,160.63690185546875,152.87525939941406,0.9925071597099304,206.7846221923828,142.64794921875,0.9900235533714294
886,123.47358703613281,82.71734619140625,0.9961140155792236,120.76773071289062,145.70094299316406,0.9940794706344604,140.7141571044922,112.93489074707031,0.9962356686592102,154.82546997070312,117.808349609375,0.9974340796470642,179.81228637695312,120.63738250732422,0.9991957545280457,205.05108642578125,121.05926513671875,0.9965870380401611,145.00338745117188,94.39740753173828,0.9805944561958313,194.74159240722656,90.83763122558594,0.8741961717605591,205.65518188476562,91.58612823486328,0.9751471877098083,148.2840576171875,133.48001098632812,0.8417772054672241,159.4577178955078,153.05877685546875,0.9924808740615845,206.93301391601562,142.64794921875,0.9923664927482605
887,122.85398864746094,83.00552368164062,0.9961865544319153,120.76773071289062,144.99822998046875,0.9946534633636475,140.49806213378906,112.94257354736328,0.9962741136550903,154.30194091796875,118.19993591308594,0.9975969195365906,179.6027374267578,120.6417007446289,0.9991353154182434,204.66537475585938,121.05926513671875,0.9971833825111389,145.00338745117188,94.52326965332031,0.9803006052970886,194.92718505859375,90.83763122558594,0.8567087650299072,205.42962646484375,91.10804748535156,0.9717854261398315,148.10000610351562,133.5713653564453,0.8489031791687012,159.4577178955078,152.93728637695312,0.9923393726348877,206.93301391601562,142.64794921875,0.991081714630127
888,121.02594757080078,83.35943603515625,0.9963705539703369,120.10662078857422,144.39999389648438,0.9951217770576477,140.01364135742188,113.06108856201172,0.9961484670639038,154.27890014648438,118.2244873046875,0.9974982142448425,179.44805908203125,120.6417007446289,0.9991173148155212,204.414794921875,121.05926513671875,0.9972171783447266,145.00338745117188,95.26068115234375,0.9775552749633789,194.92718505859375,90.83763122558594,0.8586075901985168,205.42962646484375,91.10804748535156,0.9738110303878784,147.5259552001953,134.0690155029297,0.8566193580627441,159.4577178955078,152.93728637695312,0.9920376539230347,206.93301391601562,142.5858154296875,0.986861526966095
889,120.27729797363281,83.35943603515625,0.99704509973526,119.55504608154297,144.39999389648438,0.9953580498695374,139.89151000976562,113.09423828125,0.9959760308265686,154.26593017578125,118.55911254882812,0.997585654258728,179.33497619628906,120.6417007446289,0.9991894364356995,204.21693420410156,120.98384094238281,0.9974545836448669,145.76138305664062,95.26068115234375,0.9802626967430115,194.92718505859375,90.69137573242188,0.8389147520065308,205.15045166015625,91.10804748535156,0.9785696268081665,147.5259552001953,134.5161590576172,0.859183132648468,161.02651977539062,152.75738525390625,0.9924741387367249,206.93301391601562,141.67359924316406,0.9805470108985901
890,118.85781860351562,83.35943603515625,0.9973933696746826,119.18714904785156,144.39999389648438,0.9953140020370483,139.46963500976562,113.6539535522461,0.9959307312965393,154.14105224609375,118.74083709716797,0.9978466033935547,178.9830322265625,120.56754302978516,0.9991418123245239,204.13040161132812,120.60810089111328,0.9976460337638855,149.6925811767578,95.26068115234375,0.9824910759925842,194.38768005371094,90.6270523071289,0.8458690643310547,202.06475830078125,91.14270782470703,0.9741861820220947,147.0901641845703,135.48809814453125,0.8680256009101868,160.82525634765625,152.11598205566406,0.9926308393478394,206.93301391601562,141.43716430664062,0.9824547171592712
891,117.95012664794922,84.4169692993164,0.9975630044937134,117.4352798461914,145.05819702148438,0.996687114238739,139.20582580566406,114.24143981933594,0.9956910014152527,153.92539978027344,119.06317138671875,0.9979991316795349,178.5478057861328,120.47454833984375,0.9991173148155212,203.76121520996094,120.29595947265625,0.9979050159454346,149.97210693359375,95.26068115234375,0.9823302030563354,146.41314697265625,86.79759979248047,0.8686539530754089,200.73138427734375,91.9818344116211,0.9706189036369324,147.0901641845703,136.4659881591797,0.8877705931663513,160.82525634765625,151.86062622070312,0.9936400055885315,208.29000854492188,141.33909606933594,0.993457019329071
892,115.5615463256836,84.57160186767578,0.997580885887146,116.31401062011719,145.26182556152344,0.9967219233512878,138.8467559814453,114.39141845703125,0.9953162670135498,153.37425231933594,119.56983184814453,0.9982182383537292,178.0937957763672,120.4445571899414,0.998946487903595,203.4628143310547,120.29595947265625,0.9976812601089478,150.58656311035156,95.51951599121094,0.9820958375930786,146.38348388671875,86.79759979248047,0.8753453493118286,200.28826904296875,92.06114959716797,0.9722551703453064,147.5531463623047,136.62184143066406,0.8915595412254333,160.82525634765625,151.2092742919922,0.9930254220962524,208.48696899414062,140.80596923828125,0.9919500350952148
893,114.4961929321289,86.27191162109375,0.9962432384490967,114.85697937011719,145.315673828125,0.9966574907302856,138.35198974609375,115.1063461303711,0.9948692321777344,152.8979034423828,120.18099212646484,0.9982061386108398,177.7532196044922,120.437255859375,0.998842179775238,203.31224060058594,120.29595947265625,0.9980206489562988,150.58656311035156,95.65204620361328,0.9801223874092102,146.27572631835938,86.79759979248047,0.8906975984573364,200.22850036621094,92.82657623291016,0.9752869606018066,147.5531463623047,137.82806396484375,0.8913256525993347,159.3184051513672,151.2092742919922,0.9929866194725037,208.48696899414062,140.653564453125,0.992464542388916
894,113.99919128417969,87.86483764648438,0.991932213306427,112.90068054199219,145.74928283691406,0.9965751767158508,137.8592071533203,115.65925598144531,0.9947454929351807,152.1045379638672,120.69661712646484,0.9983792304992676,177.1606903076172,120.4219970703125,0.9985709190368652,202.50936889648438,122.63818359375,0.9982957243919373,150.58656311035156,95.65562438964844,0.9810276031494141,146.08609008789062,86.8943862915039,0.8883036971092224,199.77024841308594,93.57894897460938,0.9785593152046204,146.94094848632812,138.1342010498047,0.8995559215545654,159.1663055419922,151.34304809570312,0.9929525256156921,208.48696899414062,140.32440185546875,0.9928972721099854
895,112.8499755859375,90.72445678710938,0.9925748109817505,111.82294464111328,146.1800994873047,0.9959851503372192,137.5959930419922,116.74273681640625,0.9939393997192383,151.16358947753906,121.46009063720703,0.9983226656913757,176.6280975341797,120.4219970703125,0.9982971549034119,202.17091369628906,122.63818359375,0.9985287189483643,150.58656311035156,96.49409484863281,0.9815789461135864,146.08609008789062,87.627197265625,0.9095331430435181,198.7213897705078,94.06755828857422,0.9808353185653687,145.587158203125,138.7242889404297,0.8934741616249084,159.1320037841797,151.34304809570312,0.9935715198516846,208.6800537109375,140.32440185546875,0.9911303520202637
896,112.817138671875,91.90229797363281,0.9910878539085388,111.59918212890625,146.30032348632812,0.9951457381248474,137.54995727539062,117.13142395019531,0.9929256439208984,150.88270568847656,121.78938293457031,0.9981973767280579,176.1183624267578,120.4219970703125,0.9980803728103638,201.71209716796875,122.63818359375,0.9987050294876099,150.4463348388672,96.9717788696289,0.9833758473396301,146.08609008789062,88.29859161376953,0.9075889587402344,198.7213897705078,94.94918060302734,0.978467583656311,143.91796875,139.31390380859375,0.8856415152549744,159.1320037841797,151.4951934814453,0.9931489825248718,208.7875213623047,140.14340209960938,0.9919930696487427
897,111.7031021118164,92.4317626953125,0.9898132681846619,109.89634704589844,148.6051025390625,0.9944583177566528,137.43052673339844,117.71391296386719,0.9909641742706299,150.6537322998047,122.22115325927734,0.9980663657188416,175.98989868164062,120.4219970703125,0.998139500617981,201.6827850341797,122.55577087402344,0.998741090297699,150.4463348388672,96.9717788696289,0.9859604835510254,146.48333740234375,88.56788635253906,0.8809322118759155,198.7213897705078,95.31495666503906,0.970067024230957,133.821533203125,139.95870971679688,0.8671534061431885,158.8845672607422,151.79190063476562,0.9945870637893677,208.7875213623047,139.2747802734375,0.9941816926002502
898,109.94429779052734,94.18818664550781,0.9892900586128235,109.37747955322266,149.8167266845703,0.99346524477005,137.17355346679688,118.8584213256836,0.9920712113380432,150.2277374267578,122.49495697021484,0.9980490207672119,173.57907104492188,120.6650161743164,0.9979508519172668,201.67173767089844,122.10528564453125,0.9990953207015991,150.6453857421875,97.02433013916016,0.9841444492340088,148.7252197265625,88.56788635253906,0.8934351205825806,200.17848205566406,95.48023223876953,0.9535507559776306,133.40855407714844,141.12852478027344,0.902510941028595,158.37571716308594,152.4114227294922,0.9946797490119934,208.7875213623047,139.17001342773438,0.9937286376953125
899,108.04170989990234,96.11839294433594,0.9929295182228088,109.09095764160156,150.81072998046875,0.9909340143203735,136.60147094726562,119.84210968017578,0.9934012293815613,149.8498992919922,122.76405334472656,0.9981004595756531,172.95111083984375,121.24616241455078,0.9970932006835938,201.07017517089844,121.64556884765625,0.9992586970329285,150.6453857421875,97.1319808959961,0.9816661477088928,148.7252197265625,88.56788635253906,0.8942696452140808,200.17848205566406,95.51532745361328,0.9654942750930786,133.24452209472656,141.70379638671875,0.9296482801437378,158.26072692871094,152.49765014648438,0.993308424949646,208.4120330810547,139.05332946777344,0.9899795055389404
900,104.75379943847656,96.53795623779297,0.9941199421882629,107.3509750366211,156.50782775878906,0.982552170753479,135.23648071289062,120.21949005126953,0.9947013854980469,148.78173828125,122.76405334472656,0.9976955056190491,172.2938995361328,121.39432525634766,0.9977067708969116,200.60108947753906,121.33505249023438,0.9993442893028259,150.4463348388672,97.42086791992188,0.9750241041183472,148.7252197265625,88.0845947265625,0.965398371219635,201.48040771484375,98.1664810180664,0.9643723368644714,133.03125,141.70379638671875,0.9365057349205017,158.26072692871094,152.7763214111328,0.9930336475372314,208.06411743164062,138.53541564941406,0.9887612462043762
901,104.09358978271484,97.8264389038086,0.9959828853607178,107.3509750366211,158.94024658203125,0.9934489130973816,134.8294219970703,121.58462524414062,0.9963178634643555,148.69845581054688,122.76405334472656,0.9974216222763062,172.14825439453125,121.47290802001953,0.9978942275047302,199.608154296875,120.88728332519531,0.9994581341743469,149.70632934570312,99.18334197998047,0.9791772961616516,148.07801818847656,88.0368423461914,0.9887329339981079,201.48040771484375,98.39137268066406,0.9605220556259155,132.74755859375,141.70379638671875,0.9278122186660767,158.37571716308594,153.16180419921875,0.993886411190033,207.9226531982422,138.13217163085938,0.9916998744010925
902,102.5313491821289,98.98939514160156,0.9973881840705872,107.3509750366211,160.2797393798828,0.9958220720291138,134.3697967529297,122.01471710205078,0.9963560104370117,148.12266540527344,121.7575912475586,0.9965991377830505,171.9186553955078,121.55817413330078,0.9976346492767334,199.14414978027344,120.66871643066406,0.9994189739227295,148.9956512451172,99.59758758544922,0.9764437675476074,147.8729248046875,84.19194793701172,0.9949573874473572,199.70797729492188,98.8636245727539,0.9644196629524231,132.44552612304688,141.70379638671875,0.9266074895858765,158.5290069580078,153.94129943847656,0.9943479895591736,207.3806915283203,136.68836975097656,0.98895663022995
903,102.5313491821289,98.98939514160156,0.9975715279579163,108.37483215332031,160.2797393798828,0.9964972138404846,133.5450897216797,122.49668884277344,0.9967249035835266,147.04019165039062,121.7575912475586,0.9965349435806274,171.9186553955078,121.80401611328125,0.9972015619277954,198.29307556152344,120.63609313964844,0.9995230436325073,147.60643005371094,100.0402603149414,0.9685059785842896,145.906005859375,83.63920593261719,0.9953007698059082,199.23175048828125,99.65699768066406,0.959525465965271,131.7099609375,141.70379638671875,0.9218259453773499,158.66622924804688,153.94129943847656,0.9935279488563538,207.0282440185547,136.2313232421875,0.9822662472724915
904,102.5313491821289,98.98939514160156,0.9972496628761292,108.61531066894531,160.2797393798828,0.9955759048461914,133.26513671875,123.09490966796875,0.9965384006500244,146.2838897705078,121.7575912475586,0.9961856007575989,171.9186553955078,121.85498809814453,0.9975892305374146,197.27691650390625,120.66871643066406,0.9995511174201965,147.3497314453125,100.48739624023438,0.9697027802467346,145.906005859375,83.63920593261719,0.9939796924591064,198.7996826171875,99.99034118652344,0.9655095934867859,131.69708251953125,141.71495056152344,0.9206660389900208,158.66622924804688,153.94129943847656,0.9935932755470276,206.94049072265625,135.1267852783203,0.9730753302574158
905,102.5313491821289,99.26602935791016,0.9967740178108215,112.14498901367188,159.07177734375,0.9927623867988586,132.5670928955078,123.38407897949219,0.9964344501495361,145.7862548828125,121.88636016845703,0.9951542615890503,171.50706481933594,121.85498809814453,0.9979397654533386,197.02313232421875,120.66871643066406,0.9995152950286865,147.28773498535156,100.55964660644531,0.9657873511314392,145.88934326171875,83.63920593261719,0.9911124110221863,198.5438995361328,100.15384674072266,0.963619589805603,131.25978088378906,141.79888916015625,0.9153627753257751,158.66622924804688,153.8149871826172,0.9927697777748108,206.7890167236328,135.1267852783203,0.974032461643219
906,102.5313491821289,99.26602935791016,0.9969720840454102,114.47138214111328,159.07177734375,0.9932652711868286,131.58680725097656,123.85118865966797,0.9964235424995422,144.8543243408203,121.88636016845703,0.993424654006958,171.50706481933594,121.80401611328125,0.9984065890312195,196.0232696533203,120.75384521484375,0.9993264675140381,146.1996307373047,100.7118911743164,0.959135115146637,145.7447052001953,84.78250885009766,0.9939086437225342,197.41868591308594,100.52206420898438,0.9676522016525269,130.48385620117188,142.2264862060547,0.9184319972991943,158.5035400390625,153.77914428710938,0.9930928945541382,206.5186309814453,136.2313232421875,0.9726804494857788
907,101.28255462646484,99.78594970703125,0.9977263808250427,115.12528228759766,159.07177734375,0.9948315620422363,130.6768341064453,123.86028289794922,0.9963483214378357,144.0079345703125,121.88636016845703,0.9926459789276123,171.50706481933594,121.68479919433594,0.9986043572425842,195.42405700683594,121.5275650024414,0.999138355255127,145.22605895996094,100.84737396240234,0.9538002014160156,145.58282470703125,85.00487518310547,0.9932518601417542,196.07252502441406,101.38742065429688,0.968755841255188,129.66136169433594,142.26669311523438,0.9234330654144287,158.0908966064453,153.4536895751953,0.9893873929977417,194.0106964111328,138.5554656982422,0.9606375694274902
908,100.3639144897461,101.799560546875,0.9970999956130981,115.47744750976562,159.3169403076172,0.9954707622528076,129.83346557617188,123.90132141113281,0.995629072189331,143.41818237304688,121.81970977783203,0.9905851483345032,171.1188507080078,121.35425567626953,0.9986145496368408,195.3942108154297,121.5275650024414,0.9988227486610413,145.20416259765625,100.84737396240234,0.9564129114151001,144.8783416748047,85.25914764404297,0.990189254283905,195.90090942382812,101.45245361328125,0.97212153673172,129.65354919433594,142.28451538085938,0.926395058631897,157.83949279785156,153.21824645996094,0.9873156547546387,191.703857421875,142.2263946533203,0.9959432482719421
909,99.42552947998047,102.73452758789062,0.996507465839386,115.48429870605469,159.33189392089844,0.9957206845283508,129.10401916503906,123.86028289794922,0.9947792291641235,142.0296173095703,121.81970977783203,0.9869639277458191,169.44569396972656,120.78535461425781,0.9985917210578918,193.728759765625,121.84962463378906,0.9980705380439758,145.18252563476562,100.7118911743164,0.9380754232406616,143.31231689453125,85.33318328857422,0.9837198257446289,195.6538543701172,101.842529296875,0.9807097911834717,129.09400939941406,142.33897399902344,0.9326065182685852,157.7327117919922,153.21824645996094,0.9872673153877258,190.1338653564453,143.87417602539062,0.9962970614433289
910,98.70411682128906,104.15973663330078,0.9939935803413391,115.56929779052734,159.3573455810547,0.9957852959632874,128.79344177246094,123.93669128417969,0.9934548735618591,141.36578369140625,121.73389434814453,0.98434978723526,168.2252960205078,120.68809509277344,0.9984005093574524,191.5509033203125,121.84962463378906,0.9969046711921692,144.19448852539062,100.04046630859375,0.9253495335578918,143.23196411132812,85.33318328857422,0.9870600700378418,195.5634307861328,102.20616912841797,0.9832562208175659,128.94334411621094,142.33897399902344,0.9264335036277771,157.43731689453125,153.4536895751953,0.9899206161499023,183.33848571777344,144.4936065673828,0.9919700026512146
911,97.79167175292969,105.11918640136719,0.9898726940155029,115.6836929321289,159.36012268066406,0.9958581328392029,128.15342712402344,123.96853637695312,0.992466151714325,141.36578369140625,121.73389434814453,0.9827246069908142,167.90673828125,120.60166931152344,0.9985596537590027,191.38417053222656,121.2888412475586,0.9965370893478394,143.3168487548828,99.59038543701172,0.931147038936615,143.14491271972656,85.3392562866211,0.9908648133277893,195.02557373046875,102.20616912841797,0.9870049357414246,128.87786865234375,142.37257385253906,0.9287772178649902,157.43301391601562,153.61537170410156,0.9886170029640198,183.33848571777344,146.87924194335938,0.9951478838920593
912,97.25271606445312,105.84718322753906,0.9909201860427856,118.094970703125,160.2790985107422,0.9965794682502747,127.88218688964844,123.98377990722656,0.994396448135376,141.06793212890625,121.78770446777344,0.9824807047843933,166.33692932128906,120.44450378417969,0.9986598491668701,190.31663513183594,121.21641540527344,0.9968284964561462,142.34092712402344,99.55428314208984,0.9306187033653259,143.0688934326172,85.5213394165039,0.992787778377533,194.94964599609375,102.20616912841797,0.9827029705047607,127.97952270507812,142.45274353027344,0.9385403394699097,157.43301391601562,153.61537170410156,0.9906616806983948,183.33848571777344,148.67562866210938,0.9951051473617554
913,97.0450668334961,106.60550689697266,0.9905059933662415,120.04114532470703,160.99436950683594,0.9958407282829285,127.13031768798828,124.14382934570312,0.9953110814094543,140.69635009765625,121.84396362304688,0.9828786849975586,165.85401916503906,120.60166931152344,0.9986060261726379,189.59771728515625,121.21212768554688,0.9969719648361206,141.84713745117188,99.5462875366211,0.9360710382461548,143.0688934326172,85.5213394165039,0.9929216504096985,194.94964599609375,102.10369873046875,0.9804907441139221,127.6422119140625,142.45274353027344,0.9394014477729797,157.08352661132812,153.61537170410156,0.9850732684135437,186.2647247314453,150.13023376464844,0.9954702854156494
914,96.60067749023438,106.64725494384766,0.9905439615249634,121.06416320800781,161.56558227539062,0.9936785101890564,126.72457122802734,124.46142578125,0.9956616759300232,140.3626708984375,121.84396362304688,0.9838828444480896,164.13389587402344,120.68809509277344,0.9985526204109192,188.7022247314453,121.21212768554688,0.9982632994651794,141.77066040039062,99.5462875366211,0.9297524690628052,143.14491271972656,85.5213394165039,0.9936716556549072,191.40428161621094,101.99959564208984,0.9552555084228516,127.60356140136719,142.47361755371094,0.9368574023246765,157.08352661132812,153.48670959472656,0.975284218788147,188.61627197265625,150.3331756591797,0.9952976107597351
915,95.47970581054688,107.10262298583984,0.9866852760314941,121.32966613769531,162.96417236328125,0.9871858954429626,126.11250305175781,125.50606536865234,0.9959810972213745,139.69244384765625,121.935302734375,0.983875572681427,162.7989044189453,120.73368835449219,0.9982346296310425,187.86985778808594,121.21212768554688,0.998101532459259,140.1527099609375,99.5462875366211,0.9434612393379211,143.14491271972656,84.92291259765625,0.9912954568862915,185.8470458984375,101.29251098632812,0.8924576044082642,127.55879211425781,143.4323272705078,0.9271830320358276,156.94046020507812,153.2996368408203,0.9761728048324585,189.09454345703125,150.3331756591797,0.9953548908233643
916,94.74702453613281,107.39632415771484,0.9855221509933472,121.38250732421875,163.5393829345703,0.9832215309143066,125.10791015625,126.02777862548828,0.9961896538734436,138.2152099609375,123.4100570678711,0.9859749674797058,161.4679412841797,120.73368835449219,0.9973762035369873,187.228515625,121.5201644897461,0.9983803033828735,138.392578125,99.55428314208984,0.9592478275299072,142.97474670410156,84.83734130859375,0.9924679398536682,176.95297241210938,96.8434066772461,0.9170617461204529,127.28926086425781,146.81906127929688,0.9268487691879272,156.857421875,152.8920135498047,0.974291980266571,189.09454345703125,150.3331756591797,0.9949640035629272
917,93.35026550292969,111.72331237792969,0.9873307347297668,121.38250732421875,164.04818725585938,0.9817366600036621,124.0057373046875,126.16737365722656,0.9964756369590759,137.05490112304688,123.71002197265625,0.9881949424743652,159.90878295898438,120.73368835449219,0.9940493106842041,186.6235809326172,121.5201644897461,0.9985979199409485,133.7670440673828,100.44921112060547,0.9495125412940979,143.5564727783203,84.83734130859375,0.994382381439209,170.8720245361328,93.2760238647461,0.946689248085022,126.99397277832031,146.81906127929688,0.9234347939491272,155.915283203125,152.4091033935547,0.9453067779541016,189.09454345703125,150.30291748046875,0.9952491521835327
918,91.60826110839844,112.28988647460938,0.9896849393844604,121.32966613769531,164.327880859375,0.9783761501312256,123.45939636230469,126.30782318115234,0.9966598749160767,136.74114990234375,123.95819091796875,0.9888322353363037,159.89114379882812,120.32260131835938,0.9942460656166077,185.78245544433594,121.5201644897461,0.9988765120506287,132.0471954345703,101.28722381591797,0.9285322427749634,143.5564727783203,84.83734130859375,0.9927661418914795,166.783935546875,89.83317565917969,0.9254825711250305,126.97581481933594,146.81906127929688,0.9243578910827637,155.86029052734375,152.24729919433594,0.9499379992485046,188.28614807128906,150.06275939941406,0.995430588722229
919,89.6933364868164,113.06273651123047,0.9904279708862305,120.92976379394531,164.95272827148438,0.9772836565971375,121.97058868408203,126.96228790283203,0.9955053329467773,135.24598693847656,124.60107421875,0.9915238618850708,159.10943603515625,120.32260131835938,0.9946817755699158,185.3123016357422,120.62690734863281,0.9991338849067688,123.2887954711914,102.03137969970703,0.9391463994979858,143.83929443359375,84.87535858154297,0.9932832717895508,162.98060607910156,87.60433197021484,0.890657901763916,126.97581481933594,146.65660095214844,0.9152094125747681,155.3048553466797,152.24729919433594,0.948695957660675,188.0485076904297,150.06275939941406,0.9956727027893066
920,87.90869903564453,113.49578094482422,0.996025800704956,120.64511108398438,165.1297607421875,0.98078852891922,120.83295440673828,127.86744689941406,0.9933183193206787,132.24945068359375,125.2674560546875,0.9912410378456116,157.68115234375,120.32260131835938,0.9956179857254028,184.48483276367188,120.25281524658203,0.9992475509643555,121.908203125,103.03866577148438,0.9712027311325073,144.93154907226562,84.87535858154297,0.9937263131141663,159.6466827392578,87.59452819824219,0.87095707654953,126.54976654052734,146.65660095214844,0.9203115701675415,155.3048553466797,152.24729919433594,0.9155316352844238,187.34910583496094,149.8896484375,0.9943205118179321
921,86.19717407226562,114.48712158203125,0.9970875382423401,120.40296936035156,165.73236083984375,0.9806147217750549,120.42239379882812,129.96339416503906,0.9942139983177185,131.5998992919922,125.69967651367188,0.9931654334068298,157.3462677001953,120.32260131835938,0.9951140880584717,184.35244750976562,120.24177551269531,0.9993194341659546,117.21195220947266,104.0890884399414,0.969318687915802,146.4649200439453,84.87535858154297,0.9857255220413208,157.20668029785156,82.09046173095703,0.8748417496681213,125.92427062988281,146.65660095214844,0.917681872844696,155.3048553466797,152.46417236328125,0.9213593006134033,186.98191833496094,149.61929321289062,0.9931924939155579
922,83.7015151977539,115.13441467285156,0.9974575638771057,120.3233413696289,166.1962432861328,0.9777451157569885,120.06071472167969,130.79217529296875,0.9952781200408936,130.53466796875,126.33439636230469,0.9944475889205933,156.5172882080078,120.32260131835938,0.9958043694496155,183.00384521484375,120.18016815185547,0.9994074106216431,114.83441162109375,106.19437408447266,0.960548460483551,146.52023315429688,84.26802062988281,0.984838604927063,151.04681396484375,81.56536865234375,0.8801530003547668,125.5075454711914,148.6136016845703,0.9123950004577637,155.85699462890625,152.46417236328125,0.9436168074607849,186.35745239257812,149.3306121826172,0.9948052763938904
923,81.80109405517578,116.6640396118164,0.9961600303649902,120.18988800048828,166.3184356689453,0.9784421324729919,119.23873901367188,131.18177795410156,0.9954078793525696,129.119873046875,126.5940933227539,0.9939741492271423,155.35427856445312,120.19635009765625,0.9969395399093628,181.37815856933594,120.1779556274414,0.9994925260543823,114.16544342041016,106.35650634765625,0.9306367635726929,147.0541229248047,84.15450286865234,0.9823386073112488,151.02732849121094,81.54936981201172,0.940891683101654,124.441650390625,148.65911865234375,0.9158433079719543,155.94314575195312,152.46417236328125,0.9460891485214233,185.32472229003906,149.19577026367188,0.9936822652816772
924,80.04237365722656,117.50473022460938,0.9925829172134399,120.16645812988281,166.3184356689453,0.976767361164093,118.7549057006836,131.74264526367188,0.9965016841888428,128.79254150390625,127.04678344726562,0.9943587183952332,154.62498474121094,119.87763214111328,0.9964781403541565,180.12838745117188,120.0093002319336,0.9994801878929138,113.91249084472656,108.23661804199219,0.9479228258132935,147.0541229248047,83.85514068603516,0.9894512295722961,150.5028076171875,81.48115539550781,0.9457488656044006,124.35257720947266,148.72073364257812,0.9230214357376099,156.32188415527344,152.5293731689453,0.901535153388977,184.2750701904297,148.44468688964844,0.9937345385551453
925,80.04237365722656,120.56776428222656,0.9876973032951355,119.77249908447266,166.3625030517578,0.9812659621238708,118.64559936523438,132.56085205078125,0.9966599941253662,127.7009048461914,127.23737335205078,0.9944137334823608,154.62498474121094,119.87763214111328,0.9962823987007141,179.0342559814453,119.6886978149414,0.9994316697120667,113.45748901367188,110.93727111816406,0.8683919310569763,147.0541229248047,83.85514068603516,0.9921630024909973,150.5028076171875,81.48115539550781,0.9455156326293945,123.58035278320312,149.42762756347656,0.934954822063446,156.32188415527344,152.47547912597656,0.9230826497077942,180.53842163085938,146.48277282714844,0.9951236844062805
926,80.03732299804688,123.08319854736328,0.9874070286750793,119.57157897949219,166.50131225585938,0.984064519405365,118.5318374633789,133.2746124267578,0.9957703948020935,127.21627044677734,127.75880432128906,0.9946597218513489,153.9727020263672,119.87763214111328,0.9961329698562622,178.33221435546875,119.5583724975586,0.9993764758110046,101.42422485351562,117.95967102050781,0.8986544609069824,146.25900268554688,83.85514068603516,0.9889539480209351,150.18682861328125,81.48115539550781,0.9618772268295288,123.42530822753906,149.97970581054688,0.9370241761207581,157.19032287597656,152.47547912597656,0.9515155553817749,179.6508331298828,145.5844268798828,0.9943369030952454
927,79.19947814941406,126.36988830566406,0.9928030371665955,119.10697174072266,166.75643920898438,0.9825772643089294,118.27101135253906,134.84573364257812,0.9929075241088867,125.9808120727539,128.7542724609375,0.9924795627593994,153.76800537109375,119.87763214111328,0.9945685863494873,177.00794982910156,118.59139251708984,0.9991668462753296,100.1013412475586,121.04183959960938,0.8452356457710266,145.41329956054688,84.61090087890625,0.9865217804908752,150.18682861328125,81.87895202636719,0.9659667611122131,123.33583068847656,150.44281005859375,0.9415851831436157,157.19032287597656,152.47547912597656,0.9454128742218018,179.55484008789062,145.5844268798828,0.9950502514839172
928,78.03518676757812,129.04446411132812,0.9916465878486633,119.05970001220703,166.975830078125,0.9778441190719604,117.93898010253906,135.81033325195312,0.9841828942298889,125.9808120727539,129.31243896484375,0.9909823536872864,153.1490020751953,119.87763214111328,0.9952729344367981,176.94752502441406,116.66368865966797,0.9992094039916992,100.07767486572266,122.07797241210938,0.8704482316970825,145.29638671875,84.94583129882812,0.9786946177482605,149.36354064941406,82.12360382080078,0.969809889793396,123.04285430908203,150.63638305664062,0.942653477191925,157.19032287597656,152.47547912597656,0.935093104839325,178.9013214111328,145.474853515625,0.995137631893158
929,76.43048095703125,131.64776611328125,0.9892207980155945,119.05970001220703,167.19400024414062,0.9784755706787109,116.46958923339844,137.2071990966797,0.9829818606376648,125.15896606445312,129.78038024902344,0.9881550073623657,153.08328247070312,119.81634521484375,0.9964438080787659,176.5970001220703,116.27766418457031,0.9993183612823486,99.45503234863281,123.88495635986328,0.8824750185012817,144.54251098632812,86.27650451660156,0.9635200500488281,149.21084594726562,83.31744384765625,0.9740274548530579,122.83466339111328,151.1140899658203,0.9372345209121704,157.08181762695312,152.10952758789062,0.9065006375312805,178.1202392578125,144.9558868408203,0.9940565824508667
930,76.43048095703125,132.92945861816406,0.9881414175033569,119.05970001220703,167.32188415527344,0.975074827671051,115.24693298339844,138.0687713623047,0.980340301990509,124.92967987060547,129.79893493652344,0.9889758825302124,150.72586059570312,119.712158203125,0.99741131067276,174.89186096191406,116.02381896972656,0.9994157552719116,98.9703598022461,124.72853088378906,0.8940143585205078,144.00747680664062,86.27650451660156,0.9661924242973328,149.21084594726562,83.92391967773438,0.9776604175567627,122.75303649902344,151.45663452148438,0.9359434843063354,156.7669677734375,151.8667449951172,0.8732408881187439,176.22816467285156,144.63780212402344,0.9940193891525269
931,76.43048095703125,133.75759887695312,0.9874160885810852,119.04574584960938,167.45570373535156,0.9696374535560608,113.80101776123047,138.43624877929688,0.9751390218734741,124.54653930664062,129.92405700683594,0.9900559186935425,149.62721252441406,119.58621978759766,0.998450756072998,173.6949920654297,115.31887817382812,0.9994557499885559,98.07160949707031,125.7181625366211,0.9044966101646423,143.18394470214844,86.27650451660156,0.9691728949546814,148.78623962402344,84.16090393066406,0.9765892624855042,121.71147155761719,151.55154418945312,0.9341769218444824,155.8677215576172,151.3064727783203,0.8372454047203064,175.71511840820312,144.24267578125,0.9942063093185425
932,77.22749328613281,136.49612426757812,0.9830924868583679,117.53951263427734,167.80865478515625,0.9797612428665161,113.18038940429688,139.2299346923828,0.9745396375656128,124.14315032958984,129.95960998535156,0.9900418519973755,147.83309936523438,119.3573226928711,0.9982605576515198,172.2416534423828,114.87203979492188,0.9993732571601868,96.49870300292969,125.7181625366211,0.9250594973564148,142.03524780273438,86.06920623779297,0.966888964176178,148.78623962402344,84.33263397216797,0.9880052208900452,121.1663818359375,151.7788543701172,0.9272687435150146,155.8677215576172,150.1388397216797,0.8456016182899475,175.55003356933594,143.12315368652344,0.9916990995407104
933,77.68172454833984,139.4399871826172,0.982761561870575,117.20620727539062,168.32411193847656,0.9759711623191833,112.45121002197266,139.86953735351562,0.963601291179657,121.63672637939453,131.1739959716797,0.9916606545448303,146.60409545898438,119.27223205566406,0.9983071088790894,171.39149475097656,114.87203979492188,0.9992554783821106,96.15823364257812,125.7181625366211,0.9392666220664978,141.39675903320312,85.3899154663086,0.9715070724487305,148.78623962402344,84.33263397216797,0.9889110326766968,118.28643798828125,154.75042724609375,0.9265719652175903,156.7669677734375,149.8499298095703,0.8947535753250122,174.23667907714844,141.18661499023438,0.9904000163078308
934,77.68172454833984,140.17063903808594,0.9741532206535339,116.26407623291016,168.61581420898438,0.9777039289474487,111.71692657470703,140.37838745117188,0.9615041017532349,120.8233642578125,131.74673461914062,0.992933988571167,145.80938720703125,119.27106475830078,0.9980302453041077,171.0196533203125,114.87203979492188,0.9991186261177063,96.06231689453125,125.28361511230469,0.9461308717727661,140.59677124023438,85.3899154663086,0.9635705351829529,148.99423217773438,84.33263397216797,0.99078369140625,117.30384063720703,155.57554626464844,0.9392556548118591,156.7669677734375,149.1961212158203,0.9210910201072693,171.24380493164062,141.1524200439453,0.9871489405632019
935,77.22749328613281,140.1826934814453,0.9774914979934692,114.86124420166016,168.9698028564453,0.9780153632164001,111.42720031738281,140.8039093017578,0.9636837840080261,120.40347290039062,132.0153045654297,0.9936546087265015,144.9717254638672,119.0482177734375,0.998096764087677,169.60438537597656,114.61229705810547,0.9991845488548279,95.93364715576172,125.06333923339844,0.9468244314193726,140.37171936035156,85.3899154663086,0.9618808627128601,148.99423217773438,84.3683090209961,0.989355742931366,116.56460571289062,155.86630249023438,0.9418923258781433,156.6899871826172,147.61871337890625,0.9153220653533936,170.05003356933594,140.57318115234375,0.9867525100708008
936,75.67700958251953,141.33753967285156,0.9794942140579224,113.97307586669922,169.22000122070312,0.9807460308074951,110.96162414550781,140.82569885253906,0.9601661562919617,120.19097137451172,132.04298400878906,0.9928622841835022,144.24267578125,118.6974105834961,0.9978981018066406,168.61590576171875,114.61229705810547,0.9991638660430908,95.81266784667969,124.5528335571289,0.9473509788513184,139.2592315673828,86.5862808227539,0.9583654403686523,149.0831298828125,84.15380096435547,0.9929169416427612,115.23516845703125,155.93772888183594,0.938493549823761,156.6899871826172,147.35128784179688,0.9503552317619324,169.87294006347656,140.1284637451172,0.9863622188568115
937,74.71144104003906,142.9615020751953,0.9852811694145203,113.59190368652344,169.51609802246094,0.9814574122428894,110.5372314453125,140.83316040039062,0.9520541429519653,119.47049713134766,132.09947204589844,0.9938325881958008,143.5496826171875,118.6974105834961,0.9975571632385254,168.13604736328125,114.7955093383789,0.9991601705551147,95.34241485595703,124.48853302001953,0.9454525113105774,139.09637451171875,86.8660659790039,0.9602269530296326,149.0831298828125,84.15380096435547,0.99339359998703,115.21451568603516,156.0169677734375,0.9439971446990967,156.2274932861328,147.04690551757812,0.9632493257522583,169.87294006347656,138.00152587890625,0.9831826686859131
938,74.07688903808594,143.50125122070312,0.988307774066925,112.74661254882812,169.6039276123047,0.9791613221168518,110.43994140625,140.89279174804688,0.9555845856666565,119.25947570800781,132.29400634765625,0.9940420985221863,143.3974609375,118.6974105834961,0.9974820017814636,167.94802856445312,114.7955093383789,0.9991685152053833,95.34241485595703,123.8598403930664,0.9519712924957275,139.0662384033203,86.89376068115234,0.9403820037841797,149.0110321044922,84.48950958251953,0.9933061003684998,114.79059600830078,156.4385986328125,0.9413132667541504,155.65867614746094,146.14320373535156,0.9304772615432739,169.87294006347656,136.39610290527344,0.9849302768707275
939,73.45413970947266,146.0352783203125,0.9936508536338806,111.64612579345703,169.6039276123047,0.9760609865188599,110.28337097167969,140.83316040039062,0.9511030316352844,118.78816986083984,132.37229919433594,0.9942750334739685,143.3974609375,119.01409912109375,0.9971634745597839,167.64988708496094,114.7955093383789,0.9991567134857178,95.34241485595703,123.8598403930664,0.9605587720870972,139.0662384033203,87.2238540649414,0.9463856220245361,149.0110321044922,84.48950958251953,0.9943965673446655,114.29500579833984,156.4385986328125,0.9435164928436279,154.5725555419922,146.02601623535156,0.9224321246147156,170.5690155029297,135.16766357421875,0.9864093065261841
940,73.1194076538086,146.0352783203125,0.9951143264770508,110.89227294921875,169.6039276123047,0.9729770421981812,110.13715362548828,140.83316040039062,0.9559906721115112,118.64063262939453,132.3737335205078,0.9942173957824707,143.3974609375,119.01409912109375,0.9968994855880737,167.50656127929688,114.83753204345703,0.9991470575332642,95.38197326660156,124.48853302001953,0.9632194638252258,139.0251007080078,87.2238540649414,0.9610337615013123,149.4112548828125,84.50724792480469,0.9942651391029358,113.87019348144531,156.4691925048828,0.9425797462463379,154.07635498046875,146.02601623535156,0.9477438926696777,170.5690155029297,134.34567260742188,0.988166868686676
941,72.82801818847656,146.0352783203125,0.9943713545799255,109.9072265625,169.54849243164062,0.967165470123291,107.70465087890625,140.40478515625,0.9544757008552551,118.47552490234375,132.3737335205078,0.9946430921554565,143.5334014892578,119.01409912109375,0.9966373443603516,167.21994018554688,114.8642349243164,0.999263346195221,95.79840850830078,126.47612762451172,0.9628555178642273,138.90426635742188,87.35247802734375,0.9557029604911804,149.4112548828125,84.73507690429688,0.9945631623268127,113.45488739013672,156.60678100585938,0.9443261623382568,153.80734252929688,146.02601623535156,0.9467031359672546,170.67747497558594,134.3375244140625,0.9855962991714478
942,72.82801818847656,145.6637420654297,0.9952571988105774,109.69176483154297,169.54849243164062,0.9672642350196838,107.46316528320312,140.40135192871094,0.9615117311477661,118.16520690917969,132.4884033203125,0.9946485161781311,143.5334014892578,119.0044937133789,0.9968851208686829,167.18283081054688,114.86759185791016,0.9992996454238892,96.12287902832031,126.47612762451172,0.9621276259422302,138.90426635742188,87.2238540649414,0.9602533578872681,149.62794494628906,84.73507690429688,0.9950450658798218,112.88981628417969,156.9878387451172,0.9398917555809021,153.80734252929688,146.2996063232422,0.9686545133590698,170.67747497558594,134.1142120361328,0.9792070388793945
943,72.82801818847656,145.35655212402344,0.9945823550224304,109.28021240234375,169.5035858154297,0.9623907804489136,107.46316528320312,140.21238708496094,0.9655282497406006,118.11199188232422,132.66934204101562,0.9944756627082825,143.5334014892578,119.0044937133789,0.9970517158508301,166.99159240722656,114.98387908935547,0.9992870688438416,96.37628936767578,126.47612762451172,0.967322587966919,139.06716918945312,87.22045135498047,0.957298994064331,149.62794494628906,84.73507690429688,0.9951318502426147,112.40013885498047,157.00241088867188,0.933849036693573,153.52076721191406,146.84446716308594,0.9557021856307983,170.72267150878906,134.0906219482422,0.9843217134475708
944,72.79044342041016,144.4561309814453,0.9934247732162476,108.59270477294922,169.45654296875,0.9541375041007996,107.46308898925781,140.35203552246094,0.96979820728302,118.06970977783203,132.685791015625,0.9943577647209167,143.32504272460938,119.0044937133789,0.9970611929893494,166.9823455810547,115.01356506347656,0.99921715259552,96.57522583007812,126.27118682861328,0.967670202255249,139.08804321289062,87.09622192382812,0.9526208639144897,149.65643310546875,85.01840209960938,0.9949929118156433,111.9508056640625,157.34788513183594,0.9351485371589661,153.52076721191406,146.84446716308594,0.9759494066238403,170.9285888671875,133.9654998779297,0.9822409749031067
945,71.64567565917969,143.3170928955078,0.9933142066001892,108.5080795288086,169.45654296875,0.957064688205719,107.38690185546875,140.40135192871094,0.9706802368164062,117.88134002685547,132.7757568359375,0.9943839311599731,143.1363525390625,119.26543426513672,0.9971611499786377,166.8367462158203,115.02967834472656,0.999220609664917,96.67681884765625,126.18772888183594,0.9627087712287903,139.08804321289062,87.10868072509766,0.9580754637718201,149.62794494628906,85.0641098022461,0.9949846267700195,111.57821655273438,157.47360229492188,0.9338636994361877,153.8870849609375,146.90843200683594,0.980389416217804,171.57737731933594,133.9370574951172,0.9809096455574036
946,71.12797546386719,143.3170928955078,0.9935622215270996,108.45364379882812,169.5035858154297,0.9519134759902954,107.23394775390625,140.40135192871094,0.9753589630126953,117.88134002685547,133.11648559570312,0.9941272735595703,142.87583923339844,119.68651580810547,0.9970832467079163,166.77447509765625,115.14488220214844,0.9992409944534302,96.95109558105469,126.14262390136719,0.9676710963249207,139.1204071044922,86.97161865234375,0.9551312327384949,149.65643310546875,85.0641098022461,0.9956300258636475,111.33247375488281,157.574462890625,0.9343137741088867,154.03433227539062,146.90843200683594,0.9739036560058594,171.58375549316406,133.78274536132812,0.9830089211463928
947,69.90855407714844,143.3170928955078,0.9947350025177002,108.5080795288086,169.5836181640625,0.9508131742477417,107.0802993774414,140.66004943847656,0.9768829345703125,117.82127380371094,133.52772521972656,0.9939275979995728,142.8656768798828,120.047119140625,0.9968884587287903,166.75401306152344,115.3218765258789,0.9992212057113647,96.95109558105469,126.14262390136719,0.9692795872688293,139.1615753173828,86.98994445800781,0.9463278651237488,149.65643310546875,85.1343994140625,0.9961559176445007,111.01180267333984,158.0536346435547,0.9293197393417358,154.1755828857422,147.1248779296875,0.9740022420883179,171.62051391601562,133.53497314453125,0.9811390042304993
948,69.49669647216797,143.63885498046875,0.9949334263801575,108.42008209228516,169.693603515625,0.9512625336647034,107.0802993774414,141.0587921142578,0.9786021709442139,117.65282440185547,134.13829040527344,0.9929113984107971,142.46607971191406,120.2664566040039,0.9966238737106323,166.7461395263672,115.39788818359375,0.9992306232452393,96.95109558105469,126.14262390136719,0.9733224511146545,139.18663024902344,86.97161865234375,0.9451705813407898,149.65643310546875,85.3230209350586,0.9958845973014832,111.01180267333984,158.40472412109375,0.9233435988426208,154.43035888671875,147.5886993408203,0.9781935214996338,172.30386352539062,133.52304077148438,0.9815815687179565
949,68.40831756591797,144.76600646972656,0.9955443739891052,108.5080795288086,169.95382690429688,0.9511813521385193,107.0802993774414,141.8614959716797,0.9793576002120972,117.65282440185547,134.82359313964844,0.992220938205719,142.34983825683594,120.49668884277344,0.9966975450515747,166.75401306152344,115.53267669677734,0.9992260932922363,96.95109558105469,126.01106262207031,0.9709008932113647,139.18663024902344,86.9897689819336,0.9472266435623169,149.43301391601562,85.3230209350586,0.9958062171936035,111.01180267333984,159.0452117919922,0.9122664928436279,154.6575164794922,147.63623046875,0.9781634211540222,172.30386352539062,133.52304077148438,0.9798157215118408
950,67.51644897460938,145.7897186279297,0.9955013394355774,108.62572479248047,170.05560302734375,0.946387767791748,107.17974853515625,142.960205078125,0.9795080423355103,117.83686828613281,135.36256408691406,0.9907483458518982,142.34983825683594,120.88935852050781,0.996173083782196,166.75401306152344,115.60509490966797,0.999286949634552,97.01235961914062,125.96075439453125,0.9635096788406372,139.18663024902344,86.9897689819336,0.9400073885917664,149.43301391601562,85.3230209350586,0.9953867793083191,112.43436431884766,161.6966094970703,0.9184180498123169,154.74356079101562,147.77719116210938,0.9813262224197388,171.58375549316406,133.53497314453125,0.9768424034118652
951,67.396484375,146.72836303710938,0.9951075315475464,108.95851135253906,170.3606719970703,0.9471074342727661,107.63250732421875,144.06472778320312,0.9832443594932556,117.83686828613281,136.1455535888672,0.9873725771903992,142.34983825683594,120.92276000976562,0.9958426356315613,166.8489532470703,115.82450866699219,0.9993144273757935,98.76216888427734,122.96986389160156,0.9667752981185913,139.18663024902344,86.9897689819336,0.9212397336959839,149.23085021972656,85.3230209350586,0.994920551776886,112.96355438232422,162.9810028076172,0.9386634230613708,155.1894073486328,149.40240478515625,0.9902288913726807,171.9709014892578,134.16192626953125,0.971822202205658
952,67.02497863769531,147.43272399902344,0.9948280453681946,109.09648895263672,170.4478302001953,0.9461420774459839,107.6341781616211,144.75547790527344,0.9833373427391052,117.87113952636719,136.80050659179688,0.9853938817977905,142.57041931152344,121.42668914794922,0.9950592517852783,166.8660430908203,115.99836730957031,0.999292254447937,98.83389282226562,122.96986389160156,0.9639233946800232,139.02328491210938,86.9897689819336,0.9178557991981506,147.5989532470703,85.3230209350586,0.9949856996536255,113.2097396850586,163.5866241455078,0.9422997832298279,155.96669006347656,149.5486297607422,0.985358715057373,171.82347106933594,134.25474548339844,0.9731258749961853
953,66.42138671875,148.8901824951172,0.9926929473876953,109.59085845947266,170.78350830078125,0.9497423768043518,107.68708038330078,145.33168029785156,0.9841167330741882,118.00418090820312,137.00222778320312,0.983681321144104,142.6065216064453,121.87705993652344,0.9946838021278381,166.8660430908203,115.99836730957031,0.9991857409477234,98.84004974365234,122.96986389160156,0.9665730595588684,138.98507690429688,87.31937408447266,0.9054433703422546,147.5206756591797,85.1681137084961,0.9954907298088074,113.5760269165039,164.45916748046875,0.9454348683357239,156.10604858398438,149.54940795898438,0.9824469089508057,170.95745849609375,134.5959014892578,0.9759241938591003
954,66.33130645751953,149.76710510253906,0.992031455039978,109.95491790771484,170.86398315429688,0.9544057250022888,107.6998062133789,146.159912109375,0.981297492980957,118.1231689453125,137.37945556640625,0.9808152914047241,142.6136932373047,122.15054321289062,0.9948074221611023,166.91217041015625,116.0008316040039,0.9991950392723083,98.84004974365234,123.50428009033203,0.9619140625,138.71896362304688,87.52117919921875,0.9156917333602905,147.47036743164062,85.59033966064453,0.9950380921363831,113.9825439453125,164.81524658203125,0.9467280507087708,156.2058563232422,149.83726501464844,0.9844488501548767,170.95745849609375,134.5959014892578,0.9744415879249573
955,65.77617645263672,150.5960235595703,0.9881401062011719,110.10874938964844,171.1268310546875,0.9528940916061401,108.02111053466797,146.39932250976562,0.9791116118431091,118.84883117675781,137.44993591308594,0.9783963561058044,142.791259765625,122.24044799804688,0.9943963289260864,166.9801483154297,116.03256225585938,0.9991961121559143,98.84004974365234,123.85204315185547,0.9623064398765564,138.66151428222656,87.52117919921875,0.8998459577560425,146.32542419433594,85.59033966064453,0.9952442049980164,114.04224395751953,165.3275604248047,0.9463195204734802,156.29103088378906,149.88687133789062,0.985697865486145,171.82347106933594,134.47872924804688,0.9748809933662415
956,65.3578109741211,151.015380859375,0.9851171970367432,110.74571990966797,171.5168914794922,0.9624444246292114,108.09832763671875,147.59130859375,0.9744153022766113,118.96165466308594,137.93533325195312,0.9767926335334778,142.791259765625,122.47760772705078,0.9945235252380371,166.9801483154297,116.03256225585938,0.9991884827613831,98.84004974365234,124.47533416748047,0.949148416519165,137.85928344726562,87.80978393554688,0.9380519986152649,146.15982055664062,85.59033966064453,0.9937558174133301,114.33930969238281,166.1208953857422,0.9467026591300964,156.2058563232422,150.2816162109375,0.985206663608551,171.14068603515625,134.4873046875,0.9728190302848816
957,65.27297973632812,151.61497497558594,0.9826028347015381,111.43180847167969,171.53033447265625,0.9628185033798218,108.60199737548828,148.61279296875,0.9767821431159973,119.6627197265625,138.0950469970703,0.9745056629180908,142.6136932373047,122.70258331298828,0.9940349459648132,166.9331817626953,115.9518051147461,0.9991260170936584,98.82728576660156,125.04351043701172,0.9559058547019958,135.43093872070312,88.61577606201172,0.9121713638305664,146.15982055664062,85.91731262207031,0.9942625164985657,114.76808166503906,166.8260498046875,0.9496034383773804,156.2058563232422,150.76754760742188,0.9857437014579773,170.95745849609375,134.4873046875,0.9741744995117188
958,65.27297973632812,151.61497497558594,0.976794421672821,113.0671157836914,171.53033447265625,0.9604349732398987,108.87191772460938,150.14309692382812,0.9730020761489868,119.6627197265625,139.21737670898438,0.9722384810447693,142.52833557128906,122.75713348388672,0.9939478635787964,166.9331817626953,115.9518051147461,0.9991274476051331,98.82728576660156,126.29000091552734,0.9416210055351257,133.7161865234375,88.8368148803711,0.9435193538665771,146.15982055664062,86.10624694824219,0.9924633502960205,115.80359649658203,167.85855102539062,0.9540449380874634,155.9071807861328,151.8843536376953,0.9877268671989441,170.9305419921875,134.47872924804688,0.9738897085189819
959,65.3578109741211,151.61497497558594,0.9817628860473633,113.238525390625,171.64871215820312,0.9621066451072693,109.06693267822266,151.2910919189453,0.9671077132225037,119.6627197265625,139.93898010253906,0.9694702625274658,142.47413635253906,123.5252456665039,0.9954240918159485,166.24342346191406,115.70338439941406,0.9989892840385437,98.93699645996094,126.6256103515625,0.9223378300666809,123.86598205566406,96.76795959472656,0.9402410984039307,147.51992797851562,88.78012084960938,0.9927243590354919,116.0141372680664,168.42465209960938,0.9506039023399353,155.72926330566406,151.90948486328125,0.9884279370307922,170.9305419921875,134.17153930664062,0.9665429592132568
960,65.51067352294922,150.7397003173828,0.9897478818893433,113.58811950683594,171.6826629638672,0.9592757225036621,109.06693267822266,152.23605346679688,0.9654869437217712,119.56797790527344,140.17776489257812,0.9723122119903564,142.27183532714844,123.5556640625,0.9946901798248291,165.73341369628906,115.28826141357422,0.9990708827972412,98.99119567871094,126.90374755859375,0.9116807579994202,119.3599624633789,101.64028930664062,0.9752755165100098,147.5435791015625,88.84097290039062,0.983922004699707,116.55096435546875,168.5135040283203,0.9486941695213318,155.72926330566406,151.96719360351562,0.9870938658714294,170.73272705078125,134.17153930664062,0.9607753157615662
961,65.66996002197266,149.47970581054688,0.9925311207771301,113.68445587158203,171.7200469970703,0.9580868482589722,109.06693267822266,152.49526977539062,0.9761682152748108,119.1050033569336,140.34939575195312,0.9714637398719788,142.03231811523438,123.68382263183594,0.9947007894515991,165.50445556640625,115.25814819335938,0.9989650249481201,99.45508575439453,126.97654724121094,0.9171966314315796,113.67220306396484,101.75688171386719,0.9811736345291138,147.5435791015625,90.66386413574219,0.9720540642738342,116.55096435546875,168.90643310546875,0.9507237076759338,155.6704864501953,151.96719360351562,0.9890857338905334,170.357177734375,134.1537322998047,0.9586317539215088
962,65.89116668701172,147.479736328125,0.9956140518188477,114.21748352050781,172.19515991210938,0.9499906897544861,108.6591567993164,152.790771484375,0.9752902388572693,118.38985443115234,140.69863891601562,0.9719321131706238,141.97445678710938,124.90296173095703,0.9951593279838562,164.7937774658203,115.01081848144531,0.9988973140716553,100.89713287353516,126.97654724121094,0.8318678140640259,107.4106674194336,102.39741516113281,0.9779098033905029,147.5435791015625,90.93685150146484,0.9730947613716125,116.58822631835938,169.44532775878906,0.9469669461250305,155.5935821533203,152.27720642089844,0.988644003868103,170.3202362060547,134.04660034179688,0.9587768316268921
963,66.1475830078125,144.98207092285156,0.9941033720970154,115.02428436279297,172.76666259765625,0.9497786164283752,108.6591567993164,153.2843017578125,0.9791775345802307,118.32669067382812,140.763916015625,0.9663274884223938,142.03231811523438,124.99112701416016,0.9933581948280334,164.75662231445312,114.71927642822266,0.9985365867614746,102.24014282226562,126.6256103515625,0.8854225277900696,101.17491149902344,106.88735961914062,0.9837856292724609,146.9956817626953,91.76880645751953,0.9658600091934204,116.86109924316406,170.4340057373047,0.9380893707275391,155.5935821533203,153.56695556640625,0.9912202954292297,170.08770751953125,133.67369079589844,0.9565088152885437
964,66.30595397949219,144.41551208496094,0.9930279850959778,116.11953735351562,173.06150817871094,0.9314387440681458,108.63249206542969,154.72145080566406,0.9826868176460266,118.32669067382812,141.62220764160156,0.9652734994888306,142.03231811523438,125.05046081542969,0.9931550621986389,164.2967987060547,114.39830780029297,0.9984384179115295,102.24014282226562,126.09541320800781,0.8911383748054504,99.02900695800781,109.9259033203125,0.9840190410614014,146.80422973632812,91.87628173828125,0.9702634811401367,117.0525131225586,170.4340057373047,0.9280148148536682,155.5935821533203,154.3972625732422,0.9898843765258789,170.08770751953125,133.37152099609375,0.9638410210609436
965,66.1475830078125,143.4307403564453,0.9922688603401184,116.47493743896484,173.06150817871094,0.907761812210083,108.63249206542969,155.05006408691406,0.9859863519668579,118.32669067382812,141.62220764160156,0.9655499458312988,142.1072998046875,125.17931365966797,0.9937467575073242,164.2747802734375,114.17916870117188,0.9982195496559143,102.56896209716797,125.62044525146484,0.9032636880874634,96.37840270996094,116.41815948486328,0.9817935228347778,146.71022033691406,92.2995834350586,0.9710123538970947,117.0525131225586,170.4340057373047,0.9178046584129333,155.30015563964844,154.3972625732422,0.9878135919570923,170.1797332763672,132.81004333496094,0.9670708775520325
966,66.30595397949219,142.86753845214844,0.9899711012840271,116.87004852294922,173.06150817871094,0.9065828919410706,108.63249206542969,155.19091796875,0.9854444861412048,118.33101654052734,141.62220764160156,0.9633063077926636,142.3567657470703,125.17931365966797,0.9940873384475708,164.2025146484375,114.17916870117188,0.9982581734657288,102.71004486083984,125.2901382446289,0.8952909708023071,94.75418853759766,117.77595520019531,0.9783608913421631,146.2424774169922,92.43118286132812,0.9729369878768921,117.05400085449219,170.41021728515625,0.9114280939102173,155.2392120361328,154.4816436767578,0.986336350440979,170.1797332763672,132.81004333496094,0.9683440923690796
967,66.82066345214844,140.26319885253906,0.9879106283187866,116.87004852294922,172.77841186523438,0.9142132997512817,108.63249206542969,155.19091796875,0.9857749938964844,118.33101654052734,141.78213500976562,0.9667267799377441,142.39614868164062,125.17931365966797,0.9942126870155334,164.00857543945312,114.17916870117188,0.9980693459510803,102.80040740966797,124.72398376464844,0.9075015187263489,94.75418853759766,118.69113159179688,0.9583014845848083,145.8770294189453,92.48091888427734,0.9707090258598328,117.05400085449219,170.31590270996094,0.9174173474311829,155.04666137695312,154.4877166748047,0.9874769449234009,170.1797332763672,132.81004333496094,0.9694510102272034
968,66.9224624633789,136.03329467773438,0.9914690256118774,116.47493743896484,172.02838134765625,0.9158697128295898,108.35807037353516,155.11964416503906,0.9862035512924194,118.33101654052734,141.8360137939453,0.9623074531555176,142.39614868164062,125.17931365966797,0.9942145943641663,163.9487762451172,114.32280731201172,0.9982301592826843,103.22325134277344,124.72398376464844,0.9128656387329102,94.75418853759766,119.52564239501953,0.9496269822120667,145.70498657226562,92.75811004638672,0.9703946113586426,116.98458099365234,169.80206298828125,0.907163679599762,155.00411987304688,154.4877166748047,0.9870355725288391,170.1797332763672,133.04611206054688,0.9716312885284424
969,67.94644165039062,134.00625610351562,0.9960548877716064,116.47493743896484,171.98341369628906,0.9191856980323792,107.87187957763672,155.05006408691406,0.9861815571784973,118.22200012207031,142.1884765625,0.96626216173172,142.39614868164062,125.24992370605469,0.9938600063323975,163.7703857421875,114.3335952758789,0.9981974959373474,103.2447738647461,124.72398376464844,0.9401384592056274,94.80168151855469,120.14118194580078,0.9493294358253479,144.9921112060547,93.10891723632812,0.9641269445419312,116.48865509033203,169.64341735839844,0.906252920627594,154.73829650878906,154.49127197265625,0.9869895577430725,169.94271850585938,133.07781982421875,0.9578774571418762
970,68.34786224365234,133.56637573242188,0.9967809915542603,116.8466796875,171.8307342529297,0.9035174250602722,106.63945770263672,155.02513122558594,0.9880906343460083,117.10612487792969,142.32980346679688,0.9731503129005432,141.51458740234375,125.41185760498047,0.9941640496253967,163.59385681152344,114.4979248046875,0.9977805018424988,103.2447738647461,125.02307891845703,0.9382901787757874,94.80168151855469,120.15679931640625,0.9399412274360657,144.63064575195312,93.26945495605469,0.9601612091064453,116.48865509033203,169.48265075683594,0.9095713496208191,154.2733612060547,154.49127197265625,0.9843355417251587,165.82460021972656,138.08216857910156,0.8928561210632324
971,68.34786224365234,133.56637573242188,0.9966318011283875,116.8466796875,171.22569274902344,0.895103931427002,106.63945770263672,154.99993896484375,0.98783278465271,117.02465057373047,142.32980346679688,0.9699982404708862,141.23370361328125,125.42840576171875,0.9934273958206177,163.5328826904297,114.50135803222656,0.9975154399871826,103.22325134277344,125.14187622070312,0.9297722578048706,94.80168151855469,120.15679931640625,0.939133882522583,144.277099609375,93.40855407714844,0.9570075869560242,116.48865509033203,169.0251922607422,0.8927891254425049,154.16993713378906,154.49127197265625,0.9812933802604675,163.6724853515625,140.03976440429688,0.8958619236946106
972,68.34786224365234,133.56637573242188,0.9962741136550903,117.5659408569336,171.13619995117188,0.8849921822547913,106.47037506103516,154.99195861816406,0.9881348609924316,116.49272918701172,142.32980346679688,0.9741545915603638,140.76052856445312,125.46851348876953,0.9933046698570251,163.36097717285156,114.66464233398438,0.9973781108856201,103.20819854736328,125.19486236572266,0.9249500632286072,94.50458526611328,120.14964294433594,0.9441820383071899,144.21055603027344,93.40855407714844,0.9602085947990417,116.52554321289062,168.9202117919922,0.889225959777832,154.01043701171875,154.34027099609375,0.9774113893508911,162.87278747558594,140.2181396484375,0.9193150401115417
973,69.0539779663086,135.79600524902344,0.9930819869041443,126.68046569824219,171.06500244140625,0.8586940765380859,106.47037506103516,154.9501953125,0.9881398677825928,116.207763671875,142.29248046875,0.9743415117263794,140.5801239013672,125.46851348876953,0.9929710030555725,163.2936553955078,114.66464233398438,0.9973326921463013,102.40373992919922,125.2175521850586,0.9181090593338013,94.50458526611328,120.14964294433594,0.9513963460922241,144.0026397705078,93.41484832763672,0.956170916557312,117.02276611328125,167.88844299316406,0.8808266520500183,153.97357177734375,153.63597106933594,0.9714170694351196,162.87278747558594,140.2181396484375,0.9195565581321716
974,68.43038177490234,140.76718139648438,0.9878771305084229,126.81814575195312,171.0167999267578,0.8588109016418457,106.71699523925781,154.9501953125,0.9866572022438049,116.207763671875,142.01841735839844,0.9717768430709839,140.5801239013672,125.46851348876953,0.9933499693870544,163.20594787597656,114.66464233398438,0.9976392984390259,101.37980651855469,125.49515533447266,0.8997710943222046,94.50458526611328,120.15991973876953,0.9537787437438965,143.8261260986328,93.43992614746094,0.9641980528831482,117.05082702636719,167.87278747558594,0.8784130811691284,153.93016052246094,153.3035125732422,0.968880295753479,162.87278747558594,140.03976440429688,0.9334458112716675
975,68.11627960205078,146.47166442871094,0.9952303171157837,127.34548950195312,171.0167999267578,0.8537003993988037,107.0732421875,154.9501953125,0.9839320182800293,116.207763671875,141.68048095703125,0.9630600214004517,140.16416931152344,125.61822509765625,0.9949657320976257,163.11302185058594,114.53826904296875,0.9971069693565369,101.09249877929688,125.36509704589844,0.8772079348564148,94.49475860595703,120.15991973876953,0.9694119691848755,143.8261260986328,93.5106201171875,0.9666953086853027,117.365478515625,167.53982543945312,0.8637765049934387,153.7747039794922,151.30288696289062,0.9739972949028015,163.44430541992188,138.7295684814453,0.9132099747657776
976,68.11627960205078,149.6532745361328,0.9936354160308838,130.69406127929688,171.06500244140625,0.8794860243797302,107.1375961303711,155.098876953125,0.9787647724151611,116.29109954833984,141.68048095703125,0.9609380960464478,140.16416931152344,125.65528869628906,0.994891881942749,162.91226196289062,114.22940826416016,0.9971410036087036,100.49990844726562,125.8783950805664,0.8299626111984253,94.79366302490234,120.35687255859375,0.9727783203125,143.792724609375,93.67922973632812,0.9578974843025208,117.83573150634766,167.43804931640625,0.8443887829780579,153.7747039794922,150.77430725097656,0.9776743054389954,164.66944885253906,138.6584014892578,0.9208084940910339
977,68.43038177490234,152.0765380859375,0.9891719222068787,130.69406127929688,171.1548309326172,0.8748617768287659,107.16667175292969,155.4814910888672,0.9750672578811646,116.60621643066406,141.68048095703125,0.9566254019737244,140.16416931152344,125.75780487060547,0.9949959516525269,162.7372589111328,114.22940826416016,0.9972779154777527,100.4850082397461,125.8783950805664,0.8145384192466736,94.82621765136719,120.73292541503906,0.9703555107116699,143.1864776611328,93.73677825927734,0.9670622944831848,118.04645538330078,167.43804931640625,0.8353682160377502,153.7747039794922,150.77430725097656,0.9769183993339539,166.14199829101562,138.6584014892578,0.9439378976821899
978,68.43038177490234,155.97412109375,0.981603741645813,130.69406127929688,171.25360107421875,0.8855923414230347,107.24436950683594,156.0081787109375,0.9739523530006409,116.79015350341797,142.1471405029297,0.959419846534729,140.16416931152344,125.78382110595703,0.9946073889732361,162.2618865966797,114.22940826416016,0.9969314336776733,100.4850082397461,127.22605895996094,0.8136177659034729,94.90615844726562,121.36445617675781,0.9768087863922119,143.0143585205078,94.1729736328125,0.954355776309967,118.13496398925781,167.43804931640625,0.8325872421264648,154.8647918701172,150.77430725097656,0.9801544547080994,169.15870666503906,138.6584014892578,0.9523123502731323
979,69.04946899414062,159.1262664794922,0.9819307923316956,126.5345230102539,171.30490112304688,0.8704853653907776,107.3377456665039,156.49871826171875,0.9759475588798523,116.79015350341797,142.81298828125,0.9679853916168213,139.8231964111328,126.35858154296875,0.9946799874305725,161.99716186523438,114.75707244873047,0.997738242149353,100.4850082397461,128.76817321777344,0.8026883006095886,95.0832290649414,121.36445617675781,0.977020263671875,143.07826232910156,94.8798599243164,0.9659756422042847,118.13496398925781,167.80447387695312,0.8838045597076416,155.32298278808594,152.65708923339844,0.9395306706428528,172.3235321044922,140.7260284423828,0.9668343663215637
980,69.9454345703125,160.65916442871094,0.9740948677062988,126.48273468017578,171.30490112304688,0.8796483278274536,107.3377456665039,157.0176544189453,0.9772366285324097,116.79015350341797,143.3616180419922,0.9727368354797363,139.79690551757812,127.02745056152344,0.9940752983093262,161.47299194335938,114.75707244873047,0.997359573841095,100.69657897949219,128.76817321777344,0.8376471400260925,95.23846435546875,121.36445617675781,0.9766665101051331,141.80606079101562,94.90750885009766,0.9587385058403015,118.04645538330078,168.16159057617188,0.8821694254875183,155.32298278808594,152.65708923339844,0.957064151763916,172.3235321044922,140.7260284423828,0.9603437185287476
981,74.4990234375,162.43775939941406,0.9807360172271729,118.03438568115234,171.30490112304688,0.8516098260879517,107.3377456665039,157.74435424804688,0.979511022567749,116.47018432617188,144.3187713623047,0.9770159125328064,139.79690551757812,127.02745056152344,0.9939121007919312,161.36282348632812,114.75707244873047,0.9973440766334534,100.69657897949219,128.6835479736328,0.8526730537414551,95.41154479980469,121.20407104492188,0.9779431819915771,141.80606079101562,94.90775299072266,0.9590855240821838,117.66593933105469,168.77728271484375,0.9039422869682312,154.97984313964844,152.65708923339844,0.9416746497154236,172.38365173339844,140.87542724609375,0.9669546484947205
982,74.79556274414062,164.08944702148438,0.981810450553894,116.48751068115234,171.30490112304688,0.8372942805290222,107.150390625,158.1112518310547,0.980180561542511,116.18761444091797,145.0015106201172,0.9807785749435425,140.29409790039062,126.08879852294922,0.9935510158538818,161.29833984375,113.45578002929688,0.9976927042007446,100.69657897949219,128.6835479736328,0.8677840232849121,96.02909088134766,120.69343566894531,0.9750710129737854,141.80133056640625,95.33050537109375,0.9575366377830505,117.39209747314453,169.0063018798828,0.91001957654953,154.86961364746094,152.53863525390625,0.9573951363563538,172.3235321044922,140.87542724609375,0.9490114450454712
983,75.01399230957031,165.1865234375,0.9821495413780212,115.59276580810547,171.28738403320312,0.8182238936424255,107.04731750488281,158.1119384765625,0.9828747510910034,115.83995819091797,145.21578979492188,0.9826486110687256,140.29409790039062,126.18073272705078,0.9932737350463867,161.27865600585938,113.45578002929688,0.9979038238525391,100.69657897949219,128.27845764160156,0.8648366928100586,96.22842407226562,120.3146743774414,0.9760693907737732,141.7463836669922,95.45221710205078,0.9536563158035278,113.23394775390625,169.98582458496094,0.9162768721580505,154.97984313964844,150.35589599609375,0.9204403758049011,170.18719482421875,140.87542724609375,0.9651861786842346
984,75.15604400634766,165.65321350097656,0.9794884920120239,115.4123306274414,171.28738403320312,0.830303430557251,107.04731750488281,158.192138671875,0.9829419851303101,115.81041717529297,145.40380859375,0.9832200407981873,140.35980224609375,126.18073272705078,0.9930369257926941,160.87132263183594,113.45578002929688,0.9980615973472595,100.87628173828125,128.27845764160156,0.8823763132095337,96.4532699584961,120.30879211425781,0.973945677280426,141.6731414794922,95.52529907226562,0.9597271084785461,113.16030883789062,170.0699005126953,0.9042845964431763,154.97984313964844,150.35589599609375,0.9267491698265076,169.94482421875,140.4929962158203,0.9645900130271912
985,75.15604400634766,165.65321350097656,0.9773457050323486,115.39046478271484,171.63388061523438,0.7929133772850037,107.04731750488281,158.36888122558594,0.9801677465438843,115.56265258789062,145.4412078857422,0.9827219843864441,140.35980224609375,126.18073272705078,0.9930437803268433,160.5524139404297,113.74899291992188,0.9980085492134094,102.90369415283203,128.27362060546875,0.8871325254440308,98.01272583007812,120.18338012695312,0.9715084433555603,140.9039764404297,95.87522888183594,0.9597828984260559,113.04545593261719,170.20091247558594,0.8997253179550171,155.0657501220703,150.35589599609375,0.9333109259605408,169.94482421875,140.4929962158203,0.9604730010032654
986,75.06289672851562,165.71543884277344,0.9734215140342712,115.37859344482422,171.68251037597656,0.7847406268119812,107.06442260742188,158.46446228027344,0.9821894764900208,115.81041717529297,145.7346649169922,0.9833570718765259,140.29409790039062,126.67926788330078,0.9940114617347717,160.2752227783203,113.99668884277344,0.9981622099876404,103.67904663085938,128.27362060546875,0.8760483264923096,98.23136138916016,120.18338012695312,0.9761457443237305,140.2856903076172,95.9300765991211,0.9653180241584778,112.9820785522461,170.3064727783203,0.906944990158081,155.07296752929688,150.01449584960938,0.9311718940734863,169.6470184326172,139.99940490722656,0.9602588415145874
987,75.09782409667969,165.7793426513672,0.973047137260437,114.88896942138672,171.88162231445312,0.7617783546447754,107.06453704833984,158.46446228027344,0.9814374446868896,115.83995819091797,145.75686645507812,0.9833400249481201,139.76229858398438,127.2055892944336,0.9942153096199036,159.50132751464844,114.1759033203125,0.9978317618370056,104.10594177246094,128.27362060546875,0.8998767733573914,98.24229431152344,120.18338012695312,0.9734670519828796,138.6011199951172,96.57030487060547,0.9644712209701538,112.68618774414062,170.3064727783203,0.9112133383750916,155.07296752929688,149.75331115722656,0.947383463382721,169.48040771484375,137.75071716308594,0.9605442881584167
988,75.06289672851562,165.85313415527344,0.9703397154808044,114.79938507080078,171.88162231445312,0.7440747618675232,107.06453704833984,158.46446228027344,0.9804803133010864,115.81041717529297,145.77392578125,0.9826663732528687,139.56167602539062,127.27754974365234,0.9933815002441406,159.39056396484375,114.22992706298828,0.9978346228599548,104.10594177246094,128.14271545410156,0.9001142978668213,98.23136138916016,120.1834945678711,0.96625816822052,137.74745178222656,96.66282653808594,0.9515407085418701,112.5138168334961,170.30996704101562,0.915102481842041,155.24578857421875,149.7361297607422,0.9507651925086975,169.6470184326172,137.75071716308594,0.959193229675293
989,75.02933502197266,165.85313415527344,0.9674800038337708,114.79938507080078,171.88162231445312,0.7390034794807434,107.06453704833984,158.46446228027344,0.9805434346199036,115.56265258789062,145.83636474609375,0.9823315143585205,139.5410919189453,127.34143829345703,0.9923310279846191,158.83868408203125,114.27172088623047,0.9982011318206787,104.10594177246094,128.14271545410156,0.9189530611038208,98.23136138916016,120.1834945678711,0.9623358845710754,136.662353515625,96.7455062866211,0.9658271670341492,112.35230255126953,170.35122680664062,0.9209840297698975,155.24578857421875,149.49024963378906,0.9542163014411926,169.48040771484375,137.6309814453125,0.9543373584747314
990,75.02933502197266,165.85313415527344,0.9717176556587219,114.78611755371094,171.93014526367188,0.7509652972221375,104.84237670898438,158.98660278320312,0.9835415482521057,115.19922637939453,145.8585662841797,0.9834042191505432,139.2787322998047,127.39689636230469,0.9914347529411316,158.34059143066406,114.29302215576172,0.9980935454368591,104.03636932373047,128.09652709960938,0.9042040109634399,98.10392761230469,120.1834945678711,0.9683675765991211,136.04689025878906,96.76724243164062,0.9461594223976135,112.32355499267578,170.43505859375,0.9120389819145203,155.31704711914062,148.9077911376953,0.9052356481552124,169.48040771484375,137.75071716308594,0.965472936630249
991,73.25330352783203,165.59983825683594,0.9734839797019958,114.38872528076172,171.93014526367188,0.7527593970298767,104.1739730834961,158.98660278320312,0.9846569895744324,114.25772094726562,146.138916015625,0.9843600392341614,139.0753936767578,127.49127960205078,0.9892851710319519,157.542236328125,114.29302215576172,0.9982010126113892,103.93620300292969,128.14271545410156,0.875933825969696,97.86919403076172,120.07294464111328,0.9746822714805603,135.22869873046875,97.15721893310547,0.9660964608192444,112.04536437988281,170.46014404296875,0.9028342962265015,156.13644409179688,148.65232849121094,0.9186273217201233,171.59979248046875,137.65289306640625,0.9515398740768433
992,72.5757064819336,163.6261749267578,0.9804857969284058,107.51332092285156,175.49440002441406,0.8041709065437317,104.1739730834961,158.98660278320312,0.9822163581848145,113.53780364990234,146.14837646484375,0.9791468977928162,138.7322540283203,127.60688781738281,0.9905383586883545,157.5133514404297,114.27172088623047,0.9982836246490479,103.9359359741211,128.14271545410156,0.8688153028488159,96.8666763305664,120.07294464111328,0.9739694595336914,135.2018280029297,97.15721893310547,0.975281834602356,111.83335876464844,170.5071563720703,0.8775765895843506,156.13644409179688,148.50538635253906,0.7925066947937012,171.59979248046875,137.65289306640625,0.968854546546936
993,71.9067611694336,161.40660095214844,0.9880763292312622,107.41432189941406,175.49440002441406,0.8037449717521667,104.1739730834961,158.96775817871094,0.984711766242981,112.86177825927734,146.1693115234375,0.9791968464851379,138.1682586669922,128.95794677734375,0.9918959736824036,157.11253356933594,114.25678253173828,0.9984594583511353,103.9359359741211,128.09652709960938,0.832277238368988,96.8666763305664,120.04151916503906,0.9747331142425537,131.6857147216797,97.15721893310547,0.97235107421875,111.4577865600586,170.60984802246094,0.8664180040359497,156.25567626953125,148.49594116210938,0.7963092923164368,170.26219177246094,136.65037536621094,0.9658872485160828
994,69.04093933105469,160.15736389160156,0.9893074631690979,107.29249572753906,175.54100036621094,0.8124285936355591,104.95075225830078,158.3618927001953,0.9845762252807617,112.69886779785156,146.1693115234375,0.9803065657615662,137.56307983398438,129.10153198242188,0.9942700862884521,156.3381805419922,114.21183013916016,0.9985331296920776,103.83346557617188,127.72561645507812,0.8044285774230957,96.8666763305664,119.83955383300781,0.9675837755203247,128.36410522460938,96.27909851074219,0.9572688341140747,108.0343246459961,173.1175537109375,0.8486345410346985,156.25567626953125,148.278076171875,0.8488551378250122,170.26219177246094,136.65037536621094,0.9625078439712524
995,68.2025375366211,158.41073608398438,0.990620493888855,106.41702270507812,175.54100036621094,0.7462655901908875,104.95075225830078,158.3618927001953,0.9860976934432983,112.59477996826172,146.3364715576172,0.9819654822349548,137.45184326171875,129.49351501464844,0.9960026144981384,156.0288848876953,114.21183013916016,0.998824417591095,103.83346557617188,126.80362701416016,0.7869860529899597,97.16487884521484,119.36422729492188,0.9484024047851562,126.63314819335938,95.65153503417969,0.8767040967941284,107.0967025756836,173.2008514404297,0.8380569219589233,156.0777587890625,148.278076171875,0.849025309085846,168.77389526367188,136.12881469726562,0.955043375492096
996,67.55535888671875,157.055419921875,0.9910616874694824,99.39987182617188,175.54100036621094,0.7753350138664246,104.95075225830078,158.22889709472656,0.9857198596000671,112.59477996826172,146.70639038085938,0.9804949760437012,137.45184326171875,129.6537628173828,0.9945409893989563,155.97862243652344,114.25678253173828,0.9986878037452698,103.9359359741211,126.80362701416016,0.7659227252006531,116.76657104492188,100.87871551513672,0.9647740125656128,121.07925415039062,95.18082427978516,0.7590863108634949,106.37850952148438,173.2008514404297,0.8474289178848267,155.8603973388672,148.18687438964844,0.8902511596679688,167.54600524902344,134.9300994873047,0.9663711786270142
997,67.55535888671875,156.0577850341797,0.9895206689834595,98.40836334228516,175.6796417236328,0.754438579082489,104.95075225830078,158.21951293945312,0.9860737323760986,112.57376861572266,146.8371124267578,0.9792424440383911,137.3823699951172,129.83816528320312,0.9934430122375488,155.44468688964844,114.27913665771484,0.9985249638557434,104.29544067382812,126.80362701416016,0.7449942827224731,116.76657104492188,100.87871551513672,0.9632439017295837,120.70674896240234,95.18082427978516,0.8097346425056458,105.82907104492188,173.1175537109375,0.8355346918106079,155.61270141601562,148.278076171875,0.8256363272666931,167.54600524902344,134.29196166992188,0.968956470489502
998,67.16130065917969,155.5349884033203,0.9895958304405212,98.39802551269531,175.7919921875,0.7648308277130127,104.95075225830078,158.22889709472656,0.9867349863052368,112.59477996826172,147.040771484375,0.9807412028312683,137.3823699951172,130.13108825683594,0.9927393794059753,155.3622589111328,114.32081604003906,0.9982117414474487,104.29544067382812,127.2556381225586,0.7912954688072205,116.76657104492188,100.87871551513672,0.9657644629478455,120.54405975341797,95.65153503417969,0.8054038286209106,105.67842864990234,173.03353881835938,0.8418335914611816,137.81195068359375,168.3219757080078,0.8338262438774109,167.40737915039062,133.83758544921875,0.9700304269790649
999,67.16130065917969,155.5039825439453,0.990613579750061,98.39802551269531,176.32627868652344,0.8553940057754517,104.99903869628906,158.43162536621094,0.9884548187255859,112.87142181396484,147.2384490966797,0.9825160503387451,137.03379821777344,130.3686065673828,0.9929446578025818,155.07215881347656,114.3525619506836,0.9982773065567017,104.29544067382812,127.79019927978516,0.8344278335571289,115.36394500732422,100.87871551513672,0.9755027890205383,119.57779693603516,96.21100616455078,0.7615037560462952,105.67842864990234,172.72010803222656,0.8867429494857788,137.81195068359375,168.3219757080078,0.867047905921936,167.40737915039062,133.5501708984375,0.9708532691001892
1000,67.28758239746094,155.50364685058594,0.9903773665428162,98.40836334228516,176.3965606689453,0.8115480542182922,104.99903869628906,158.37158203125,0.987330436706543,112.87142181396484,147.50820922851562,0.9822169542312622,136.87974548339844,130.9897918701172,0.9936190247535706,154.30120849609375,114.4180908203125,0.9975080490112305,104.29544067382812,127.79019927978516,0.8014527559280396,114.78012084960938,100.87871551513672,0.9804526567459106,118.66354370117188,96.21100616455078,0.700226902961731,105.67842864990234,172.3074951171875,0.8626103401184082,155.49984741210938,147.29527282714844,0.787091076374054,167.24327087402344,133.5501708984375,0.9688258767127991
1001,67.28758239746094,154.9355926513672,0.9914259910583496,98.47090911865234,176.3965606689453,0.8075151443481445,104.99903869628906,158.37158203125,0.9879510998725891,112.84388732910156,147.6215362548828,0.979638934135437,136.70904541015625,130.9897918701172,0.9937694668769836,154.22152709960938,114.57689666748047,0.9974653720855713,104.29544067382812,127.2556381225586,0.7904418110847473,113.67047882080078,100.8772201538086,0.9805221557617188,118.64019775390625,96.21100616455078,0.6727646589279175,110.29572296142578,170.75186157226562,0.861656904220581,155.49984741210938,147.03269958496094,0.7755421996116638,166.7425994873047,133.5501708984375,0.9666078686714172
1002,67.16130065917969,152.34521484375,0.9944820404052734,98.66377258300781,176.3965606689453,0.8363776803016663,104.95913696289062,158.37158203125,0.9892644286155701,112.84388732910156,147.6215362548828,0.9758452773094177,136.07110595703125,131.078857421875,0.992709755897522,154.0262451171875,114.69226837158203,0.9971939325332642,104.16790008544922,127.0430679321289,0.8502604961395264,112.62295532226562,99.8219223022461,0.9744757413864136,118.5479965209961,94.55467987060547,0.6427358984947205,110.29572296142578,170.75186157226562,0.8837065100669861,155.96609497070312,147.03269958496094,0.9399754405021667,165.84237670898438,133.74302673339844,0.962743878364563
1003,66.81769561767578,151.0630645751953,0.9951397180557251,98.77311706542969,176.357421875,0.8547051548957825,104.88578796386719,158.1507110595703,0.9900604486465454,112.52940368652344,147.6215362548828,0.9717249274253845,136.06024169921875,131.078857421875,0.9911973476409912,153.9674530029297,114.71701049804688,0.9973580241203308,104.16790008544922,126.93131256103516,0.8493920564651489,112.62295532226562,99.8219223022461,0.9699904322624207,118.64019775390625,94.55467987060547,0.6282289028167725,110.29572296142578,170.75186157226562,0.9203125238418579,156.1435546875,147.03269958496094,0.9329822063446045,165.84237670898438,134.35818481445312,0.964464008808136
1004,66.14095306396484,149.76918029785156,0.9953201413154602,99.04024505615234,176.357421875,0.9032191634178162,104.8057861328125,158.1507110595703,0.9896921515464783,112.41761779785156,147.81466674804688,0.9626204967498779,135.75408935546875,131.078857421875,0.9918940663337708,153.47213745117188,114.81017303466797,0.9964587092399597,104.43094635009766,126.88114929199219,0.8531154990196228,112.62295532226562,99.8219223022461,0.9683564901351929,118.64019775390625,94.55467987060547,0.6472569704055786,109.96170043945312,171.2892303466797,0.8991499543190002,155.96609497070312,147.31666564941406,0.933834969997406,165.83741760253906,134.6002655029297,0.9641534090042114
1005,65.83480834960938,147.66964721679688,0.995598316192627,99.0612564086914,176.28369140625,0.8960700035095215,104.60264587402344,158.1507110595703,0.9899907112121582,112.1573715209961,147.88851928710938,0.9694408178329468,135.41407775878906,131.1358184814453,0.9919347763061523,153.46543884277344,114.86116790771484,0.9964677095413208,104.5142822265625,126.93131256103516,0.8731637597084045,113.08140563964844,99.83648681640625,0.9659802317619324,118.5479965209961,94.6592788696289,0.6773205399513245,109.96170043945312,171.33106994628906,0.9139171838760376,155.96609497070312,147.69625854492188,0.9504713416099548,165.83741760253906,136.92323303222656,0.9646267294883728
1006,65.46401977539062,145.5526580810547,0.9938961863517761,113.57743072509766,173.6002960205078,0.8787139058113098,104.52131652832031,158.4167022705078,0.99128258228302,111.20724487304688,147.88851928710938,0.9714276194572449,134.7390899658203,131.4875030517578,0.9928556680679321,153.27978515625,115.3277587890625,0.9958440661430359,104.53849029541016,126.84972381591797,0.8771207332611084,113.61647033691406,99.99893188476562,0.9657225608825684,119.20657348632812,94.87982177734375,0.7066799998283386,109.96170043945312,171.61837768554688,0.919660747051239,155.52403259277344,148.28857421875,0.9480420351028442,165.80169677734375,137.72132873535156,0.9676889181137085
1007,65.18522644042969,144.28538513183594,0.9930685758590698,113.72679138183594,173.6002960205078,0.886294960975647,104.52131652832031,158.4167022705078,0.9921034574508667,111.08889770507812,147.90704345703125,0.974281907081604,134.72401428222656,131.49679565429688,0.9926372766494751,152.808349609375,115.37267303466797,0.9955909252166748,104.59880065917969,126.84972381591797,0.8988825082778931,113.75796508789062,100.363525390625,0.9706028699874878,119.52941131591797,95.69559478759766,0.670327365398407,109.96170043945312,171.64886474609375,0.9272195100784302,155.48843383789062,148.3748016357422,0.9245440363883972,165.89366149902344,137.87252807617188,0.9719235301017761
1008,64.94837188720703,142.9456329345703,0.9901726245880127,113.72679138183594,173.6002960205078,0.8907862305641174,104.50065612792969,158.4167022705078,0.9931731820106506,110.99175262451172,147.98794555664062,0.9769807457923889,134.6617889404297,131.49679565429688,0.9918620586395264,152.79299926757812,115.4429931640625,0.9954431056976318,104.77886962890625,127.05020904541016,0.9270865321159363,114.15300750732422,100.363525390625,0.9601686000823975,119.67146301269531,95.69559478759766,0.752851128578186,109.96170043945312,171.6935272216797,0.9243724346160889,155.34010314941406,148.3748016357422,0.9363034963607788,165.80169677734375,138.02748107910156,0.9703861474990845
1009,64.30791473388672,141.4420623779297,0.9882707595825195,113.72679138183594,173.82545471191406,0.8729943633079529,104.07173919677734,158.14031982421875,0.9943218231201172,110.93038940429688,147.99612426757812,0.9765940308570862,134.6617889404297,131.49679565429688,0.991956353187561,152.79299926757812,115.49504852294922,0.9954485297203064,105.01062774658203,127.05020904541016,0.9392637610435486,114.3203125,100.45867156982422,0.9516085982322693,119.52941131591797,95.76959228515625,0.7630889415740967,109.3124771118164,171.64886474609375,0.9161287546157837,155.4111328125,148.28857421875,0.9339931607246399,165.89366149902344,138.02748107910156,0.9735862612724304
1010,64.30791473388672,139.2320556640625,0.9844503998756409,98.63893127441406,175.67324829101562,0.8541158437728882,103.83773803710938,158.1243896484375,0.9945365190505981,110.93038940429688,147.99612426757812,0.9755589365959167,134.6617889404297,131.43865966796875,0.9921841025352478,152.79299926757812,115.5670394897461,0.995969295501709,105.30646514892578,126.70442962646484,0.9445188045501709,114.36214447021484,100.45867156982422,0.9559431672096252,119.52941131591797,95.76959228515625,0.7844319939613342,109.08001708984375,171.61837768554688,0.9125807881355286,155.34828186035156,148.22293090820312,0.9267950057983398,165.89366149902344,137.8826446533203,0.972915768623352
1011,64.30791473388672,135.23060607910156,0.9914262294769287,98.56837463378906,175.96102905273438,0.8743402361869812,103.73856353759766,157.29371643066406,0.9952824711799622,110.87659454345703,147.99612426757812,0.9756592512130737,134.5076904296875,131.40048217773438,0.9923392534255981,153.0749053955078,115.73188781738281,0.9968639612197876,105.91737365722656,126.61209869384766,0.9534731507301331,114.36214447021484,101.02040100097656,0.965694785118103,119.52941131591797,95.69559478759766,0.6836901307106018,103.08116912841797,170.63763427734375,0.905771017074585,155.4111328125,148.1610107421875,0.91010981798172,166.25149536132812,137.8826446533203,0.9728832244873047
1012,65.84062194824219,132.84303283691406,0.9957404136657715,98.56837463378906,175.96102905273438,0.871495246887207,103.09172821044922,156.96644592285156,0.9959825277328491,110.79927825927734,147.99612426757812,0.9769207835197449,134.3693084716797,131.31642150878906,0.9924017190933228,153.26283264160156,115.77052307128906,0.9968722462654114,106.37242889404297,126.61209869384766,0.9534158110618591,114.42798614501953,101.02040100097656,0.972467303276062,119.69524383544922,95.61954498291016,0.6929004192352295,102.6630630493164,170.61669921875,0.904417097568512,155.34828186035156,148.01609802246094,0.9092456698417664,166.25149536132812,137.60357666015625,0.9747339487075806
1013,66.637451171875,130.1237335205078,0.9968326687812805,98.0299072265625,175.96102905273438,0.862389087677002,102.38005828857422,156.2109832763672,0.9958066940307617,110.5648193359375,147.79507446289062,0.9756734371185303,134.2930908203125,131.1318817138672,0.9909381866455078,153.26953125,115.8375244140625,0.997052788734436,106.44515991210938,126.61209869384766,0.9540757536888123,114.42798614501953,101.02040100097656,0.9649960994720459,119.69524383544922,95.61954498291016,0.7179253101348877,101.93541717529297,170.01596069335938,0.9058912992477417,155.34828186035156,147.9192352294922,0.9056452512741089,166.25149536132812,137.59202575683594,0.9758226871490479
1014,67.934326171875,128.3597869873047,0.9962171912193298,96.698974609375,176.50042724609375,0.8622937202453613,101.71498107910156,156.14022827148438,0.9959477782249451,110.40814971923828,147.4910125732422,0.9741820096969604,134.123779296875,131.11729431152344,0.9913305044174194,153.62985229492188,115.9820327758789,0.9971504807472229,106.48171997070312,126.78292846679688,0.9567635655403137,114.51775360107422,100.8446273803711,0.9696252346038818,119.69524383544922,95.55836486816406,0.714982271194458,101.6654052734375,170.01295471191406,0.9061076641082764,154.659912109375,147.689453125,0.9190382361412048,165.91574096679688,137.56411743164062,0.9767596125602722
1015,68.07756042480469,128.10427856445312,0.9934960603713989,96.698974609375,176.65481567382812,0.8621572256088257,101.09165954589844,156.12649536132812,0.995816171169281,110.30659484863281,147.24270629882812,0.9716271162033081,133.99835205078125,130.81658935546875,0.9917740225791931,153.62985229492188,116.08900451660156,0.9974055886268616,106.44515991210938,127.26737213134766,0.9554628133773804,114.51775360107422,100.77008056640625,0.9727457165718079,119.69524383544922,95.34651947021484,0.7002768516540527,101.08150482177734,169.98199462890625,0.9084374904632568,154.659912109375,147.21575927734375,0.8647764325141907,165.70281982421875,136.17465209960938,0.9706432819366455
1016,69.03752899169922,127.47710418701172,0.9942362904548645,96.698974609375,176.50042724609375,0.8622048497200012,100.8626480102539,155.65045166015625,0.9959737658500671,110.18466186523438,146.89334106445312,0.9721612334251404,133.84640502929688,130.81658935546875,0.9911471009254456,153.62985229492188,116.11443328857422,0.9970307350158691,106.44515991210938,127.31719970703125,0.9553733468055725,114.5440902709961,100.77008056640625,0.9718649983406067,118.43489074707031,95.34651947021484,0.7013188004493713,101.08150482177734,169.80770874023438,0.9096340537071228,154.659912109375,146.94097900390625,0.8831527829170227,165.70281982421875,135.36172485351562,0.9686976671218872
1017,70.12704467773438,126.51190948486328,0.9948021173477173,96.50334167480469,176.50042724609375,0.8932616114616394,100.81583404541016,155.41397094726562,0.9958055019378662,109.74333190917969,146.77444458007812,0.9710993766784668,133.7652130126953,130.81658935546875,0.9923763871192932,153.62985229492188,116.11443328857422,0.9968740940093994,106.42752838134766,127.41817474365234,0.9554968476295471,114.5440902709961,100.77008056640625,0.9732897281646729,118.43489074707031,95.34651947021484,0.7002745270729065,100.90412902832031,169.7005615234375,0.9171933531761169,154.7459716796875,146.94097900390625,0.8555670976638794,165.77301025390625,135.36172485351562,0.9773115515708923
1018,72.38780212402344,125.64375305175781,0.9942653775215149,96.50334167480469,176.04164123535156,0.8670428395271301,100.46703338623047,154.7972412109375,0.9955635070800781,109.74333190917969,146.53201293945312,0.9745227694511414,133.63217163085938,130.9982147216797,0.9923273921012878,153.55982971191406,116.12374877929688,0.9961942434310913,106.28892517089844,127.41817474365234,0.9519379734992981,114.51775360107422,101.9557876586914,0.9780158400535583,118.43489074707031,96.1431655883789,0.707012414932251,100.74602508544922,169.26693725585938,0.9138008952140808,155.21864318847656,146.94097900390625,0.8522480726242065,165.77301025390625,135.36172485351562,0.9801676273345947
1019,73.26387023925781,125.00138854980469,0.9934117197990417,96.48578643798828,176.04164123535156,0.8785755038261414,100.35686492919922,154.7227325439453,0.995354175567627,109.64849853515625,146.2848663330078,0.9742142558097839,133.4196014404297,131.31314086914062,0.993444561958313,153.29293823242188,116.62297058105469,0.9960566759109497,106.23339080810547,127.41817474365234,0.9527683258056641,114.46469116210938,102.0626449584961,0.9725502729415894,118.66983795166016,96.24198150634766,0.720624566078186,100.51873016357422,169.26693725585938,0.9256856441497803,155.21864318847656,147.62489318847656,0.861481249332428,165.77301025390625,137.7834014892578,0.9858061671257019
1020,74.22953796386719,124.9330825805664,0.991507887840271,96.36412048339844,176.0347442626953,0.9069132208824158,99.94073486328125,154.0316162109375,0.9946542978286743,109.56562042236328,146.1145782470703,0.9772133827209473,132.51930236816406,131.4336395263672,0.9943680167198181,152.6766357421875,120.1906509399414,0.9959883093833923,105.86334228515625,126.55278778076172,0.9600404500961304,114.57027435302734,102.07918548583984,0.9660035967826843,118.71121215820312,96.34227752685547,0.7399138808250427,100.15817260742188,169.26693725585938,0.9312079548835754,155.21864318847656,148.4375,0.8245356678962708,165.77301025390625,139.64830017089844,0.9907820820808411
1021,74.48159790039062,124.64559173583984,0.9881597757339478,95.01415252685547,175.8912811279297,0.8769310712814331,99.51287078857422,153.6201934814453,0.9937103986740112,109.33059692382812,145.8982391357422,0.9763014912605286,131.82081604003906,131.90176391601562,0.9956138134002686,152.2788848876953,120.30733489990234,0.9956177473068237,104.2383041381836,126.49346923828125,0.947348415851593,114.46469116210938,102.23722076416016,0.9691274166107178,118.81200408935547,96.4303207397461,0.725473165512085,100.01887512207031,169.60784912109375,0.9280838966369629,154.6817626953125,148.5003662109375,0.8640928268432617,165.66859436035156,140.0002899169922,0.9888260364532471
1022,75.05821990966797,124.49394989013672,0.985679566860199,93.92494201660156,175.7208709716797,0.8792745471000671,99.02255249023438,151.74537658691406,0.9930534958839417,109.33059692382812,145.425048828125,0.977942943572998,131.17286682128906,131.90176391601562,0.996288537979126,152.2788848876953,120.38487243652344,0.9954296350479126,104.20440673828125,125.46141052246094,0.9384104013442993,114.46469116210938,102.23722076416016,0.9720373153686523,118.93517303466797,96.56626892089844,0.7391048669815063,99.84184265136719,169.60784912109375,0.9316120147705078,154.6817626953125,148.61920166015625,0.8780190348625183,165.66859436035156,140.052490234375,0.9864398837089539
1023,75.31324005126953,124.1678466796875,0.9844962358474731,92.2868881225586,174.92166137695312,0.8701333999633789,98.26234436035156,151.30767822265625,0.9921557903289795,109.03750610351562,145.3103485107422,0.9792732000350952,131.17286682128906,131.90176391601562,0.9963983297348022,152.2788848876953,120.38487243652344,0.9956740736961365,103.25391387939453,125.27061462402344,0.9338750243186951,114.46469116210938,102.56851196289062,0.9755744934082031,119.39405822753906,96.93930053710938,0.7090000510215759,99.7147216796875,169.60784912109375,0.9375287890434265,154.2379150390625,148.81211853027344,0.8324384689331055,165.66859436035156,140.0002899169922,0.9885588884353638
1024,75.31646728515625,124.08656311035156,0.9842892289161682,91.75919342041016,174.91636657714844,0.8532224297523499,97.95365142822266,150.99942016601562,0.9918622970581055,108.92440032958984,145.01321411132812,0.9819075465202332,131.17286682128906,131.52694702148438,0.996229350566864,152.3459930419922,120.38487243652344,0.9965226650238037,102.34430694580078,125.19300842285156,0.9201127290725708,114.51799011230469,102.34236145019531,0.9719594717025757,122.07217407226562,99.22837829589844,0.7633397579193115,99.5130844116211,169.30723571777344,0.929527997970581,152.8235626220703,148.92994689941406,0.7334946393966675,167.60699462890625,139.64830017089844,0.9902476668357849
1025,75.42015075683594,124.0534439086914,0.9840339422225952,91.62506103515625,174.79612731933594,0.8725653886795044,97.76762390136719,150.98304748535156,0.9910007119178772,108.88823699951172,145.01321411132812,0.9820507764816284,130.98516845703125,131.52694702148438,0.9964069724082947,153.1941375732422,117.15955352783203,0.996340811252594,102.08690643310547,124.92706298828125,0.9235653281211853,114.51799011230469,102.34236145019531,0.9746776223182678,122.07217407226562,99.22837829589844,0.7113504409790039,99.12750244140625,169.23411560058594,0.9257806539535522,123.91996765136719,165.17071533203125,0.6889501810073853,171.1032257080078,139.40731811523438,0.9806884527206421
1026,75.34793090820312,124.0534439086914,0.984279990196228,91.62135314941406,174.66653442382812,0.8739966750144958,97.66236877441406,150.78515625,0.9924071431159973,108.83477783203125,144.98178100585938,0.9836292862892151,131.18585205078125,131.5162811279297,0.9967740178108215,153.40882873535156,117.01647186279297,0.9970300197601318,99.25765991210938,123.71678924560547,0.9223479628562927,114.5193099975586,102.34236145019531,0.974082350730896,122.07217407226562,99.22837829589844,0.7504819631576538,98.85104370117188,169.0496826171875,0.9263315200805664,123.91996765136719,165.17071533203125,0.7319550514221191,171.2813262939453,139.34535217285156,0.9815647006034851
1027,75.31646728515625,123.91941833496094,0.9841386675834656,91.49707794189453,174.57220458984375,0.867442786693573,97.46837615966797,150.693359375,0.9920296669006348,108.6710205078125,144.98788452148438,0.9828710556030273,131.18585205078125,131.52694702148438,0.9967159032821655,153.43067932128906,116.95708465576172,0.9967778325080872,98.98257446289062,123.66476440429688,0.9187105298042297,114.5193099975586,102.91478729248047,0.9682835340499878,122.14857482910156,99.66657257080078,0.7677924036979675,98.71454620361328,168.97341918945312,0.9299548864364624,123.80426788330078,165.25680541992188,0.7569451332092285,171.58590698242188,139.34535217285156,0.9807716012001038
1028,75.31646728515625,123.78251647949219,0.9854398369789124,91.49707794189453,174.57220458984375,0.8773527145385742,97.32185363769531,150.42518615722656,0.9927841424942017,108.37808990478516,144.98178100585938,0.981155514717102,130.98516845703125,131.54318237304688,0.9964498281478882,153.43067932128906,116.95708465576172,0.9968156218528748,98.82000732421875,123.45365142822266,0.9219356775283813,114.69725036621094,104.96682739257812,0.9730619192123413,122.14857482910156,100.98527526855469,0.7914204597473145,98.52729034423828,168.9292755126953,0.9352307319641113,123.80426788330078,165.34481811523438,0.7571844458580017,171.58653259277344,139.34535217285156,0.9797619581222534
1029,75.18782806396484,123.78251647949219,0.9844080805778503,91.49110412597656,174.57220458984375,0.8807889223098755,96.86897277832031,150.42518615722656,0.9916681051254272,108.02637481689453,144.93264770507812,0.9820181131362915,130.97483825683594,131.54318237304688,0.9963165521621704,153.40882873535156,116.9439926147461,0.9967631101608276,98.82000732421875,123.45365142822266,0.9185863733291626,114.69725036621094,104.96682739257812,0.9684868454933167,122.14857482910156,100.98527526855469,0.787075400352478,98.52729034423828,168.9292755126953,0.9319446682929993,123.75690460205078,165.48355102539062,0.7880731225013733,171.58653259277344,139.34535217285156,0.9818057417869568
1030,74.83013916015625,123.75402069091797,0.9834911227226257,91.44219207763672,174.57867431640625,0.8888242840766907,96.79129791259766,150.42291259765625,0.9911565780639648,107.99486541748047,144.78985595703125,0.9826275706291199,130.96893310546875,131.5162811279297,0.996229350566864,153.12686157226562,116.9439926147461,0.9967523813247681,99.25765991210938,123.71678924560547,0.9122219681739807,114.7031478881836,104.96682739257812,0.9674201011657715,122.20724487304688,100.98527526855469,0.8014280796051025,98.52729034423828,168.78091430664062,0.9315221905708313,123.7073974609375,165.6500701904297,0.7801897525787354,171.58653259277344,138.4921875,0.9798722863197327
1031,74.80354309082031,123.75402069091797,0.9845917820930481,91.44219207763672,174.57867431640625,0.8912566304206848,96.46204376220703,150.42291259765625,0.9905914664268494,107.86209106445312,144.69085693359375,0.9830020070075989,130.8918914794922,131.50050354003906,0.9962433576583862,152.75172424316406,116.75567626953125,0.9969095587730408,97.52863311767578,124.78486633300781,0.9084330797195435,114.70458984375,104.96682739257812,0.9640365242958069,122.38956451416016,100.98527526855469,0.8052098751068115,98.53947448730469,168.78091430664062,0.9257899522781372,123.66300201416016,165.784423828125,0.7980674505233765,171.18544006347656,138.0980224609375,0.9797372221946716
1032,74.34405517578125,123.75402069091797,0.987331211566925,91.44219207763672,174.57867431640625,0.8920900225639343,96.36724853515625,150.08258056640625,0.9915914535522461,107.83900451660156,144.4979248046875,0.9841492772102356,130.67178344726562,131.222412109375,0.9957239627838135,152.75172424316406,116.72119140625,0.9968462586402893,97.35364532470703,125.00569152832031,0.9140042662620544,115.167236328125,104.96682739257812,0.9652364253997803,122.52171325683594,100.98527526855469,0.8270294666290283,98.6550064086914,168.61769104003906,0.9267028570175171,123.20063018798828,165.86672973632812,0.7960129380226135,171.06455993652344,137.713623046875,0.9786737561225891
1033,73.99290466308594,123.6724624633789,0.9886406660079956,88.37332153320312,174.41917419433594,0.8967359662055969,96.03295135498047,150.0038604736328,0.9915571212768555,107.83900451660156,144.22398376464844,0.9826256036758423,130.439453125,131.0315704345703,0.9958351850509644,152.6964111328125,116.72119140625,0.9969205856323242,98.20230102539062,125.00569152832031,0.9128544926643372,115.167236328125,104.7070083618164,0.9683135747909546,122.67137145996094,100.7188949584961,0.8365119695663452,98.88348388671875,168.25352478027344,0.9275264739990234,123.19115447998047,165.86672973632812,0.7899461984634399,170.7506561279297,137.61138916015625,0.9769943356513977
1034,73.76133728027344,123.53440856933594,0.9890882968902588,88.29105377197266,174.0946044921875,0.9074900150299072,95.95315551757812,149.7720184326172,0.9908279180526733,107.83900451660156,144.15745544433594,0.9810787439346313,130.42083740234375,130.5128631591797,0.9957928657531738,152.56350708007812,119.54583740234375,0.9973469972610474,98.07847595214844,124.78486633300781,0.9175707697868347,115.167236328125,104.60224151611328,0.9652657508850098,122.81746673583984,100.61742401123047,0.8609305024147034,98.968505859375,167.7573699951172,0.9203581213951111,123.11164093017578,166.0010223388672,0.7891080379486084,168.53085327148438,136.93296813964844,0.9696560502052307
1035,72.88801574707031,122.87045288085938,0.9906620383262634,87.84774780273438,173.8311767578125,0.9219812750816345,95.7635498046875,149.00405883789062,0.9905886650085449,107.91967010498047,143.58035278320312,0.9816341996192932,130.30606079101562,130.09783935546875,0.9957122802734375,152.56350708007812,119.54583740234375,0.9974258542060852,97.97315216064453,123.54612731933594,0.9101935625076294,115.12960052490234,104.46634674072266,0.9645174741744995,122.67137145996094,100.58460998535156,0.8503940105438232,99.16780090332031,166.86444091796875,0.9140527844429016,122.71141052246094,166.0010223388672,0.8049259185791016,168.46189880371094,135.65914916992188,0.976539134979248
1036,72.5647964477539,122.7491226196289,0.9911962747573853,87.27884674072266,173.1162872314453,0.94293612241745,94.88162994384766,147.64060974121094,0.9911984801292419,107.91967010498047,141.98757934570312,0.9810841679573059,130.09228515625,130.05743408203125,0.9955049157142639,152.4190216064453,119.59235382080078,0.9974181652069092,97.97315216064453,123.34994506835938,0.9044811725616455,114.93294525146484,104.46634674072266,0.9663379788398743,122.81746673583984,100.58460998535156,0.8530526757240295,99.16780090332031,166.86444091796875,0.9088890552520752,119.90933227539062,166.6708526611328,0.8298441171646118,168.0256805419922,135.65914916992188,0.9789615273475647
1037,71.81820678710938,122.7491226196289,0.9929125905036926,86.77577209472656,172.9483184814453,0.9582375288009644,94.3685302734375,147.1751708984375,0.9920992851257324,107.91967010498047,141.98757934570312,0.9811303019523621,129.70669555664062,130.05743408203125,0.9956323504447937,152.3214874267578,119.73005676269531,0.9975983500480652,97.97315216064453,122.76763153076172,0.9020046591758728,114.93294525146484,104.03396606445312,0.9707236886024475,122.81746673583984,100.38158416748047,0.855209469795227,99.16780090332031,166.86444091796875,0.8867152333259583,119.90933227539062,166.6708526611328,0.9014438986778259,168.0256805419922,135.65914916992188,0.9703798890113831
1038,69.76325225830078,122.87045288085938,0.9949572682380676,86.61044311523438,172.9483184814453,0.9686445593833923,93.69078826904297,147.1751708984375,0.9932963252067566,107.43429565429688,141.98757934570312,0.9821265339851379,129.70669555664062,130.09783935546875,0.9958109855651855,152.2488555908203,119.73005676269531,0.9975365400314331,97.72694396972656,122.72071075439453,0.8922550082206726,114.8572998046875,104.02767181396484,0.9673778414726257,122.62760162353516,100.38158416748047,0.8397787809371948,94.1986083984375,167.041748046875,0.8816577792167664,119.90933227539062,166.6708526611328,0.9244210720062256,168.0256805419922,135.6754150390625,0.9695823192596436
1039,67.82601165771484,123.3654556274414,0.9951981902122498,85.78640747070312,172.9483184814453,0.9728030562400818,92.98291015625,147.1751708984375,0.9934024214744568,105.63627624511719,142.49266052246094,0.9850479364395142,129.6729278564453,130.1177978515625,0.9955224990844727,152.1262969970703,119.73005676269531,0.9976654052734375,96.82830810546875,122.46062469482422,0.885007917881012,114.81571197509766,104.03396606445312,0.969742476940155,122.42996978759766,100.3947982788086,0.8625932335853577,93.650146484375,167.0463104248047,0.8746833801269531,120.18035125732422,166.6020050048828,0.9461275339126587,168.0256805419922,135.6754150390625,0.9689362049102783
1040,65.62871551513672,123.3654556274414,0.9934473633766174,85.69796752929688,172.9483184814453,0.9752411842346191,92.12964630126953,147.29122924804688,0.9938662648200989,104.93453979492188,142.53219604492188,0.9880774021148682,129.2387237548828,130.44117736816406,0.9957748055458069,151.51780700683594,119.73790740966797,0.9976150989532471,96.79557037353516,122.46062469482422,0.8659550547599792,114.49378204345703,104.06959533691406,0.9646941423416138,122.3753890991211,100.48048400878906,0.857721209526062,92.90327453613281,167.25851440429688,0.8739258646965027,120.23909759521484,166.6020050048828,0.9501858949661255,167.62098693847656,135.6754150390625,0.9700110554695129
1041,63.66656494140625,123.42463684082031,0.9896751046180725,85.40914154052734,172.9483184814453,0.9751591682434082,91.92391204833984,147.37612915039062,0.9945330619812012,104.47814178466797,142.53219604492188,0.9904503226280212,129.2387237548828,130.44117736816406,0.9959836006164551,151.48655700683594,119.73005676269531,0.9976335763931274,96.0198745727539,122.42453002929688,0.8712250590324402,114.2559585571289,104.025634765625,0.9622320532798767,122.3753890991211,100.3947982788086,0.8716013431549072,92.69269561767578,167.25851440429688,0.8836396932601929,120.71450805664062,166.6020050048828,0.9643858671188354,167.55429077148438,135.50965881347656,0.9732365608215332
1042,63.07833480834961,123.42463684082031,0.9859413504600525,85.03062438964844,172.63856506347656,0.9727393984794617,91.80174255371094,147.51280212402344,0.99413001537323,104.41368103027344,142.49266052246094,0.990619421005249,129.35687255859375,130.44117736816406,0.9962651133537292,151.48655700683594,119.72792053222656,0.9977502226829529,95.82706451416016,122.46062469482422,0.857168972492218,114.2559585571289,104.06959533691406,0.9571128487586975,122.3753890991211,100.48048400878906,0.8544033169746399,92.57103729248047,167.25851440429688,0.8792691826820374,121.68212127685547,166.7334442138672,0.9657170176506042,166.8568572998047,135.33926391601562,0.9716218709945679
1043,61.98063659667969,123.44235229492188,0.9854782819747925,84.70257568359375,172.6289520263672,0.9754360914230347,91.64859008789062,147.51280212402344,0.9942447543144226,104.26761627197266,142.41732788085938,0.9898611307144165,129.35687255859375,130.11044311523438,0.9961493015289307,151.48655700683594,119.63446807861328,0.9976308345794678,95.82706451416016,122.46062469482422,0.8677064776420593,114.22522735595703,104.06959533691406,0.9636763334274292,122.69244384765625,100.3947982788086,0.8494635224342346,92.55008697509766,167.25685119628906,0.8754419088363647,121.9066162109375,166.887451171875,0.9640547037124634,166.5811309814453,134.66128540039062,0.9812697172164917
1044,61.71494674682617,123.44235229492188,0.9861491918563843,84.6185302734375,172.5930633544922,0.9739070534706116,91.64859008789062,147.37612915039062,0.9943779110908508,104.26761627197266,142.32623291015625,0.9903704524040222,130.01499938964844,129.91439819335938,0.9957908391952515,151.48655700683594,119.582763671875,0.9977743029594421,96.0198745727539,122.12159729003906,0.8752198219299316,114.22522735595703,104.01946258544922,0.9699392914772034,122.69244384765625,100.48873138427734,0.8323825597763062,92.35991668701172,167.19406127929688,0.8788811564445496,122.06644439697266,166.9518585205078,0.9640216827392578,166.57339477539062,134.57923889160156,0.9796114563941956
1045,61.71494674682617,123.44235229492188,0.9851094484329224,84.43495178222656,172.44601440429688,0.9792394638061523,91.27945709228516,146.58213806152344,0.9954364895820618,104.11735534667969,141.77224731445312,0.9902847409248352,130.01499938964844,129.5697021484375,0.9946979284286499,151.47201538085938,119.2928466796875,0.9980471134185791,99.0751953125,120.61736297607422,0.8730852007865906,114.41683197021484,103.95736694335938,0.9704561233520508,122.71937561035156,100.27813720703125,0.8224982023239136,92.19694519042969,166.84852600097656,0.8946455121040344,122.06644439697266,167.0657196044922,0.9813131093978882,165.4934539794922,134.22921752929688,0.9818705320358276
1046,61.71494674682617,121.02696990966797,0.9874371290206909,83.71826934814453,172.24234008789062,0.9810551404953003,90.74371337890625,146.51856994628906,0.995179295539856,104.11735534667969,141.7496337890625,0.989656925201416,130.01499938964844,129.31497192382812,0.9947584271430969,151.47201538085938,119.1758804321289,0.9977756142616272,99.11305236816406,120.61736297607422,0.8731010556221008,114.74615478515625,103.95736694335938,0.9720058441162109,122.78406524658203,100.27813720703125,0.8266558647155762,91.46574401855469,166.7335205078125,0.8925299644470215,122.06644439697266,167.0657196044922,0.9708095192909241,165.3714599609375,133.93179321289062,0.9850882887840271
1047,63.19962692260742,119.53385162353516,0.9906561970710754,82.0990219116211,171.0511474609375,0.980787992477417,90.72439575195312,145.70620727539062,0.9945911169052124,104.0322494506836,141.36477661132812,0.9899795055389404,129.3809051513672,129.2586212158203,0.9960477948188782,151.06088256835938,119.1758804321289,0.9974135756492615,99.49616241455078,120.40808868408203,0.8612762093544006,114.41683197021484,102.49791717529297,0.9705962538719177,122.75282287597656,99.73464965820312,0.8678463697433472,90.75387573242188,165.78697204589844,0.8939489722251892,121.40547180175781,167.0657196044922,0.976498007774353,165.36654663085938,133.20269775390625,0.984613299369812
1048,63.51493453979492,117.63349914550781,0.9943844079971313,79.65777587890625,169.3313751220703,0.9815636873245239,90.51549530029297,144.56552124023438,0.9942156672477722,103.89027404785156,140.65875244140625,0.988182008266449,128.7138671875,129.1967010498047,0.995832622051239,151.0432586669922,119.1758804321289,0.9976111650466919,99.49616241455078,120.61736297607422,0.8566969633102417,114.41683197021484,102.49791717529297,0.9768561720848083,122.75282287597656,99.73464965820312,0.8626502752304077,90.52500915527344,164.67503356933594,0.9034333229064941,119.70865631103516,167.0657196044922,0.9770684838294983,165.33163452148438,133.20269775390625,0.9859926104545593
1049,63.51493453979492,116.59292602539062,0.9961705803871155,77.36821746826172,168.7677764892578,0.9785511493682861,90.4903793334961,144.56552124023438,0.9931540489196777,103.79820251464844,140.65875244140625,0.9880284070968628,128.1868896484375,129.1967010498047,0.9951221346855164,151.007568359375,119.33383178710938,0.9972079396247864,99.49616241455078,120.67484283447266,0.8633548021316528,114.36830139160156,102.49791717529297,0.977277934551239,122.75282287597656,99.73464965820312,0.8318618535995483,90.26275634765625,163.73779296875,0.8968777656555176,117.26780700683594,166.76132202148438,0.9701438546180725,164.69866943359375,133.20269775390625,0.9825621843338013
1050,63.52738571166992,116.12806701660156,0.9967426657676697,77.1393814086914,168.75665283203125,0.9619923830032349,89.73860931396484,144.56552124023438,0.9916297793388367,103.38516998291016,140.65875244140625,0.9885721206665039,127.75337982177734,129.1967010498047,0.9948899745941162,150.55462646484375,119.80813598632812,0.9977133274078369,96.04472351074219,122.09713745117188,0.8831468224525452,114.1573257446289,102.88822174072266,0.9747330546379089,122.75282287597656,100.26827239990234,0.8399218916893005,87.72969055175781,162.50442504882812,0.891568660736084,117.12390899658203,166.5543670654297,0.9615318775177002,164.36839294433594,133.7495574951172,0.9815074801445007
1051,63.52738571166992,115.95206451416016,0.996819257736206,76.08465576171875,168.62399291992188,0.9507530331611633,89.38540649414062,144.3553009033203,0.9899219870567322,103.35987091064453,140.7792510986328,0.9919131994247437,127.1830825805664,129.27481079101562,0.9942401647567749,149.3736114501953,120.12894439697266,0.9973414540290833,95.44987487792969,122.81256866455078,0.8947916030883789,113.95632934570312,102.88822174072266,0.963813304901123,122.5478515625,100.26827239990234,0.8699856400489807,87.25542449951172,162.3361358642578,0.8881028890609741,115.67138671875,165.92556762695312,0.9700776934623718,163.26986694335938,133.79148864746094,0.9831539988517761
1052,63.35742950439453,115.51460266113281,0.9969333410263062,75.99368286132812,168.31724548339844,0.9634417295455933,89.08157348632812,144.3553009033203,0.9894641637802124,102.37371826171875,140.9065704345703,0.9917182922363281,126.2701416015625,129.43418884277344,0.994056224822998,148.7321319580078,120.27609252929688,0.9972399473190308,94.97377014160156,123.2854232788086,0.9033147692680359,113.87262725830078,102.96112823486328,0.9649572372436523,122.16926574707031,100.30178833007812,0.8731508255004883,86.40013885498047,161.86521911621094,0.8782785534858704,115.87721252441406,166.04490661621094,0.9623193740844727,162.27772521972656,133.79148864746094,0.9824274182319641
1053,63.303192138671875,114.81196594238281,0.9963067770004272,73.9607925415039,168.31724548339844,0.9687691330909729,87.93460083007812,144.3553009033203,0.989400327205658,101.78056335449219,140.96224975585938,0.991990864276886,124.04557800292969,130.35092163085938,0.9946775436401367,148.0283203125,120.30583953857422,0.9969452023506165,93.67253875732422,124.10908508300781,0.8791656494140625,113.76785278320312,102.98477935791016,0.9505013823509216,122.0783462524414,100.34974670410156,0.9002248048782349,86.40013885498047,160.82420349121094,0.8384561538696289,115.87721252441406,165.92556762695312,0.9758269786834717,161.15577697753906,133.7495574951172,0.979648768901825
1054,62.646385192871094,114.62820434570312,0.99638831615448,71.76860809326172,168.31724548339844,0.9805019497871399,86.85086822509766,144.2319793701172,0.9925549626350403,100.39925384521484,140.96224975585938,0.992024302482605,123.93663024902344,130.57591247558594,0.9946651458740234,146.99853515625,120.47677612304688,0.9962823987007141,90.86320495605469,125.0938720703125,0.8914231061935425,113.76785278320312,102.98477935791016,0.9486051201820374,122.05291748046875,100.52488708496094,0.910743236541748,86.40013885498047,160.41989135742188,0.8054913878440857,115.87721252441406,165.92556762695312,0.9802244305610657,160.28012084960938,132.33656311035156,0.9818632006645203
1055,62.064701080322266,114.40682983398438,0.9961041212081909,70.33150482177734,168.32382202148438,0.988143265247345,86.44080352783203,143.91090393066406,0.9928148984909058,100.24996185302734,140.96554565429688,0.9921393990516663,123.02672576904297,130.9419403076172,0.9945214986801147,146.74708557128906,120.5743179321289,0.9962924122810364,90.04969024658203,125.0938720703125,0.898463249206543,113.74451446533203,102.98477935791016,0.9374786019325256,121.7143325805664,100.52488708496094,0.9131595492362976,97.43276977539062,159.40916442871094,0.8058271408081055,115.89993286132812,166.04490661621094,0.9746561050415039,160.07565307617188,132.33656311035156,0.973932147026062
1056,61.81615447998047,114.08710479736328,0.9953639507293701,69.47455596923828,168.32382202148438,0.9909177422523499,85.61288452148438,143.7728729248047,0.994056224822998,99.45650482177734,140.96224975585938,0.992918074131012,122.77571868896484,130.9419403076172,0.9950060248374939,145.62005615234375,120.47677612304688,0.9936559200286865,89.8221435546875,125.0938720703125,0.9141228199005127,113.66144561767578,102.98477935791016,0.9325406551361084,121.68548583984375,100.52488708496094,0.9376236796379089,97.43276977539062,158.82029724121094,0.8290442824363708,115.89993286132812,166.04490661621094,0.9740248918533325,158.6218719482422,132.31211853027344,0.9705740213394165
1057,61.535499572753906,113.88908386230469,0.995103120803833,68.61131286621094,168.32382202148438,0.9912204146385193,85.21145629882812,143.6645050048828,0.9949039220809937,98.41838836669922,140.89830017089844,0.9931582808494568,122.77571868896484,130.57591247558594,0.9963608384132385,144.77005004882812,120.47677612304688,0.9921369552612305,89.47404479980469,125.0775146484375,0.9248513579368591,113.66144561767578,102.98477935791016,0.9142565131187439,121.59822082519531,100.52488708496094,0.9472213983535767,97.43276977539062,158.7659454345703,0.8466100692749023,115.89993286132812,165.9116973876953,0.9745131134986877,156.86463928222656,132.31211853027344,0.96072918176651
