scorer,DLC_resnet101_0degreeFeb13shuffle1_50000,DLC_resnet101_0degreeFeb13shuffle1_50000,DLC_resnet101_0degreeFeb13shuffle1_50000,DLC_resnet101_0degreeFeb13shuffle1_50000,DLC_resnet101_0degreeFeb13shuffle1_50000,DLC_resnet101_0degreeFeb13shuffle1_50000,DLC_resnet101_0degreeFeb13shuffle1_50000,DLC_resnet101_0degreeFeb13shuffle1_50000,DLC_resnet101_0degreeFeb13shuffle1_50000,DLC_resnet101_0degreeFeb13shuffle1_50000,DLC_resnet101_0degreeFeb13shuffle1_50000,DLC_resnet101_0degreeFeb13shuffle1_50000,DLC_resnet101_0degreeFeb13shuffle1_50000,DLC_resnet101_0degreeFeb13shuffle1_50000,DLC_resnet101_0degreeFeb13shuffle1_50000,DLC_resnet101_0degreeFeb13shuffle1_50000,DLC_resnet101_0degreeFeb13shuffle1_50000,DLC_resnet101_0degreeFeb13shuffle1_50000,DLC_resnet101_0degreeFeb13shuffle1_50000,DLC_resnet101_0degreeFeb13shuffle1_50000,DLC_resnet101_0degreeFeb13shuffle1_50000,DLC_resnet101_0degreeFeb13shuffle1_50000,DLC_resnet101_0degreeFeb13shuffle1_50000,DLC_resnet101_0degreeFeb13shuffle1_50000,DLC_resnet101_0degreeFeb13shuffle1_50000,DLC_resnet101_0degreeFeb13shuffle1_50000,DLC_resnet101_0degreeFeb13shuffle1_50000,DLC_resnet101_0degreeFeb13shuffle1_50000,DLC_resnet101_0degreeFeb13shuffle1_50000,DLC_resnet101_0degreeFeb13shuffle1_50000,DLC_resnet101_0degreeFeb13shuffle1_50000,DLC_resnet101_0degreeFeb13shuffle1_50000,DLC_resnet101_0degreeFeb13shuffle1_50000,DLC_resnet101_0degreeFeb13shuffle1_50000,DLC_resnet101_0degreeFeb13shuffle1_50000,DLC_resnet101_0degreeFeb13shuffle1_50000
bodyparts,antena1,antena1,antena1,antena2,antena2,antena2,forhead,forhead,forhead,neck,neck,neck,thorax,thorax,thorax,abdomen,abdomen,abdomen,l1,l1,l1,l2,l2,l2,l3,l3,l3,r1,r1,r1,r2,r2,r2,r3,r3,r3
coords,x,y,likelihood,x,y,likelihood,x,y,likelihood,x,y,likelihood,x,y,likelihood,x,y,likelihood,x,y,likelihood,x,y,likelihood,x,y,likelihood,x,y,likelihood,x,y,likelihood,x,y,likelihood
0,499.6636047363281,51.274627685546875,0.9816164970397949,480.890380859375,89.61511993408203,0.9943596720695496,512.1953735351562,73.8709716796875,0.9953194260597229,527.1165771484375,78.30445861816406,0.998916745185852,550.978271484375,79.3592529296875,0.9994966983795166,574.0314331054688,82.97276306152344,0.9997872710227966,524.1593017578125,61.136192321777344,0.9901939034461975,543.733154296875,53.320350646972656,0.9879869818687439,588.3613891601562,52.73973846435547,0.9884757995605469,506.6884765625,85.85835266113281,0.9756544828414917,553.0849609375,113.40626525878906,0.9979605674743652,564.6892700195312,104.4284439086914,0.924493670463562
1,499.6636047363281,51.29526138305664,0.9789915084838867,480.890380859375,90.64806365966797,0.9968185424804688,512.1953735351562,74.5539779663086,0.995364785194397,527.1165771484375,78.35333251953125,0.9984431862831116,550.978271484375,80.27035522460938,0.9993239641189575,574.0314331054688,83.59451293945312,0.9994705319404602,524.1593017578125,62.117645263671875,0.9795700907707214,543.733154296875,54.00896072387695,0.9905120730400085,591.8430786132812,53.137733459472656,0.9857220649719238,506.6884765625,85.88997650146484,0.9799723029136658,553.0849609375,113.98416137695312,0.9902172684669495,565.31396484375,105.8426742553711,0.9181568622589111
2,499.6636047363281,51.34635925292969,0.9855256676673889,480.890380859375,90.76100158691406,0.9955156445503235,512.1953735351562,74.6004638671875,0.9900097250938416,527.1165771484375,78.35955810546875,0.9926164746284485,550.978271484375,80.86898040771484,0.9990094900131226,574.0314331054688,84.7022476196289,0.9995738863945007,524.1593017578125,63.337852478027344,0.9325246214866638,543.733154296875,54.00896072387695,0.986855149269104,591.88037109375,53.61886978149414,0.9847598671913147,506.6884765625,87.07482147216797,0.9775176644325256,553.0849609375,115.93671417236328,0.9851979613304138,565.9554443359375,111.34595489501953,0.9912421703338623
3,497.093994140625,51.36296081542969,0.9852223992347717,474.953857421875,91.32959747314453,0.9953926801681519,509.4271240234375,75.3365249633789,0.9956733584403992,522.9953002929688,78.81644439697266,0.9951840043067932,547.4299926757812,81.6391830444336,0.9993138313293457,571.7688598632812,85.79163360595703,0.999667763710022,516.5578002929688,63.75418472290039,0.9504916667938232,543.2368774414062,53.93114471435547,0.9931625127792358,591.88037109375,54.17555618286133,0.9866064786911011,502.6856994628906,87.33911895751953,0.9775870442390442,551.7250366210938,115.93671417236328,0.9663833975791931,565.9554443359375,113.80816650390625,0.9964004755020142
4,492.8349609375,51.69452667236328,0.9930353164672852,472.2466735839844,92.54286193847656,0.9939862489700317,506.35418701171875,76.09468078613281,0.9942019581794739,521.2726440429688,80.78144836425781,0.9947022795677185,544.3255004882812,83.34243774414062,0.9987403750419617,570.6013793945312,87.21284484863281,0.9994980096817017,515.4407958984375,64.45679473876953,0.9302557110786438,542.2042846679688,54.62649154663086,0.997363269329071,591.8430786132812,54.569068908691406,0.9860169291496277,500.5932312011719,88.39328002929688,0.9720891118049622,548.8158569335938,115.93671417236328,0.9482419490814209,566.1506958007812,114.47709655761719,0.9982665181159973
5,490.0542297363281,52.00007247924805,0.9920153617858887,472.089111328125,95.04913330078125,0.9951866269111633,502.8847351074219,76.5091552734375,0.9981643557548523,518.7130126953125,81.42364501953125,0.997891366481781,543.3187255859375,83.40242767333984,0.9996846914291382,567.0439453125,87.21284484863281,0.9996839761734009,512.2010498046875,63.75418472290039,0.9379891753196716,541.6773071289062,54.62649154663086,0.9971278309822083,588.2333984375,56.0418815612793,0.9902588129043579,500.5932312011719,89.7030029296875,0.9770894646644592,534.6321411132812,116.23818969726562,0.9300668835639954,566.1506958007812,115.3873519897461,0.999043881893158
6,486.2818603515625,52.00007247924805,0.9962261915206909,471.0892333984375,96.25054931640625,0.9974570870399475,500.7511291503906,77.42548370361328,0.9990691542625427,517.0006103515625,81.42364501953125,0.9991193413734436,540.1795043945312,83.40242767333984,0.9998102784156799,562.8352661132812,87.21284484863281,0.9995100498199463,506.10552978515625,63.75418472290039,0.9424858093261719,541.6773071289062,53.93114471435547,0.9970596432685852,579.1271362304688,56.55644607543945,0.9879949688911438,500.5932312011719,91.29273986816406,0.9612666964530945,531.6025390625,116.23818969726562,0.9885776042938232,565.9554443359375,115.3873519897461,0.9988234639167786
7,482.69549560546875,52.37821960449219,0.9956613183021545,468.41900634765625,98.6791763305664,0.9989578723907471,498.4321594238281,78.2576904296875,0.9987127780914307,513.9675903320312,81.63999938964844,0.9988204836845398,537.126220703125,83.40242767333984,0.9996514320373535,559.7447509765625,85.60948944091797,0.9992412328720093,497.6929626464844,63.114498138427734,0.979480504989624,541.3493041992188,53.76771926879883,0.9956002235412598,570.0950927734375,56.55644607543945,0.9949457049369812,501.17437744140625,91.56726837158203,0.9540790319442749,519.2713623046875,113.22962188720703,0.9871402382850647,564.6568603515625,115.3873519897461,0.999103307723999
8,478.4888000488281,52.55265808105469,0.9944080114364624,465.9167785644531,99.63886260986328,0.9988988637924194,495.0860290527344,79.3278579711914,0.9965554475784302,509.9833679199219,81.63999938964844,0.9972174167633057,535.1800537109375,83.30403137207031,0.9996680021286011,556.0947265625,85.10633087158203,0.9996032118797302,494.99407958984375,62.375335693359375,0.9895159006118774,541.2466430664062,53.76771926879883,0.9978142976760864,558.5584106445312,56.55644607543945,0.9712325930595398,501.17437744140625,91.56726837158203,0.9390324354171753,517.5357666015625,113.22962188720703,0.9973646998405457,563.0885620117188,114.97850036621094,0.9986200332641602
9,474.4088134765625,53.234676361083984,0.9945756196975708,462.98516845703125,100.10789489746094,0.9980515241622925,492.50140380859375,79.66207122802734,0.9964860677719116,507.2709655761719,81.10426330566406,0.9969940185546875,530.8104858398438,82.66987609863281,0.9993939399719238,554.5509643554688,84.85667419433594,0.999219536781311,489.0422668457031,61.99067687988281,0.9927704930305481,540.6884155273438,53.250038146972656,0.9988645315170288,553.0284423828125,55.39916229248047,0.9822435975074768,501.17437744140625,91.56726837158203,0.9625029563903809,515.5595703125,108.16366577148438,0.9909470081329346,560.9068603515625,114.2403335571289,0.996146559715271
10,469.4681091308594,57.23773193359375,0.987453281879425,458.6915588378906,100.31361389160156,0.9989792704582214,487.50830078125,79.83960723876953,0.9980216026306152,504.38238525390625,81.04044342041016,0.9989176988601685,527.0260009765625,82.59228515625,0.9996750354766846,549.5029296875,84.28639221191406,0.9998132586479187,486.8721008300781,61.27723693847656,0.9920899868011475,537.941650390625,53.250038146972656,0.9966861605644226,547.1280517578125,51.74263381958008,0.9869071245193481,498.3581848144531,91.29027557373047,0.9902708530426025,512.5155029296875,106.41577911376953,0.9875247478485107,560.62109375,113.23469543457031,0.9935289025306702
11,462.727783203125,57.23773193359375,0.9904338121414185,455.3281555175781,101.66803741455078,0.9983204007148743,484.8549499511719,79.83960723876953,0.9989493489265442,501.37518310546875,81.04044342041016,0.9986503720283508,523.8034057617188,82.08680725097656,0.9996519088745117,546.3853759765625,83.86457824707031,0.9994595646858215,481.43096923828125,61.27723693847656,0.9951643943786621,535.1709594726562,53.250038146972656,0.9814563989639282,541.6298828125,51.74263381958008,0.9835634231567383,494.4276428222656,89.98587036132812,0.984233558177948,509.12841796875,106.41577911376953,0.9669880867004395,559.4619140625,113.04344177246094,0.9936972260475159
12,458.894775390625,57.23773193359375,0.9918248057365417,454.1885986328125,102.67951202392578,0.9979294538497925,481.6224670410156,79.6974868774414,0.9959027171134949,496.629150390625,80.79670715332031,0.9949711561203003,519.8435668945312,81.53751373291016,0.9988182187080383,541.416015625,82.44620513916016,0.9990723133087158,476.4440002441406,60.843482971191406,0.9971639513969421,531.7174682617188,53.250038146972656,0.9897444844245911,539.0889892578125,51.7281494140625,0.9915717840194702,493.5228576660156,89.85455322265625,0.9791758060455322,502.8082275390625,106.41577911376953,0.9613642692565918,557.8931884765625,112.15003204345703,0.9920152425765991
13,454.19744873046875,54.893089294433594,0.9971241354942322,448.18994140625,102.67951202392578,0.995284378528595,477.2501525878906,79.6974868774414,0.9935585856437683,492.5458984375,80.79670715332031,0.9939066767692566,516.2252197265625,80.96683502197266,0.9988665580749512,538.1036376953125,82.44620513916016,0.9987900853157043,470.6126403808594,60.67438888549805,0.9924577474594116,530.1943359375,53.366092681884766,0.9798439741134644,538.5661010742188,51.655086517333984,0.9951901435852051,489.525390625,89.2317886352539,0.9894459843635559,486.8135681152344,118.6295394897461,0.9937641024589539,556.6502075195312,112.15003204345703,0.9924336671829224
14,452.39642333984375,54.566558837890625,0.9976811408996582,443.22894287109375,102.67951202392578,0.9969587326049805,472.3697204589844,79.29248046875,0.9968517422676086,489.66815185546875,80.50257873535156,0.9977052807807922,511.1362609863281,80.3826675415039,0.9965130686759949,536.584716796875,82.44620513916016,0.9989525079727173,467.5934753417969,59.2047119140625,0.9928696751594543,523.846923828125,53.48255157470703,0.9965529441833496,534.9156494140625,51.6921272277832,0.9920485615730286,487.6979064941406,89.0633316040039,0.9932435154914856,483.1932373046875,118.70455169677734,0.9984026551246643,555.0067138671875,112.03036499023438,0.9916672110557556
15,450.0882263183594,54.566558837890625,0.9925262928009033,439.0614318847656,102.43950653076172,0.9974688291549683,469.9079284667969,78.43632507324219,0.9985873699188232,486.10516357421875,80.41171264648438,0.9987934827804565,508.16015625,80.3826675415039,0.9986881613731384,532.396240234375,82.44620513916016,0.9995373487472534,466.2064514160156,57.460872650146484,0.9904532432556152,516.0208740234375,56.18257141113281,0.672818660736084,534.8761596679688,51.7281494140625,0.995383083820343,482.70867919921875,89.01998901367188,0.990461528301239,483.0738220214844,118.99815368652344,0.9978633522987366,551.2022094726562,111.30045318603516,0.9859143495559692
16,448.42340087890625,54.566558837890625,0.9881514310836792,436.5532531738281,100.23983001708984,0.9981277585029602,466.9253845214844,78.07859802246094,0.996966540813446,482.3905029296875,80.31226348876953,0.9976669549942017,505.26165771484375,80.09200286865234,0.9984135627746582,528.9484252929688,82.44620513916016,0.9986587762832642,464.427490234375,57.36417770385742,0.9894144535064697,502.8702087402344,56.18257141113281,0.7088489532470703,532.794921875,51.7281494140625,0.9943583607673645,479.90777587890625,89.01998901367188,0.97897869348526,481.5550842285156,118.99815368652344,0.9977986216545105,546.52197265625,110.49809265136719,0.9866522550582886
17,445.51751708984375,54.92790985107422,0.9912619590759277,431.44879150390625,98.2486572265625,0.9980680346488953,463.7938537597656,77.9543228149414,0.9940972328186035,478.3739318847656,79.91875457763672,0.9931354522705078,502.2447509765625,79.95551300048828,0.9982301592826843,524.8414306640625,81.19606018066406,0.998826801776886,464.224853515625,57.23051834106445,0.9934656023979187,491.58203125,56.18257141113281,0.446818083524704,530.6110229492188,52.302268981933594,0.9929370284080505,478.15191650390625,88.79283905029297,0.9410769939422607,480.97186279296875,118.6295394897461,0.9981672763824463,541.1925048828125,109.6877212524414,0.9777552485466003
18,442.2688903808594,54.92790985107422,0.9914378523826599,427.0150451660156,97.55455017089844,0.9990018010139465,459.3125,76.34416198730469,0.9958165287971497,475.5292663574219,79.05392456054688,0.9963350296020508,496.4295959472656,79.95551300048828,0.9987630844116211,520.9876708984375,81.05953216552734,0.9979397654533386,463.2579345703125,57.23051834106445,0.9946357607841492,489.3111877441406,55.722110748291016,0.8188839554786682,526.05029296875,52.84906768798828,0.9881645441055298,475.1352233886719,88.07659912109375,0.7821169495582581,480.6320495605469,118.5864486694336,0.9991377592086792,524.2300415039062,105.11369323730469,0.9925528168678284
19,439.40576171875,54.92790985107422,0.9923743605613708,422.7698669433594,97.43359375,0.9985870122909546,455.18170166015625,75.98238372802734,0.9987356066703796,471.3753967285156,78.89630889892578,0.9990895986557007,494.6470642089844,79.44931030273438,0.9987185001373291,518.2418212890625,80.94252014160156,0.9987989664077759,462.95257568359375,57.23051834106445,0.991248607635498,481.633056640625,55.717384338378906,0.9556595087051392,524.67578125,53.2696647644043,0.9912210702896118,460.33306884765625,86.50688171386719,0.7544372081756592,480.17681884765625,117.47435760498047,0.9993299245834351,512.37744140625,103.19841766357422,0.97138512134552
20,437.49078369140625,54.57978820800781,0.9909130334854126,421.1324768066406,95.6012954711914,0.998767614364624,452.17181396484375,74.71014404296875,0.9990554451942444,467.8889465332031,77.91263580322266,0.9987150430679321,490.6318054199219,79.447509765625,0.9984484910964966,512.5247802734375,80.6634750366211,0.99847012758255,461.0604248046875,59.2879524230957,0.9877082109451294,471.0369873046875,55.354515075683594,0.9279102087020874,523.5419311523438,53.37110900878906,0.9903659820556641,455.4508972167969,86.50688171386719,0.8456583619117737,480.0086364746094,116.4395523071289,0.9984546899795532,500.3310546875,103.19841766357422,0.9558582305908203
21,436.8692626953125,54.337196350097656,0.9818083643913269,417.1452941894531,92.93253326416016,0.9979398846626282,447.62310791015625,73.12061309814453,0.9945036172866821,462.9823303222656,76.95846557617188,0.9936515092849731,485.39605712890625,79.1274185180664,0.9987043142318726,509.3765563964844,80.6634750366211,0.998746395111084,459.2023010253906,59.824729919433594,0.9752814173698425,468.87054443359375,54.51882553100586,0.9807166457176208,522.7633056640625,54.10378646850586,0.9828200340270996,447.02899169921875,86.50688171386719,0.9602327942848206,479.6065979003906,113.59334564208984,0.9969856142997742,495.0526123046875,103.19841766357422,0.8942520022392273
22,436.80584716796875,52.87458801269531,0.9802865386009216,412.74639892578125,89.76213836669922,0.9928425550460815,444.7169189453125,73.0456314086914,0.9932857155799866,458.57122802734375,76.87232971191406,0.9912760257720947,481.2307434082031,78.87915802001953,0.9989445805549622,505.8127136230469,80.6634750366211,0.9982383251190186,452.6918029785156,60.096927642822266,0.9819964170455933,467.3410949707031,54.30028533935547,0.985004186630249,521.8317260742188,54.16283416748047,0.9822748899459839,439.48626708984375,86.50688171386719,0.9945584535598755,479.3546447753906,113.13703155517578,0.9983062744140625,492.18756103515625,103.53234100341797,0.9343293309211731
23,436.2716979980469,52.87458801269531,0.9620872139930725,407.8915710449219,86.84915161132812,0.9967032074928284,439.70989990234375,71.3858871459961,0.9821727871894836,455.2059020996094,76.62369537353516,0.995762825012207,478.732177734375,78.87915802001953,0.9981829524040222,503.4458923339844,80.6634750366211,0.9992567896842957,450.34210205078125,60.81553649902344,0.9744846224784851,465.2727355957031,53.995635986328125,0.9907552599906921,520.2485961914062,54.77723693847656,0.9775795340538025,433.5269775390625,86.33981323242188,0.9976388216018677,479.0373229980469,112.51886749267578,0.9970368146896362,492.1476135253906,103.60604095458984,0.9846504330635071
24,436.22808837890625,52.87458801269531,0.938373863697052,406.9661560058594,83.02350616455078,0.9983142614364624,436.98681640625,69.59355163574219,0.9900139570236206,451.9070739746094,76.38663482666016,0.9951239228248596,474.9897766113281,79.1274185180664,0.997601330280304,500.0823669433594,80.910400390625,0.9992241859436035,449.3428955078125,60.81553649902344,0.979780375957489,463.77142333984375,53.995635986328125,0.9894493222236633,517.4901733398438,55.00652313232422,0.9845899343490601,429.0645751953125,84.5296859741211,0.9911940693855286,477.989013671875,113.13703155517578,0.9954272508621216,490.9326171875,104.76358795166016,0.9942952990531921
25,433.15032958984375,52.87834930419922,0.8662351369857788,403.96539306640625,82.08590698242188,0.9972583055496216,433.89849853515625,69.59355163574219,0.9839686155319214,448.4251403808594,76.62369537353516,0.9869689345359802,469.9901123046875,79.1328353881836,0.9961251616477966,495.62115478515625,81.5680923461914,0.9988515377044678,443.01080322265625,60.81553649902344,0.9358797073364258,462.13470458984375,53.529563903808594,0.9846919178962708,508.55035400390625,55.123748779296875,0.9834943413734436,427.56494140625,83.06382751464844,0.9838162064552307,476.9655456542969,113.13703155517578,0.9874148964881897,490.9252624511719,105.32655334472656,0.9958171248435974
26,427.3494873046875,54.79069900512695,0.3863797187805176,402.66705322265625,80.39354705810547,0.9898325204849243,431.18634033203125,69.59355163574219,0.9789716005325317,445.4680480957031,76.62369537353516,0.9859796166419983,467.1944885253906,79.47704315185547,0.9975435137748718,493.59820556640625,81.78441619873047,0.9993059635162354,442.7328186035156,60.9993782043457,0.9615985751152039,459.8895263671875,53.529563903808594,0.9920482039451599,504.0452575683594,55.16228103637695,0.9868380427360535,427.24365234375,83.06382751464844,0.9830955862998962,476.7412414550781,113.31707763671875,0.9739775657653809,490.2342834472656,106.07218933105469,0.9946016073226929
27,419.10687255859375,56.354469299316406,0.4423248767852783,399.1216735839844,80.39354705810547,0.9819398522377014,429.482666015625,70.32852935791016,0.9817509055137634,442.624755859375,76.93038940429688,0.9895695447921753,465.4731140136719,79.59075164794922,0.9978862404823303,491.98931884765625,82.29972076416016,0.9992652535438538,438.905517578125,61.08086013793945,0.9680296182632446,455.9597473144531,54.41132354736328,0.9905497431755066,502.2337646484375,55.34565734863281,0.9892102479934692,425.22552490234375,83.06382751464844,0.9854340553283691,475.77362060546875,113.31707763671875,0.9283754229545593,488.79815673828125,107.55181884765625,0.9959050416946411
28,403.66607666015625,64.33402252197266,0.6085119247436523,398.4543762207031,80.39354705810547,0.9764858484268188,427.81536865234375,73.92989349365234,0.9783487915992737,441.71881103515625,77.81362915039062,0.9885224103927612,464.2012634277344,80.18688201904297,0.9982317090034485,490.4653625488281,82.83317565917969,0.9992316961288452,434.7897644042969,61.08086013793945,0.9853498935699463,452.5646057128906,55.251190185546875,0.9847646951675415,500.74957275390625,55.46295166015625,0.9908742904663086,423.7483825683594,83.72154998779297,0.9828603863716125,473.21563720703125,113.31707763671875,0.8995879292488098,488.79815673828125,107.57274627685547,0.9960708618164062
29,395.7232666015625,69.46379089355469,0.855068564414978,398.4543762207031,81.40013885498047,0.9043114185333252,424.28228759765625,76.56376647949219,0.9722292423248291,440.55401611328125,80.86515045166016,0.9867910146713257,462.6051025390625,81.79021453857422,0.9989838004112244,488.8507995605469,82.83317565917969,0.9994320273399353,431.2330322265625,64.12472534179688,0.9705195426940918,450.8544921875,56.37668991088867,0.9533296823501587,498.11676025390625,55.470367431640625,0.9901764988899231,421.36077880859375,86.39637756347656,0.9790247082710266,470.1676940917969,112.7431411743164,0.9271734952926636,488.7274169921875,107.57274627685547,0.9954013824462891
30,394.79254150390625,69.6872787475586,0.6775347590446472,398.0693054199219,83.92935180664062,0.9254714250564575,423.9013977050781,78.11856079101562,0.9873846769332886,438.1429748535156,82.69738006591797,0.9951621890068054,461.91265869140625,81.80436706542969,0.9994292855262756,486.2441101074219,82.83317565917969,0.9995911717414856,429.3428955078125,66.28895568847656,0.9893059134483337,447.52960205078125,56.37668991088867,0.9888542890548706,494.4895324707031,55.470367431640625,0.9868988990783691,421.36077880859375,88.86975860595703,0.9853762984275818,462.69537353515625,110.37092590332031,0.9319395422935486,488.7008056640625,107.57274627685547,0.9960969090461731
31,393.82464599609375,69.6872787475586,0.9917185306549072,396.82110595703125,97.00572967529297,0.9803363680839539,423.5033874511719,80.78658294677734,0.992142915725708,437.5333251953125,83.68183135986328,0.9983367919921875,460.9702453613281,81.80436706542969,0.9995130300521851,483.624267578125,81.623291015625,0.9990527033805847,427.9670715332031,67.50433349609375,0.9827336072921753,447.423828125,56.37668991088867,0.9839620590209961,491.6463623046875,55.46295166015625,0.9876277446746826,421.36077880859375,91.92931365966797,0.9851550459861755,455.61175537109375,110.37092590332031,0.9619133472442627,488.7008056640625,106.64435577392578,0.9962645173072815
32,393.366943359375,69.6872787475586,0.9934525489807129,393.6710510253906,101.1458511352539,0.9849821329116821,421.3648986816406,83.63237762451172,0.9994460940361023,435.6047668457031,85.06802368164062,0.9992826581001282,459.7208251953125,81.80436706542969,0.9995911717414856,482.44696044921875,80.68927001953125,0.9979508519172668,420.42584228515625,68.44013977050781,0.9662379026412964,447.423828125,55.915184020996094,0.9859537482261658,489.39892578125,54.2985725402832,0.9867581725120544,423.6145935058594,94.58866119384766,0.9078860878944397,452.52618408203125,110.37092590332031,0.9878053665161133,487.5745849609375,106.34220886230469,0.9972469806671143
33,393.366943359375,69.46379089355469,0.9934525489807129,393.6710510253906,101.1458511352539,0.9849821329116821,421.3648986816406,83.63237762451172,0.9994460940361023,435.6047668457031,85.06802368164062,0.9992826581001282,459.7208251953125,81.80436706542969,0.9995911717414856,482.44696044921875,80.68927001953125,0.9979508519172668,420.42584228515625,70.37921905517578,0.9662379026412964,447.423828125,55.915184020996094,0.9859537482261658,489.39892578125,54.2985725402832,0.9867581725120544,423.6145935058594,94.58866119384766,0.9078860878944397,452.52618408203125,110.37092590332031,0.9878053665161133,487.5745849609375,106.28482055664062,0.9972469806671143
34,393.0282897949219,69.16691589355469,0.9971381425857544,390.3677978515625,109.21837615966797,0.9987805485725403,417.7392272949219,84.99290466308594,0.9991633892059326,433.697509765625,86.02960968017578,0.9993886947631836,458.71795654296875,81.71387481689453,0.9995181560516357,479.7799377441406,80.35490417480469,0.9966009259223938,418.804443359375,70.37921905517578,0.9878119826316833,447.1711120605469,55.915184020996094,0.9837293028831482,488.2623291015625,53.85990905761719,0.9883978962898254,423.9162902832031,94.932861328125,0.8558676838874817,451.0464172363281,110.37092590332031,0.9919535517692566,487.5745849609375,106.28482055664062,0.9976828098297119
35,391.67333984375,69.16691589355469,0.9981986880302429,390.3677978515625,113.50605010986328,0.9994075298309326,415.918701171875,86.32721710205078,0.9987632036209106,432.6396484375,86.69303894042969,0.9995149374008179,456.9527893066406,81.67924499511719,0.9989280104637146,477.8479919433594,79.71721649169922,0.9963018894195557,414.3630065917969,71.08302307128906,0.9915525317192078,444.0517883300781,56.91868591308594,0.9855272769927979,486.9598083496094,53.51993942260742,0.9893137812614441,424.4156188964844,95.03970336914062,0.8880963325500488,450.9773254394531,110.4168930053711,0.9800707697868347,487.4091491699219,105.64755249023438,0.9978373646736145
36,389.669189453125,69.16691589355469,0.9986629486083984,390.3677978515625,117.53398132324219,0.9995874762535095,414.331787109375,87.02315521240234,0.9959391355514526,430.52325439453125,86.82308959960938,0.9995282888412476,454.5849914550781,81.67924499511719,0.9994148015975952,476.3051452636719,79.71721649169922,0.9972314238548279,410.163818359375,71.45298767089844,0.9938488602638245,443.4736328125,57.247711181640625,0.9858585000038147,484.712890625,53.27774429321289,0.9892483353614807,425.1325378417969,95.05296325683594,0.9124912023544312,448.512939453125,111.22969055175781,0.9866902828216553,486.5596618652344,105.5043716430664,0.9980418682098389
37,385.4232482910156,70.43860626220703,0.9960529804229736,392.45916748046875,120.21085357666016,0.9987496137619019,412.09686279296875,89.06649017333984,0.9964569211006165,426.6885986328125,88.13187408447266,0.9990237951278687,451.3463134765625,81.67924499511719,0.9996663331985474,474.2062683105469,79.46503448486328,0.9965235590934753,406.8687744140625,73.2255630493164,0.987528920173645,439.93841552734375,57.52247619628906,0.9841357469558716,480.6227722167969,53.265602111816406,0.9852610230445862,425.1325378417969,95.25292205810547,0.9463494420051575,444.5652160644531,113.59652709960938,0.9871525168418884,485.8840026855469,105.44713592529297,0.9980833530426025
38,384.2453308105469,70.72454071044922,0.9924497604370117,393.4689636230469,120.64787292480469,0.9990555644035339,408.8757019042969,90.31982421875,0.9942814111709595,425.65185546875,88.55390930175781,0.9988584518432617,449.0158386230469,82.0216293334961,0.9994797110557556,473.7698669433594,79.46503448486328,0.9968023300170898,400.1410217285156,73.50240325927734,0.985630989074707,436.80584716796875,57.575592041015625,0.9927259683609009,475.5679931640625,53.265602111816406,0.9919015765190125,424.4156188964844,96.04237365722656,0.9267924427986145,440.73028564453125,115.64268493652344,0.9946130514144897,484.3629150390625,105.09881591796875,0.9983306527137756
39,382.34039306640625,72.23519134521484,0.9894155263900757,393.4689636230469,124.73729705810547,0.9981327652931213,407.79766845703125,90.64144134521484,0.9976068735122681,423.5865783691406,88.84081268310547,0.9992406368255615,447.32476806640625,82.25942993164062,0.9993109703063965,469.12847900390625,78.08763885498047,0.9983432292938232,398.016845703125,73.50240325927734,0.9942129254341125,435.0409240722656,57.916446685791016,0.994272768497467,473.98468017578125,52.52370834350586,0.992119550704956,421.7759704589844,97.354248046875,0.9541317224502563,437.36859130859375,115.76166534423828,0.9944201111793518,482.99847412109375,104.36650848388672,0.9977377653121948
40,380.5277404785156,72.23519134521484,0.9887459874153137,393.4689636230469,127.44670867919922,0.9973862767219543,406.2289123535156,90.76891326904297,0.9982205033302307,421.6007995605469,88.84934997558594,0.9990026354789734,444.7537841796875,82.37330627441406,0.9995982050895691,466.37445068359375,77.9971923828125,0.9986444115638733,395.7919921875,73.46534729003906,0.9946069121360779,434.8601989746094,57.942569732666016,0.9827519059181213,471.61871337890625,51.88228988647461,0.9907191395759583,419.7572326660156,97.89793395996094,0.9359650015830994,432.75372314453125,120.490234375,0.9904672503471375,482.30145263671875,104.33717346191406,0.9973925352096558
41,376.86029052734375,72.23519134521484,0.9897021055221558,391.8701171875,128.23548889160156,0.9981479644775391,403.98236083984375,91.4798583984375,0.9983530044555664,419.8189697265625,89.16514587402344,0.998548686504364,442.90594482421875,82.37330627441406,0.99941086769104,463.6999206542969,77.7762451171875,0.9980096220970154,394.3081359863281,73.46534729003906,0.9942177534103394,431.4676513671875,57.942569732666016,0.9691129922866821,470.5068359375,51.70819854736328,0.9922257661819458,418.94091796875,98.71269989013672,0.8842516541481018,432.5938415527344,122.59835052490234,0.9963812232017517,480.236328125,103.7279281616211,0.9973006844520569
42,373.50421142578125,69.57178497314453,0.996471643447876,390.2991943359375,128.23548889160156,0.9986341595649719,400.813232421875,91.4798583984375,0.9976810216903687,416.9017028808594,89.16514587402344,0.9964359998703003,440.8511657714844,82.37330627441406,0.9987021684646606,462.4873046875,77.5707015991211,0.9981964230537415,392.0526428222656,72.93441772460938,0.9918674826622009,430.0579528808594,57.942569732666016,0.9809504747390747,465.0665588378906,51.59843826293945,0.9791734218597412,418.28564453125,98.81444549560547,0.8744695782661438,431.0995178222656,122.59835052490234,0.9953479170799255,478.51617431640625,103.23011016845703,0.9976080656051636
43,372.0309753417969,66.45068359375,0.9978513717651367,387.1839294433594,128.23548889160156,0.9983121156692505,397.37396240234375,91.4798583984375,0.998427152633667,412.8054504394531,89.16514587402344,0.9971449971199036,437.5218505859375,81.80402374267578,0.9992356300354004,459.9645080566406,77.20247650146484,0.998526930809021,390.7923889160156,72.8283462524414,0.991519033908844,429.4839782714844,57.417701721191406,0.9790265560150146,458.3435974121094,51.59843826293945,0.9726659655570984,417.1478271484375,98.86811065673828,0.8042161464691162,430.1051025390625,122.59835052490234,0.9967580437660217,477.01715087890625,102.99603271484375,0.9970282912254333
44,368.0298767089844,62.10764694213867,0.9958457350730896,382.1109313964844,123.0046157836914,0.9974908828735352,394.1097412109375,90.98255920410156,0.9972087740898132,410.3722229003906,88.3675537109375,0.9973875880241394,434.7605285644531,81.80402374267578,0.9994295239448547,458.2816162109375,77.0825424194336,0.9981833100318909,385.6363220214844,70.9701919555664,0.9949260950088501,429.0725402832031,56.78670120239258,0.9910344481468201,456.5423278808594,51.70819854736328,0.9807866215705872,415.47772216796875,98.86811065673828,0.8328514695167542,429.9129638671875,122.16419219970703,0.9970792531967163,474.1456604003906,102.776611328125,0.9952619075775146
45,367.0148620605469,61.57279586791992,0.9968932867050171,377.6083068847656,121.35830688476562,0.9986971020698547,392.1474609375,89.73186492919922,0.9976140260696411,409.1324462890625,88.07096099853516,0.9990046620368958,432.1322021484375,81.80402374267578,0.9985657334327698,454.3629455566406,76.91539001464844,0.998149037361145,385.5776672363281,69.70433044433594,0.9960368275642395,428.8260192871094,56.12318420410156,0.9971089959144592,455.6622314453125,52.19539260864258,0.9546643495559692,413.5818786621094,98.86811065673828,0.8035375475883484,429.2851257324219,121.05646514892578,0.9968996047973633,470.4537048339844,102.13543701171875,0.995046854019165
46,364.3056640625,61.57279586791992,0.998314380645752,373.8765869140625,121.35249328613281,0.998018741607666,390.00274658203125,88.94608306884766,0.9990971088409424,406.8966369628906,87.63444519042969,0.9996086955070496,430.16729736328125,82.0775146484375,0.9993354678153992,452.1407165527344,76.91539001464844,0.9993533492088318,384.68524169921875,69.24687194824219,0.9965658783912659,428.50628662109375,55.38420867919922,0.9980158805847168,453.4739990234375,52.2614860534668,0.8716304302215576,407.36126708984375,98.9081802368164,0.7467838525772095,429.1558532714844,120.61909484863281,0.997173547744751,468.60589599609375,102.13063049316406,0.9972917437553406
47,362.82318115234375,61.63697052001953,0.9982855916023254,365.74462890625,120.84429168701172,0.9966279864311218,387.5260009765625,88.78377532958984,0.9994309544563293,405.31640625,87.55016326904297,0.9996533393859863,428.75848388671875,82.25326538085938,0.9995489716529846,450.10235595703125,76.67158508300781,0.9994240999221802,383.8445739746094,68.32514953613281,0.9977179765701294,428.1182861328125,55.38420867919922,0.9981366395950317,450.5548095703125,52.98434829711914,0.9218822717666626,405.6925964355469,98.9081802368164,0.7172368168830872,428.13580322265625,119.50390625,0.9983178377151489,466.5766296386719,102.12669372558594,0.9954142570495605
48,362.6068115234375,62.10764694213867,0.9979279041290283,361.06494140625,120.24249267578125,0.9981175661087036,386.3714294433594,88.6419677734375,0.9994515776634216,403.6562805175781,87.52873992919922,0.9995604157447815,426.93634033203125,82.25326538085938,0.9994993209838867,448.69586181640625,76.67158508300781,0.9990837574005127,383.8445739746094,68.3186264038086,0.9983079433441162,426.5885925292969,55.38420867919922,0.9972449541091919,444.1147766113281,52.98434829711914,0.9445149898529053,397.6829833984375,99.26012420654297,0.7175025343894958,427.4845886230469,119.2086410522461,0.9977644681930542,463.1850280761719,102.12669372558594,0.992240309715271
49,362.3260192871094,62.365379333496094,0.9975318908691406,360.78387451171875,118.8166275024414,0.9992572665214539,385.0525207519531,88.3324203491211,0.9992074370384216,402.1649169921875,87.52873992919922,0.9992401599884033,425.28509521484375,82.25326538085938,0.9990605711936951,447.3812255859375,77.35636138916016,0.9979276657104492,383.8445739746094,68.27310943603516,0.9985315799713135,424.4922180175781,56.27959060668945,0.9871515035629272,442.27520751953125,52.98434829711914,0.9443129897117615,396.537109375,99.26012420654297,0.666572093963623,426.83941650390625,119.1591567993164,0.9970705509185791,460.174072265625,102.02136993408203,0.9953652620315552
50,362.1708068847656,63.31333923339844,0.9975566864013672,359.3843078613281,116.335205078125,0.9989224672317505,383.426025390625,88.01972198486328,0.9985571503639221,400.6756896972656,87.55016326904297,0.9985532164573669,424.04302978515625,82.41668701171875,0.998083233833313,445.0177307128906,77.54938507080078,0.9979583024978638,384.4101867675781,67.98517608642578,0.9987102746963501,421.6347351074219,58.444305419921875,0.8705046772956848,439.9454040527344,52.98434829711914,0.9670941829681396,390.07073974609375,99.49935913085938,0.8524231314659119,426.4447021484375,119.01253509521484,0.9974178075790405,457.0416259765625,102.12669372558594,0.9958726763725281
51,361.7817077636719,63.31333923339844,0.9961907863616943,357.59869384765625,115.52056121826172,0.9988577365875244,382.98980712890625,88.01972198486328,0.998071014881134,398.2123718261719,88.20372009277344,0.9981770515441895,421.58746337890625,82.53982543945312,0.9992268085479736,443.384765625,78.63616180419922,0.9972354769706726,384.4101867675781,67.98517608642578,0.9989848732948303,412.35333251953125,58.77111053466797,0.74150550365448,438.2486877441406,52.41737747192383,0.9822580814361572,387.5779113769531,99.80538940429688,0.9541867971420288,426.1083679199219,118.25248718261719,0.996860146522522,453.3366394042969,102.12669372558594,0.9968240261077881
52,360.90789794921875,63.31333923339844,0.9945937991142273,354.3863525390625,115.52056121826172,0.9992426633834839,380.1601257324219,88.01972198486328,0.9985950589179993,395.42498779296875,88.8591079711914,0.9984330534934998,419.052001953125,82.53982543945312,0.9993941783905029,441.5690612792969,79.19522857666016,0.9944676160812378,384.4101867675781,68.23866271972656,0.9985654950141907,403.9607238769531,60.18552780151367,0.8504738211631775,436.3564453125,52.41737747192383,0.9884351491928101,384.78436279296875,99.80538940429688,0.9683284163475037,426.0706787109375,118.17977142333984,0.996203601360321,446.8141174316406,102.4790267944336,0.9863854050636292
53,357.9313049316406,63.31333923339844,0.9975554347038269,349.13427734375,115.52056121826172,0.9991065859794617,376.17181396484375,88.77362823486328,0.9984404444694519,393.2615966796875,89.38600158691406,0.9978582262992859,416.2785949707031,84.4002456665039,0.999481737613678,439.52142333984375,80.91561889648438,0.9986220598220825,382.02349853515625,68.23866271972656,0.9973479509353638,386.475830078125,61.054420471191406,0.9435051679611206,435.1609802246094,52.41737747192383,0.9895697832107544,380.421630859375,101.37632751464844,0.9902278184890747,424.69757080078125,118.14910125732422,0.9950041174888611,440.2071533203125,106.33919525146484,0.9846429824829102
54,353.7499084472656,63.31333923339844,0.9937451481819153,343.4743347167969,115.52056121826172,0.99915611743927,373.43408203125,88.77362823486328,0.9995378255844116,389.4976501464844,89.99774169921875,0.9987494945526123,412.82293701171875,85.19206237792969,0.9998112320899963,435.94158935546875,81.70781707763672,0.9991717338562012,379.0283203125,68.23866271972656,0.9828751087188721,385.6590576171875,61.09343719482422,0.9899927973747253,432.7297668457031,52.478824615478516,0.9855532050132751,376.8077087402344,103.45833587646484,0.9927138686180115,422.7261657714844,118.0894775390625,0.9734159111976624,431.1026611328125,111.45862579345703,0.9034150242805481
55,351.6260986328125,63.328163146972656,0.9921318888664246,342.1842346191406,115.52056121826172,0.9994770884513855,371.8853759765625,88.89483642578125,0.9993119239807129,386.5883483886719,90.2882080078125,0.9972823858261108,409.75335693359375,85.79991149902344,0.9995614886283875,430.9996032714844,82.44605255126953,0.9987273812294006,377.01617431640625,69.34455871582031,0.9460040926933289,385.03375244140625,61.09343719482422,0.9934787750244141,429.15765380859375,52.97163009643555,0.9858227372169495,373.4442443847656,104.32464599609375,0.9944005608558655,420.41546630859375,118.0894775390625,0.892518937587738,427.6365661621094,112.29348754882812,0.9531169533729553
56,348.2900390625,63.328163146972656,0.9949178695678711,340.1167297363281,114.8466567993164,0.9993299245834351,368.9953918457031,89.45631408691406,0.9952770471572876,384.3562316894531,90.40185546875,0.9924722909927368,407.2533264160156,86.0371322631836,0.9993256330490112,429.0419616699219,83.2413330078125,0.9993472695350647,376.3056640625,69.68187713623047,0.9527408480644226,383.37158203125,61.09343719482422,0.9886748194694519,429.0872497558594,53.0116081237793,0.9877665042877197,370.9504699707031,105.15044403076172,0.9923900961875916,417.2868957519531,117.92194366455078,0.8188382387161255,426.26605224609375,113.69876861572266,0.9817607998847961
57,344.91851806640625,63.328163146972656,0.9927200078964233,336.8218994140625,114.13631439208984,0.998596727848053,365.11566162109375,89.45631408691406,0.9969858527183533,379.8901672363281,90.87872314453125,0.9851381778717041,404.259033203125,86.82660675048828,0.9994869232177734,426.7162170410156,83.70482635498047,0.9993970394134521,375.89593505859375,70.28182220458984,0.9633533954620361,380.61871337890625,61.26087188720703,0.995684027671814,426.8549499511719,54.090904235839844,0.9905111193656921,363.1746520996094,106.00143432617188,0.985673725605011,415.78985595703125,117.92194366455078,0.9032755494117737,425.30511474609375,114.08893585205078,0.9799267649650574
58,342.28643798828125,62.04863357543945,0.9942227005958557,330.1546630859375,114.13631439208984,0.997542142868042,359.8943786621094,90.07960510253906,0.9983786344528198,377.3001708984375,91.92462158203125,0.9967599511146545,399.447509765625,89.33308410644531,0.995512068271637,425.15423583984375,85.29801177978516,0.9996519088745117,366.85418701171875,72.21623229980469,0.9586902856826782,380.5599365234375,62.646949768066406,0.957050621509552,418.5731201171875,57.90339660644531,0.9805528521537781,359.4823913574219,107.19329833984375,0.990885853767395,414.4522705078125,117.92194366455078,0.8371239304542542,425.0298156738281,114.74093627929688,0.9929625391960144
59,339.1152038574219,62.04863357543945,0.990039050579071,328.1900329589844,114.13631439208984,0.998422384262085,356.7505798339844,90.47178649902344,0.9993288516998291,372.9959716796875,92.03115844726562,0.9984966516494751,395.7688903808594,90.37675476074219,0.9981314539909363,419.6633605957031,86.04159545898438,0.9997343420982361,362.8003234863281,72.92719268798828,0.958894670009613,373.29449462890625,62.646949768066406,0.9664185643196106,417.2113037109375,58.04999542236328,0.99434494972229,358.3831481933594,107.78601837158203,0.9973244667053223,408.4110412597656,119.06047821044922,0.6718862056732178,424.7989196777344,115.19022369384766,0.9971451163291931
60,335.5002746582031,62.04863357543945,0.9915756583213806,327.8504333496094,116.3357162475586,0.9985174536705017,355.170654296875,90.63671112060547,0.9990656971931458,370.5964050292969,92.03115844726562,0.9976963400840759,391.62689208984375,90.37675476074219,0.9943059086799622,413.2278137207031,86.04159545898438,0.999512791633606,362.063720703125,73.66992950439453,0.9508343935012817,372.8609924316406,62.646949768066406,0.9837963581085205,416.80712890625,58.28379440307617,0.9938595294952393,357.09356689453125,107.78601837158203,0.9972957968711853,407.1394958496094,119.06047821044922,0.6757768988609314,424.2444152832031,115.2009506225586,0.9987138509750366
61,332.5954284667969,63.11846160888672,0.9974843263626099,327.43194580078125,118.04732513427734,0.9990780353546143,353.6251525878906,90.63671112060547,0.9987408518791199,367.8906555175781,92.03115844726562,0.9957947731018066,389.15838623046875,90.37675476074219,0.9981993436813354,410.5895080566406,86.04159545898438,0.9994288086891174,359.6406555175781,73.66992950439453,0.9308958649635315,372.8609924316406,61.988609313964844,0.9832826852798462,413.9516296386719,59.356727600097656,0.990362823009491,356.75872802734375,107.78601837158203,0.9981301426887512,404.75323486328125,119.06047821044922,0.7312860488891602,423.06640625,115.2009506225586,0.9988484382629395
62,331.1629943847656,63.26503372192383,0.9977051615715027,326.8476257324219,119.15385437011719,0.9992560744285583,350.9460754394531,90.63671112060547,0.9976039528846741,365.3116760253906,90.60800170898438,0.9938676953315735,386.5906066894531,89.18744659423828,0.9981831908226013,409.0987548828125,85.96857452392578,0.9993359446525574,358.3094482421875,72.92719268798828,0.9010210037231445,372.8609924316406,61.50788116455078,0.9922974705696106,412.718505859375,59.356727600097656,0.9843972325325012,356.653076171875,106.44989013671875,0.9983105659484863,398.8213195800781,115.92588806152344,0.871527910232544,421.2113037109375,115.19022369384766,0.9942427277565002
63,329.454345703125,63.48011016845703,0.9972084164619446,326.5755615234375,119.16938018798828,0.9990743398666382,349.40179443359375,90.29557037353516,0.9974125027656555,363.0460510253906,89.87421417236328,0.9927288293838501,385.0124816894531,88.71109771728516,0.9977497458457947,408.8681640625,85.92533874511719,0.9996044039726257,357.0296630859375,73.9580307006836,0.8556006550788879,374.9275817871094,61.195228576660156,0.992974042892456,412.70184326171875,59.356727600097656,0.9665802717208862,356.1630554199219,104.90695190429688,0.9969306588172913,392.2613220214844,115.72216796875,0.9395961165428162,418.18634033203125,114.42839813232422,0.9868790507316589
64,324.77685546875,64.0514144897461,0.9991484880447388,325.5580139160156,119.16938018798828,0.9991950392723083,346.28936767578125,88.97296142578125,0.9962130784988403,360.1165466308594,89.47872924804688,0.9951229691505432,382.3545227050781,88.45993041992188,0.9986768364906311,406.5976867675781,85.36467742919922,0.999772846698761,354.7162170410156,72.91493225097656,0.7594208121299744,375.28167724609375,60.782657623291016,0.9936192631721497,412.5250244140625,59.2725944519043,0.9707849621772766,352.3800964355469,102.83956909179688,0.9945828318595886,359.9946594238281,113.58014678955078,0.9030568599700928,416.6266784667969,112.24366760253906,0.9787949919700623
65,320.4965515136719,65.70529174804688,0.9978579878807068,323.6839599609375,119.16938018798828,0.9992509484291077,343.342041015625,88.59524536132812,0.9987855553627014,357.8908996582031,89.42498779296875,0.9985637068748474,380.1133117675781,87.32772827148438,0.9989491105079651,403.99676513671875,84.67243194580078,0.9997020363807678,342.600341796875,72.01717376708984,0.6979135274887085,375.28167724609375,60.258827209472656,0.9934262037277222,409.4299621582031,59.11027526855469,0.9637162089347839,350.56805419921875,101.69551086425781,0.9920898675918579,359.47882080078125,113.30329132080078,0.9729453325271606,414.27276611328125,110.626953125,0.9928246736526489
66,316.28997802734375,65.70529174804688,0.9978876709938049,321.1191101074219,118.15057373046875,0.9992254972457886,341.1421813964844,87.1457748413086,0.9986446499824524,355.9892883300781,88.45328521728516,0.9993138313293457,378.1202087402344,87.2396011352539,0.9987685084342957,399.6574401855469,82.66357421875,0.9991697072982788,341.9064636230469,69.93620300292969,0.6980129480361938,375.91009521484375,59.50703430175781,0.9942750334739685,405.8790283203125,57.38604736328125,0.9661812782287598,350.56805419921875,100.75999450683594,0.9939874410629272,359.39996337890625,112.77188110351562,0.977805495262146,408.28070068359375,108.58413696289062,0.9939343333244324
67,313.8414001464844,65.70529174804688,0.9982399940490723,317.69024658203125,117.34635925292969,0.9989084005355835,338.84259033203125,86.40335845947266,0.9992413520812988,353.9059753417969,87.94567108154297,0.9990957975387573,376.4686279296875,86.6509780883789,0.9982640147209167,398.1990661621094,82.2847671508789,0.9992759823799133,339.57098388671875,69.87445831298828,0.9572344422340393,375.91009521484375,59.50703430175781,0.9927733540534973,404.5393371582031,57.359397888183594,0.9877822995185852,350.56805419921875,100.3769760131836,0.9951189756393433,358.19232177734375,112.77188110351562,0.9650191068649292,405.04339599609375,107.76444244384766,0.998584508895874
68,311.5096435546875,65.46495056152344,0.9984369874000549,313.5577697753906,116.62806701660156,0.9994919300079346,336.6773681640625,85.53718566894531,0.9985861778259277,352.9186706542969,87.61419677734375,0.9985622763633728,374.57122802734375,85.68426513671875,0.9984470009803772,397.246337890625,81.83252716064453,0.9990923404693604,337.0054016113281,67.10847473144531,0.9872592091560364,375.3582763671875,59.50703430175781,0.9909806847572327,402.9531555175781,57.359397888183594,0.9848003387451172,350.2679138183594,100.1052017211914,0.9919183850288391,357.5122985839844,112.77188110351562,0.9817060828208923,404.22857666015625,107.54287719726562,0.999129593372345
69,308.6705627441406,62.95489501953125,0.998258650302887,311.4198913574219,116.26945495605469,0.9992550015449524,333.8534240722656,85.291259765625,0.9942871928215027,349.856689453125,86.86491394042969,0.9992780089378357,372.30657958984375,84.71668243408203,0.999107301235199,396.2237854003906,81.83252716064453,0.9991790652275085,335.07379150390625,66.0811767578125,0.9936396479606628,374.6409912109375,59.651973724365234,0.988549530506134,401.7121276855469,57.359397888183594,0.9818704128265381,350.2679138183594,99.72979736328125,0.9893514513969421,356.55914306640625,112.9802474975586,0.9926908612251282,402.3709716796875,106.65658569335938,0.9981978535652161
70,306.4501953125,61.57981872558594,0.9967913031578064,308.9767150878906,113.46420288085938,0.99930739402771,332.3960266113281,84.8515396118164,0.9973280429840088,347.31451416015625,86.3807144165039,0.9991077780723572,369.7549133300781,84.38597869873047,0.9992130994796753,394.43939208984375,81.83252716064453,0.9987713694572449,332.693115234375,64.85676574707031,0.9958897233009338,373.6780700683594,59.651973724365234,0.9828084111213684,400.8487548828125,57.799285888671875,0.9763906002044678,349.919189453125,98.67597961425781,0.9865678548812866,354.31744384765625,112.9802474975586,0.9959697723388672,398.7817077636719,106.32256317138672,0.9968224763870239
71,306.4423828125,59.944801330566406,0.9967971444129944,307.3699645996094,109.62024688720703,0.9989662170410156,330.92572021484375,83.41831970214844,0.9978398084640503,344.9520263671875,85.32112121582031,0.9976043105125427,367.8255615234375,84.0419692993164,0.9986295700073242,393.1052551269531,81.83252716064453,0.9984980821609497,332.1335144042969,61.649208068847656,0.9971365928649902,371.1555480957031,59.651973724365234,0.9888655543327332,400.1528625488281,57.85396957397461,0.9796852469444275,349.0176696777344,97.1162338256836,0.9845660328865051,353.5887145996094,112.9802474975586,0.994086742401123,397.6235046386719,106.32256317138672,0.9946728348731995
72,305.84332275390625,58.940879821777344,0.9968876242637634,303.73876953125,106.90154266357422,0.9957661628723145,329.36773681640625,82.2037582397461,0.995641827583313,342.6325988769531,84.13715362548828,0.9990354776382446,365.578369140625,83.83596801757812,0.9993287324905396,390.1830749511719,81.77859497070312,0.9990183115005493,330.045166015625,61.048152923583984,0.9946995973587036,368.19549560546875,58.6411247253418,0.9890655279159546,399.0755310058594,58.419036865234375,0.9725879430770874,342.13287353515625,96.69412231445312,0.9703806638717651,350.3333740234375,113.08108520507812,0.9905734658241272,394.0906066894531,106.0887451171875,0.9924416542053223
73,303.1918640136719,58.14434814453125,0.9944557547569275,298.35186767578125,105.56387329101562,0.9969493746757507,327.21038818359375,80.00601196289062,0.9962933659553528,340.5019836425781,82.46504974365234,0.9991474151611328,362.5326843261719,83.3497543334961,0.9993540644645691,387.2204284667969,81.63314056396484,0.9976240992546082,327.2711486816406,60.248046875,0.9943720102310181,367.6913146972656,58.353111267089844,0.9909919500350952,398.8152160644531,59.18159866333008,0.9543570876121521,341.72186279296875,95.79471588134766,0.9863390922546387,347.5384826660156,113.08108520507812,0.9900597333908081,391.92156982421875,106.0887451171875,0.9925296902656555
74,303.0530700683594,58.13995361328125,0.9929630160331726,296.2111511230469,105.13941192626953,0.9932679533958435,325.8792724609375,78.48946380615234,0.9971736669540405,339.0628967285156,81.58935546875,0.9984790682792664,359.9222717285156,83.1586685180664,0.9982960820198059,382.120849609375,81.54122161865234,0.9982390403747559,324.8629150390625,59.46757125854492,0.9944701194763184,365.26287841796875,57.68459701538086,0.9901058077812195,396.36627197265625,59.3223876953125,0.8890110850334167,338.5144958496094,95.79471588134766,0.9802070260047913,341.5509338378906,114.98798370361328,0.9986721277236938,388.9111328125,106.0887451171875,0.9942774176597595
75,302.6785583496094,57.81661605834961,0.9893802404403687,292.9482421875,102.34708404541016,0.996833860874176,324.7265319824219,78.48946380615234,0.995768666267395,337.5960693359375,81.53262329101562,0.9978100657463074,358.3016052246094,82.46974182128906,0.9984246492385864,380.1822509765625,81.54122161865234,0.9983318448066711,324.14404296875,59.05707550048828,0.9911794066429138,362.993408203125,57.635772705078125,0.9714925289154053,388.474609375,59.3223876953125,0.809116780757904,336.10736083984375,95.79471588134766,0.9483239054679871,340.5128479003906,116.15254211425781,0.9986827969551086,386.74371337890625,105.50761413574219,0.9938116073608398
76,302.3057556152344,57.356266021728516,0.9892343282699585,290.5896911621094,101.8951416015625,0.9985963702201843,322.6114807128906,78.48946380615234,0.9916185736656189,336.22357177734375,81.53262329101562,0.9922800064086914,355.18182373046875,82.46974182128906,0.9990309476852417,378.6100158691406,81.40355682373047,0.9986594915390015,323.0380859375,59.03385543823242,0.9926164746284485,362.4461364746094,56.440673828125,0.9536187052726746,385.3970031738281,59.3223876953125,0.8040376901626587,333.8872985839844,96.17340087890625,0.943129301071167,339.44830322265625,116.15254211425781,0.9988780617713928,384.80242919921875,104.83898162841797,0.9802879095077515
77,301.13543701171875,57.04979705810547,0.9888631105422974,288.0269775390625,101.06682586669922,0.9991301894187927,320.9412841796875,78.31619262695312,0.9922348260879517,333.37628173828125,81.58935546875,0.9947351217269897,352.4907531738281,82.46974182128906,0.9983614087104797,375.9434814453125,81.54122161865234,0.9988068342208862,321.2210998535156,58.396568298339844,0.989617645740509,361.9635314941406,56.340599060058594,0.9290492534637451,373.7845153808594,57.538330078125,0.8599197268486023,333.0567321777344,96.42892456054688,0.9452851414680481,339.42877197265625,116.15254211425781,0.9987826943397522,383.5405578613281,104.72472381591797,0.986850917339325
78,299.4932556152344,57.00687026977539,0.9844850301742554,286.8804626464844,100.22379302978516,0.999197781085968,319.111572265625,78.38274383544922,0.9949340224266052,330.72418212890625,81.92496490478516,0.9957684278488159,352.03533935546875,82.67789459228516,0.9986283779144287,374.42620849609375,81.6958236694336,0.9993007183074951,321.0232849121094,56.95734786987305,0.9891547560691833,362.4461364746094,56.30440902709961,0.8442363739013672,373.12677001953125,57.41451644897461,0.8935335278511047,332.3667297363281,96.55509948730469,0.9369679093360901,339.3509521484375,116.00685119628906,0.9988425374031067,383.00946044921875,104.5849838256836,0.9913630485534668
79,295.2783203125,56.74695587158203,0.9923116564750671,286.8409423828125,99.60899353027344,0.999018669128418,317.0692138671875,78.52413177490234,0.9965131878852844,329.71588134765625,82.58638000488281,0.9967622756958008,351.578857421875,82.88847351074219,0.9990832805633545,373.2505187988281,81.70143127441406,0.9993404746055603,320.9327087402344,56.95734786987305,0.9894858598709106,362.472900390625,56.30440902709961,0.7979626655578613,373.12677001953125,57.02100372314453,0.9600179195404053,330.55511474609375,96.88887786865234,0.8888742923736572,339.28399658203125,116.00685119628906,0.9984651803970337,382.8429260253906,104.51422119140625,0.9946664571762085
80,292.92425537109375,56.74695587158203,0.9943873286247253,286.3970031738281,99.39273071289062,0.9981125593185425,315.18035888671875,78.38274383544922,0.9967772364616394,328.3260803222656,82.58638000488281,0.9978821873664856,350.3853759765625,82.88847351074219,0.99937903881073,372.2906494140625,81.97055053710938,0.9992777705192566,320.7632141113281,56.95734786987305,0.9895332455635071,362.4461364746094,56.272216796875,0.698611855506897,373.12677001953125,57.02100372314453,0.9795827865600586,325.3100891113281,97.04460906982422,0.8238629698753357,338.8351135253906,116.00685119628906,0.9984902143478394,382.8429260253906,104.5849838256836,0.994907557964325
81,291.3171081542969,56.74695587158203,0.9941005110740662,284.03790283203125,98.4974594116211,0.9986679553985596,312.6156921386719,78.29977416992188,0.9966712594032288,326.5664367675781,82.58638000488281,0.9990121126174927,348.8182067871094,82.88847351074219,0.9995735287666321,371.3972473144531,82.13754272460938,0.9992107152938843,320.07073974609375,57.22328186035156,0.990806519985199,361.9083251953125,56.13798141479492,0.7487203478813171,373.0441589355469,55.56471252441406,0.9853684306144714,324.17388916015625,97.04460906982422,0.7448943853378296,338.10028076171875,118.16007232666016,0.9985082745552063,382.8429260253906,104.72472381591797,0.9948902130126953
82,288.1963195800781,57.41914749145508,0.9907412528991699,280.1770324707031,95.65725708007812,0.9976316690444946,311.5885009765625,78.15147399902344,0.9981215596199036,324.9913635253906,82.49258422851562,0.9991621971130371,347.72930908203125,82.6856460571289,0.9996670484542847,370.8535461425781,82.2228012084961,0.9989896416664124,319.58966064453125,57.77595901489258,0.9900571703910828,324.836669921875,56.08628463745117,0.6543126702308655,373.0441589355469,54.92829895019531,0.9912324547767639,320.7454528808594,96.88887786865234,0.6619466543197632,336.98663330078125,118.16007232666016,0.9984452128410339,382.7752990722656,104.83024597167969,0.9949390888214111
83,287.6383972167969,57.41914749145508,0.9903952479362488,277.1298828125,94.89423370361328,0.998221218585968,309.9885559082031,77.9393081665039,0.9987836480140686,323.4298400878906,81.81969451904297,0.998971700668335,346.4193115234375,82.45431518554688,0.9996107220649719,370.220703125,82.2228012084961,0.9987599849700928,319.05859375,58.24525833129883,0.9881189465522766,324.836669921875,56.08628463745117,0.7915874123573303,373.0441589355469,54.36048889160156,0.9925835132598877,310.6245422363281,95.91963958740234,0.6832205653190613,336.20440673828125,118.16007232666016,0.9984064698219299,381.1865234375,105.0797348022461,0.9935978651046753
84,287.1942138671875,57.41914749145508,0.9886040687561035,275.5365295410156,94.81904602050781,0.998611330986023,308.53814697265625,77.289306640625,0.9990949630737305,321.93621826171875,80.7573471069336,0.9981040954589844,345.4745178222656,82.36902618408203,0.9995242357254028,369.1626281738281,82.2228012084961,0.9982922673225403,318.19732666015625,58.30710220336914,0.981563925743103,324.836669921875,56.08628463745117,0.8250355124473572,371.7947692871094,54.35912322998047,0.9928683638572693,309.6490783691406,95.3134765625,0.8513259291648865,336.20440673828125,118.15605926513672,0.9985288381576538,380.8701477050781,105.09961700439453,0.9931784868240356
85,286.6109924316406,57.16861343383789,0.979526162147522,274.2178039550781,94.34495544433594,0.9984580278396606,306.92681884765625,76.38642883300781,0.9991637468338013,321.09857177734375,80.74751281738281,0.9967053532600403,344.3324890136719,82.2635498046875,0.9993252754211426,366.5107421875,80.60814666748047,0.9985044002532959,317.89459228515625,58.58264923095703,0.9785827398300171,325.5605163574219,56.15904235839844,0.8011491894721985,369.3992004394531,54.17389678955078,0.9882110953330994,306.9629821777344,93.91228485107422,0.9507537484169006,336.1224670410156,115.49342346191406,0.9985566735267639,379.6416320800781,105.18448638916016,0.9923250675201416
86,286.4416809082031,55.69321060180664,0.9431316256523132,269.5864562988281,92.0147933959961,0.9954971075057983,304.8851013183594,76.360595703125,0.9974192380905151,320.1405334472656,80.24398040771484,0.9945367574691772,343.8572998046875,82.19647979736328,0.9988144636154175,365.95477294921875,80.60814666748047,0.9984278678894043,316.8821716308594,59.11671447753906,0.9667750000953674,332.4844970703125,56.15904235839844,0.9096856713294983,365.27301025390625,54.17389678955078,0.9872844219207764,302.93951416015625,93.91228485107422,0.9870871305465698,335.82537841796875,114.59468078613281,0.9985472559928894,379.5923767089844,105.23297119140625,0.992219865322113
87,285.647216796875,55.69321060180664,0.9365865588188171,267.8582763671875,92.0147933959961,0.9958925247192383,303.7981872558594,76.360595703125,0.9974484443664551,319.13629150390625,80.24398040771484,0.9914558529853821,342.7356262207031,81.54315185546875,0.9988712668418884,365.0938720703125,80.60491180419922,0.9986293315887451,315.46697998046875,59.372657775878906,0.9583147168159485,332.4844970703125,56.701210021972656,0.9469394683837891,363.7111511230469,54.33556365966797,0.9917117357254028,299.99591064453125,93.91228485107422,0.9912739396095276,335.82537841796875,114.57120513916016,0.9984728693962097,379.1264343261719,105.23297119140625,0.9936222434043884
88,285.1094665527344,55.69321060180664,0.9500354528427124,266.8981018066406,92.0147933959961,0.995501697063446,302.2975158691406,76.360595703125,0.9984387755393982,317.81280517578125,80.7573471069336,0.9920709729194641,341.23297119140625,81.43395233154297,0.9988892674446106,363.5558776855469,80.53784942626953,0.9984083771705627,314.6295471191406,59.407535552978516,0.9467788338661194,332.4844970703125,56.84919357299805,0.9509660005569458,363.13262939453125,54.33556365966797,0.9932860732078552,294.5970153808594,94.06251525878906,0.9944550395011902,334.72833251953125,114.57120513916016,0.9989436268806458,378.21881103515625,105.18448638916016,0.991786539554596
89,284.4466552734375,56.251556396484375,0.9769286513328552,266.69970703125,93.42664337158203,0.9954831600189209,300.6758117675781,76.77923583984375,0.9982569813728333,316.28240966796875,80.98825073242188,0.993134617805481,340.02587890625,81.43395233154297,0.9989635944366455,362.1619873046875,80.60491180419922,0.9980649352073669,310.7891540527344,61.958770751953125,0.9560627937316895,324.8412170410156,56.84919357299805,0.9680646061897278,361.6257019042969,54.33556365966797,0.9912914037704468,290.5569763183594,94.06251525878906,0.9967432618141174,334.2749328613281,114.57120513916016,0.9988893866539001,377.2853698730469,105.17919921875,0.9907091856002808
90,283.0318908691406,56.251556396484375,0.9888426065444946,266.003662109375,96.94114685058594,0.9971604347229004,299.1169738769531,77.19891357421875,0.998096764087677,314.763427734375,81.16304016113281,0.9910711050033569,338.555908203125,81.54315185546875,0.9989196062088013,361.3138732910156,80.76800537109375,0.9974911212921143,308.7673645019531,62.63733673095703,0.9634829759597778,323.6110534667969,57.02092742919922,0.98197340965271,361.5216369628906,54.33556365966797,0.9905030727386475,288.3003845214844,94.06251525878906,0.9959934949874878,333.6047058105469,115.24771118164062,0.999079704284668,376.0040588378906,104.3905258178711,0.9917773008346558
91,281.7042236328125,56.45006561279297,0.9855021238327026,264.7379455566406,97.74085998535156,0.9981946349143982,297.57293701171875,77.71102905273438,0.9967178702354431,313.9591979980469,81.42903900146484,0.9918171763420105,337.0625915527344,81.6600570678711,0.9986514449119568,360.9733581542969,81.385498046875,0.9982361793518066,307.5877685546875,62.86223602294922,0.9603362083435059,323.1745300292969,57.02092742919922,0.9828517436981201,360.4682922363281,54.332603454589844,0.9891371130943298,287.14605712890625,93.9161148071289,0.9909947514533997,333.5135498046875,115.24771118164062,0.9990035891532898,375.59521484375,104.3905258178711,0.9930563569068909
92,279.3377990722656,56.42859649658203,0.9892095923423767,264.1465148925781,99.13916015625,0.9985079169273376,296.69134521484375,78.52362060546875,0.9970081448554993,311.7065734863281,82.32832336425781,0.9958747029304504,335.48944091796875,81.77446746826172,0.9993606209754944,360.0894775390625,81.64318084716797,0.9990469813346863,307.47637939453125,63.54401397705078,0.9467824697494507,322.8547668457031,57.02092742919922,0.9857639670372009,360.4185485839844,54.332603454589844,0.9879202842712402,285.6139221191406,93.3775863647461,0.9772360324859619,333.5135498046875,115.30140686035156,0.9989928603172302,373.05633544921875,104.3905258178711,0.9888156652450562
93,276.778564453125,56.479461669921875,0.9936284422874451,263.67559814453125,101.8423080444336,0.9985814094543457,294.74920654296875,78.8472900390625,0.997734546661377,310.0059814453125,82.73145294189453,0.9971973896026611,334.157958984375,82.22274017333984,0.999725878238678,358.4918518066406,82.3492431640625,0.9995749592781067,304.6385192871094,64.0592269897461,0.9431082010269165,322.63629150390625,56.97736740112305,0.9856875538825989,360.2505798339844,54.332603454589844,0.9822460412979126,282.9812927246094,93.04835510253906,0.9686408638954163,333.3223571777344,115.36611938476562,0.9975318908691406,350.7463073730469,106.578369140625,0.9950063228607178
94,275.2678527832031,56.5853385925293,0.9955129027366638,263.4096374511719,103.87693786621094,0.9975156784057617,292.4835510253906,79.4753189086914,0.9959473013877869,307.9055480957031,82.73145294189453,0.9971908926963806,331.34515380859375,82.427734375,0.9997348189353943,356.0375671386719,82.77908325195312,0.9995593428611755,302.5309753417969,67.78096008300781,0.9337788820266724,321.13031005859375,56.71621322631836,0.9837123155593872,359.6239013671875,54.47748565673828,0.9845929741859436,281.8523864746094,92.97871398925781,0.9729512929916382,333.1366271972656,115.70088958740234,0.9965754151344299,347.6620178222656,108.55281066894531,0.9918477535247803
95,273.9010314941406,56.6677131652832,0.9954494833946228,263.1128845214844,105.59029388427734,0.9975321292877197,290.7626037597656,79.71110534667969,0.9949209094047546,306.2779235839844,82.73145294189453,0.996966540813446,330.3233947753906,82.54238891601562,0.9994866847991943,354.04266357421875,83.07764434814453,0.9991474151611328,301.26824951171875,68.28201293945312,0.9582731127738953,317.6513977050781,56.3322868347168,0.9852810502052307,359.4811706542969,54.86423873901367,0.98509281873703,281.8523864746094,92.86947631835938,0.9754003882408142,332.4485778808594,116.94413757324219,0.9956344962120056,343.05078125,109.77467346191406,0.9510399699211121
96,272.3585510253906,57.40007019042969,0.9941108822822571,263.0165100097656,106.20890045166016,0.9979487061500549,289.6703186035156,79.83534240722656,0.9936386942863464,304.7586975097656,82.47563171386719,0.995262861251831,329.25732421875,82.9692153930664,0.9987673759460449,351.04620361328125,83.16140747070312,0.9994168281555176,300.4783935546875,69.10001373291016,0.9564220905303955,317.2375793457031,56.24085235595703,0.9890177249908447,356.27337646484375,54.95273971557617,0.9844010472297668,281.8523864746094,92.97871398925781,0.974198043346405,331.6498107910156,117.16497039794922,0.9927228093147278,343.05078125,110.62916564941406,0.9579278826713562
97,271.147216796875,57.80470275878906,0.9916456341743469,263.0165100097656,106.36988067626953,0.9974684715270996,288.2839050292969,80.19557189941406,0.993029773235321,302.29876708984375,82.47563171386719,0.9905909895896912,326.4014587402344,83.04350280761719,0.9992905855178833,350.11102294921875,83.73434448242188,0.9995073080062866,300.331298828125,70.09886932373047,0.9414097666740417,317.2256774902344,56.24085235595703,0.991346538066864,355.41448974609375,55.28407287597656,0.9860526323318481,282.78558349609375,93.04835510253906,0.9746078848838806,331.0142822265625,117.21519470214844,0.9893558621406555,343.05078125,110.9937515258789,0.9797873497009277
98,269.8246765136719,57.950767517089844,0.994337260723114,263.0128479003906,107.2760238647461,0.9973695278167725,286.80255126953125,80.6703872680664,0.9955748319625854,299.9479064941406,82.47563171386719,0.9955216646194458,324.39788818359375,83.37879943847656,0.9995519518852234,348.8985595703125,84.48799896240234,0.9996315240859985,300.0395812988281,70.841552734375,0.9501857757568359,316.4953308105469,56.3322868347168,0.9928396940231323,354.9795837402344,55.9185905456543,0.9895245432853699,284.25213623046875,94.17755126953125,0.9856776595115662,330.3797607421875,117.21519470214844,0.9861582517623901,343.31170654296875,112.58761596679688,0.991337776184082
99,268.80218505859375,58.38911437988281,0.9953010082244873,262.6126708984375,108.14063262939453,0.9978787899017334,285.265380859375,80.89773559570312,0.9975559711456299,298.52154541015625,82.62197875976562,0.9971356391906738,323.5111389160156,83.51527404785156,0.9994983673095703,348.0606689453125,84.96121978759766,0.9996305704116821,298.6802978515625,70.841552734375,0.9090681076049805,315.4278564453125,56.907100677490234,0.9911613464355469,353.5516662597656,56.184356689453125,0.9903088212013245,284.8719787597656,95.11365509033203,0.9837031364440918,330.2102966308594,117.5607681274414,0.9844390749931335,343.31170654296875,113.31542205810547,0.9921257495880127
100,268.24853515625,58.900211334228516,0.9957063794136047,262.12554931640625,108.21764373779297,0.9979953765869141,283.944580078125,81.94901275634766,0.9983716607093811,297.67938232421875,83.47077178955078,0.9978355765342712,322.2987060546875,83.67102813720703,0.999355137348175,347.4072570800781,84.96121978759766,0.9995793700218201,296.8839416503906,70.841552734375,0.750801146030426,314.40966796875,57.15972900390625,0.9867250919342041,353.1732482910156,56.184356689453125,0.9897348880767822,285.2350158691406,95.11365509033203,0.9779792428016663,330.014892578125,117.5607681274414,0.9840734601020813,343.31170654296875,113.62667846679688,0.9914790987968445
101,266.2106018066406,58.96063995361328,0.9948663711547852,261.0898132324219,108.21764373779297,0.9978241920471191,282.796630859375,82.41857147216797,0.9987084865570068,297.0621337890625,83.98553466796875,0.998426079750061,320.9734191894531,83.91632080078125,0.9991112351417542,346.0382385253906,84.96121978759766,0.9994032382965088,279.4186096191406,69.54949951171875,0.8353064060211182,312.44122314453125,58.4813117980957,0.9840160608291626,353.1732482910156,56.1916618347168,0.9867739677429199,285.2350158691406,95.11365509033203,0.983662486076355,328.5352478027344,117.5607681274414,0.9857255220413208,342.8196716308594,113.84465026855469,0.9951184988021851
102,263.4831848144531,58.9935188293457,0.9965745210647583,259.1996154785156,108.14063262939453,0.9983596205711365,281.9094543457031,82.41857147216797,0.9985347986221313,295.8974609375,84.34066009521484,0.9989546537399292,319.2447204589844,84.31382751464844,0.999416708946228,345.7176513671875,84.95130920410156,0.9995443224906921,279.4186096191406,69.0630111694336,0.8995002508163452,309.73358154296875,58.4813117980957,0.990140974521637,353.1732482910156,56.1916618347168,0.9861727356910706,284.5542907714844,94.2275390625,0.9844599962234497,327.47271728515625,117.24520111083984,0.9837623834609985,342.5066833496094,114.06365966796875,0.9945744872093201
103,259.0374755859375,60.40557861328125,0.9965676069259644,256.9671630859375,107.69915771484375,0.9974937438964844,280.1220703125,82.41857147216797,0.9990629553794861,294.4634094238281,84.42033386230469,0.9993624091148376,317.99969482421875,84.34512329101562,0.9995772242546082,343.17633056640625,84.5831298828125,0.9996470212936401,279.4186096191406,68.61380767822266,0.9163613319396973,308.6584777832031,58.4813117980957,0.9887458682060242,353.2249450683594,56.1916618347168,0.9843921661376953,284.5542907714844,94.2275390625,0.9854448437690735,324.9866027832031,116.91163635253906,0.960302472114563,340.5843811035156,114.84857940673828,0.9958798885345459
104,256.8799743652344,60.40557861328125,0.9940510392189026,254.52639770507812,104.89745330810547,0.9931190013885498,278.5672302246094,82.13639068603516,0.9992201328277588,293.1331481933594,84.3802261352539,0.9995525479316711,317.0937194824219,84.34512329101562,0.9997448325157166,341.6298828125,83.86290740966797,0.9996440410614014,282.422119140625,68.61380767822266,0.9455758333206177,307.17486572265625,57.79698944091797,0.9880518913269043,353.4610900878906,56.1916618347168,0.985170304775238,281.8152160644531,94.2275390625,0.9800556302070618,319.0167236328125,112.98748016357422,0.9806857109069824,339.7030029296875,115.38621520996094,0.9948511719703674
105,254.7821807861328,60.40557861328125,0.994140088558197,252.18869018554688,102.88006591796875,0.9974111914634705,277.5749816894531,81.5928726196289,0.9994086027145386,292.20050048828125,84.3802261352539,0.9995802044868469,315.9716491699219,84.34512329101562,0.9997820258140564,340.3884582519531,83.40560913085938,0.9996022582054138,282.422119140625,68.00393676757812,0.966481626033783,306.530029296875,57.715614318847656,0.9835296273231506,353.4610900878906,56.32406234741211,0.9850494265556335,281.02117919921875,94.3727798461914,0.951805055141449,311.2854919433594,112.10400390625,0.995800793170929,339.7030029296875,115.38621520996094,0.9904372096061707
106,253.4474639892578,59.88774871826172,0.9952097535133362,248.839599609375,101.93248748779297,0.9982738494873047,276.6758728027344,81.20906066894531,0.9994022846221924,291.73638916015625,84.3802261352539,0.9995966553688049,315.36395263671875,84.30989837646484,0.9997005462646484,339.22393798828125,83.30451965332031,0.9996082186698914,282.422119140625,67.93421936035156,0.969082772731781,306.530029296875,57.52449417114258,0.9845336675643921,353.4610900878906,56.3304328918457,0.9867788553237915,280.4268493652344,94.4269027709961,0.9555579423904419,307.6985168457031,111.31494903564453,0.9950849413871765,339.5191650390625,115.38621520996094,0.9952803254127502
107,252.63246154785156,59.31664276123047,0.9956203103065491,246.51734924316406,101.22402954101562,0.9980577826499939,275.5235900878906,80.62858581542969,0.9992202520370483,290.8551330566406,84.09127807617188,0.9995342493057251,314.75921630859375,84.30780792236328,0.9994688630104065,338.1787414550781,83.11590576171875,0.9993908405303955,281.68829345703125,67.00300598144531,0.9780760407447815,306.530029296875,57.52449417114258,0.9806032776832581,353.0859680175781,56.44768524169922,0.9871412515640259,280.0389099121094,94.82076263427734,0.9733543395996094,306.39581298828125,108.74650573730469,0.9938833713531494,339.5191650390625,115.34820556640625,0.9982129335403442
108,251.32264709472656,59.09324645996094,0.9948593378067017,245.36842346191406,100.12403106689453,0.9985600113868713,274.1632080078125,80.2017822265625,0.998699426651001,289.7156677246094,83.51864624023438,0.9992021918296814,314.0188903808594,83.78507232666016,0.9991077780723572,336.5289001464844,82.94634246826172,0.9990490078926086,280.2544250488281,65.34452819824219,0.9727635383605957,306.5772705078125,57.53932571411133,0.9828749895095825,352.8529968261719,56.61273956298828,0.9852391481399536,279.57275390625,94.9949951171875,0.9791264533996582,304.3267822265625,108.74650573730469,0.9716641902923584,339.3260192871094,114.705078125,0.9972068667411804
109,250.3107452392578,58.88532257080078,0.9939747452735901,242.55792236328125,99.53070068359375,0.9988873600959778,273.04644775390625,80.00423431396484,0.9976896047592163,288.549072265625,83.02833557128906,0.9984574317932129,312.8421325683594,83.74108123779297,0.9983490705490112,335.62188720703125,82.88508605957031,0.9991508722305298,276.023681640625,63.55876541137695,0.9858647584915161,306.8223571777344,57.53932571411133,0.9811533689498901,352.04193115234375,56.875850677490234,0.9846426844596863,279.17645263671875,94.9949951171875,0.9629685878753662,301.09210205078125,108.74650573730469,0.988899827003479,339.188720703125,114.60002136230469,0.9956835508346558
110,249.7108612060547,58.84694290161133,0.9934950470924377,241.1201934814453,98.92035675048828,0.9984861016273499,272.6735534667969,79.7999496459961,0.9947693943977356,286.98114013671875,82.65923309326172,0.9975793957710266,311.8525085449219,83.462158203125,0.9989838004112244,334.6962585449219,82.88508605957031,0.9991447925567627,273.1358337402344,62.731319427490234,0.9885663390159607,306.8223571777344,57.53932571411133,0.9830105304718018,351.9352111816406,56.875850677490234,0.9797621369361877,279.17645263671875,94.89308166503906,0.9323619604110718,295.65380859375,110.41695404052734,0.9964428544044495,338.8690490722656,114.52447509765625,0.9936966300010681
111,248.75228881835938,58.10054397583008,0.9944774508476257,239.5847930908203,98.79979705810547,0.9978103041648865,272.21820068359375,79.7999496459961,0.9916201829910278,286.01812744140625,82.65923309326172,0.9979718327522278,310.1766052246094,83.34182739257812,0.9991829991340637,333.94647216796875,82.94634246826172,0.99913090467453,272.0008544921875,62.25241470336914,0.9919975399971008,306.8223571777344,57.56706237792969,0.9819496273994446,351.71221923828125,56.87881851196289,0.9754927158355713,279.17645263671875,94.82076263427734,0.9330788254737854,290.8531494140625,110.48009490966797,0.9960834980010986,338.2138671875,114.48368072509766,0.9931097030639648
112,248.4955291748047,58.088138580322266,0.9949142932891846,237.94911193847656,98.79979705810547,0.9972690939903259,270.50885009765625,80.00423431396484,0.9960117340087891,284.9076232910156,82.65923309326172,0.9984167814254761,308.5375061035156,82.97537231445312,0.9992703795433044,333.23590087890625,83.14803314208984,0.9991827607154846,268.2995300292969,62.25241470336914,0.9942821264266968,306.8223571777344,57.83982467651367,0.9899224638938904,351.3577575683594,56.87881851196289,0.9768174290657043,279.17645263671875,94.25804138183594,0.9682601690292358,288.27392578125,112.86832427978516,0.9885408282279968,338.0518798828125,114.47932434082031,0.9930194020271301
113,247.91554260253906,58.088138580322266,0.9953961968421936,236.47213745117188,98.92035675048828,0.997421145439148,269.0158996582031,80.19944763183594,0.9968722462654114,283.5843200683594,82.75360870361328,0.9984667301177979,306.8157653808594,82.97537231445312,0.9991843104362488,332.2456970214844,83.31832885742188,0.9991483688354492,265.1080017089844,62.25241470336914,0.9892753958702087,306.8223571777344,57.86568832397461,0.9883750677108765,343.0238342285156,57.28752517700195,0.9622522592544556,279.17645263671875,93.97367095947266,0.984821617603302,286.3006286621094,112.86832427978516,0.992990255355835,337.471923828125,114.47932434082031,0.9949960708618164
114,246.24615478515625,58.088138580322266,0.9961423277854919,235.22679138183594,99.72648620605469,0.9981246590614319,267.5408020019531,80.47956848144531,0.9963055849075317,282.04071044921875,82.8049087524414,0.99815434217453,305.2608947753906,82.97537231445312,0.9989238381385803,331.1015930175781,83.63931274414062,0.9991674423217773,261.70068359375,63.67560577392578,0.9817672371864319,307.0605773925781,58.34486770629883,0.9828345775604248,337.5649108886719,57.28752517700195,0.9910570383071899,278.6070251464844,93.64974975585938,0.9886296987533569,282.39947509765625,113.51406860351562,0.9851935505867004,337.471923828125,114.52105712890625,0.9944402575492859
115,243.7666015625,59.29672622680664,0.9956028461456299,235.22679138183594,100.75894927978516,0.9984732270240784,265.9953308105469,80.94744873046875,0.9953662157058716,280.9853515625,82.99568176269531,0.9990825653076172,304.017578125,83.41431427001953,0.998866081237793,330.06134033203125,83.7513656616211,0.9988792538642883,260.12335205078125,64.4515151977539,0.9854235053062439,307.0605773925781,58.34486770629883,0.9876574277877808,333.4654235839844,57.28752517700195,0.991134762763977,278.3888854980469,93.6226577758789,0.9912775754928589,281.6922607421875,113.78601837158203,0.9786972403526306,336.8025817871094,114.52105712890625,0.9973050355911255
116,241.20849609375,59.926170349121094,0.9905679821968079,235.22679138183594,102.52154541015625,0.9979519248008728,264.5532531738281,81.39775085449219,0.9964926838874817,279.93115234375,82.8049087524414,0.9992515444755554,301.8055725097656,83.797607421875,0.9991135001182556,329.21923828125,83.83964538574219,0.9994238615036011,256.4761962890625,65.26727294921875,0.9855090975761414,307.0605773925781,58.297611236572266,0.9923336505889893,327.5541687011719,57.28752517700195,0.9866917133331299,277.2344665527344,93.14901733398438,0.9951434135437012,277.690185546875,116.40296173095703,0.9949953556060791,336.6235046386719,114.52446746826172,0.9966152310371399
117,237.5465545654297,62.10735321044922,0.9892238974571228,235.5467987060547,104.45818328857422,0.9962509274482727,263.3680725097656,81.5621566772461,0.9978514909744263,278.30926513671875,82.7923583984375,0.9992715716362,299.7752990722656,84.06238555908203,0.9991497993469238,326.9028015136719,83.84019470214844,0.9995096921920776,255.7740020751953,65.26727294921875,0.9914795160293579,306.2900390625,58.297611236572266,0.9951677322387695,325.04803466796875,57.50725555419922,0.9514702558517456,275.899169921875,92.34528350830078,0.9951850771903992,273.9220275878906,119.41822814941406,0.997297465801239,335.9461975097656,114.57929229736328,0.996383547782898
118,235.8828125,63.41910934448242,0.9969058632850647,235.5467987060547,105.46208190917969,0.9973213076591492,262.188720703125,81.5621566772461,0.9976584911346436,276.7177734375,82.7923583984375,0.9991567134857178,298.3907470703125,84.06238555908203,0.9992569088935852,325.0623779296875,83.84019470214844,0.9995163679122925,254.8072967529297,65.26727294921875,0.9904145002365112,304.0848693847656,57.255001068115234,0.9905210733413696,323.84051513671875,57.05120086669922,0.7614328265190125,273.6159973144531,92.33785247802734,0.9935232400894165,273.5760803222656,120.5275650024414,0.9964003562927246,335.1469421386719,114.70093536376953,0.9973847270011902
119,234.06837463378906,63.41910934448242,0.9971374273300171,235.5467987060547,105.63699340820312,0.997369647026062,260.6445617675781,81.5621566772461,0.9964426159858704,275.1691589355469,82.38534545898438,0.9987401366233826,296.4337463378906,84.06238555908203,0.9990084767341614,322.5654602050781,83.83964538574219,0.9990419745445251,253.9176025390625,61.71415710449219,0.9958297610282898,301.9457702636719,56.146759033203125,0.9804487824440002,323.6579284667969,57.2289924621582,0.7201704382896423,272.4905700683594,92.33785247802734,0.9925967454910278,273.37042236328125,121.79463958740234,0.9963753819465637,334.29266357421875,114.9126968383789,0.9973924160003662
120,232.14520263671875,63.41910934448242,0.9948222637176514,235.44723510742188,105.63699340820312,0.9973325729370117,259.10894775390625,81.5621566772461,0.9959831237792969,274.043701171875,82.38534545898438,0.9979571104049683,296.4202880859375,83.5829086303711,0.9985827207565308,319.4749755859375,82.38555908203125,0.9977909326553345,253.9176025390625,60.54841995239258,0.9972898960113525,300.4052429199219,56.146759033203125,0.9821828007698059,322.8167419433594,57.2289924621582,0.8233294486999512,271.583251953125,92.07881927490234,0.9905807375907898,273.1240539550781,121.79463958740234,0.9969578981399536,332.235595703125,114.9126968383789,0.9972198009490967
121,228.9370574951172,62.46297836303711,0.9971593618392944,234.52894592285156,105.63699340820312,0.9973821043968201,256.9020690917969,81.5621566772461,0.9934897422790527,271.882080078125,82.38534545898438,0.9963738322257996,294.4390563964844,83.53897857666016,0.9991934895515442,318.11322021484375,82.35079956054688,0.9985843896865845,253.9176025390625,59.63048553466797,0.9979521632194519,299.2669982910156,56.146759033203125,0.9813612103462219,322.5177917480469,57.05120086669922,0.891889214515686,270.42266845703125,92.31502532958984,0.9869824051856995,272.8758850097656,121.97512817382812,0.9977807402610779,332.17657470703125,114.9126968383789,0.9966136813163757
122,227.4456787109375,62.27317428588867,0.9963758587837219,232.43019104003906,105.2701187133789,0.99595046043396,254.9838104248047,81.91195678710938,0.9949093461036682,270.079345703125,82.60420989990234,0.9974206686019897,292.6176452636719,83.53897857666016,0.9993429780006409,316.56884765625,82.35079956054688,0.9986534118652344,253.42941284179688,59.411376953125,0.9982238411903381,298.370361328125,57.01197814941406,0.9672591090202332,320.6650085449219,57.05120086669922,0.9553864002227783,270.1066589355469,92.33785247802734,0.9730684161186218,272.3880920410156,121.97512817382812,0.9984475374221802,327.95684814453125,113.01017761230469,0.9932447075843811
123,227.05894470214844,61.9980354309082,0.994804322719574,231.7952423095703,105.2701187133789,0.9943729639053345,253.31544494628906,82.00350189208984,0.9953225255012512,268.5699157714844,82.70365142822266,0.9974195957183838,290.8702087402344,83.5829086303711,0.999276340007782,315.3412170410156,82.38555908203125,0.9984157085418701,253.3958282470703,59.24867630004883,0.9980772733688354,296.94219970703125,58.29780578613281,0.95924973487854,320.3663635253906,57.2289924621582,0.9524608850479126,268.59381103515625,92.8622055053711,0.9666268229484558,272.1949462890625,121.57701873779297,0.9977830052375793,327.14276123046875,112.50978088378906,0.99286288022995
124,227.0548095703125,61.97415542602539,0.9955328702926636,229.92892456054688,105.2701187133789,0.9965299963951111,251.65342712402344,82.04310607910156,0.9953252077102661,267.04229736328125,83.36862182617188,0.9967359900474548,289.1131286621094,83.60193634033203,0.9989436268806458,313.52752685546875,82.4383773803711,0.9980731010437012,253.3829803466797,59.24867630004883,0.9976754784584045,296.5321044921875,58.29780578613281,0.9516690969467163,315.781005859375,57.294456481933594,0.9404645562171936,267.6103210449219,93.1869125366211,0.9426289796829224,272.05462646484375,121.23773956298828,0.9976717829704285,326.7343444824219,112.46519470214844,0.9925451874732971
125,226.1383514404297,61.70039367675781,0.9940472841262817,228.82154846191406,105.67755889892578,0.9972979426383972,250.56439208984375,82.04310607910156,0.9954410791397095,264.9443664550781,83.99190521240234,0.9980928301811218,288.4841003417969,83.79281616210938,0.9986171722412109,312.89154052734375,82.4383773803711,0.9987521171569824,253.34063720703125,59.24867630004883,0.9975307583808899,296.34979248046875,58.314762115478516,0.9236379265785217,314.919189453125,57.294456481933594,0.935418963432312,266.7998962402344,93.53450012207031,0.9110258221626282,272.04876708984375,121.15442657470703,0.997841477394104,326.7343444824219,112.04108428955078,0.9864137172698975
126,223.21563720703125,61.644840240478516,0.9916777610778809,226.21875,108.10408782958984,0.9979569911956787,249.09593200683594,82.5179443359375,0.9943124055862427,263.52960205078125,84.52381896972656,0.999113142490387,287.2922668457031,83.85424041748047,0.9993284940719604,311.45086669921875,82.4383773803711,0.9991757273674011,252.12437438964844,59.50050354003906,0.9964897036552429,295.1519470214844,58.314762115478516,0.9273794293403625,309.0303955078125,57.294456481933594,0.904046356678009,266.7599792480469,94.6991958618164,0.8996911644935608,272.0254821777344,121.09102630615234,0.9973032474517822,325.3372497558594,111.4362564086914,0.9908621311187744
127,223.0470733642578,61.70039367675781,0.9928550124168396,223.9892578125,109.2108383178711,0.997955322265625,247.8413543701172,82.79512786865234,0.9971031546592712,262.5849914550781,84.75968170166016,0.9993025064468384,286.3271484375,83.85424041748047,0.9995272159576416,310.3061218261719,82.17842864990234,0.9991267323493958,251.90414428710938,59.99867248535156,0.9961392283439636,294.6005554199219,58.29780578613281,0.8801364898681641,308.57977294921875,56.90785217285156,0.9603840708732605,266.2293701171875,95.8082275390625,0.8604447841644287,272.0254821777344,121.09102630615234,0.9978324770927429,323.6510314941406,111.13943481445312,0.9883257150650024
128,222.6466522216797,61.70039367675781,0.9943466782569885,221.25697326660156,110.1368408203125,0.9979094862937927,246.72633361816406,82.87185668945312,0.9986634254455566,261.9127502441406,85.10324096679688,0.9994082450866699,285.3912048339844,83.79281616210938,0.9995648264884949,309.19647216796875,81.91703033447266,0.999135434627533,251.65505981445312,60.320770263671875,0.9956106543540955,293.4648742675781,58.089027404785156,0.859329342842102,307.9374694824219,56.42338943481445,0.975214421749115,265.7397155761719,96.67898559570312,0.8170591592788696,272.0254821777344,121.04312896728516,0.9975255131721497,321.8805236816406,110.7857894897461,0.9873695969581604
129,222.34446716308594,61.70039367675781,0.9945420622825623,220.1636962890625,112.33268737792969,0.9987260699272156,245.38917541503906,82.87185668945312,0.998883068561554,261.2316589355469,85.18385314941406,0.999365508556366,284.4302062988281,83.76604461669922,0.9996463060379028,308.15570068359375,81.32438659667969,0.999011754989624,251.56411743164062,60.66488265991211,0.9947648048400879,291.3816223144531,58.314762115478516,0.7268792390823364,306.9913330078125,55.09252166748047,0.9805035591125488,265.7397155761719,96.75460815429688,0.762839138507843,272.03369140625,121.04312896728516,0.998068630695343,321.8805236816406,110.7857894897461,0.9895139932632446
130,219.3280029296875,61.872005462646484,0.9958001971244812,218.75592041015625,113.98543548583984,0.9993829727172852,244.64617919921875,82.87185668945312,0.998948872089386,260.6976318359375,85.46678161621094,0.9994311928749084,284.27044677734375,83.76604461669922,0.9997314810752869,307.51593017578125,81.32438659667969,0.9990154504776001,250.537353515625,60.75069808959961,0.9941926598548889,284.328369140625,58.43345642089844,0.8227336406707764,306.69171142578125,54.15547561645508,0.9829384684562683,259.6408996582031,98.1239242553711,0.7991835474967957,272.5931091308594,120.96343994140625,0.9972162246704102,321.7836608886719,110.61000061035156,0.9878107309341431
131,217.27426147460938,62.24888610839844,0.9973588585853577,218.5838165283203,115.41288757324219,0.9994785189628601,243.79202270507812,82.86075592041016,0.998794436454773,259.9692687988281,85.80451965332031,0.9994218349456787,283.9789733886719,83.76604461669922,0.9997369647026062,306.8915100097656,81.32438659667969,0.9989458918571472,249.76995849609375,60.774234771728516,0.993108868598938,278.36322021484375,59.485347747802734,0.9222743511199951,306.51092529296875,53.9912223815918,0.983325719833374,255.90711975097656,98.95271301269531,0.7738965153694153,272.5931091308594,120.96343994140625,0.9982863068580627,321.8805236816406,110.61000061035156,0.9891497492790222
132,215.92543029785156,62.50745391845703,0.9972598552703857,217.82627868652344,116.18798065185547,0.9995500445365906,242.84812927246094,82.86075592041016,0.9987117052078247,259.33575439453125,86.27804565429688,0.9994070529937744,283.43731689453125,84.07654571533203,0.9997004270553589,306.24249267578125,81.52157592773438,0.998836100101471,249.76995849609375,61.03651809692383,0.9925974607467651,276.8885498046875,59.485347747802734,0.9670019149780273,306.2065734863281,53.9912223815918,0.9821911454200745,252.93991088867188,99.32526397705078,0.882902979850769,272.5931091308594,120.84754180908203,0.9985550045967102,321.8805236816406,110.61000061035156,0.9865715503692627
133,215.43350219726562,62.50745391845703,0.9980029463768005,217.11170959472656,116.18798065185547,0.9995356798171997,242.08604431152344,82.86075592041016,0.9982902407646179,258.4017639160156,86.2981948852539,0.999228835105896,282.8861083984375,84.677490234375,0.9995847344398499,305.6428527832031,81.52157592773438,0.998689591884613,249.76995849609375,61.083919525146484,0.9914212822914124,274.59967041015625,59.485347747802734,0.9549633264541626,306.1169738769531,53.9912223815918,0.9762474298477173,252.4243927001953,99.5699462890625,0.8883362412452698,271.7913513183594,120.62516021728516,0.9982661604881287,321.7836608886719,110.61000061035156,0.989909291267395
134,214.87530517578125,62.50745391845703,0.998080849647522,215.67462158203125,116.18798065185547,0.999295711517334,241.2070770263672,83.5977554321289,0.9979921579360962,257.29937744140625,86.2981948852539,0.9990397095680237,282.1116638183594,84.9686050415039,0.9995573163032532,304.775634765625,81.52157592773438,0.9976477026939392,249.83616638183594,61.125667572021484,0.9881591796875,267.5968322753906,59.485347747802734,0.9604792594909668,305.9703063964844,54.28227233886719,0.967989981174469,247.4114227294922,100.4903335571289,0.962063193321228,271.7737121582031,120.62516021728516,0.9988486766815186,316.8371887207031,110.46780395507812,0.9908515810966492
135,214.87530517578125,62.14418029785156,0.9978308081626892,214.99609375,114.69065856933594,0.9989312291145325,240.41323852539062,83.62140655517578,0.996801495552063,256.40240478515625,86.2981948852539,0.9985173344612122,281.6011962890625,84.9686050415039,0.9994595646858215,302.47052001953125,81.83235168457031,0.9980655312538147,250.08848571777344,61.28193283081055,0.9873414635658264,265.9658508300781,59.69336700439453,0.9433709979057312,305.5419921875,54.82456588745117,0.969811201095581,244.4002685546875,100.822021484375,0.9689415097236633,271.59033203125,120.47830963134766,0.9988077878952026,316.5866394042969,110.4477767944336,0.9897538423538208
136,214.87530517578125,61.41730880737305,0.9966377019882202,213.7469482421875,114.4915542602539,0.9992461204528809,240.1363983154297,84.7935562133789,0.9948204755783081,256.088623046875,86.08980560302734,0.9977585077285767,280.98992919921875,85.05928802490234,0.9990683197975159,301.50225830078125,81.83235168457031,0.9980722665786743,250.11492919921875,61.685523986816406,0.9866031408309937,261.616943359375,59.89226531982422,0.9490925073623657,303.54583740234375,55.08985137939453,0.9648984670639038,242.06515502929688,101.8652114868164,0.9709749817848206,271.140869140625,120.15156555175781,0.9988343119621277,316.5268249511719,110.18209838867188,0.9923396110534668
137,214.35418701171875,61.325931549072266,0.9962242841720581,213.7469482421875,114.4915542602539,0.9993125200271606,238.85836791992188,85.03541564941406,0.9951241612434387,255.55047607421875,85.71961212158203,0.996260404586792,280.58160400390625,85.20858001708984,0.9989064931869507,300.66351318359375,81.83235168457031,0.9983476400375366,250.11492919921875,62.064945220947266,0.9850260615348816,260.6862487792969,59.89226531982422,0.9630588889122009,302.82568359375,55.427764892578125,0.9670177102088928,235.76502990722656,101.8652114868164,0.9508278369903564,270.72906494140625,119.86601257324219,0.9987927675247192,316.09259033203125,109.83736419677734,0.9902908205986023
138,214.1815948486328,61.28239822387695,0.9963356256484985,213.69357299804688,114.38912963867188,0.9990187883377075,237.35459899902344,85.03541564941406,0.9951691031455994,254.31585693359375,85.69520568847656,0.9968331456184387,279.7793273925781,85.20858001708984,0.9993021488189697,299.7720031738281,82.07630920410156,0.9984424710273743,250.08848571777344,62.82823944091797,0.9804064035415649,260.039306640625,59.89226531982422,0.9744684100151062,302.7453308105469,55.96989059448242,0.9627381563186646,231.15768432617188,101.8652114868164,0.9780682921409607,270.1836242675781,118.9065170288086,0.998955249786377,313.0997314453125,109.83736419677734,0.9921151995658875
139,214.1815948486328,61.28239822387695,0.9969286322593689,213.37445068359375,114.38912963867188,0.9990701079368591,236.54290771484375,85.03541564941406,0.9955407977104187,252.73031616210938,85.69483184814453,0.9973273277282715,277.8813171386719,85.20858001708984,0.9995299577713013,298.9169616699219,82.19469451904297,0.998659610748291,247.68934631347656,65.40279388427734,0.9736711382865906,259.3921203613281,59.713436126708984,0.98770672082901,302.6863098144531,56.66828155517578,0.9629712104797363,230.68357849121094,101.08979797363281,0.9856843948364258,269.54150390625,118.78104400634766,0.9989338517189026,312.4129943847656,110.18209838867188,0.9948166012763977
140,212.84214782714844,61.325931549072266,0.9970852732658386,212.5360107421875,114.15279388427734,0.9990410208702087,235.41307067871094,84.62128448486328,0.9942073822021484,251.15390014648438,85.69483184814453,0.9976307153701782,275.70709228515625,85.55553436279297,0.9994658827781677,298.0956115722656,83.19548797607422,0.9989897608757019,247.112548828125,65.63180541992188,0.9706742763519287,259.30645751953125,59.50647735595703,0.9886242151260376,302.6863098144531,56.66828155517578,0.9694990515708923,229.35086059570312,99.71160125732422,0.9818031787872314,268.31439208984375,118.69658660888672,0.9983382225036621,311.11395263671875,110.43204498291016,0.989618718624115
141,211.57403564453125,61.325931549072266,0.9970557689666748,209.45556640625,111.2932357788086,0.9981294274330139,233.55238342285156,83.82950592041016,0.9970955848693848,250.11940002441406,85.69483184814453,0.9980631470680237,274.0431823730469,85.5907211303711,0.9993663430213928,297.7822265625,84.22176361083984,0.9994454979896545,246.67515563964844,66.31306457519531,0.9543536305427551,259.30645751953125,59.138343811035156,0.987810492515564,302.6863098144531,56.66828155517578,0.9698665738105774,228.66773986816406,97.4736328125,0.9668022990226746,267.5019226074219,116.61534118652344,0.9986671209335327,300.35406494140625,110.43204498291016,0.9961889386177063
142,210.6268310546875,61.2832145690918,0.9957607388496399,205.10267639160156,107.82301330566406,0.9970721006393433,231.70925903320312,83.2694320678711,0.9979744553565979,246.83944702148438,85.68231964111328,0.9979493021965027,271.9057922363281,85.83867645263672,0.9994515776634216,296.9231262207031,84.7505111694336,0.9997779726982117,245.40208435058594,67.39544677734375,0.9276918172836304,259.30645751953125,58.66244125366211,0.9891830682754517,302.6863098144531,56.021183013916016,0.9576150178909302,228.19635009765625,96.8945541381836,0.9175453782081604,267.14886474609375,115.71053314208984,0.9973381161689758,294.83673095703125,110.43204498291016,0.9893921613693237
143,209.17343139648438,61.412353515625,0.9939862489700317,201.56520080566406,106.07300567626953,0.9976807832717896,229.46612548828125,82.19131469726562,0.9981842637062073,244.24423217773438,85.68231964111328,0.9988059997558594,270.4061584472656,85.93453216552734,0.9997965693473816,294.3367004394531,85.05529022216797,0.9997943043708801,242.2996826171875,67.69734954833984,0.9095442295074463,258.41656494140625,58.66244125366211,0.9920269846916199,300.895751953125,56.021183013916016,0.9655269384384155,226.74339294433594,96.0985107421875,0.9193075895309448,266.7355041503906,115.71053314208984,0.9972301125526428,283.13800048828125,109.28822326660156,0.9889934659004211
144,208.03358459472656,61.48984146118164,0.9909175038337708,199.9180450439453,104.57910919189453,0.9965488314628601,227.27565002441406,81.87909698486328,0.9973105192184448,242.1334228515625,85.68231964111328,0.9986510872840881,268.3592834472656,86.06208801269531,0.9997435212135315,291.97589111328125,85.0819320678711,0.999619722366333,238.509033203125,70.52129364013672,0.9037251472473145,258.3002624511719,58.66244125366211,0.9927037954330444,299.8706359863281,56.021183013916016,0.9535061717033386,224.73489379882812,95.76698303222656,0.9146727323532104,264.658203125,115.71053314208984,0.9964584708213806,280.3955383300781,109.28822326660156,0.9617407917976379
145,206.46998596191406,61.48984146118164,0.9910410046577454,198.64706420898438,102.42061614990234,0.9959743618965149,225.3232421875,81.72233581542969,0.9957655668258667,240.13778686523438,85.40130615234375,0.9974121451377869,266.1461486816406,86.69927978515625,0.9996218681335449,290.3157043457031,85.43529510498047,0.9993292093276978,238.4136962890625,71.34080505371094,0.9000325202941895,258.0475158691406,58.924320220947266,0.9929502010345459,298.9252624511719,56.148780822753906,0.949608325958252,223.1614227294922,95.15898895263672,0.9209321737289429,264.2843933105469,116.05599212646484,0.9956159591674805,277.728515625,109.28822326660156,0.9735104441642761
146,204.96847534179688,61.97481918334961,0.990565836429596,198.24810791015625,100.89273834228516,0.9968851208686829,224.26504516601562,81.61739349365234,0.9923619031906128,238.493408203125,85.21823120117188,0.9923987984657288,263.47552490234375,86.69973754882812,0.999078631401062,286.880126953125,85.49335479736328,0.9993447661399841,238.09800720214844,71.34080505371094,0.8911565542221069,256.2218933105469,59.034950256347656,0.9961968660354614,298.4888000488281,56.32585906982422,0.9513967633247375,219.77210998535156,94.6611099243164,0.9333818554878235,264.1143798828125,117.95709228515625,0.9905548691749573,276.98809814453125,110.68556213378906,0.9762174487113953
147,202.87461853027344,61.97481918334961,0.98976069688797,197.7162628173828,99.4861068725586,0.9976180195808411,223.82455444335938,81.61739349365234,0.9933163523674011,236.9237518310547,85.21823120117188,0.9959599375724792,260.99951171875,87.05378723144531,0.9992932081222534,285.8681640625,86.73480224609375,0.99956876039505,236.8121795654297,71.34080505371094,0.8300327658653259,256.1156311035156,59.11827087402344,0.9967471361160278,293.7962341308594,56.66841506958008,0.9818243384361267,219.139892578125,94.21033477783203,0.9458548426628113,264.0609130859375,118.54410552978516,0.9875023365020752,275.37274169921875,112.31564331054688,0.9949404001235962
148,200.53652954101562,61.97481918334961,0.9824851155281067,197.46681213378906,99.1458969116211,0.9961768388748169,223.17237854003906,81.61739349365234,0.9939129948616028,235.6919403076172,85.21823120117188,0.997017502784729,259.2857971191406,87.41629028320312,0.999211311340332,284.7391357421875,87.49866485595703,0.9994540810585022,235.4513702392578,71.34080505371094,0.8209977149963379,254.8863983154297,59.813907623291016,0.9970158338546753,292.4266052246094,56.82147979736328,0.986652672290802,218.9560546875,94.21033477783203,0.945972740650177,262.5721435546875,118.794677734375,0.9853545427322388,273.5912170410156,113.33184051513672,0.9958136677742004
149,199.91314697265625,61.97481918334961,0.9886291027069092,196.92945861816406,99.1458969116211,0.995484471321106,222.2809600830078,82.17575073242188,0.9946569204330444,234.68589782714844,85.28406524658203,0.996512234210968,258.06658935546875,87.69727325439453,0.998528242111206,283.744140625,88.65653228759766,0.9990161657333374,233.8780975341797,71.24264526367188,0.8146498799324036,253.75088500976562,59.83961486816406,0.9925002455711365,290.73583984375,57.09708786010742,0.9913243055343628,217.75961303710938,94.21033477783203,0.9355968236923218,261.4049377441406,118.82682037353516,0.9761353135108948,273.1028137207031,115.33616638183594,0.9975796341896057
150,198.52572631835938,61.9830322265625,0.9938929080963135,196.83653259277344,99.1458969116211,0.9951480031013489,220.48367309570312,82.59833526611328,0.9949864149093628,233.11802673339844,85.95018768310547,0.995560884475708,257.01861572265625,87.69727325439453,0.9974404573440552,281.86688232421875,88.65653228759766,0.9984806180000305,232.28013610839844,70.88175964355469,0.7044256925582886,251.39183044433594,59.88420104980469,0.9851866364479065,290.73583984375,57.09708786010742,0.989875078201294,217.10516357421875,94.70416259765625,0.9162135124206543,260.3761291503906,118.9388427734375,0.9575682282447815,272.7850036621094,115.923095703125,0.9979581832885742
151,197.55300903320312,61.9830322265625,0.9947994947433472,195.85183715820312,99.15214538574219,0.9952914714813232,216.8575439453125,83.16644287109375,0.994351863861084,231.37548828125,86.81529998779297,0.9974501729011536,255.16009521484375,87.69727325439453,0.9988757967948914,280.7413635253906,88.65653228759766,0.9987504482269287,229.7656707763672,70.47933197021484,0.6236698031425476,249.8836212158203,59.88420104980469,0.9872642755508423,290.193603515625,57.09708786010742,0.986068844795227,216.74891662597656,94.92736053466797,0.9193973541259766,259.7009582519531,119.47156524658203,0.9519120454788208,272.1239318847656,115.923095703125,0.9974732995033264
152,196.677001953125,62.06912612915039,0.9945089221000671,194.71507263183594,99.15214538574219,0.9945077300071716,216.05979919433594,83.16644287109375,0.9962194561958313,230.28656005859375,86.8808822631836,0.9984908103942871,254.67715454101562,87.62055969238281,0.9991981387138367,279.72039794921875,88.24335479736328,0.9993820190429688,228.1570587158203,70.47933197021484,0.783681333065033,245.65869140625,59.88420104980469,0.9928152561187744,290.0596923828125,56.73523712158203,0.9854016304016113,216.03662109375,94.97725677490234,0.9269459843635559,259.4518127441406,119.80148315429688,0.9285027980804443,271.41412353515625,115.923095703125,0.9962069988250732
153,194.05145263671875,62.10337448120117,0.9919006824493408,193.26779174804688,99.15214538574219,0.9944894313812256,215.68222045898438,83.16644287109375,0.9964163303375244,229.4545135498047,86.8808822631836,0.998793363571167,254.0198211669922,87.52660369873047,0.9993948936462402,278.78607177734375,87.95670318603516,0.9995493292808533,227.01702880859375,69.12590026855469,0.9435856938362122,243.51502990722656,59.88420104980469,0.9905647039413452,290.0596923828125,56.725982666015625,0.985601007938385,215.33920288085938,94.97725677490234,0.9350290894508362,259.0182800292969,119.80148315429688,0.9201074838638306,270.77423095703125,114.48564910888672,0.9931002855300903
154,192.73304748535156,62.55943298339844,0.9876570701599121,191.82643127441406,98.81723022460938,0.993290901184082,215.4501190185547,82.5412826538086,0.9968723654747009,228.69033813476562,86.8808822631836,0.9990045428276062,253.31971740722656,87.37718963623047,0.9994716048240662,277.57965087890625,87.9100112915039,0.9995591044425964,224.76673889160156,68.9692153930664,0.9798866510391235,243.51502990722656,59.89890670776367,0.9820722937583923,289.19219970703125,56.725982666015625,0.9817603230476379,214.05845642089844,94.97725677490234,0.940436601638794,258.3375549316406,119.80148315429688,0.8657487034797668,269.87255859375,114.29364013671875,0.9945421814918518
155,191.10125732421875,62.835540771484375,0.9846487641334534,190.5861053466797,98.81723022460938,0.9893476963043213,214.78436279296875,82.30364990234375,0.9976009726524353,228.14523315429688,86.63318634033203,0.9990119934082031,252.4779052734375,87.2645492553711,0.9994932413101196,276.7061462402344,87.80081939697266,0.9995798468589783,223.44235229492188,68.87084197998047,0.9807446599006653,243.51502990722656,59.89890670776367,0.9880719184875488,289.19219970703125,56.73523712158203,0.981147050857544,213.99354553222656,94.97725677490234,0.9524676203727722,257.1055908203125,117.13578796386719,0.9067420363426208,268.5084228515625,114.29364013671875,0.9939175844192505
156,190.84437561035156,62.835540771484375,0.986152172088623,190.58090209960938,98.81723022460938,0.9890114068984985,214.1790008544922,82.30364990234375,0.9986978769302368,227.6407470703125,86.50851440429688,0.9990705847740173,252.46115112304688,87.37718963623047,0.9995835423469543,276.0661315917969,87.63592529296875,0.999407172203064,220.26805114746094,68.73028564453125,0.9816173315048218,244.7919158935547,59.89890670776367,0.9893448948860168,289.19219970703125,56.89413833618164,0.9772849082946777,213.99354553222656,95.40788269042969,0.9447222352027893,255.65504455566406,116.47502136230469,0.9580333232879639,267.2663879394531,114.31377410888672,0.9932221174240112
157,189.3158416748047,62.835540771484375,0.9941710829734802,188.67733764648438,99.2760238647461,0.995594322681427,213.4902801513672,82.30364990234375,0.9992154836654663,227.38494873046875,86.11421203613281,0.9993327260017395,251.92333984375,87.37718963623047,0.9995971322059631,275.5516662597656,87.63592529296875,0.9993764758110046,217.8308868408203,68.73028564453125,0.978110134601593,245.51060485839844,59.342899322509766,0.9907830953598022,289.4987487792969,56.89413833618164,0.9806540608406067,213.99354553222656,95.40788269042969,0.9293900728225708,252.59091186523438,115.80121612548828,0.964773952960968,266.2491149902344,114.31377410888672,0.9945394396781921
158,187.62698364257812,62.746009826660156,0.9953677654266357,186.27023315429688,100.8655014038086,0.9981223940849304,212.4892120361328,82.7469711303711,0.9994951486587524,226.72003173828125,86.01880645751953,0.9994309544563293,251.05752563476562,87.5482177734375,0.99960857629776,274.463623046875,87.56072235107422,0.9992115497589111,214.24468994140625,68.73028564453125,0.9847471714019775,246.271240234375,59.278411865234375,0.9918140172958374,289.52862548828125,56.89413833618164,0.9802926182746887,214.82284545898438,95.40788269042969,0.9045220613479614,245.9456329345703,114.07087707519531,0.991183876991272,265.2937316894531,114.31377410888672,0.9956188797950745
159,186.5449676513672,62.68372344970703,0.9951276779174805,184.54022216796875,103.26029205322266,0.9973999261856079,211.59083557128906,82.9411392211914,0.9994927644729614,226.60975646972656,85.95913696289062,0.999489426612854,250.69300842285156,87.61699676513672,0.9995859265327454,274.00732421875,87.56072235107422,0.999151349067688,211.5536651611328,68.73028564453125,0.9882252216339111,246.8926239013672,59.262935638427734,0.9923151731491089,289.52862548828125,56.89413833618164,0.9797741770744324,217.77325439453125,95.2619400024414,0.8593762516975403,244.04205322265625,113.12557983398438,0.9941011071205139,264.42791748046875,114.31377410888672,0.9942779541015625
160,184.7913055419922,62.55537414550781,0.9934105277061462,183.88851928710938,105.42076873779297,0.99808669090271,210.4830322265625,82.98600769042969,0.9995562434196472,226.15133666992188,85.93746948242188,0.9994520545005798,249.87350463867188,87.6611328125,0.9994638562202454,273.12432861328125,87.56072235107422,0.9988688826560974,206.8872833251953,68.73028564453125,0.9841519594192505,246.8926239013672,59.21174621582031,0.9935750365257263,289.4987487792969,56.89413833618164,0.9796175360679626,220.70303344726562,94.98539733886719,0.8835528492927551,240.42581176757812,113.12557983398438,0.9919324517250061,264.3644104003906,114.19914245605469,0.992156982421875
161,183.79701232910156,62.33905792236328,0.9951350092887878,183.7832794189453,108.07197570800781,0.9983065128326416,209.74655151367188,83.43888092041016,0.9991299510002136,225.28590393066406,85.93746948242188,0.999152421951294,249.07215881347656,87.61699676513672,0.999060332775116,272.8275451660156,87.50664520263672,0.9986900687217712,203.75489807128906,69.00030517578125,0.9859561920166016,246.8926239013672,58.879188537597656,0.9936842322349548,289.2322998046875,56.83147048950195,0.9782090187072754,221.3208770751953,94.98539733886719,0.8986718058586121,236.94039916992188,113.12557983398438,0.9949871301651001,263.544677734375,113.86343383789062,0.9841123223304749
162,183.0893096923828,62.147621154785156,0.9956669807434082,183.7832794189453,113.10781860351562,0.9981657862663269,208.99920654296875,84.8967056274414,0.9977224469184875,224.3385009765625,85.93746948242188,0.9984301924705505,248.1884307861328,87.5482177734375,0.9986608028411865,272.3373718261719,86.06472778320312,0.9992384910583496,199.8090362548828,70.32941436767578,0.9840582013130188,246.3402557373047,58.864810943603516,0.9942110776901245,289.01922607421875,57.08499526977539,0.9783321022987366,221.3208770751953,94.26759338378906,0.9248694777488708,235.30490112304688,115.86985778808594,0.9955499172210693,262.5866394042969,113.57229614257812,0.9903848171234131
163,182.08340454101562,62.147621154785156,0.9961473941802979,183.88851928710938,114.9895248413086,0.9991426467895508,207.6393280029297,85.7839584350586,0.9951987862586975,223.42291259765625,87.20377349853516,0.998561441898346,248.1727294921875,87.15927124023438,0.9990217685699463,272.0580139160156,85.65412139892578,0.9993823766708374,198.87852478027344,70.86622619628906,0.9870142936706543,246.2782440185547,58.71482467651367,0.9950525164604187,288.5942687988281,57.13422393798828,0.9734681844711304,221.3208770751953,93.83721923828125,0.9333630800247192,231.9241943359375,117.48389434814453,0.9960617423057556,261.33447265625,113.1803970336914,0.9870033860206604
164,180.3745880126953,62.33905792236328,0.9959529638290405,184.4718780517578,116.8045883178711,0.9995228052139282,207.44561767578125,85.81786346435547,0.9948641657829285,222.958251953125,87.29535675048828,0.9988901019096375,247.26881408691406,86.99198913574219,0.999221682548523,271.5450744628906,85.3395004272461,0.999487042427063,196.8070526123047,71.40707397460938,0.9890212416648865,246.2782440185547,58.58464813232422,0.9952160120010376,286.9113464355469,57.08499526977539,0.9706956148147583,221.2901611328125,93.83721923828125,0.932233989238739,231.86383056640625,118.61599731445312,0.9954089522361755,261.33447265625,113.1803970336914,0.9893454909324646
165,178.4239959716797,62.659297943115234,0.9959515333175659,186.29505920410156,118.342529296875,0.9994675517082214,207.37266540527344,86.302490234375,0.9958213567733765,222.72747802734375,87.29931640625,0.9988131523132324,246.789794921875,86.61692810058594,0.9993069171905518,271.2047424316406,85.32928466796875,0.99953293800354,194.8407745361328,72.54945373535156,0.9902032613754272,246.3402557373047,58.3790397644043,0.995560884475708,285.8868713378906,57.02032470703125,0.9753231406211853,221.2901611328125,93.9349365234375,0.947909951210022,231.64739990234375,119.05644989013672,0.9967902302742004,261.33447265625,113.1803970336914,0.9873476028442383
166,175.19190979003906,63.032649993896484,0.9952024221420288,188.50743103027344,118.57310485839844,0.9989520311355591,207.28082275390625,86.90383911132812,0.995135486125946,222.38365173339844,87.37020111083984,0.9987467527389526,246.166015625,86.41777038574219,0.9993851184844971,270.9739685058594,85.27745056152344,0.9996583461761475,193.42161560058594,73.01431274414062,0.9866286516189575,246.60879516601562,58.3790397644043,0.9955567717552185,284.4499206542969,57.27762222290039,0.9713148474693298,221.2901611328125,93.9349365234375,0.9544543027877808,228.91195678710938,120.42884826660156,0.9957203269004822,261.97906494140625,113.36591339111328,0.9899864792823792
167,174.8021697998047,64.6124267578125,0.9962847232818604,189.74147033691406,119.8377685546875,0.9978975057601929,207.15989685058594,87.57848358154297,0.9944227337837219,222.29949951171875,87.42809295654297,0.9985643029212952,245.8623809814453,86.41777038574219,0.9993190765380859,270.9706115722656,85.27745056152344,0.9996882677078247,191.967529296875,73.28014373779297,0.9873077273368835,247.43504333496094,58.3790397644043,0.9954538345336914,278.9425354003906,57.27762222290039,0.9660165905952454,222.89425659179688,94.81460571289062,0.9603476524353027,227.72665405273438,122.74382781982422,0.9972975850105286,262.8631286621094,113.5801773071289,0.9899869561195374
168,173.95033264160156,66.21888732910156,0.9970222115516663,193.2456512451172,123.58960723876953,0.9990014433860779,207.15989685058594,88.37150573730469,0.9920856356620789,222.0676727294922,87.91354370117188,0.9980064034461975,245.52987670898438,86.41777038574219,0.9993026256561279,270.48199462890625,85.27745056152344,0.9997342228889465,190.89495849609375,73.64847564697266,0.993416428565979,248.9569549560547,58.455841064453125,0.9945192933082581,274.1470031738281,57.27762222290039,0.993017315864563,222.89425659179688,95.23454284667969,0.959242582321167,227.6665496826172,123.19194030761719,0.9973177313804626,262.8721008300781,113.7110366821289,0.9876726269721985
169,173.36424255371094,66.86309814453125,0.9976295232772827,194.13275146484375,124.46173858642578,0.9994451403617859,205.52418518066406,90.16484832763672,0.9939016103744507,221.3431396484375,88.53700256347656,0.9974784255027771,244.8467254638672,86.6364517211914,0.9993321299552917,269.84686279296875,85.27745056152344,0.9997113347053528,190.39413452148438,73.64847564697266,0.9950371384620667,249.4609832763672,58.511451721191406,0.9948660135269165,269.4544677734375,59.52740478515625,0.9904174208641052,222.89425659179688,95.9540786743164,0.9671775102615356,227.0537872314453,123.99930572509766,0.9970878958702087,263.211181640625,114.17973327636719,0.9892336130142212
170,172.52403259277344,68.1927719116211,0.9974915981292725,196.1315155029297,125.15139770507812,0.9994381070137024,205.40118408203125,90.73738098144531,0.9952686429023743,220.9019775390625,88.9448471069336,0.9967959523200989,243.81829833984375,86.6364517211914,0.9991672039031982,269.34014892578125,85.11370849609375,0.999625563621521,189.72122192382812,74.69719696044922,0.995539128780365,249.4609832763672,58.59333038330078,0.9937165379524231,266.8691711425781,59.528526306152344,0.9878623485565186,222.0930633544922,96.03307342529297,0.9676790237426758,225.81723022460938,125.0555648803711,0.997420072555542,263.3468322753906,114.8575668334961,0.988032341003418
171,171.7906036376953,68.44337463378906,0.9975675344467163,197.68190002441406,125.22749328613281,0.9993849992752075,204.69259643554688,91.10562896728516,0.9955593347549438,220.2753448486328,89.35420989990234,0.9958859086036682,243.30770874023438,86.6364517211914,0.9991657733917236,268.8694152832031,85.11370849609375,0.9995806813240051,189.08416748046875,74.79380798339844,0.9958510398864746,249.4609832763672,58.611751556396484,0.9926207065582275,265.8598327636719,59.75217819213867,0.9742850661277771,221.6156463623047,96.37946319580078,0.9673530459403992,225.47756958007812,125.0555648803711,0.9970152378082275,263.6103820800781,115.29918670654297,0.9896655678749084
172,170.3624725341797,69.3233642578125,0.9967389702796936,198.4290313720703,126.13897705078125,0.9993925094604492,203.79147338867188,91.4017562866211,0.9954649806022644,219.27711486816406,89.61939239501953,0.9941083192825317,242.3304901123047,86.6364517211914,0.99893718957901,268.2807922363281,85.11370849609375,0.9992522597312927,188.75418090820312,74.79380798339844,0.9968262910842896,248.0421905517578,58.67905044555664,0.9946790933609009,262.95770263671875,60.70341110229492,0.8922387957572937,220.51223754882812,96.8418960571289,0.9660106897354126,225.348876953125,125.0555648803711,0.9957296252250671,263.3468322753906,115.43050384521484,0.992915153503418
173,169.7720184326172,70.80632019042969,0.9929642677307129,198.4290313720703,126.70748138427734,0.9987345337867737,203.05108642578125,91.80804443359375,0.9946692585945129,218.94189453125,89.61939239501953,0.9931086301803589,240.39234924316406,86.6364517211914,0.9985014200210571,266.1746826171875,85.31243133544922,0.9988998174667358,188.75418090820312,74.79380798339844,0.9968373775482178,247.32998657226562,58.73440170288086,0.99275803565979,260.7160949707031,60.9715576171875,0.8463836908340454,218.8978271484375,97.2948989868164,0.9617535471916199,225.2346649169922,124.1273193359375,0.9939172863960266,263.3468322753906,115.43050384521484,0.9920661449432373
174,168.82192993164062,70.80632019042969,0.9919381737709045,198.4290313720703,126.70748138427734,0.9983752965927124,202.1804656982422,91.86286926269531,0.996437668800354,217.63204956054688,89.61939239501953,0.9957422614097595,238.4262237548828,86.95366668701172,0.9989066123962402,264.7027587890625,85.31243133544922,0.9993889331817627,188.7417755126953,74.6247329711914,0.9961776733398438,245.52322387695312,58.87179946899414,0.9887253642082214,258.9254455566406,60.9715576171875,0.7660547494888306,217.9624481201172,98.02046966552734,0.963221549987793,224.5447540283203,123.61197662353516,0.9923112988471985,263.23004150390625,115.43050384521484,0.9954688549041748
175,168.61358642578125,70.80632019042969,0.9920937418937683,198.2825164794922,126.70748138427734,0.9987799525260925,201.1634063720703,91.88262939453125,0.9979116320610046,216.07546997070312,89.6401596069336,0.9971983432769775,237.18467712402344,86.95366668701172,0.9992879033088684,262.8800354003906,85.31243133544922,0.9995846152305603,188.70895385742188,74.06934356689453,0.9956924319267273,244.74655151367188,58.73440170288086,0.9885773658752441,258.2137756347656,60.9715576171875,0.855163037776947,217.15072631835938,98.87065124511719,0.9579511880874634,224.5447540283203,122.67279052734375,0.9882480502128601,262.6864318847656,115.31307220458984,0.9967730641365051
176,168.61358642578125,70.80632019042969,0.9939256310462952,196.9811248779297,126.65899658203125,0.9987987279891968,200.0583953857422,91.93905639648438,0.9987070560455322,214.75926208496094,89.6401596069336,0.9979718327522278,236.1278839111328,87.09310150146484,0.9994161128997803,261.3990478515625,84.99739074707031,0.9995836615562439,188.67257690429688,73.5715560913086,0.9940098524093628,244.4172821044922,58.73440170288086,0.9826029539108276,257.8454284667969,60.82366180419922,0.8706726431846619,216.33912658691406,99.68009185791016,0.9465751051902771,224.5447540283203,121.92057800292969,0.9906094074249268,262.3459777832031,115.14340209960938,0.9969276785850525
177,168.61358642578125,70.85945129394531,0.993026614189148,194.39453125,126.56399536132812,0.9981061220169067,199.11123657226562,92.15904235839844,0.9988559484481812,213.79771423339844,89.89488983154297,0.9982366561889648,235.31393432617188,87.09427642822266,0.9995425939559937,259.99053955078125,84.4945068359375,0.9994943141937256,188.70895385742188,73.36417388916016,0.9934548735618591,244.3864288330078,58.28617858886719,0.9846197962760925,256.9162292480469,60.19859313964844,0.8350256085395813,213.1518096923828,101.04676055908203,0.9388218522071838,224.5447540283203,121.17137145996094,0.9897038340568542,262.16107177734375,115.03682708740234,0.9970797896385193
178,169.54261779785156,71.69263458251953,0.990798830986023,191.2220916748047,126.53356170654297,0.9959694147109985,198.48934936523438,92.45813751220703,0.9986228942871094,212.5082550048828,90.79003143310547,0.9981535077095032,234.19412231445312,87.09427642822266,0.9994575381278992,258.3676452636719,84.26319122314453,0.9992826581001282,188.70895385742188,73.36417388916016,0.9945178627967834,244.27499389648438,58.28617858886719,0.9866755604743958,251.31483459472656,58.96419143676758,0.8655369281768799,212.4229278564453,101.79662322998047,0.9045824408531189,224.5447540283203,120.74989318847656,0.9908368587493896,261.8392028808594,115.03682708740234,0.997370719909668
179,169.69639587402344,72.08617401123047,0.9887809753417969,186.60154724121094,125.94810485839844,0.9979888200759888,197.5584716796875,93.03595733642578,0.9988095760345459,211.56600952148438,91.3471450805664,0.9983869791030884,233.35633850097656,87.31690979003906,0.9992337226867676,256.0050048828125,83.91657257080078,0.9989700317382812,188.70895385742188,73.36417388916016,0.9960035681724548,243.9739990234375,58.28617858886719,0.984546422958374,250.8155975341797,58.96419143676758,0.8924074769020081,212.07394409179688,102.31006622314453,0.8952881097793579,224.38914489746094,120.30643463134766,0.9907886385917664,261.53448486328125,115.1359634399414,0.9973167777061462
180,169.69639587402344,73.57421112060547,0.9896710515022278,183.09136962890625,125.94810485839844,0.9981808662414551,196.17990112304688,94.32666015625,0.9978245496749878,209.99574279785156,92.32418060302734,0.9980210065841675,231.97108459472656,87.98091125488281,0.9983211159706116,254.36866760253906,83.91657257080078,0.9991668462753296,188.612060546875,73.50296020507812,0.9978744983673096,243.95436096191406,58.339778900146484,0.9734857082366943,250.57089233398438,58.96419143676758,0.9572361707687378,212.0453338623047,103.20233154296875,0.9035506844520569,223.7776336669922,120.09722137451172,0.9945757389068604,260.78790283203125,115.1077651977539,0.9974602460861206
181,169.69639587402344,74.3434066772461,0.9882974028587341,180.13735961914062,125.29508972167969,0.9990184307098389,194.73178100585938,94.93388366699219,0.9978172779083252,208.33944702148438,92.75789642333984,0.9963849782943726,231.08792114257812,88.13214111328125,0.9969996809959412,253.28408813476562,83.91657257080078,0.9992552399635315,188.612060546875,73.58772277832031,0.9979935884475708,243.50599670410156,58.6122932434082,0.9640695452690125,249.88967895507812,59.11366653442383,0.9722816944122314,211.0951385498047,103.53974151611328,0.8873242139816284,222.84181213378906,120.04676055908203,0.9950836896896362,260.2620544433594,115.1077651977539,0.9964648485183716
182,169.27113342285156,74.68863677978516,0.9884029030799866,177.0475616455078,125.94810485839844,0.9989584684371948,193.26097106933594,95.243896484375,0.9967765212059021,207.22232055664062,93.3173599243164,0.9965977072715759,227.9402313232422,88.69693756103516,0.9979221224784851,251.77023315429688,84.48382568359375,0.9991297125816345,188.41616821289062,73.63299560546875,0.9977684020996094,243.03309631347656,58.994754791259766,0.9411517381668091,248.94683837890625,59.11366653442383,0.9846917986869812,209.61566162109375,104.84066772460938,0.8777388334274292,222.11109924316406,120.04676055908203,0.9951916933059692,259.7593688964844,115.1359634399414,0.994485080242157
183,168.38876342773438,75.14070892333984,0.9924548864364624,173.6889190673828,126.94945526123047,0.9978436231613159,191.84530639648438,96.45589447021484,0.9973982572555542,205.4832305908203,93.97704315185547,0.9976075887680054,226.63116455078125,88.92738342285156,0.9982393980026245,250.27406311035156,84.87802124023438,0.9988003969192505,188.02322387695312,73.96833801269531,0.9972407817840576,243.01065063476562,59.01494598388672,0.8986576795578003,248.34027099609375,59.11366653442383,0.9904314875602722,208.36474609375,105.10066986083984,0.8326684832572937,220.95758056640625,120.09722137451172,0.9957595467567444,259.63055419921875,115.1077651977539,0.9944875836372375
184,167.24246215820312,75.77311706542969,0.9955601692199707,170.8583984375,128.2248992919922,0.998975396156311,189.84690856933594,96.4683609008789,0.9977924823760986,203.9031982421875,94.94407653808594,0.9976455569267273,225.0955047607422,89.64207458496094,0.9980277419090271,249.71107482910156,85.02657318115234,0.998711347579956,187.35142517089844,74.66136169433594,0.9968206882476807,239.25401306152344,59.11589431762695,0.8532425165176392,247.6431427001953,58.828208923339844,0.9934593439102173,205.6639862060547,107.01329040527344,0.8140330910682678,220.7858428955078,120.70761108398438,0.9958815574645996,259.5086975097656,114.86487579345703,0.9906497597694397
185,165.40321350097656,76.88056945800781,0.9965039491653442,169.5562286376953,129.07781982421875,0.9991350769996643,188.37454223632812,96.83993530273438,0.9976516366004944,202.7158660888672,95.68173217773438,0.9972254037857056,224.20269775390625,89.94586944580078,0.9974119067192078,248.178466796875,85.02657318115234,0.9992751479148865,187.13534545898438,75.16448974609375,0.9963374137878418,236.7644805908203,59.702213287353516,0.7297557592391968,246.07720947265625,58.56590270996094,0.9949200749397278,198.76895141601562,108.74369812011719,0.8371661901473999,220.18963623046875,121.23762512207031,0.9967252612113953,258.6254577636719,114.61842346191406,0.992668628692627
186,164.3768768310547,78.05986785888672,0.9941202998161316,168.3914337158203,130.78903198242188,0.9993677735328674,186.79627990722656,97.12771606445312,0.9973489046096802,201.6552276611328,95.89872741699219,0.9959339499473572,223.16943359375,89.9490966796875,0.9970115423202515,247.01754760742188,85.02657318115234,0.9996695518493652,187.02804565429688,75.31915283203125,0.9953171014785767,203.4136505126953,68.0196762084961,0.3054649531841278,244.52691650390625,56.37330627441406,0.9962510466575623,195.3932342529297,109.35942077636719,0.9090694189071655,219.96641540527344,121.66102600097656,0.9961956739425659,258.0892333984375,113.78699493408203,0.9909371733665466
187,159.2000732421875,80.37787628173828,0.9938855767250061,167.47052001953125,131.21914672851562,0.9993155002593994,185.73129272460938,97.52959442138672,0.9966769218444824,198.70643615722656,95.92755889892578,0.9969233870506287,222.7836456298828,89.9856185913086,0.9981988072395325,245.19468688964844,84.4994125366211,0.9998052716255188,185.7903289794922,75.59854888916016,0.9899507164955139,201.28538513183594,68.15910339355469,0.7650629878044128,244.47215270996094,55.35049819946289,0.9942445158958435,189.36692810058594,110.44210052490234,0.9595537781715393,219.45166015625,121.7455062866211,0.9939961433410645,257.1844787597656,112.82183074951172,0.9786251187324524
188,156.8641815185547,81.6376724243164,0.9977951049804688,167.33230590820312,131.253173828125,0.9993379712104797,185.7044677734375,97.66374206542969,0.997812032699585,197.1268310546875,96.10002136230469,0.9972099661827087,221.73455810546875,90.38585662841797,0.9983242154121399,243.68646240234375,84.4994125366211,0.9998152852058411,184.07333374023438,78.05027770996094,0.9820423722267151,193.19549560546875,68.41402435302734,0.9275825619697571,244.3432159423828,55.35049819946289,0.9898024201393127,185.54869079589844,110.69778442382812,0.9563083648681641,219.2431640625,121.7455062866211,0.9937214851379395,257.0569763183594,112.48908233642578,0.984328031539917
189,154.80157470703125,81.6376724243164,0.9983000159263611,166.2163848876953,131.43408203125,0.9995580315589905,184.55853271484375,97.69258880615234,0.9984645843505859,196.40771484375,96.35243225097656,0.9977503418922424,220.5504150390625,91.01193237304688,0.9984466433525085,242.26461791992188,84.46546173095703,0.9997511506080627,183.19778442382812,78.73069763183594,0.975104570388794,193.19549560546875,68.15910339355469,0.976093590259552,244.1351776123047,55.35049819946289,0.9894437789916992,183.26019287109375,112.66867065429688,0.9609729647636414,218.89767456054688,121.7455062866211,0.9937746524810791,256.36859130859375,112.21542358398438,0.9881147146224976
190,153.49676513671875,81.6376724243164,0.9983339905738831,165.51907348632812,132.09288024902344,0.9996763467788696,183.11842346191406,97.7978286743164,0.9988406300544739,195.7316436767578,96.72059631347656,0.9979817867279053,219.5620880126953,91.46966552734375,0.9983331561088562,241.17027282714844,84.46546173095703,0.9995817542076111,183.19778442382812,78.73069763183594,0.9732076525688171,190.08323669433594,68.06732940673828,0.9757245182991028,243.8974609375,55.70339584350586,0.9911001324653625,182.33152770996094,113.3355712890625,0.978752076625824,217.10861206054688,122.3696517944336,0.9947117567062378,255.7116241455078,111.8418960571289,0.9894543886184692
191,153.39517211914062,80.66748809814453,0.9978983402252197,165.51907348632812,134.6260528564453,0.9996757507324219,182.141357421875,98.37169647216797,0.999126136302948,194.7918243408203,97.17887878417969,0.9982178807258606,218.48129272460938,92.41880798339844,0.9982550740242004,238.7152862548828,84.59697723388672,0.9992979764938354,183.08102416992188,78.73069763183594,0.9678299427032471,189.8712615966797,68.15910339355469,0.9794959425926208,243.02088928222656,55.74983215332031,0.9913647174835205,180.8287811279297,114.24734497070312,0.9892507791519165,215.98538208007812,122.67290496826172,0.9968286156654358,255.41429138183594,111.8418960571289,0.9933967590332031
192,151.8662109375,80.48077392578125,0.9987955093383789,165.51907348632812,135.0512237548828,0.9994589686393738,180.97283935546875,98.64752197265625,0.9988294243812561,193.4405975341797,97.17887878417969,0.997645914554596,217.01560974121094,92.6467056274414,0.9971231818199158,237.3169403076172,84.81362915039062,0.9994290471076965,182.97836303710938,78.68587493896484,0.9652736186981201,189.20974731445312,68.41402435302734,0.9857993125915527,242.51449584960938,56.3740234375,0.9925732612609863,178.2709503173828,114.37970733642578,0.993172824382782,215.17874145507812,122.67290496826172,0.9980968832969666,255.1759490966797,111.8418960571289,0.9925593137741089
193,151.25241088867188,79.6891098022461,0.9984557628631592,165.6288604736328,135.0512237548828,0.9993570446968079,179.3141326904297,99.20150756835938,0.998518168926239,192.28158569335938,97.17887878417969,0.9968932867050171,213.99844360351562,92.68798065185547,0.9975835084915161,236.35867309570312,85.30589294433594,0.9992138147354126,182.97836303710938,78.55616760253906,0.9768922328948975,187.1184539794922,68.66348266601562,0.9911872744560242,242.1700439453125,57.212608337402344,0.993671178817749,176.0157012939453,114.39388275146484,0.9896294474601746,214.58082580566406,122.67290496826172,0.9986659288406372,255.00303649902344,111.98990631103516,0.9914829134941101
194,150.44940185546875,77.76533508300781,0.997731626033783,165.82931518554688,135.76376342773438,0.9989342093467712,177.43121337890625,99.49396514892578,0.996950626373291,191.8575439453125,97.38971710205078,0.9935963153839111,212.8151092529297,93.18299865722656,0.9985998272895813,234.79779052734375,86.1383056640625,0.9989933371543884,182.28921508789062,77.50328063964844,0.9850746393203735,185.0960235595703,68.66348266601562,0.9875195026397705,241.07699584960938,57.577213287353516,0.9922103881835938,169.41197204589844,114.72920989990234,0.9951602816581726,214.06085205078125,122.66849517822266,0.99860018491745,254.13621520996094,112.17109680175781,0.9900211691856384
195,149.75538635253906,77.76533508300781,0.9976436495780945,165.82931518554688,135.76376342773438,0.9987093210220337,176.08990478515625,100.51142883300781,0.9978190660476685,190.5209197998047,97.38971710205078,0.9956129789352417,211.48001098632812,93.18299865722656,0.9989055395126343,233.74102783203125,86.87906646728516,0.9988687634468079,181.1510009765625,77.50328063964844,0.9854708909988403,183.72113037109375,68.66348266601562,0.9835031032562256,241.07699584960938,57.577213287353516,0.9938445091247559,167.76913452148438,115.58619689941406,0.9966567754745483,213.8527069091797,122.6157455444336,0.9981173276901245,253.80859375,112.59181213378906,0.9868085384368896
196,148.63540649414062,77.76533508300781,0.9978020787239075,165.82931518554688,136.0406951904297,0.9988924860954285,175.12815856933594,100.5796890258789,0.9983355402946472,189.56109619140625,97.38971710205078,0.9968560934066772,210.11419677734375,93.69239044189453,0.9988914132118225,232.66749572753906,87.35187530517578,0.9981811046600342,180.37351989746094,77.50328063964844,0.9838303923606873,183.1453094482422,67.31072235107422,0.9827712178230286,241.0063934326172,57.79677963256836,0.9930825233459473,166.76895141601562,115.71985626220703,0.997498095035553,213.6966094970703,122.47062683105469,0.9981196522712708,253.01962280273438,112.65538787841797,0.9810951948165894
197,147.51409912109375,78.62353515625,0.9982860684394836,165.71702575683594,136.83901977539062,0.9990992546081543,174.26458740234375,100.67230987548828,0.9979954957962036,188.5674285888672,97.51151275634766,0.997292697429657,208.62380981445312,93.69239044189453,0.9987552165985107,232.32553100585938,87.83971405029297,0.9984942674636841,179.6226806640625,78.15660858154297,0.9812042117118835,182.6441650390625,67.01522064208984,0.9818921685218811,241.0063934326172,57.592037200927734,0.993829071521759,165.35214233398438,115.84896087646484,0.9978680610656738,213.2637176513672,122.22962951660156,0.9982445240020752,237.277587890625,112.98628234863281,0.9750478863716125
198,146.9305419921875,79.4157485961914,0.9982833862304688,165.17352294921875,136.83901977539062,0.9991256594657898,172.53196716308594,100.77813720703125,0.9975155591964722,187.13011169433594,97.736572265625,0.9969751834869385,206.65093994140625,93.73672485351562,0.9972890615463257,230.04954528808594,88.22492218017578,0.9988634586334229,178.56494140625,79.22415924072266,0.9693998098373413,182.1750946044922,66.7445297241211,0.9838796257972717,240.3793487548828,57.592037200927734,0.9893275499343872,164.01904296875,115.84896087646484,0.998855471611023,212.8623046875,121.95049285888672,0.9974914789199829,225.1351318359375,112.65538787841797,0.9823076725006104
199,145.566162109375,79.93508911132812,0.9978370070457458,164.0409698486328,136.83901977539062,0.9989332556724548,171.28713989257812,101.0255355834961,0.9974467754364014,185.22508239746094,97.97238159179688,0.9955006241798401,206.20730590820312,93.80765533447266,0.9979739785194397,228.2605438232422,88.41363525390625,0.9985263347625732,176.25564575195312,82.77014923095703,0.9435995221138,181.08059692382812,66.07073211669922,0.9876917004585266,239.69110107421875,57.94353103637695,0.9842431545257568,164.01904296875,115.71985626220703,0.9989749193191528,212.57827758789062,121.70323944091797,0.993357241153717,223.75900268554688,112.65538787841797,0.9549083113670349
200,144.13356018066406,79.95571899414062,0.9955180287361145,162.23965454101562,136.1338348388672,0.9991036057472229,169.72976684570312,101.0255355834961,0.9982719421386719,183.21182250976562,98.89130401611328,0.9977706670761108,204.5681915283203,94.12141418457031,0.9987277388572693,226.0439910888672,88.8021469116211,0.9978747367858887,175.435302734375,83.59686279296875,0.9674941897392273,181.08059692382812,66.02581787109375,0.9916374087333679,238.95535278320312,57.94353103637695,0.983318567276001,164.01904296875,114.69247436523438,0.998785674571991,211.93251037597656,121.70323944091797,0.9850826263427734,223.75900268554688,113.0364761352539,0.9264159202575684
201,141.63690185546875,80.1655044555664,0.9955924153327942,159.72425842285156,134.5053253173828,0.9989182949066162,168.77040100097656,101.0255355834961,0.9989067316055298,181.36610412597656,99.00836944580078,0.9986000657081604,203.4636993408203,94.77710723876953,0.9986802935600281,224.84146118164062,88.8021469116211,0.9969326257705688,173.55055236816406,83.78994750976562,0.945656955242157,181.08059692382812,65.5848159790039,0.9926404356956482,237.95814514160156,58.11228561401367,0.9856770038604736,164.10243225097656,114.69247436523438,0.9986245632171631,211.6024627685547,121.94938659667969,0.9818506836891174,223.75900268554688,113.42440032958984,0.9536563158035278
202,140.5867462158203,80.29229736328125,0.9968282580375671,152.84896850585938,132.97463989257812,0.999423623085022,167.06019592285156,100.1672592163086,0.9993109703063965,179.9474639892578,99.14079284667969,0.9991346001625061,202.541015625,95.38832092285156,0.9983505010604858,224.09844970703125,88.98341369628906,0.9976221919059753,172.659912109375,83.99883270263672,0.9375392198562622,180.6773681640625,65.52408599853516,0.993311882019043,237.93275451660156,58.2150993347168,0.9870169758796692,165.6103515625,114.69247436523438,0.9973069429397583,211.3039093017578,121.88381958007812,0.9862972497940063,222.63287353515625,116.7226333618164,0.9872963428497314
203,139.79588317871094,80.60987091064453,0.9982125759124756,150.7816162109375,132.97463989257812,0.9995587468147278,165.85574340820312,99.95878601074219,0.9993036985397339,178.17613220214844,99.202392578125,0.9989221096038818,201.33811950683594,95.38832092285156,0.9976327419281006,222.55630493164062,88.98341369628906,0.9982641339302063,172.53758239746094,83.99883270263672,0.958368182182312,180.6697235107422,64.64791870117188,0.9925265312194824,237.39625549316406,58.27818298339844,0.9848614931106567,165.8362579345703,115.60954284667969,0.9979920387268066,210.89898681640625,121.94938659667969,0.9847562909126282,222.63287353515625,116.7226333618164,0.980521559715271
204,137.54962158203125,80.60987091064453,0.9980425834655762,148.1509246826172,132.95191955566406,0.999777615070343,164.1866455078125,99.34161376953125,0.9993581175804138,176.79074096679688,99.202392578125,0.9988399147987366,200.1927490234375,95.38832092285156,0.9970570802688599,222.1240692138672,88.98341369628906,0.9982996582984924,170.681640625,83.82696533203125,0.952478289604187,180.56727600097656,64.20034790039062,0.995037853717804,236.96595764160156,58.936317443847656,0.9882485866546631,166.29965209960938,115.62478637695312,0.998449444770813,210.34046936035156,122.05561065673828,0.9799764156341553,222.63287353515625,116.7226333618164,0.9876338243484497
205,136.71791076660156,80.60987091064453,0.9979244470596313,145.53236389160156,132.328857421875,0.9997277855873108,162.11746215820312,99.19638061523438,0.9994472861289978,176.46044921875,99.14079284667969,0.9986697435379028,199.00543212890625,95.32392883300781,0.9967622756958008,221.9825897216797,88.99893188476562,0.9983561635017395,169.4807891845703,83.82696533203125,0.9508292078971863,180.2840118408203,64.13094329833984,0.9958063364028931,236.4390869140625,59.541664123535156,0.9897164702415466,167.5584259033203,115.62478637695312,0.9988409876823425,209.5638885498047,122.11001586914062,0.977686882019043,221.38279724121094,116.75746154785156,0.9909719228744507
206,134.6929473876953,79.43073272705078,0.9986332058906555,143.5454864501953,132.0775909423828,0.9995505213737488,160.6658935546875,99.19638061523438,0.9992258548736572,175.71588134765625,98.081298828125,0.9993802309036255,198.14239501953125,95.32392883300781,0.9977726340293884,221.77357482910156,89.05277252197266,0.9984877109527588,166.14505004882812,81.86634063720703,0.9472922086715698,180.1866455078125,63.93102264404297,0.995754599571228,236.04241943359375,60.0983772277832,0.990505039691925,167.5584259033203,115.60954284667969,0.9984013438224792,208.8890380859375,122.33839416503906,0.9603226184844971,219.885986328125,116.75746154785156,0.9925205707550049
207,133.28028869628906,79.34107971191406,0.9988119602203369,141.4280548095703,131.81092834472656,0.9994029998779297,159.84922790527344,99.19638061523438,0.9986338019371033,175.15174865722656,98.081298828125,0.9994970560073853,197.31051635742188,95.32392883300781,0.9984922409057617,221.5421600341797,89.63533020019531,0.9986131191253662,165.7778778076172,80.82960510253906,0.9668775200843811,180.1866455078125,63.98845672607422,0.9958915710449219,235.7736053466797,60.0983772277832,0.9906793236732483,167.5584259033203,115.13098907470703,0.998480498790741,208.7603759765625,122.71574401855469,0.9510930180549622,219.7979278564453,117.86956024169922,0.9913821816444397
208,131.40762329101562,79.13671112060547,0.9986080527305603,139.88633728027344,131.81092834472656,0.9995369911193848,159.28700256347656,99.80854797363281,0.9985530972480774,173.63958740234375,98.081298828125,0.9995488524436951,195.64959716796875,95.45167541503906,0.9991511106491089,220.45162963867188,90.2796401977539,0.9988116025924683,162.90809631347656,79.9960708618164,0.973507821559906,180.09617614746094,63.98845672607422,0.9956848621368408,235.6609649658203,60.34683609008789,0.9899007678031921,167.1334686279297,115.13098907470703,0.9985677003860474,208.6160888671875,122.71574401855469,0.9301698803901672,219.57264709472656,118.95655059814453,0.9837939143180847
209,129.47264099121094,78.9231185913086,0.9962207674980164,138.50567626953125,131.81092834472656,0.9996159076690674,157.25086975097656,100.03125762939453,0.9990612864494324,172.19081115722656,98.11991119384766,0.999521017074585,194.39581298828125,95.5851821899414,0.9994069337844849,219.8246612548828,90.80726623535156,0.9986577033996582,157.9990234375,79.04039001464844,0.9938399195671082,180.07632446289062,63.98845672607422,0.9955848455429077,235.11224365234375,60.6103401184082,0.9931419491767883,166.7104949951172,115.0390396118164,0.9986417889595032,206.6885528564453,122.91178894042969,0.9624248743057251,219.050048828125,120.01771545410156,0.9795864224433899
210,125.31472778320312,77.31723022460938,0.9951834082603455,136.83761596679688,131.7552032470703,0.9995735287666321,155.3950653076172,100.0656967163086,0.9992790818214417,170.67269897460938,98.408203125,0.9994955062866211,193.29367065429688,95.75415802001953,0.9994035959243774,219.16433715820312,91.42227172851562,0.9980169534683228,155.82089233398438,79.04039001464844,0.9944276809692383,180.04010009765625,63.98845672607422,0.9953318238258362,234.44313049316406,60.882896423339844,0.9906101822853088,166.4757080078125,114.9889907836914,0.9977226853370667,198.6998748779297,122.5185546875,0.9605706930160522,217.09974670410156,120.89540100097656,0.9726869463920593
211,124.47586822509766,77.15677642822266,0.9961047172546387,135.94505310058594,131.7552032470703,0.9994940757751465,154.04551696777344,100.10918426513672,0.9993144273757935,168.87185668945312,98.59867858886719,0.9995007514953613,191.52610778808594,96.09748077392578,0.9989171028137207,216.5948486328125,91.46495819091797,0.9971826076507568,152.79959106445312,79.04039001464844,0.9932225942611694,180.04010009765625,63.98845672607422,0.9953526258468628,234.39703369140625,60.8878288269043,0.9916921854019165,165.62103271484375,114.22486877441406,0.9965560436248779,195.55545043945312,122.5185546875,0.9745620489120483,215.1033935546875,121.06861877441406,0.9809483289718628
212,123.31375122070312,76.65237426757812,0.9943863153457642,134.9415740966797,131.66558837890625,0.9992696642875671,152.9996795654297,100.10918426513672,0.9986971020698547,167.1529083251953,98.73621368408203,0.999768078327179,190.9714813232422,96.09748077392578,0.9973280429840088,215.2675018310547,92.09357452392578,0.9985552430152893,148.0267791748047,79.96538543701172,0.992548406124115,180.04010009765625,63.96809005737305,0.9973475933074951,234.13189697265625,60.973880767822266,0.9898329973220825,164.38381958007812,112.81758880615234,0.993709921836853,182.4983673095703,122.5185546875,0.9701387286186218,213.6762237548828,121.06861877441406,0.9731059074401855
213,122.27848815917969,76.6451416015625,0.9938026666641235,133.6116180419922,130.06680297851562,0.9992753863334656,151.45416259765625,100.0656967163086,0.9993940591812134,165.94073486328125,98.68959045410156,0.9998342990875244,189.8253173828125,96.09748077392578,0.9977462887763977,214.0263671875,92.54702758789062,0.9991088509559631,145.15826416015625,80.05960845947266,0.9894903302192688,180.36068725585938,63.96809005737305,0.9978128671646118,233.24203491210938,61.443695068359375,0.9847952723503113,162.6174774169922,111.93627166748047,0.990435004234314,178.93533325195312,121.83428192138672,0.9894481897354126,212.0548095703125,121.06861877441406,0.9894631505012512
214,121.52890014648438,75.38658905029297,0.9935653805732727,131.62554931640625,129.42970275878906,0.9993064403533936,150.23422241210938,99.40992736816406,0.9995930790901184,165.0194091796875,98.68959045410156,0.999826967716217,189.6491241455078,96.23193359375,0.9988141059875488,213.02175903320312,92.68441009521484,0.9992152452468872,142.96221923828125,80.05960845947266,0.9843414425849915,180.71792602539062,63.96809005737305,0.9981794357299805,230.07167053222656,61.729278564453125,0.9889416098594666,162.6174774169922,111.75335693359375,0.9823075532913208,178.0888214111328,121.83428192138672,0.9978950023651123,212.0548095703125,119.39041900634766,0.9922081828117371
215,121.04446411132812,72.72662353515625,0.9938050508499146,128.5777130126953,128.66563415527344,0.9986814856529236,148.80223083496094,98.009521484375,0.9996033310890198,164.13072204589844,98.68959045410156,0.9996949434280396,188.67454528808594,96.23193359375,0.99904865026474,211.98001098632812,93.6130599975586,0.998897910118103,141.33547973632812,79.96538543701172,0.9857673645019531,181.2748565673828,63.89583969116211,0.9969587326049805,224.15219116210938,62.69263458251953,0.9880226850509644,162.6174774169922,110.83279418945312,0.9846375584602356,176.34909057617188,122.77434539794922,0.994244396686554,212.0548095703125,119.39041900634766,0.9943962097167969
216,120.31275177001953,71.82862091064453,0.9960190653800964,125.60819244384766,124.94239044189453,0.9985029697418213,147.56320190429688,97.7280044555664,0.9995421171188354,162.93797302246094,98.03970336914062,0.9993582367897034,187.3944854736328,96.23193359375,0.998770534992218,210.5958709716797,93.6446533203125,0.9986847043037415,141.19715881347656,78.42475891113281,0.9890490770339966,182.12168884277344,63.89583969116211,0.9959259033203125,216.49664306640625,63.95703125,0.9766482710838318,162.38311767578125,110.83279418945312,0.9847210049629211,171.84788513183594,123.06202697753906,0.9937468767166138,212.3114776611328,119.39041900634766,0.9956870675086975
217,119.78235626220703,71.17378234863281,0.9962419271469116,124.1032943725586,122.33788299560547,0.9973095655441284,146.52674865722656,96.83099365234375,0.9992996454238892,161.68544006347656,98.03970336914062,0.9986395239830017,185.28236389160156,96.56827545166016,0.9984814524650574,209.37115478515625,93.75999450683594,0.9979436993598938,140.80535888671875,76.0158920288086,0.9960263967514038,182.21144104003906,63.89583969116211,0.9964689016342163,213.92745971679688,64.06015014648438,0.9783927202224731,162.38311767578125,110.83279418945312,0.9869517087936401,169.9287109375,123.85081481933594,0.9874442219734192,212.3114776611328,119.83436584472656,0.996535062789917
218,119.0526123046875,70.83938598632812,0.9958490133285522,124.030517578125,119.85830688476562,0.9949644804000854,145.60943603515625,96.83099365234375,0.9990149736404419,159.7252960205078,98.03970336914062,0.9972885847091675,184.51144409179688,96.95928192138672,0.9958017468452454,207.67742919921875,94.05799102783203,0.9963261485099792,140.6389923095703,74.39596557617188,0.9973661303520203,182.21144104003906,63.57099151611328,0.9966534972190857,202.77845764160156,64.5281982421875,0.9394184947013855,162.38311767578125,110.95751190185547,0.9914883375167847,166.95294189453125,124.68939971923828,0.9963852167129517,212.3114776611328,119.83436584472656,0.996982753276825
219,118.10540008544922,70.3276596069336,0.9968132376670837,122.38285064697266,119.04641723632812,0.9906798005104065,143.84860229492188,96.83099365234375,0.9970464110374451,158.16763305664062,98.9764175415039,0.9977655410766602,181.80931091308594,97.58589935302734,0.9974514842033386,206.6868896484375,94.12744140625,0.9913744330406189,138.97384643554688,73.99983215332031,0.9964070916175842,182.12168884277344,63.57099151611328,0.997626006603241,199.12278747558594,65.03913116455078,0.850360631942749,161.81927490234375,110.95751190185547,0.9926179051399231,161.65406799316406,125.05549621582031,0.996015727519989,211.79336547851562,119.83436584472656,0.9977601766586304
220,117.71912384033203,69.89783477783203,0.9969537258148193,116.19428253173828,118.20252227783203,0.9920235872268677,141.6345977783203,97.05876922607422,0.996006429195404,155.86634826660156,98.9764175415039,0.9978727102279663,178.6207275390625,98.2320327758789,0.9980095028877258,204.74349975585938,94.12744140625,0.9828096032142639,137.4588623046875,73.12639617919922,0.9946253895759583,182.7547607421875,63.472862243652344,0.9973832964897156,191.66908264160156,65.03913116455078,0.3484830856323242,159.77841186523438,111.14347076416016,0.9866111278533936,156.59637451171875,130.41989135742188,0.9948764443397522,210.4686279296875,119.69654083251953,0.9966877102851868
221,117.53852844238281,68.68425750732422,0.9966999888420105,112.64767456054688,117.5255355834961,0.9963106513023376,140.02615356445312,97.05876922607422,0.9931829571723938,153.71527099609375,98.9764175415039,0.9967460632324219,176.59388732910156,98.39434051513672,0.9970018267631531,203.1956329345703,94.64698028564453,0.9764962792396545,136.96688842773438,72.95464324951172,0.9925415515899658,182.79859924316406,63.452796936035156,0.9967966675758362,191.66908264160156,64.81283569335938,0.41254180669784546,158.72894287109375,111.14347076416016,0.9805008172988892,156.33993530273438,130.71885681152344,0.9954690933227539,209.79994201660156,119.56631469726562,0.9947422742843628
222,117.48384857177734,67.34148406982422,0.9971967935562134,110.60249328613281,115.6310043334961,0.9947787523269653,138.33665466308594,97.05876922607422,0.9904111623764038,152.20753479003906,98.86760711669922,0.9976266026496887,173.64060974121094,98.39434051513672,0.9986677169799805,197.75698852539062,94.7780532836914,0.9908592104911804,136.96688842773438,72.77059173583984,0.9887763857841492,183.1769256591797,63.37666702270508,0.9936382174491882,190.9703369140625,64.81283569335938,0.840247631072998,158.21047973632812,111.14347076416016,0.9813341498374939,156.33993530273438,130.9869842529297,0.9951266050338745,208.58599853515625,119.56016540527344,0.9954901337623596
223,116.6259994506836,66.09545135498047,0.9953005313873291,109.44866943359375,113.61736297607422,0.9938890933990479,136.68275451660156,95.68836975097656,0.9896120429039001,150.73760986328125,98.28074645996094,0.9987213015556335,172.23353576660156,98.39434051513672,0.9989890456199646,195.298095703125,94.88209533691406,0.9970335960388184,136.2834930419922,72.45901489257812,0.9827882647514343,183.8253173828125,63.00004196166992,0.9904036521911621,190.61135864257812,64.4400405883789,0.9582927227020264,156.4952850341797,111.26129913330078,0.9686489105224609,156.33993530273438,130.9869842529297,0.9964995384216309,208.0888671875,119.56016540527344,0.9961007833480835
224,115.73976135253906,66.09545135498047,0.9916183352470398,107.29377746582031,113.5606918334961,0.9948452711105347,135.4158172607422,95.17890930175781,0.9940061569213867,149.72146606445312,98.09632873535156,0.9991720914840698,171.2239227294922,98.31178283691406,0.9990561604499817,193.7797088623047,95.12611389160156,0.9972270131111145,136.1410675048828,71.87300109863281,0.9884533286094666,183.8253173828125,62.70085525512695,0.9874261617660522,190.47976684570312,63.859596252441406,0.9586106538772583,154.53106689453125,111.55704498291016,0.9558024406433105,156.4733123779297,130.71885681152344,0.9971328973770142,207.9053497314453,119.56631469726562,0.9963992834091187
225,115.19718933105469,66.09545135498047,0.9889264106750488,106.0891342163086,113.0809326171875,0.9962210655212402,134.744140625,94.55020904541016,0.9963772892951965,149.1004638671875,98.01935577392578,0.9994010925292969,170.2459259033203,98.05352783203125,0.9989451766014099,192.34078979492188,95.53264617919922,0.9964674711227417,136.03614807128906,71.87300109863281,0.9898707270622253,183.8253173828125,62.67430877685547,0.990509033203125,187.5281524658203,62.927490234375,0.9690814018249512,152.8993377685547,111.6224594116211,0.943061351776123,156.4733123779297,130.566162109375,0.9971480965614319,207.1245880126953,119.47590637207031,0.9974992871284485
226,113.94708251953125,66.1121597290039,0.9843801259994507,104.0975112915039,112.94223022460938,0.997326135635376,133.65687561035156,93.86447143554688,0.9977881908416748,148.5330352783203,97.53315734863281,0.9993280172348022,168.989013671875,97.97161102294922,0.9987610578536987,191.2847137451172,95.53264617919922,0.9948890805244446,135.90708923339844,71.87300109863281,0.9912942051887512,183.61431884765625,62.61017608642578,0.9900668859481812,187.1352081298828,62.927490234375,0.9778867363929749,151.11663818359375,111.6295394897461,0.8977764844894409,156.4733123779297,130.5008544921875,0.997323751449585,206.25682067871094,119.47590637207031,0.9973543882369995
227,112.78948974609375,66.3053970336914,0.9887425899505615,102.99434661865234,112.8922348022461,0.994633674621582,132.40835571289062,93.61087036132812,0.9982215762138367,147.68284606933594,97.05258178710938,0.9988866448402405,168.13632202148438,97.8675537109375,0.9983012676239014,190.46066284179688,95.53264617919922,0.9944288730621338,135.6226348876953,71.93181610107422,0.9900575280189514,181.9114227294922,62.13459014892578,0.9882761836051941,186.0921630859375,62.88976287841797,0.9844038486480713,149.10679626464844,111.6295394897461,0.8840788006782532,156.2624969482422,130.3091583251953,0.9975451827049255,205.51930236816406,119.31474304199219,0.9968624114990234
228,111.65828704833984,66.42615509033203,0.99298495054245,99.88446807861328,112.85552215576172,0.9966354966163635,131.19200134277344,93.25859069824219,0.998357355594635,147.00723266601562,96.97896575927734,0.9978823065757751,167.88385009765625,97.8350830078125,0.9965401887893677,189.35089111328125,95.42530822753906,0.9952883720397949,135.4920196533203,71.93181610107422,0.9869734644889832,179.2928009033203,62.13459014892578,0.9558403491973877,185.431640625,62.36961364746094,0.9916263818740845,147.07423400878906,111.55704498291016,0.9012504816055298,155.63255310058594,129.96807861328125,0.9978892207145691,204.52484130859375,119.1944351196289,0.9950729012489319
229,109.66617584228516,66.3053970336914,0.9935575127601624,98.4990234375,112.85552215576172,0.9972463846206665,129.89781188964844,93.05435180664062,0.9975489974021912,145.41407775878906,96.19820404052734,0.9970061182975769,167.0780792236328,96.53497314453125,0.9948437213897705,188.50051879882812,95.20960998535156,0.9966225624084473,134.08277893066406,71.93181610107422,0.9903573393821716,177.85914611816406,62.13459014892578,0.8421682715415955,184.00148010253906,62.33736038208008,0.993665337562561,144.4368896484375,111.40996551513672,0.8673760294914246,154.98143005371094,129.28004455566406,0.9982866644859314,202.82679748535156,118.43920135498047,0.9864554405212402
230,105.90441131591797,66.3053970336914,0.9919530749320984,96.2984619140625,112.85552215576172,0.9981845021247864,127.5656967163086,93.02308654785156,0.9976996779441833,143.15676879882812,95.97960662841797,0.9976202845573425,162.97036743164062,95.19976043701172,0.9950966238975525,187.63015747070312,94.31561279296875,0.9972248077392578,133.98876953125,71.93181610107422,0.9862225651741028,155.68536376953125,68.72897338867188,0.616849958896637,182.00057983398438,61.699867248535156,0.9950116872787476,135.61544799804688,110.7302474975586,0.8698928356170654,154.79107666015625,128.8465118408203,0.9985252022743225,199.39833068847656,116.01375579833984,0.9915710687637329
231,104.17620849609375,66.1465072631836,0.9943780303001404,94.10616302490234,113.42308044433594,0.997676432132721,125.67884826660156,92.69058227539062,0.9986268281936646,141.30026245117188,95.86393737792969,0.9972171783447266,162.10000610351562,94.99029541015625,0.9972584247589111,186.80540466308594,94.19119262695312,0.9975965619087219,133.94091796875,71.80744934082031,0.9862020611763,141.41473388671875,68.72897338867188,0.8180438876152039,181.7322235107422,61.45102310180664,0.9958459734916687,132.9744873046875,110.69108581542969,0.8730337023735046,154.56256103515625,128.8465118408203,0.9987687468528748,198.27780151367188,116.01375579833984,0.9947999715805054
232,103.45943450927734,65.8149642944336,0.9970303773880005,91.73988342285156,113.42308044433594,0.9984361529350281,123.33374786376953,92.41748046875,0.9990434050559998,139.5095977783203,95.85083770751953,0.9966351389884949,160.470947265625,94.81769561767578,0.9973661303520203,185.9906005859375,93.89537048339844,0.9975564479827881,133.28025817871094,71.79248046875,0.970855176448822,141.0148162841797,68.72897338867188,0.9491972923278809,181.73171997070312,61.45102310180664,0.9962372779846191,126.81107330322266,110.65007019042969,0.8257724642753601,154.31072998046875,128.4252166748047,0.998698353767395,197.08546447753906,116.01375579833984,0.9948964715003967
233,102.08964538574219,65.36919403076172,0.997183620929718,88.49482727050781,113.42308044433594,0.9987167119979858,121.5185546875,92.24156188964844,0.9990069270133972,138.57144165039062,95.34739685058594,0.9971524477005005,160.437744140625,94.81234741210938,0.9970717430114746,183.49876403808594,92.65324401855469,0.9978888630867004,132.85877990722656,71.79248046875,0.9821268916130066,139.576171875,68.4654312133789,0.9764986634254456,181.73171997070312,61.35306930541992,0.9963101744651794,118.77565002441406,110.54718017578125,0.9221809506416321,154.11106872558594,128.45545959472656,0.9988008737564087,196.0186004638672,116.05877685546875,0.9958251714706421
234,100.87060546875,64.39595794677734,0.9973167777061462,87.13841247558594,113.07951354980469,0.9981386661529541,119.91386413574219,91.99783325195312,0.9989049434661865,137.105712890625,95.29456329345703,0.998229444026947,159.5520782470703,94.81234741210938,0.9968928098678589,182.47900390625,92.65324401855469,0.9989860653877258,132.02178955078125,71.12247467041016,0.9838501214981079,138.92095947265625,68.4563217163086,0.978168785572052,181.53851318359375,61.35306930541992,0.9970190525054932,116.34394836425781,110.28167724609375,0.9798941016197205,154.0110321044922,128.45545959472656,0.9985383749008179,195.8050537109375,117.25214385986328,0.9927186965942383
235,98.64116668701172,64.08615112304688,0.995993971824646,86.95747375488281,111.69490051269531,0.998250424861908,118.59758758544922,91.72120666503906,0.9990009665489197,134.76356506347656,95.02537536621094,0.9984446167945862,159.16253662109375,94.7892837524414,0.9984889030456543,181.80313110351562,92.65324401855469,0.9991390705108643,131.37527465820312,70.85997772216797,0.9864069819450378,138.38795471191406,67.4989242553711,0.9848734140396118,181.53851318359375,61.60375213623047,0.9971978664398193,113.85480499267578,109.52228546142578,0.9907041192054749,152.96385192871094,128.4252166748047,0.9979481101036072,181.51602172851562,118.72164916992188,0.9869745969772339
236,98.1830062866211,63.66918182373047,0.9945012331008911,85.33042907714844,111.44769287109375,0.9986653327941895,117.30437469482422,90.94149780273438,0.9988849759101868,133.0847625732422,94.81085968017578,0.9986262321472168,157.82131958007812,94.7892837524414,0.9989084005355835,180.55178833007812,93.96577453613281,0.9990849494934082,130.60569763183594,70.85997772216797,0.9834835529327393,138.09288024902344,65.72042083740234,0.9859768152236938,181.05259704589844,61.72751998901367,0.9972977042198181,112.61571502685547,107.55091094970703,0.9862962961196899,151.9452667236328,127.10308074951172,0.998536229133606,175.8672332763672,119.2452163696289,0.9900339245796204
237,97.0523910522461,63.37261199951172,0.9878056049346924,84.70467376708984,111.27967834472656,0.9987419247627258,115.63517761230469,89.85316467285156,0.9985179305076599,131.48114013671875,94.0888442993164,0.9982944130897522,156.49986267089844,94.81883239746094,0.9990320205688477,178.72593688964844,95.01988983154297,0.9988269209861755,129.6783447265625,70.85997772216797,0.9751679301261902,138.05116271972656,65.72042083740234,0.9900432825088501,181.05259704589844,62.06987762451172,0.9972103238105774,111.10125732421875,104.27581787109375,0.9853590726852417,151.48883056640625,127.10308074951172,0.9987078905105591,171.5248260498047,119.58865356445312,0.9925157427787781
238,94.31655883789062,63.209129333496094,0.9905006885528564,84.66790771484375,111.18498992919922,0.9986163377761841,114.00252532958984,89.85316467285156,0.9979174733161926,129.1704559326172,93.94597625732422,0.9972171783447266,154.38668823242188,95.3703384399414,0.9990494847297668,177.50311279296875,97.05756378173828,0.9984130859375,128.8241424560547,72.55293273925781,0.9335573315620422,134.92221069335938,65.72042083740234,0.9915133118629456,180.67898559570312,62.738834381103516,0.9966509938240051,108.45620727539062,104.17743682861328,0.9583162665367126,151.48883056640625,127.10308074951172,0.9985200762748718,168.74314880371094,119.5973129272461,0.9850203990936279
239,93.83737182617188,62.81834030151367,0.9897928237915039,84.4532241821289,110.53226470947266,0.9986525774002075,112.39639282226562,89.85148620605469,0.9959490299224854,127.18407440185547,93.94597625732422,0.9946869611740112,153.09300231933594,96.08033752441406,0.99858558177948,174.7643280029297,97.28694152832031,0.9989019632339478,128.49261474609375,72.60140991210938,0.9033968448638916,133.85643005371094,67.0486831665039,0.9933545589447021,180.17770385742188,63.81259536743164,0.9965441823005676,106.83161926269531,104.17743682861328,0.9637558460235596,151.87559509277344,128.0151824951172,0.9965971112251282,165.28988647460938,122.50814056396484,0.9689160585403442
240,93.31748962402344,62.81834030151367,0.9904392957687378,83.85939025878906,108.7032699584961,0.9985074400901794,110.89903259277344,89.85148620605469,0.9957386255264282,125.9939193725586,93.94597625732422,0.9937577247619629,150.63092041015625,96.5215835571289,0.9985068440437317,173.9628143310547,97.95085144042969,0.9993836879730225,126.7574691772461,72.68236541748047,0.9093560576438904,133.85643005371094,67.18859100341797,0.9953355193138123,179.4942626953125,64.11955261230469,0.9972284436225891,105.09133911132812,104.27581787109375,0.9755128622055054,151.9452667236328,128.2417449951172,0.9947741627693176,165.28988647460938,123.05714416503906,0.9838486909866333
241,93.31651306152344,62.81834030151367,0.9903702139854431,82.19523620605469,107.23697662353516,0.9978965520858765,109.24891662597656,89.85148620605469,0.9968536496162415,124.2938003540039,93.94597625732422,0.9940764904022217,148.46075439453125,96.5215835571289,0.9989159107208252,173.23397827148438,98.59933471679688,0.9994239807128906,125.53772735595703,73.14790344238281,0.8985472321510315,133.85643005371094,67.18859100341797,0.9959789514541626,179.3297576904297,64.20741271972656,0.997475802898407,104.40904235839844,104.45902252197266,0.9804792404174805,151.87559509277344,128.2417449951172,0.9924750924110413,165.13706970214844,123.0790786743164,0.9933183193206787
242,92.33057403564453,63.233741760253906,0.9900908470153809,80.35087585449219,107.11663818359375,0.9957731366157532,107.93768310546875,89.28448486328125,0.9974446296691895,122.61036682128906,93.94597625732422,0.9929914474487305,146.5078582763672,96.5215835571289,0.9987706542015076,172.02125549316406,98.77049255371094,0.9992795586585999,124.97379302978516,74.27757263183594,0.8843924403190613,134.57174682617188,67.18859100341797,0.9961133003234863,178.149169921875,64.45816040039062,0.9973949193954468,103.2020034790039,104.54730987548828,0.9926602244377136,151.87559509277344,128.2417449951172,0.9924293160438538,164.8360595703125,123.0790786743164,0.9945751428604126
243,92.18132781982422,63.28450393676758,0.9895527362823486,78.0510025024414,105.31810760498047,0.9930436611175537,107.48406219482422,89.22015380859375,0.9975130558013916,122.3802719116211,94.01576232910156,0.9929178357124329,145.20069885253906,96.28360748291016,0.9984546899795532,171.08277893066406,98.82809448242188,0.9991125464439392,123.84757232666016,74.69955444335938,0.8643847107887268,134.57174682617188,66.67999267578125,0.9962961077690125,177.7418212890625,64.55094146728516,0.997194766998291,102.97634887695312,104.6070327758789,0.9930087327957153,151.1283416748047,128.0628662109375,0.9934044480323792,164.8360595703125,123.0790786743164,0.9962677359580994
244,91.26214599609375,63.3363151550293,0.9889982342720032,77.48076629638672,104.6224594116211,0.9932007193565369,106.92948150634766,89.17522430419922,0.9969017505645752,121.54177856445312,94.01576232910156,0.9966134428977966,143.92678833007812,96.28360748291016,0.9971163272857666,170.05966186523438,98.9275894165039,0.9987095594406128,122.20926666259766,74.70049285888672,0.819007396697998,134.57174682617188,66.38491821289062,0.9969622492790222,177.4394073486328,64.6014404296875,0.9973733425140381,102.97634887695312,104.6070327758789,0.9939208030700684,150.6436004638672,127.10087585449219,0.9865179657936096,164.66143798828125,123.14006805419922,0.9972131848335266
245,90.08832550048828,63.882076263427734,0.9909662008285522,77.35551452636719,104.37985229492188,0.9922491312026978,106.234619140625,89.17522430419922,0.9963082075119019,120.84811401367188,94.1488265991211,0.9976918697357178,142.53895568847656,96.28360748291016,0.9977715015411377,169.49903869628906,99.57467651367188,0.9991555213928223,119.03166198730469,75.95880889892578,0.830227255821228,134.35018920898438,66.14350128173828,0.9975072741508484,177.43560791015625,64.70497131347656,0.9971285462379456,102.95597076416016,104.6070327758789,0.9939368367195129,147.77609252929688,126.20291900634766,0.9804962277412415,164.4063262939453,123.18352508544922,0.9978127479553223
246,87.70629119873047,63.92054748535156,0.9902262687683105,77.26210021972656,104.36051177978516,0.9922713041305542,105.57098388671875,89.10420989990234,0.9960581064224243,119.9072036743164,94.1488265991211,0.9983501434326172,142.0122528076172,96.2884521484375,0.9983018636703491,168.63815307617188,99.5992202758789,0.9993817806243896,118.95011901855469,76.25548553466797,0.7803605794906616,133.7464141845703,65.92170715332031,0.9976047277450562,177.39915466308594,64.78275299072266,0.9969634413719177,102.85687255859375,104.32848358154297,0.9932675361633301,146.0445098876953,125.98991394042969,0.9829777479171753,163.31689453125,123.33631896972656,0.9977794289588928
247,86.10149383544922,64.03752136230469,0.9944827556610107,76.96090698242188,103.3671875,0.9941744208335876,104.7300033569336,89.10420989990234,0.9959398508071899,118.6431884765625,94.1488265991211,0.9986692667007446,141.49459838867188,96.40823364257812,0.9993634819984436,166.8858184814453,100.05973052978516,0.9996390342712402,118.39815521240234,76.28450012207031,0.8139805793762207,133.7464141845703,65.29839324951172,0.9974082112312317,177.27841186523438,65.09922790527344,0.9974024891853333,101.72577667236328,104.20386505126953,0.9952419996261597,144.503173828125,124.46228790283203,0.9743978977203369,161.50218200683594,123.43002319335938,0.9951274394989014
248,84.81832122802734,64.55731201171875,0.9965566396713257,76.39993286132812,103.29117584228516,0.9939938187599182,103.9435043334961,88.96969604492188,0.9967600703239441,118.05374145507812,93.92687225341797,0.9989444613456726,141.19895935058594,96.52937316894531,0.9994937181472778,165.661865234375,100.09357452392578,0.9995964169502258,117.00566864013672,76.77647399902344,0.7488954067230225,133.19210815429688,64.89803314208984,0.9971529245376587,177.1623992919922,65.26427459716797,0.9972215890884399,101.14064025878906,103.71947479248047,0.9955720901489258,140.0116729736328,124.33675384521484,0.9762765169143677,158.1280975341797,123.75006103515625,0.9954452514648438
249,82.74568176269531,64.59134674072266,0.9963749051094055,74.57530212402344,103.29117584228516,0.9928030371665955,102.53459930419922,89.10420989990234,0.9985974431037903,117.1263198852539,93.71382141113281,0.9990081191062927,140.1038055419922,96.54285430908203,0.9995301961898804,164.59780883789062,100.10431671142578,0.9996299743652344,114.81737518310547,76.77647399902344,0.6274922490119934,133.1880340576172,64.37065124511719,0.9964955449104309,176.77215576171875,65.399169921875,0.9970871806144714,100.27285766601562,103.61951446533203,0.993174135684967,133.26504516601562,122.02091979980469,0.9740728139877319,158.1280975341797,124.2618179321289,0.9954914450645447
250,80.89057922363281,65.07093048095703,0.9912444353103638,72.52825927734375,103.29117584228516,0.9854572415351868,101.56129455566406,89.10420989990234,0.999004065990448,116.43611145019531,93.43761444091797,0.9986366629600525,139.1122283935547,96.54285430908203,0.999325156211853,163.3890838623047,100.24449920654297,0.9995951056480408,112.77837371826172,76.77647399902344,0.5943945050239563,133.19210815429688,64.34659576416016,0.997259259223938,176.77215576171875,65.89781951904297,0.9972460269927979,100.27285766601562,103.61951446533203,0.9922749400138855,128.6249237060547,119.369140625,0.9586837291717529,158.1280975341797,124.2618179321289,0.9967405200004578
251,78.96294403076172,65.19598388671875,0.9869537949562073,70.51898193359375,105.13225555419922,0.9947856068611145,99.90917205810547,89.20204162597656,0.9991900324821472,115.00799560546875,93.34344482421875,0.9982662796974182,138.49110412597656,96.5466537475586,0.9990897178649902,162.93516540527344,100.25230407714844,0.9994600415229797,100.91957092285156,76.56768035888672,0.9041130542755127,133.96697998046875,64.10497283935547,0.9960029721260071,176.56605529785156,65.89781951904297,0.9973289966583252,100.27285766601562,103.61951446533203,0.9812907576560974,125.84811401367188,119.369140625,0.9910061955451965,159.3346405029297,124.27987670898438,0.9962765574455261
252,78.02955627441406,65.19598388671875,0.9891680479049683,68.37611389160156,105.80220794677734,0.9966392517089844,97.86328887939453,89.85232543945312,0.9985721111297607,113.2970962524414,93.28166961669922,0.9979844093322754,137.2177276611328,96.5466537475586,0.9988983869552612,162.10398864746094,100.25230407714844,0.9991699457168579,97.86980438232422,73.55754852294922,0.9562847018241882,133.8436737060547,64.34659576416016,0.9969158172607422,176.51519775390625,66.24860382080078,0.9975423812866211,101.28535461425781,104.9383316040039,0.9627968072891235,118.18951416015625,119.369140625,0.9893938302993774,162.5218505859375,124.51071166992188,0.9968475699424744
253,77.14535522460938,65.19598388671875,0.9896830320358276,66.38445281982422,106.56534576416016,0.9970500469207764,96.46456146240234,89.85232543945312,0.9966984391212463,111.15837097167969,93.28572082519531,0.9970422387123108,136.2501220703125,96.54285430908203,0.9987118244171143,161.19314575195312,100.25230407714844,0.9990050196647644,95.4738540649414,72.91809844970703,0.973318874835968,133.8436737060547,64.34659576416016,0.9969072937965393,175.66810607910156,66.51502227783203,0.9953076243400574,101.94271850585938,105.89378356933594,0.9369126558303833,115.21297454833984,119.96961975097656,0.9970614314079285,163.08216857910156,124.92182922363281,0.9974023103713989
254,75.68331146240234,64.86746215820312,0.9904685616493225,64.85677337646484,106.56534576416016,0.9966573715209961,95.03009033203125,89.86990356445312,0.9953523874282837,109.89464569091797,93.28572082519531,0.9977113008499146,134.41415405273438,96.12206268310547,0.9986862540245056,158.72216796875,98.25613403320312,0.9988176226615906,93.37095642089844,72.65038299560547,0.9923770427703857,134.19354248046875,64.09485626220703,0.9967886209487915,165.48812866210938,66.51502227783203,0.9948006868362427,102.61882781982422,106.12481689453125,0.8868911862373352,113.91438293457031,120.47290802001953,0.9956744313240051,163.08216857910156,125.00166320800781,0.997229278087616
255,75.38510131835938,64.86746215820312,0.9898249506950378,63.47040557861328,106.56534576416016,0.9953372478485107,93.35920715332031,89.91921997070312,0.995963454246521,108.74537658691406,93.10694122314453,0.9979967474937439,132.7021026611328,95.807373046875,0.9984896183013916,157.16696166992188,98.13201904296875,0.9987290501594543,90.96435546875,72.64006042480469,0.9914856553077698,133.8436737060547,64.4462890625,0.9976505637168884,157.77284240722656,65.7479248046875,0.9955649971961975,102.6552734375,106.12481689453125,0.9138318300247192,113.0779037475586,120.59837341308594,0.9901305437088013,163.08216857910156,125.00166320800781,0.9980151653289795
256,73.58030700683594,64.86746215820312,0.9867738485336304,59.427635192871094,106.80376434326172,0.9958111047744751,92.07218933105469,90.00605773925781,0.9965847730636597,107.21246337890625,93.06609344482422,0.9975565671920776,129.41029357910156,95.807373046875,0.9983264803886414,155.23301696777344,97.57682037353516,0.9985902905464172,88.8169174194336,72.64006042480469,0.9873905181884766,133.46617126464844,64.4462890625,0.9978888630867004,153.61814880371094,65.7479248046875,0.9947704672813416,102.6552734375,106.12481689453125,0.9646598696708679,110.91447448730469,120.59837341308594,0.9888641834259033,162.57591247558594,125.00166320800781,0.9984729886054993
257,72.23648834228516,65.30615997314453,0.9897977113723755,57.733177185058594,106.80376434326172,0.9953658580780029,90.74166107177734,90.41168975830078,0.9967448711395264,106.63473510742188,93.28572082519531,0.9976119995117188,128.270751953125,95.807373046875,0.9977280497550964,153.8990478515625,97.30697631835938,0.9980953335762024,85.6494140625,72.64006042480469,0.9885141253471375,133.4658966064453,64.09485626220703,0.9987586736679077,150.30531311035156,64.10211181640625,0.9911674857139587,102.61882781982422,105.62179565429688,0.9808667898178101,103.92259216308594,121.62922668457031,0.9901757836341858,161.22109985351562,124.90483856201172,0.9977651834487915
258,68.64856719970703,67.09022521972656,0.9909241795539856,56.61914825439453,108.52713012695312,0.9953349232673645,87.99994659423828,90.43871307373047,0.9962355494499207,105.04096984863281,93.3258285522461,0.998357355594635,128.04962158203125,95.81719970703125,0.9970700740814209,152.7425079345703,97.1429443359375,0.996648371219635,83.10043334960938,72.64006042480469,0.9918860197067261,133.18995666503906,63.400428771972656,0.9980350136756897,149.78941345214844,64.10211181640625,0.9749403595924377,102.26740264892578,105.21513366699219,0.9921144247055054,101.82066345214844,121.82051086425781,0.9927881360054016,160.10543823242188,124.47523498535156,0.9978362917900085
259,62.85972213745117,67.28715515136719,0.9875749945640564,56.42932891845703,112.35810089111328,0.9952732920646667,86.63361358642578,90.58856201171875,0.9988711476325989,102.94559478759766,93.3258285522461,0.9992196559906006,126.13983917236328,95.81719970703125,0.998161256313324,152.65255737304688,96.96965026855469,0.9972255825996399,82.73164367675781,72.64006042480469,0.9919838309288025,133.18995666503906,63.18979263305664,0.9978002905845642,147.0111083984375,64.03409576416016,0.8799888491630554,101.53275299072266,105.02426147460938,0.9939064383506775,100.167236328125,123.49595642089844,0.9962853193283081,159.95750427246094,124.28602600097656,0.9978783130645752
260,61.29963302612305,68.85443878173828,0.9928790926933289,55.940948486328125,115.70751953125,0.9963370561599731,86.34403991699219,90.7282485961914,0.9988656044006348,101.97563934326172,93.50621032714844,0.9992617964744568,124.4968490600586,95.84152221679688,0.9982191920280457,150.26119995117188,96.8819808959961,0.9984248876571655,82.73164367675781,72.47450256347656,0.9927778840065002,133.18995666503906,62.98326873779297,0.9955593347549438,143.4838409423828,63.349979400634766,0.8485905528068542,100.97310638427734,105.02426147460938,0.992249608039856,98.17506408691406,125.57257080078125,0.9970622658729553,159.82098388671875,124.15507507324219,0.9978572726249695
261,59.67202377319336,68.85443878173828,0.9942033886909485,55.38105010986328,118.60871124267578,0.9953627586364746,85.12349700927734,91.27363586425781,0.9984498023986816,100.5560302734375,93.50621032714844,0.9991005659103394,122.54959106445312,95.84152221679688,0.9977340698242188,147.42657470703125,95.82060241699219,0.998210072517395,82.65292358398438,71.76060485839844,0.9918295741081238,133.37486267089844,62.92904281616211,0.9916320443153381,142.50521850585938,63.349979400634766,0.932410478591919,98.5422592163086,105.02426147460938,0.9893798232078552,96.69343566894531,126.11955261230469,0.99605393409729,159.29806518554688,124.15507507324219,0.9982020854949951
262,57.97758483886719,68.85443878173828,0.9948655962944031,55.306541442871094,120.37088775634766,0.9971299767494202,83.5669174194336,91.72901916503906,0.9982823133468628,98.74568176269531,93.56413269042969,0.9988309741020203,121.03032684326172,95.55809020996094,0.9971455931663513,145.42311096191406,95.66729736328125,0.9985408782958984,82.65292358398438,70.89759826660156,0.9914364218711853,133.37486267089844,62.302711486816406,0.9912824630737305,141.54962158203125,63.349979400634766,0.9696364402770996,98.35481262207031,106.0069351196289,0.9868782162666321,96.0271987915039,126.55281066894531,0.9948829412460327,159.1172332763672,124.01274871826172,0.9981163740158081
263,56.29804992675781,68.60159301757812,0.9942286014556885,55.25371170043945,121.47476959228516,0.9981892704963684,80.15074157714844,93.03800201416016,0.9953441023826599,96.39347076416016,93.56413269042969,0.9967466592788696,118.61308288574219,95.55809020996094,0.9957411289215088,143.89157104492188,95.60128021240234,0.9982094764709473,82.60691833496094,70.84089660644531,0.9848204255104065,133.37486267089844,62.29062271118164,0.9871642589569092,140.3563995361328,63.25787353515625,0.984312891960144,97.59774780273438,106.19725036621094,0.9844345450401306,95.36679077148438,127.36317443847656,0.9937546253204346,159.1172332763672,123.9513168334961,0.9981824159622192
264,54.31474304199219,68.1946029663086,0.9973841309547424,54.393409729003906,121.7122573852539,0.9987205266952515,78.15010833740234,93.03800201416016,0.9963906407356262,94.87567138671875,94.14901733398438,0.9958462119102478,116.77595520019531,95.70258331298828,0.996850311756134,141.50660705566406,95.66729736328125,0.9967363476753235,81.898681640625,70.84089660644531,0.9784135818481445,132.2534942626953,62.29062271118164,0.9715994596481323,138.92840576171875,63.25787353515625,0.992137610912323,96.22876739501953,107.2515869140625,0.983637273311615,95.36679077148438,127.65907287597656,0.9936724901199341,158.96768188476562,123.99051666259766,0.9981502294540405
265,54.114952087402344,67.44954681396484,0.9984044432640076,53.45076370239258,121.8699722290039,0.9989970326423645,76.50487518310547,93.03800201416016,0.9965366125106812,93.06669616699219,94.52111053466797,0.9959067106246948,115.07160949707031,95.70258331298828,0.9967336654663086,140.0319366455078,95.70518493652344,0.9959112405776978,81.44007110595703,70.84089660644531,0.9633715748786926,131.27618408203125,62.302711486816406,0.9486892223358154,138.04209899902344,62.843017578125,0.9931087493896484,96.192626953125,107.42179107666016,0.9820531010627747,94.77099609375,127.65907287597656,0.9946722388267517,158.855712890625,123.99051666259766,0.9976702332496643
266,53.579505920410156,67.0243148803711,0.9981648325920105,51.36213302612305,121.8699722290039,0.9989584684371948,74.711181640625,93.03132629394531,0.9964765906333923,90.19440460205078,94.52111053466797,0.9943680167198181,113.68106842041016,96.03620147705078,0.9961493015289307,138.3657684326172,95.30709838867188,0.9946170449256897,80.85874938964844,71.17202758789062,0.9438247680664062,124.48397827148438,64.53341674804688,0.8761031627655029,136.42236328125,62.843017578125,0.987880289554596,96.14118194580078,107.50555419921875,0.9724494814872742,94.77099609375,127.65907287597656,0.9949828386306763,158.29800415039062,123.96678924560547,0.9974842071533203
267,53.3277587890625,67.0243148803711,0.9980311989784241,49.15953063964844,121.8699722290039,0.9977380037307739,73.18829345703125,92.89966583251953,0.9963504076004028,89.05863189697266,94.53276824951172,0.9976335763931274,111.82722473144531,96.03620147705078,0.9936034083366394,136.6678009033203,95.30709838867188,0.9911972284317017,79.81033325195312,71.445068359375,0.9308469891548157,122.44804382324219,65.01348114013672,0.815276026725769,135.10304260253906,62.843017578125,0.9852014183998108,96.14118194580078,107.50555419921875,0.9601796865463257,95.89666748046875,127.4786148071289,0.9956320524215698,158.0802001953125,123.99051666259766,0.9965763688087463
268,52.13272476196289,67.0243148803711,0.9975379705429077,44.77849197387695,118.90971374511719,0.9979907274246216,72.43482208251953,92.83170318603516,0.9976819753646851,88.2937240600586,94.53276824951172,0.9986749291419983,111.4072494506836,96.03620147705078,0.9923032522201538,135.53392028808594,94.47972106933594,0.9924243688583374,79.71617889404297,71.445068359375,0.9322254061698914,115.5897445678711,67.57748413085938,0.8692090511322021,132.9212188720703,62.71074295043945,0.9859659075737,94.7340316772461,107.50555419921875,0.9367619752883911,96.21659851074219,127.4786148071289,0.9963957667350769,157.18577575683594,123.99051666259766,0.9958595633506775
269,51.27648162841797,67.18424224853516,0.996631920337677,42.483028411865234,116.04637908935547,0.9991563558578491,71.12537384033203,92.48614501953125,0.9984415173530579,86.90013885498047,94.46661376953125,0.9991472959518433,109.63958740234375,95.71100616455078,0.9967893362045288,134.48739624023438,94.46810150146484,0.9964993000030518,79.48265075683594,71.17202758789062,0.9491226673126221,113.77558135986328,68.72300720214844,0.7298020720481873,132.86134338378906,62.21287536621094,0.9914438128471375,92.64067077636719,107.50555419921875,0.8795696496963501,96.21659851074219,127.47098541259766,0.9955489635467529,156.5486297607422,123.96678924560547,0.9948095083236694
270,49.93552017211914,67.18424224853516,0.9949278831481934,41.29099655151367,114.8607177734375,0.9990361928939819,70.23812866210938,92.08953094482422,0.9988710284233093,85.26471710205078,94.15770721435547,0.9993665814399719,108.08867645263672,95.45999908447266,0.9973758459091187,133.23756408691406,94.38204193115234,0.9981984496116638,79.48265075683594,71.17202758789062,0.961150586605072,93.1423568725586,69.6878662109375,0.8920579552650452,131.75244140625,62.183841705322266,0.9922730326652527,86.2384262084961,108.78340911865234,0.719465434551239,96.21659851074219,127.47098541259766,0.9955906867980957,156.2698974609375,123.94583129882812,0.9950246214866638
271,49.08480453491211,67.18424224853516,0.9921247363090515,40.419952392578125,113.94623565673828,0.9986705780029297,69.15020751953125,91.63977813720703,0.9991979002952576,84.09210205078125,94.10701751708984,0.9992819428443909,108.03321838378906,95.45999908447266,0.9973942041397095,131.95635986328125,94.24053192138672,0.9989357590675354,78.69774627685547,71.06294250488281,0.9038883447647095,92.0570297241211,69.6878662109375,0.9737653732299805,130.9164581298828,61.939090728759766,0.9920210242271423,82.33721923828125,108.94487762451172,0.5768018364906311,95.45378875732422,127.06558227539062,0.9956216216087341,155.5666046142578,123.72138214111328,0.9936707019805908
272,47.29296875,67.18424224853516,0.9900982975959778,39.59205627441406,112.65435028076172,0.9974804520606995,68.07415008544922,91.57569885253906,0.9990319013595581,83.64276123046875,94.10701751708984,0.998980700969696,107.83366394042969,95.45999908447266,0.9974023699760437,131.06602478027344,94.23497772216797,0.9988059997558594,78.25806427001953,71.06294250488281,0.9030058979988098,89.12690734863281,69.6878662109375,0.9704771041870117,130.38499450683594,62.17424774169922,0.9949093461036682,70.49959564208984,109.00347900390625,0.6359199285507202,94.89877319335938,126.91336059570312,0.9963899254798889,155.48670959472656,123.68743133544922,0.992643415927887
273,42.558189392089844,67.30220794677734,0.9949460625648499,39.39147186279297,111.43656158447266,0.9971119165420532,66.40156555175781,91.57569885253906,0.9987955093383789,82.4322509765625,94.15770721435547,0.9987297654151917,107.11128997802734,95.46778869628906,0.9970587491989136,129.6276092529297,94.23497772216797,0.9988729357719421,77.13465118408203,71.33244323730469,0.9139665365219116,88.17830657958984,69.6878662109375,0.9735860228538513,130.13385009765625,62.17424774169922,0.994371235370636,67.38053894042969,109.00347900390625,0.9262576699256897,93.86427307128906,125.5190658569336,0.9970192909240723,155.22804260253906,123.35143280029297,0.9896653294563293
274,39.361488342285156,67.72633361816406,0.9972701668739319,39.00811004638672,111.43656158447266,0.9956173896789551,64.92170715332031,91.63977813720703,0.9983024597167969,81.33121490478516,94.24688720703125,0.998380184173584,106.26997375488281,95.70159912109375,0.9972635507583618,128.59619140625,94.34760284423828,0.998831570148468,75.68115997314453,72.74347686767578,0.8952195048332214,88.09661865234375,69.72032165527344,0.975350022315979,129.2412872314453,62.17424774169922,0.99457186460495,65.34701538085938,109.00347900390625,0.9467337131500244,93.0997085571289,125.39360046386719,0.9974289536476135,152.60861206054688,122.20059204101562,0.9925375580787659
275,36.93441390991211,70.0138168334961,0.9962136149406433,37.632110595703125,111.43656158447266,0.9966322779655457,63.533287048339844,92.29702758789062,0.9975628852844238,79.82098388671875,94.84440612792969,0.9959041476249695,105.19515991210938,95.75506591796875,0.9967516660690308,127.6266860961914,94.34760284423828,0.9987265467643738,74.3559341430664,73.71797943115234,0.8731499910354614,86.97803497314453,69.72032165527344,0.9760876893997192,127.9900894165039,62.417991638183594,0.9943634271621704,63.57488250732422,109.10891723632812,0.9594893455505371,92.70104217529297,125.37540435791016,0.9970232844352722,152.46432495117188,122.20059204101562,0.9936641454696655
276,35.688724517822266,72.75711059570312,0.9950194358825684,35.93722152709961,113.84056091308594,0.9967014193534851,63.40590286254883,93.3876953125,0.9977801442146301,79.26162719726562,95.84439849853516,0.9946540594100952,103.52691650390625,95.93995666503906,0.9963080883026123,126.29112243652344,94.74735260009766,0.9979366064071655,73.82051849365234,74.2345962524414,0.9201911687850952,86.94705200195312,69.734130859375,0.9702563285827637,127.24580383300781,62.54540252685547,0.9936459064483643,62.483211517333984,109.10891723632812,0.9503522515296936,92.34564971923828,125.01275634765625,0.9974247217178345,151.8100128173828,121.93988800048828,0.9895290732383728
277,34.23235321044922,73.40435028076172,0.9935033917427063,35.08600616455078,114.79774475097656,0.9955751895904541,62.91311264038086,93.39216613769531,0.9978862404823303,78.3885269165039,96.36117553710938,0.99553382396698,101.44364166259766,96.26553344726562,0.9976218342781067,125.61262512207031,95.12285614013672,0.9973273277282715,73.0343017578125,74.48909759521484,0.9285695552825928,86.37438201904297,70.43293762207031,0.9549340605735779,126.84959411621094,62.66577911376953,0.9938092827796936,59.79941177368164,109.10891723632812,0.949921190738678,92.25235748291016,124.74862670898438,0.9980327486991882,151.3288116455078,121.77165222167969,0.9653245806694031
278,32.61967468261719,73.40435028076172,0.9852426052093506,34.503501892089844,116.3551254272461,0.9959592223167419,61.823387145996094,93.39216613769531,0.9978172779083252,77.17851257324219,96.60501861572266,0.996188223361969,101.3869857788086,96.36791229248047,0.9986636638641357,123.8955078125,95.12285614013672,0.9979466795921326,72.47280883789062,74.93023681640625,0.9687919616699219,84.82398986816406,70.45955657958984,0.9749506711959839,126.75598907470703,62.956844329833984,0.9942978024482727,56.77314376831055,109.53326416015625,0.9498491287231445,92.2174301147461,124.0802993774414,0.9983760118484497,124.87899780273438,121.32286071777344,0.9837565422058105
279,30.612634658813477,73.40435028076172,0.9737638235092163,34.199703216552734,117.36614990234375,0.9966592788696289,60.76765823364258,93.73371887207031,0.9977350234985352,76.1458969116211,96.60501861572266,0.995151162147522,99.69805908203125,96.36791229248047,0.9985866546630859,122.71829986572266,95.12285614013672,0.9967795014381409,72.18624877929688,74.93023681640625,0.9812139272689819,83.87287139892578,70.45955657958984,0.9767875075340271,125.53143310546875,63.03398895263672,0.9938178658485413,52.8434944152832,109.53326416015625,0.9737791419029236,92.08666229248047,123.84852600097656,0.9981868863105774,120.56507110595703,119.59513854980469,0.9891980290412903
280,29.22891616821289,71.02120208740234,0.9784762263298035,33.95091247558594,117.36614990234375,0.9960532188415527,59.82526397705078,93.39216613769531,0.9965936541557312,75.02957916259766,96.60501861572266,0.9900705218315125,95.26148986816406,96.26553344726562,0.9976077079772949,119.63701629638672,94.85700988769531,0.9963347911834717,72.03849792480469,74.93023681640625,0.979780375957489,83.21031951904297,70.43293762207031,0.9792368412017822,122.25530242919922,63.2139892578125,0.9925399422645569,51.41786575317383,109.53326416015625,0.9769635796546936,91.87568664550781,123.41534423828125,0.998405396938324,109.97073364257812,118.99423217773438,0.9738261699676514
281,29.22891616821289,69.62886810302734,0.9874524474143982,32.92816162109375,117.36614990234375,0.9944540858268738,56.3734016418457,93.29781341552734,0.9976207613945007,72.83235931396484,94.97271728515625,0.9920896291732788,94.7382583618164,96.2488784790039,0.9978939890861511,117.34541320800781,94.6968994140625,0.9984832406044006,70.8978042602539,74.7673568725586,0.9660409688949585,82.46522521972656,70.06028747558594,0.9929479360580444,121.33904266357422,64.16822814941406,0.9891616106033325,51.41786575317383,109.53326416015625,0.9817860722541809,91.60181427001953,123.19306945800781,0.9983189702033997,106.4254379272461,118.99423217773438,0.9789267182350159
282,29.14641571044922,66.79035186767578,0.9910858273506165,31.505329132080078,116.9918212890625,0.9933595061302185,54.97981262207031,92.55258178710938,0.9983469247817993,70.63542175292969,94.53782653808594,0.9957973957061768,92.53108978271484,95.96617126464844,0.9983742237091064,115.29244995117188,94.43278503417969,0.9984775185585022,69.82231140136719,73.94795227050781,0.9549192190170288,82.06214141845703,69.26974487304688,0.9952408075332642,120.65574645996094,64.32382202148438,0.9862462282180786,51.41786575317383,109.15418243408203,0.986845850944519,91.03752136230469,123.19306945800781,0.9977418184280396,104.1652603149414,118.99423217773438,0.9815152883529663
283,29.14641571044922,65.59363555908203,0.9917473793029785,28.549089431762695,116.70481872558594,0.9957743287086487,53.27052688598633,91.50981903076172,0.9988755583763123,67.96524047851562,93.9361572265625,0.9977450966835022,90.2759780883789,95.3004379272461,0.9983684420585632,113.08540344238281,94.43278503417969,0.9982744455337524,67.83412170410156,73.83415222167969,0.9466685652732849,81.31237030029297,68.31324768066406,0.9912837743759155,119.63910675048828,64.3465576171875,0.980816662311554,51.71414566040039,107.95333862304688,0.9921230673789978,90.74028015136719,123.19306945800781,0.9955719709396362,104.1652603149414,119.03546142578125,0.9825654029846191
284,29.008852005004883,65.59363555908203,0.9920927882194519,26.237659454345703,114.86117553710938,0.9963182210922241,51.79503631591797,90.53372192382812,0.9984861016273499,66.68412780761719,93.6337890625,0.9975082874298096,88.7098159790039,95.3004379272461,0.9974930286407471,112.04874420166016,94.40972137451172,0.99808669090271,67.04843139648438,73.83415222167969,0.9519912600517273,80.98756408691406,67.92388153076172,0.9881840944290161,119.35155487060547,64.35572814941406,0.9828460812568665,51.826881408691406,107.50605773925781,0.9976209998130798,90.49886322021484,123.24993896484375,0.9940150380134583,104.1652603149414,119.52176666259766,0.9845387935638428
285,27.782453536987305,65.59363555908203,0.9920503497123718,25.561689376831055,114.80513000488281,0.9955142140388489,50.60894775390625,90.53372192382812,0.9978086352348328,65.28465270996094,93.34996795654297,0.9949246644973755,85.8501968383789,95.26532745361328,0.9958757758140564,110.56147766113281,94.40972137451172,0.9973401427268982,66.51350402832031,73.83415222167969,0.8988801836967468,80.08622741699219,67.69911193847656,0.9902443885803223,119.29389190673828,64.35572814941406,0.9873026609420776,52.069969177246094,106.8451156616211,0.9975480437278748,90.24614715576172,123.24993896484375,0.9913429021835327,104.79170227050781,120.5316390991211,0.9867240786552429
286,26.50480842590332,65.65243530273438,0.9898284673690796,25.53754234313965,114.80513000488281,0.9946287274360657,49.38814926147461,90.53372192382812,0.9965929388999939,63.418853759765625,93.34849548339844,0.9901898503303528,84.50646209716797,95.26532745361328,0.9976176619529724,109.7836685180664,94.0330581665039,0.9973184466362,64.85831451416016,74.93444061279297,0.7849778532981873,77.16936492919922,67.69911193847656,0.9943388104438782,118.46965026855469,64.61097717285156,0.9870218634605408,51.826881408691406,106.80348205566406,0.9976195693016052,89.9223403930664,123.24993896484375,0.9871829748153687,104.79170227050781,120.75946807861328,0.9894288182258606
287,26.38715362548828,66.7601089477539,0.9901449680328369,25.466297149658203,114.86117553710938,0.9950073957443237,47.19928741455078,92.20698547363281,0.9971880316734314,62.70873260498047,93.34849548339844,0.9896975159645081,83.77823638916016,95.303466796875,0.9980124235153198,108.81460571289062,93.89349365234375,0.9973493814468384,59.800865173339844,75.35481262207031,0.8529884219169617,75.43289184570312,67.78276062011719,0.993008017539978,118.46025085449219,64.61097717285156,0.9853524565696716,51.826881408691406,106.78327941894531,0.9972195625305176,87.82490539550781,121.28652954101562,0.9886903762817383,104.79170227050781,120.7796401977539,0.9921802282333374
288,25.77610206604004,67.22109985351562,0.9878051280975342,25.38831329345703,115.52539825439453,0.9940317273139954,45.205387115478516,92.284423828125,0.9980033040046692,60.61555099487305,93.34996795654297,0.9909996390342712,82.13287353515625,95.303466796875,0.9982954859733582,107.58880615234375,93.89349365234375,0.9970515966415405,58.42778778076172,75.96804809570312,0.8395461440086365,75.43289184570312,67.69911193847656,0.9939175248146057,117.85423278808594,64.61097717285156,0.984647274017334,50.97114944458008,106.77485656738281,0.9961607456207275,87.09371185302734,121.28652954101562,0.9887508749961853,101.8942642211914,120.7796401977539,0.9940061569213867
289,22.69318962097168,68.01081848144531,0.9802936315536499,24.793888092041016,115.52539825439453,0.9912031888961792,43.10159683227539,92.34980010986328,0.9986358284950256,58.77305603027344,93.48532104492188,0.9918416738510132,80.56468963623047,95.303466796875,0.9984793066978455,107.21171569824219,93.89349365234375,0.9965431094169617,54.412498474121094,77.1391372680664,0.7407428622245789,75.43289184570312,67.69911193847656,0.9944959282875061,117.74886322021484,64.59120178222656,0.9816903471946716,50.77839279174805,106.77485656738281,0.9931703805923462,85.69666290283203,121.28652954101562,0.9893425703048706,101.7576904296875,120.80628967285156,0.9951617121696472
290,19.52785301208496,68.64576721191406,0.9893845915794373,22.827220916748047,115.52539825439453,0.9720349311828613,41.698184967041016,92.37338256835938,0.998995840549469,56.0097541809082,93.56941223144531,0.9967008233070374,79.01570129394531,95.43773651123047,0.9982752799987793,106.0303726196289,93.76312255859375,0.9949219822883606,50.359954833984375,78.76981353759766,0.6103169918060303,75.71712493896484,67.28121948242188,0.9965265393257141,116.74439239501953,64.57382202148438,0.9865532517433167,49.174556732177734,106.75091552734375,0.9877937436103821,83.978515625,121.52079772949219,0.9913021326065063,100.6578369140625,120.7796401977539,0.9940955638885498
291,16.909696578979492,69.4329833984375,0.973505437374115,20.19442367553711,115.42980194091797,0.9626268744468689,40.1911735534668,92.34980010986328,0.9986991882324219,54.87873840332031,93.57807159423828,0.9983974099159241,78.86904907226562,95.32406616210938,0.9971666932106018,102.85265350341797,93.89349365234375,0.9972493052482605,45.264671325683594,78.76981353759766,0.6631560325622559,75.7172622680664,66.89602661132812,0.9969992637634277,116.51296997070312,64.57382202148438,0.9861634373664856,49.03877258300781,105.07563781738281,0.97772616147995,80.75338745117188,121.52079772949219,0.9812791347503662,100.6578369140625,120.9291000366211,0.9950215816497803
292,15.179546356201172,69.4329833984375,0.9594674110412598,17.44343376159668,115.15565490722656,0.9438076615333557,39.65166091918945,92.34980010986328,0.9986534118652344,54.50885772705078,93.56941223144531,0.9990585446357727,77.40296173095703,95.32406616210938,0.9980350136756897,101.66786193847656,93.93318939208984,0.9982293248176575,42.85639572143555,78.76981353759766,0.6294445991516113,75.7172622680664,66.22071838378906,0.9975520968437195,116.18411254882812,64.59120178222656,0.9853959679603577,48.970821380615234,105.06140899658203,0.9803566336631775,76.15380096435547,121.52079772949219,0.9738987684249878,101.14515686035156,120.7578125,0.993156373500824
293,13.214649200439453,69.4329833984375,0.9666219353675842,15.340192794799805,114.43732452392578,0.9608616828918457,38.5623779296875,91.78327941894531,0.9991453886032104,53.91096115112305,93.48532104492188,0.999234676361084,75.88822174072266,95.32406616210938,0.9982631802558899,99.93834686279297,93.93318939208984,0.9990512728691101,36.2529182434082,77.88925170898438,0.8730068802833557,75.72209167480469,66.22071838378906,0.9975437521934509,114.91355895996094,65.14049530029297,0.988117516040802,48.75390625,105.04948425292969,0.9631959199905396,61.97516632080078,117.88264465332031,0.9393696784973145,101.14515686035156,120.7578125,0.9966716766357422
294,12.282233238220215,68.85562896728516,0.964634120464325,14.385396957397461,114.28594207763672,0.9688631296157837,37.5831184387207,91.02281951904297,0.9992207288742065,52.41826629638672,93.2435531616211,0.9993718266487122,74.88605499267578,94.72345733642578,0.9983539581298828,99.0606689453125,93.93318939208984,0.9992637038230896,34.045475006103516,76.92805480957031,0.9093267321586609,75.73761749267578,66.22071838378906,0.9974180459976196,107.86583709716797,66.67974090576172,0.9806928038597107,48.75390625,104.48300170898438,0.9616943597793579,57.24397659301758,117.88264465332031,0.9679887294769287,101.91477966308594,120.24939727783203,0.9973033666610718
295,11.336451530456543,68.56684112548828,0.9647948145866394,12.387344360351562,112.2568130493164,0.9508183002471924,36.614723205566406,90.79622650146484,0.9985989928245544,51.37279510498047,93.15289306640625,0.9990409016609192,73.34553527832031,94.69351196289062,0.9975429773330688,97.41552734375,93.93318939208984,0.9991497993469238,33.12089920043945,75.81481170654297,0.92059326171875,75.75697326660156,66.4261474609375,0.9970490336418152,105.58219146728516,67.1937255859375,0.9764154553413391,48.75390625,104.06163787841797,0.9543747901916504,55.63398361206055,117.88264465332031,0.9851235747337341,102.05164337158203,120.16520690917969,0.9978244304656982
296,10.073208808898926,68.05815124511719,0.9624502658843994,10.011273384094238,112.2568130493164,0.9430601000785828,35.36777877807617,90.75894165039062,0.9979559183120728,49.555580139160156,92.97090911865234,0.998331606388092,71.56816101074219,94.35286712646484,0.9946894645690918,96.42254638671875,93.5969467163086,0.998406708240509,32.92548751831055,75.79438781738281,0.8766565322875977,75.75697326660156,66.4261474609375,0.9963790774345398,100.43655395507812,67.1937255859375,0.9831995964050293,47.895301818847656,102.9564208984375,0.9577416181564331,54.62208557128906,118.49066162109375,0.98502117395401,102.05164337158203,119.86197662353516,0.9976121187210083
297,8.528265953063965,68.05815124511719,0.9456181526184082,8.990884780883789,112.2568130493164,0.9521971940994263,33.71863555908203,90.70938873291016,0.9964816570281982,47.74784469604492,92.4169921875,0.9957315325737,69.77903747558594,93.61319732666016,0.9949231743812561,95.02975463867188,93.2917709350586,0.9966004490852356,31.313648223876953,75.38078308105469,0.933469831943512,75.75697326660156,66.4261474609375,0.9942728877067566,97.12599182128906,67.1937255859375,0.9848170876502991,47.43061065673828,102.83003234863281,0.9685437679290771,51.47584915161133,118.76387023925781,0.9924807548522949,102.05164337158203,119.84697723388672,0.9978660941123962
298,7.686793804168701,68.0374526977539,0.8878819346427917,8.276155471801758,112.32744598388672,0.9548434615135193,31.005064010620117,90.70938873291016,0.991294801235199,46.017845153808594,92.1441650390625,0.9940236210823059,67.59310150146484,93.3865737915039,0.9963548183441162,93.47187042236328,93.24613189697266,0.9959742426872253,29.056926727294922,74.725341796875,0.9707715511322021,75.75697326660156,66.29419708251953,0.9933990240097046,93.11904907226562,66.69925689697266,0.9853026866912842,46.79848861694336,102.83003234863281,0.9640746116638184,49.739463806152344,119.06095886230469,0.9901508092880249,101.62660217285156,119.79487609863281,0.9977249503135681
299,6.22911262512207,68.0374526977539,0.8542394042015076,7.363351345062256,113.77379608154297,0.9398115873336792,29.278085708618164,90.48680114746094,0.992485761642456,43.8443603515625,92.0321273803711,0.9935541152954102,64.77483367919922,93.3865737915039,0.9960111379623413,91.7896957397461,93.09635162353516,0.995974600315094,26.63948631286621,73.81105041503906,0.9793825149536133,75.40733337402344,65.80650329589844,0.9918519854545593,89.43119049072266,65.9041519165039,0.9690601229667664,46.79848861694336,102.77700805664062,0.9747828841209412,47.756813049316406,119.06095886230469,0.9774230122566223,100.87405395507812,119.79487609863281,0.9982345104217529
300,6.01756477355957,68.07095336914062,0.8508926033973694,4.722309589385986,113.77379608154297,0.5411615371704102,27.534610748291016,90.45150756835938,0.9925496578216553,41.0301513671875,92.1441650390625,0.9942272901535034,62.30345153808594,93.3865737915039,0.9937183856964111,90.02754211425781,93.07299041748047,0.9960874319076538,25.45787239074707,72.28348541259766,0.9740028381347656,74.011474609375,65.66642761230469,0.9867398738861084,88.15870666503906,65.85921478271484,0.9535845518112183,46.79848861694336,102.83003234863281,0.9772136211395264,45.51077651977539,120.71139526367188,0.9816198348999023,100.31734466552734,119.79487609863281,0.9984318614006042
301,5.929538726806641,68.10424041748047,0.7590821981430054,4.503650188446045,113.77379608154297,0.3901669383049011,25.583478927612305,90.25045013427734,0.9923772811889648,39.16071701049805,92.4169921875,0.9978047013282776,62.29522705078125,93.4277572631836,0.99566650390625,86.34784698486328,93.07299041748047,0.9980249404907227,25.053813934326172,70.93499755859375,0.9846187233924866,73.72220611572266,64.95047760009766,0.9737933278083801,85.83197021484375,63.48613739013672,0.9846587181091309,46.79848861694336,103.46197509765625,0.985916793346405,42.23646545410156,122.39178466796875,0.9859988689422607,99.83840942382812,119.79487609863281,0.9987502098083496
302,5.929538726806641,68.2935791015625,0.6280402541160583,3.8026938438415527,111.397216796875,0.2874182462692261,24.372589111328125,89.97459411621094,0.9881388545036316,38.152374267578125,92.51483917236328,0.9986863732337952,60.12717819213867,93.76083374023438,0.994575023651123,83.7236328125,93.1547622680664,0.9991694688796997,24.484512329101562,70.3951416015625,0.978033721446991,73.72220611572266,64.57489776611328,0.9774572849273682,83.11115264892578,63.46733856201172,0.9898916482925415,46.188358306884766,103.76734161376953,0.9855521321296692,40.7286262512207,123.70525360107422,0.9853652119636536,98.4709701538086,119.79487609863281,0.9983592629432678
303,5.796841621398926,68.33306121826172,0.567542552947998,3.70515775680542,110.44645690917969,0.18307802081108093,23.26940155029297,89.49786376953125,0.9852043390274048,36.96427917480469,92.51483917236328,0.9989396929740906,58.252037048339844,93.76083374023438,0.9940246939659119,81.68360137939453,93.1547622680664,0.9991158843040466,24.316123962402344,69.63958740234375,0.9781184792518616,73.69879913330078,63.57268142700195,0.9642370939254761,81.18621826171875,63.307952880859375,0.9875823259353638,44.16147994995117,104.23019409179688,0.9748402833938599,40.10948944091797,123.81108856201172,0.982088029384613,97.7566146850586,119.96784210205078,0.997905969619751
304,5.60098123550415,68.42098999023438,0.5129275918006897,3.8026938438415527,110.44645690917969,0.13059766590595245,21.951683044433594,89.49786376953125,0.9885855317115784,35.72540283203125,92.51483917236328,0.998981773853302,56.159507751464844,93.76083374023438,0.9895184636116028,80.033447265625,93.1547622680664,0.999006450176239,23.65080451965332,69.63958740234375,0.976350724697113,73.69879913330078,63.57268142700195,0.957663357257843,79.86031341552734,63.12558364868164,0.9864742159843445,42.47823715209961,104.27433776855469,0.9665219187736511,39.825172424316406,123.81108856201172,0.9778383374214172,97.10932922363281,119.75421142578125,0.9976540207862854
305,5.577234268188477,68.71485900878906,0.5061485171318054,3.8026938438415527,110.44645690917969,0.11500035226345062,21.30133628845215,89.49786376953125,0.9882441759109497,34.806705474853516,92.29350280761719,0.9989293217658997,54.85786056518555,93.4021987915039,0.989997923374176,78.97220611572266,93.1734390258789,0.9986971020698547,22.88240623474121,69.63958740234375,0.9733120799064636,71.75040435791016,63.95066452026367,0.954253077507019,79.09407806396484,63.048946380615234,0.9844356179237366,40.80644226074219,104.54521179199219,0.9510505199432373,39.78461456298828,123.81108856201172,0.9803548455238342,96.90850067138672,119.65318298339844,0.9973401427268982
306,5.518609523773193,68.90667724609375,0.5178362131118774,35.908531188964844,127.82972717285156,0.10882775485515594,20.19519805908203,89.49786376953125,0.9866683483123779,33.791175842285156,92.09505462646484,0.9985170960426331,53.59281539916992,93.37230682373047,0.9933857321739197,77.90673828125,93.1734390258789,0.9982757568359375,22.392662048339844,70.18022918701172,0.9619439244270325,71.36102294921875,63.95066452026367,0.9402344226837158,78.05306243896484,63.048946380615234,0.9824275374412537,40.19633483886719,104.71017456054688,0.947827160358429,39.64436721801758,123.81108856201172,0.9815764427185059,96.48859405517578,118.88136291503906,0.9976709485054016
307,5.3588409423828125,68.97685241699219,0.46593278646469116,35.908531188964844,127.9593734741211,0.10239031165838242,19.729110717773438,89.49786376953125,0.9828937649726868,33.30549240112305,91.91754150390625,0.9976432919502258,52.7390022277832,93.12850952148438,0.9939821362495422,77.12010192871094,92.87471008300781,0.9982151985168457,22.033578872680664,70.18743896484375,0.9421632289886475,70.55709838867188,64.19818878173828,0.9306619167327881,77.39610290527344,63.12558364868164,0.9870609045028687,38.022308349609375,105.11067962646484,0.8951787352561951,39.621116638183594,123.81108856201172,0.983805775642395,96.35330963134766,118.72830200195312,0.9979713559150696
308,5.3588409423828125,68.97685241699219,0.4169442355632782,35.908531188964844,128.85606384277344,0.12311393022537231,19.413490295410156,89.0641098022461,0.9768625497817993,32.62190246582031,91.89498901367188,0.9960669875144958,51.39192199707031,93.12757873535156,0.9948825836181641,75.94758605957031,92.84101104736328,0.9983901977539062,21.971431732177734,70.35161590576172,0.9236615300178528,67.09893798828125,64.30815124511719,0.8414289355278015,76.998779296875,63.5812873840332,0.9934501647949219,36.204708099365234,105.11067962646484,0.8547499179840088,39.34703826904297,124.7438735961914,0.9827060699462891,96.24198913574219,118.66342163085938,0.9980016350746155
309,5.3588409423828125,68.90667724609375,0.39550265669822693,35.644187927246094,128.85606384277344,0.165603905916214,18.59587860107422,88.95301818847656,0.9700071215629578,31.869596481323242,91.82078552246094,0.9937534928321838,50.47866439819336,92.62669372558594,0.9948567152023315,75.23818969726562,92.77190399169922,0.9985604882240295,21.659513473510742,70.96821594238281,0.870926022529602,64.96823120117188,64.57337951660156,0.6512491703033447,74.9364242553711,63.5812873840332,0.9947299957275391,34.908729553222656,105.11067962646484,0.801203727722168,39.007389068603516,124.98729705810547,0.9827895164489746,95.71282958984375,118.55714416503906,0.9978764057159424
310,18.378597259521484,69.02338409423828,0.4120158553123474,35.529598236083984,128.85606384277344,0.11642425507307053,18.069686889648438,88.95301818847656,0.939646303653717,31.074899673461914,91.82078552246094,0.9944972395896912,48.791893005371094,92.1521987915039,0.9951149225234985,74.30841064453125,92.69530487060547,0.9985412359237671,20.752639770507812,71.12383270263672,0.830014169216156,52.929656982421875,68.17822265625,0.7639253735542297,72.6005859375,63.5812873840332,0.9914751052856445,32.54167556762695,105.11067962646484,0.642879843711853,38.68641662597656,124.98729705810547,0.9885864853858948,94.22775268554688,118.16423797607422,0.9968321919441223
311,18.378597259521484,69.12393951416016,0.4024066627025604,3.8232622146606445,110.26725769042969,0.08297005295753479,17.603225708007812,88.95301818847656,0.8944591283798218,29.7954044342041,91.82078552246094,0.995741605758667,47.94902801513672,92.1521987915039,0.9939058423042297,73.65547180175781,92.54756164550781,0.9984209537506104,20.752639770507812,71.272216796875,0.8167019486427307,52.04508590698242,68.3148422241211,0.6562792062759399,71.5873031616211,62.62393569946289,0.9902364611625671,31.461549758911133,104.87113189697266,0.5419190526008606,38.40200424194336,125.12598419189453,0.9918644428253174,94.22775268554688,118.16423797607422,0.9961554408073425
312,18.378597259521484,69.52142333984375,0.3000604212284088,3.8232622146606445,109.7089614868164,0.0852508395910263,13.472932815551758,89.90526580810547,0.9131185412406921,28.868976593017578,91.9750747680664,0.9965736865997314,47.94902801513672,92.03364562988281,0.9935769438743591,73.08509063720703,92.1640853881836,0.998511016368866,20.752639770507812,72.07638549804688,0.7534885406494141,36.028076171875,68.74083709716797,0.6170068383216858,71.4361343383789,62.5866584777832,0.9931352138519287,30.17405891418457,104.75804138183594,0.39437660574913025,38.21502685546875,125.12598419189453,0.9928545355796814,94.2130355834961,118.11814880371094,0.9957829713821411
313,5.6659836769104,74.7667236328125,0.295438677072525,3.720046281814575,109.47322082519531,0.0937085896730423,12.673601150512695,90.30001068115234,0.9383664727210999,27.725467681884766,92.7062759399414,0.9969720840454102,47.634098052978516,91.97684478759766,0.9923897385597229,70.98712921142578,91.01879119873047,0.9985313415527344,22.131893157958984,72.71862030029297,0.7293122410774231,33.68864059448242,68.74083709716797,0.9085587859153748,71.11408233642578,62.471431732177734,0.9914582371711731,12.437701225280762,103.21253204345703,0.7155625224113464,37.99861526489258,125.29047393798828,0.9938659071922302,94.12865447998047,118.06710815429688,0.9951412677764893
314,5.356394290924072,75.07376098632812,0.30803462862968445,3.8232622146606445,109.47322082519531,0.11654751747846603,11.796479225158691,90.68314361572266,0.965800404548645,26.93130874633789,93.59605407714844,0.9970092177391052,47.35334396362305,91.92340087890625,0.9915807843208313,70.12596893310547,90.9650650024414,0.9990012049674988,22.131893157958984,73.16593933105469,0.7647541165351868,29.45096206665039,68.74083709716797,0.9129776954650879,70.74415588378906,62.44132995605469,0.9928735494613647,10.29171371459961,102.7341537475586,0.8911593556404114,37.86403274536133,125.77236938476562,0.9927918910980225,91.89408111572266,117.62862396240234,0.9922516942024231
315,5.058762550354004,75.2612075805664,0.30201640725135803,3.8232622146606445,109.43041229248047,0.10426686704158783,10.970680236816406,90.83936309814453,0.9763175249099731,25.93492889404297,93.76749420166016,0.9967909455299377,46.936744689941406,91.97684478759766,0.99382084608078,69.2306900024414,90.9650650024414,0.9993574023246765,22.131893157958984,73.29338836669922,0.7473897337913513,29.40799331665039,68.62531280517578,0.9469236135482788,70.41284942626953,62.401817321777344,0.9922651052474976,8.785048484802246,102.3971939086914,0.9129112362861633,37.86403274536133,125.77236938476562,0.9935105443000793,88.59395599365234,117.62862396240234,0.9890447854995728
316,5.058762550354004,75.2612075805664,0.25591927766799927,3.720046281814575,109.07672119140625,0.10843164473772049,10.488334655761719,90.83936309814453,0.9722809791564941,25.544824600219727,93.76749420166016,0.9963515996932983,46.936744689941406,91.97684478759766,0.9954943656921387,68.77835083007812,91.01879119873047,0.9994475245475769,22.127113342285156,73.29338836669922,0.7439332008361816,29.364452362060547,68.49976348876953,0.9525025486946106,70.21443176269531,62.401817321777344,0.9932975172996521,7.951544284820557,102.3971939086914,0.9098436236381531,37.722137451171875,125.77236938476562,0.9945952296257019,83.9043960571289,117.33247375488281,0.991294801235199
317,5.058762550354004,75.2612075805664,0.25420162081718445,3.660475969314575,108.67977905273438,0.11002377420663834,10.423885345458984,90.83936309814453,0.9572241306304932,24.83405303955078,93.76749420166016,0.9951785802841187,45.71628189086914,92.41722869873047,0.9968758821487427,68.39820098876953,91.27729797363281,0.9994571805000305,21.7875919342041,73.16593933105469,0.727200984954834,29.175209045410156,68.4217529296875,0.9583437442779541,70.00496673583984,62.471431732177734,0.9935615062713623,7.951544284820557,101.49465942382812,0.8988005518913269,37.56660079956055,125.64501953125,0.993544340133667,81.84027099609375,117.33247375488281,0.9876073002815247
318,20.412696838378906,70.43238067626953,0.16979418694972992,3.4492006301879883,108.66653442382812,0.07581166177988052,10.243167877197266,90.36332702636719,0.9230811595916748,24.63331413269043,93.25189971923828,0.9886166453361511,43.72934341430664,92.90206909179688,0.9973352551460266,67.00765991210938,91.8507080078125,0.9993427395820618,21.619447708129883,72.423095703125,0.6609987020492554,28.008485794067383,68.19357299804688,0.9627987146377563,70.00496673583984,62.36783218383789,0.9927680492401123,7.904098987579346,100.78404235839844,0.86219322681427,37.22495651245117,124.49644470214844,0.9942585229873657,70.39634704589844,117.6504135131836,0.9891604781150818
319,21.149694442749023,69.75584411621094,0.15922598540782928,3.178241491317749,108.66301727294922,0.07019704580307007,9.609098434448242,90.36332702636719,0.9125198721885681,23.524513244628906,91.6441421508789,0.99187171459198,42.0896110534668,92.90206909179688,0.9980894923210144,65.35430145263672,92.40226745605469,0.9991366267204285,20.542179107666016,72.37278747558594,0.6553367376327515,27.04338836669922,68.19357299804688,0.9652145504951477,69.8818130493164,62.512908935546875,0.9931727051734924,7.757238388061523,100.67261505126953,0.8696683049201965,36.373252868652344,122.85773468017578,0.9932426810264587,59.55427169799805,118.12162780761719,0.9551623463630676
320,21.149694442749023,67.9793701171875,0.18268324434757233,1.3975539207458496,93.40786743164062,0.05200832337141037,9.21643352508545,90.36332702636719,0.8368884325027466,21.976530075073242,91.6441421508789,0.9889864921569824,40.221763610839844,92.93560028076172,0.997298538684845,63.7628173828125,92.40230560302734,0.998711347579956,20.449247360229492,72.11153411865234,0.5711910128593445,25.578092575073242,67.54104614257812,0.9696812629699707,69.98467254638672,62.54756164550781,0.9925668239593506,6.2834153175354,100.59283447265625,0.8511075377464294,36.23015213012695,122.2510757446289,0.9915105104446411,54.67266845703125,118.12162780761719,0.9871308207511902
321,21.149694442749023,67.9793701171875,0.1546695977449417,1.3424017429351807,93.40786743164062,0.043435681611299515,4.914291858673096,90.56024932861328,0.7896953821182251,20.33365249633789,91.6441421508789,0.9877347350120544,39.15410614013672,92.94424438476562,0.9967329502105713,62.82877731323242,92.50629425048828,0.9982138872146606,20.07834815979004,72.11153411865234,0.6236898303031921,24.759632110595703,67.54104614257812,0.9621922969818115,69.65830993652344,62.699859619140625,0.9937525391578674,5.530942440032959,100.59283447265625,0.8623726963996887,35.840904235839844,122.2510757446289,0.990119218826294,53.87128448486328,118.12162780761719,0.984315812587738
322,20.602033615112305,67.9793701171875,0.18240782618522644,1.1869862079620361,92.87621307373047,0.035052042454481125,4.221889495849609,90.69540405273438,0.6729428768157959,18.70933723449707,92.05476379394531,0.9833910465240479,36.0997314453125,93.16693878173828,0.9964777827262878,61.78651809692383,92.89098358154297,0.9970880150794983,19.706329345703125,72.11153411865234,0.5597900748252869,22.64797019958496,67.54104614257812,0.9505310654640198,69.04855346679688,63.0472526550293,0.9944447875022888,4.9954047203063965,100.59283447265625,0.8249256610870361,35.70936584472656,122.2510757446289,0.9889768958091736,52.02836608886719,118.18898010253906,0.9827568531036377
323,4.7045745849609375,70.46745300292969,0.08825572580099106,1.3424017429351807,92.87621307373047,0.028749221935868263,4.028486251831055,91.2894515991211,0.605914294719696,17.399124145507812,93.26853942871094,0.9750311970710754,34.518943786621094,93.73320007324219,0.9977976083755493,59.6096076965332,93.52869415283203,0.9955731630325317,13.931133270263672,73.4810791015625,0.4517785608768463,20.868816375732422,68.66361236572266,0.9570359587669373,68.98628234863281,63.51613998413086,0.9957042336463928,4.835470199584961,101.05709838867188,0.7063559293746948,34.8200569152832,122.88484191894531,0.9452884793281555,47.96002197265625,119.252197265625,0.963399350643158
324,3.5921807289123535,74.98834991455078,0.08663753420114517,1.3424017429351807,92.745361328125,0.01810484379529953,3.275134325027466,92.54924011230469,0.4287243187427521,15.435291290283203,93.73770904541016,0.9176921248435974,31.77584457397461,94.40605926513672,0.9971229434013367,56.76759338378906,93.65283966064453,0.9941248297691345,11.607616424560547,75.30125427246094,0.43037164211273193,19.863080978393555,68.66361236572266,0.9579511880874634,68.9416732788086,64.29920959472656,0.9966385364532471,4.512869358062744,101.0640640258789,0.5124251246452332,34.75632858276367,123.98912048339844,0.8536986112594604,44.410335540771484,119.28715515136719,0.9642459154129028
325,3.552529811859131,75.1159896850586,0.06604278832674026,1.3995881080627441,91.8093490600586,0.016212642192840576,2.9876089096069336,92.72738647460938,0.3076004981994629,14.722432136535645,93.91788482666016,0.91550213098526,29.8925724029541,94.63710021972656,0.9928591251373291,54.962371826171875,93.78532409667969,0.9967302083969116,5.829395771026611,75.64859771728516,0.40922242403030396,19.863080978393555,68.66361236572266,0.969360888004303,68.37995147705078,64.65042877197266,0.9967604279518127,4.287562847137451,107.28010559082031,0.5158272981643677,34.62095260620117,124.72245788574219,0.6228111386299133,43.08310317993164,118.98595428466797,0.9243248105049133
326,-0.6140055656433105,93.33589172363281,0.043303921818733215,66.15019226074219,65.08426666259766,0.012074345722794533,2.9876089096069336,93.17837524414062,0.14248447120189667,14.396538734436035,94.27352142333984,0.8287543058395386,28.762941360473633,94.80915832519531,0.9919874668121338,53.11647415161133,94.32198333740234,0.9985522627830505,5.538464069366455,76.05681610107422,0.26583313941955566,19.79484748840332,68.62004089355469,0.9823471307754517,66.27925109863281,64.83122253417969,0.9968944787979126,4.213296890258789,107.4489517211914,0.4461681842803955,34.453548431396484,125.02606964111328,0.6749362349510193,43.08177185058594,119.28715515136719,0.9547376036643982
327,-0.6151895523071289,93.40000915527344,0.04449081793427467,66.15019226074219,65.08055114746094,0.014683855697512627,2.5097475051879883,93.17837524414062,0.13599750399589539,14.282988548278809,94.42737579345703,0.8320130109786987,27.488786697387695,94.85984802246094,0.9894365072250366,51.97024154663086,94.4773178100586,0.9986963868141174,5.538464069366455,76.05681610107422,0.23157839477062225,19.863080978393555,68.48636627197266,0.97747802734375,65.72908782958984,65.19429016113281,0.9962211847305298,4.19525671005249,107.5209732055664,0.4579605460166931,34.17688751220703,125.02606964111328,0.6435903310775757,42.916229248046875,119.46363830566406,0.9659255146980286
328,-0.6151895523071289,93.40962982177734,0.040773000568151474,66.15019226074219,65.08055114746094,0.01360838022083044,2.5097475051879883,93.50627899169922,0.13392342627048492,13.304548263549805,94.50870513916016,0.8464070558547974,26.89051055908203,95.01486206054688,0.990535318851471,50.51654052734375,94.68035125732422,0.9988910555839539,5.501828670501709,76.05681610107422,0.23505447804927826,19.863080978393555,68.4482192993164,0.9826210141181946,65.51013946533203,65.32111358642578,0.9961850047111511,3.9175145626068115,107.53325653076172,0.4716757535934448,33.148197174072266,125.02606964111328,0.5574000477790833,42.55844497680664,119.9284896850586,0.9769282937049866
329,-0.6140055656433105,93.55868530273438,0.045842014253139496,65.59062194824219,65.08426666259766,0.014918362721800804,2.8788177967071533,97.8481216430664,0.1657782346010208,13.103809356689453,94.80122375488281,0.8579214811325073,26.223342895507812,95.37688446044922,0.9911269545555115,49.09865951538086,95.26082611083984,0.9986609220504761,5.501828670501709,76.05681610107422,0.2809371054172516,19.79484748840332,68.4017105102539,0.9848021864891052,64.98880004882812,65.32111358642578,0.9947118759155273,3.4485974311828613,107.62150573730469,0.4778473377227783,32.812034606933594,125.02606964111328,0.5411729216575623,42.55844497680664,120.39363098144531,0.9799329042434692
330,-0.5065960884094238,94.2262191772461,0.030827712267637253,65.2485122680664,65.2782211303711,0.013542050495743752,3.1085331439971924,98.42060852050781,0.09428960084915161,11.833648681640625,95.17115020751953,0.8247414827346802,24.914609909057617,96.09127807617188,0.9919339418411255,48.157737731933594,95.26082611083984,0.9985401630401611,4.982666969299316,76.01331329345703,0.16617336869239807,19.3455753326416,68.37225341796875,0.9808025360107422,64.6543197631836,65.50274658203125,0.9934085607528687,2.9337830543518066,107.67121124267578,0.46645551919937134,31.866069793701172,124.0304183959961,0.44676798582077026,42.55844497680664,120.39363098144531,0.9848734140396118
331,-0.5065960884094238,94.45326232910156,0.020688269287347794,64.97439575195312,65.32759094238281,0.014559730887413025,3.1139068603515625,98.7634048461914,0.05835064873099327,7.323729515075684,97.34497833251953,0.8498454093933105,21.391231536865234,96.11029815673828,0.9875824451446533,47.25737762451172,95.26082611083984,0.9983458518981934,4.982666969299316,75.9139175415039,0.13773107528686523,17.83930015563965,68.2530517578125,0.9771873354911804,64.45948791503906,65.50274658203125,0.9930639863014221,2.6555562019348145,107.95349884033203,0.4899423122406006,31.575136184692383,124.0304183959961,0.37965336441993713,42.81576156616211,120.5823974609375,0.9906251430511475
332,-0.5065960884094238,94.8346176147461,0.020835772156715393,64.38450622558594,65.4549789428711,0.014842396602034569,3.237532615661621,98.93138885498047,0.046560101211071014,6.794789791107178,97.77374267578125,0.851287305355072,20.29981803894043,96.52425384521484,0.9932760000228882,46.12711715698242,95.02764129638672,0.9980611205101013,4.9690446853637695,75.9139175415039,0.11004913598299026,16.334217071533203,68.2530517578125,0.9564638733863831,63.68173599243164,65.56212615966797,0.99137282371521,2.6555562019348145,108.03269958496094,0.4692399501800537,30.971694946289062,124.5296630859375,0.3894192576408386,42.81576156616211,120.67369079589844,0.9851559400558472
333,-0.9542303085327148,94.94264221191406,0.015299349091947079,64.17760467529297,65.46022033691406,0.013921237550675869,3.241744041442871,99.19995880126953,0.03181879594922066,6.688501358032227,97.91255950927734,0.8308421969413757,19.38185691833496,96.5687484741211,0.9938442707061768,45.56058120727539,94.97846984863281,0.998313307762146,4.878364086151123,76.01331329345703,0.0868912860751152,15.950111389160156,68.37225341796875,0.9450080990791321,63.416290283203125,65.56607055664062,0.9901788234710693,2.6555562019348145,108.05998992919922,0.4898686707019806,30.0450439453125,124.83702087402344,0.3285064399242401,42.81576156616211,120.68855285644531,0.9851049780845642
334,-0.9542303085327148,95.01240539550781,0.012213164940476418,64.15775299072266,65.73736572265625,0.01222914457321167,3.2422797679901123,99.19995880126953,0.03296525403857231,6.688501358032227,98.16163635253906,0.8199460506439209,19.276948928833008,96.5687484741211,0.9923845529556274,44.92264938354492,94.97469329833984,0.9982835054397583,4.877208232879639,76.01331329345703,0.07757329195737839,15.832918167114258,68.44002532958984,0.9576012492179871,63.416290283203125,65.77949523925781,0.9887402653694153,2.672032356262207,108.08660888671875,0.49371588230133057,27.4500675201416,124.83702087402344,0.4413304626941681,41.15583419799805,120.93412780761719,0.9751666784286499
335,-1.1702947616577148,95.01240539550781,0.01221893634647131,64.13593292236328,65.81774139404297,0.010669787414371967,3.8139231204986572,99.19995880126953,0.028904564678668976,6.688501358032227,98.19095611572266,0.8206214904785156,18.79035758972168,96.5687484741211,0.9929560422897339,44.22929000854492,94.97354888916016,0.997992992401123,4.660965442657471,75.8726577758789,0.09910080581903458,14.842092514038086,68.44002532958984,0.967941164970398,63.416290283203125,65.87251281738281,0.9877106547355652,2.697246551513672,108.40008544921875,0.43978285789489746,25.36174964904785,124.83702087402344,0.5652565360069275,39.153438568115234,120.93412780761719,0.9577330946922302
336,-1.1702947616577148,95.05885314941406,0.016562191769480705,64.12006378173828,66.09105682373047,0.0099418293684721,4.034614086151123,98.93852233886719,0.03267547860741615,6.8590087890625,98.19095611572266,0.8176943063735962,18.129840850830078,96.3587646484375,0.9900919795036316,43.956024169921875,94.3055191040039,0.9980085492134094,4.660965442657471,75.8726577758789,0.10259774327278137,14.550025939941406,68.44002532958984,0.963565468788147,63.416290283203125,65.93675231933594,0.9891585111618042,2.697246551513672,108.67509460449219,0.3899920582771301,22.245769500732422,124.83702087402344,0.3543870449066162,37.509185791015625,120.93412780761719,0.957274854183197
337,31.402938842773438,124.36807250976562,0.013089288957417011,63.9427604675293,66.2098159790039,0.009445760399103165,4.125709056854248,98.9342269897461,0.028787150979042053,7.135829448699951,98.19095611572266,0.8022187352180481,17.442468643188477,95.90812683105469,0.983205258846283,43.44694519042969,94.3055191040039,0.9975469708442688,4.660965442657471,75.80377197265625,0.11537059396505356,13.523075103759766,67.68941497802734,0.9498754143714905,63.416290283203125,65.93675231933594,0.9888273477554321,2.697246551513672,109.13460540771484,0.37718892097473145,22.245769500732422,124.89469909667969,0.40915772318840027,37.24315643310547,120.85234069824219,0.9461386203765869
338,38.56694793701172,126.65620422363281,0.017603978514671326,39.391357421875,125.60946655273438,0.00922214426100254,4.521193027496338,98.72818756103516,0.014323816634714603,7.135829448699951,98.04620361328125,0.7339199781417847,16.250646591186523,95.90812683105469,0.9736605882644653,42.58354949951172,94.3055191040039,0.9976518750190735,5.0442118644714355,75.76741027832031,0.14058421552181244,12.396472930908203,67.68941497802734,0.9540079236030579,62.735130310058594,65.94654083251953,0.9813318252563477,2.365264415740967,109.13460540771484,0.3142704367637634,22.245769500732422,124.86134338378906,0.14752736687660217,37.24315643310547,120.59164428710938,0.9691444635391235
339,38.85528564453125,126.65620422363281,0.03782776743173599,39.391357421875,125.74365997314453,0.014754224568605423,4.521193027496338,98.39314270019531,0.009619518183171749,7.135829448699951,97.3667984008789,0.6522558927536011,15.669334411621094,95.90812683105469,0.9566499590873718,41.949676513671875,94.3055191040039,0.9978109002113342,5.587137222290039,75.76396942138672,0.1637086123228073,11.390348434448242,67.68941497802734,0.920806884765625,62.735130310058594,65.94654083251953,0.9792895317077637,2.1501545906066895,109.13460540771484,0.38040000200271606,25.50131607055664,124.86134338378906,0.10574077814817429,37.24315643310547,120.5333251953125,0.9711408615112305
340,39.05006790161133,126.65620422363281,0.05788706988096237,39.391357421875,125.80790710449219,0.020629456266760826,4.648035049438477,98.39314270019531,0.009232127107679844,6.548227787017822,97.3667984008789,0.6356374621391296,15.05705451965332,96.34516906738281,0.9497656226158142,41.52542495727539,94.3055191040039,0.9978083968162537,5.587137222290039,75.76396942138672,0.1731393188238144,11.38751220703125,67.9420166015625,0.9110429286956787,62.665592193603516,65.94654083251953,0.9790307879447937,2.0230278968811035,109.016845703125,0.3980443477630615,28.266582489013672,124.89469909667969,0.07752305269241333,39.407100677490234,119.96669006347656,0.9702503681182861
341,39.05006790161133,126.52398681640625,0.059335995465517044,39.391357421875,125.74365997314453,0.018806543201208115,4.648035049438477,98.19591522216797,0.008688909932971,6.476530075073242,97.3667984008789,0.6324281096458435,15.05705451965332,96.4259262084961,0.9564431309700012,39.54568099975586,93.8518295288086,0.997661828994751,5.587137222290039,75.76396942138672,0.14060521125793457,10.981616973876953,68.81858825683594,0.8889482617378235,62.61476135253906,65.95804595947266,0.9816458225250244,2.0230278968811035,108.6733169555664,0.49670320749282837,28.266582489013672,124.89469909667969,0.06088686361908913,39.407100677490234,119.96669006347656,0.9703441858291626
342,39.08065414428711,126.36748504638672,0.03586055710911751,39.585899353027344,125.60946655273438,0.01801249012351036,4.641079902648926,98.0210189819336,0.008660594932734966,6.27822208404541,97.86457061767578,0.6434253454208374,15.033537864685059,96.76634216308594,0.9643946886062622,38.64982604980469,93.84134674072266,0.998085618019104,5.208952903747559,75.86751556396484,0.1266336441040039,10.786473274230957,69.68524932861328,0.8488330841064453,62.57258605957031,66.16664123535156,0.9804623126983643,2.0035881996154785,108.22627258300781,0.5432745218276978,29.42447853088379,124.86134338378906,0.04588732495903969,39.407100677490234,119.96669006347656,0.981712281703949
343,39.088775634765625,126.32352447509766,0.044920116662979126,39.585899353027344,125.38191223144531,0.014159386977553368,4.641079902648926,98.0210189819336,0.01096497941762209,6.304444789886475,98.08841705322266,0.6950859427452087,14.982248306274414,96.92314910888672,0.9727670550346375,38.18109893798828,93.84134674072266,0.9980440139770508,5.200908184051514,76.07889556884766,0.10151678323745728,10.15550708770752,70.57315063476562,0.7554382085800171,62.401466369628906,66.42567443847656,0.9845939874649048,2.0035881996154785,108.15286254882812,0.5472905039787292,29.480499267578125,124.8498306274414,0.0954386368393898,38.16193771362305,119.96669006347656,0.9770391583442688
344,39.088775634765625,126.1953125,0.04979155957698822,39.585899353027344,125.38191223144531,0.016259649768471718,4.648035049438477,98.0210189819336,0.009020578116178513,6.304444789886475,98.16202545166016,0.6518623232841492,14.893177032470703,96.95770263671875,0.9641953110694885,37.860538482666016,93.84134674072266,0.9981829524040222,5.175882339477539,76.1195068359375,0.0899779200553894,10.122352600097656,70.63578033447266,0.7521493434906006,62.324424743652344,66.42567443847656,0.9817463159561157,1.9710736274719238,108.15286254882812,0.5408169031143188,29.693058013916016,124.81248474121094,0.06980112195014954,38.16193771362305,119.96669006347656,0.9819880127906799
345,39.088775634765625,126.1953125,0.038964707404375076,39.585899353027344,125.38191223144531,0.0172842126339674,5.270723342895508,97.5391845703125,0.006717788055539131,6.27822208404541,98.1686782836914,0.5490764379501343,13.206036567687988,97.2455825805664,0.9331660866737366,36.865699768066406,93.92655944824219,0.9987000226974487,5.175882339477539,76.1195068359375,0.09719802439212799,10.122352600097656,70.63578033447266,0.7887647151947021,62.324424743652344,66.56436157226562,0.9785126447677612,1.7745192050933838,108.22627258300781,0.4141458570957184,29.693058013916016,124.65082550048828,0.05482301488518715,38.16193771362305,120.33509826660156,0.9874622225761414
346,39.66746139526367,126.1953125,0.034988515079021454,39.920406341552734,125.85226440429688,0.017413342371582985,5.5497870445251465,97.27638244628906,0.006950239650905132,6.1532087326049805,98.27729034423828,0.5546923279762268,12.97921371459961,97.33763885498047,0.9410471320152283,36.48366165161133,94.2743911743164,0.9986880421638489,5.200908184051514,76.07889556884766,0.08816514164209366,10.15550708770752,70.71586608886719,0.7898486852645874,55.89077377319336,66.82350158691406,0.9813344478607178,1.6405010223388672,108.35665893554688,0.41633668541908264,29.693058013916016,124.10197448730469,0.041351042687892914,40.94511032104492,120.33509826660156,0.9847221970558167
347,39.66746139526367,126.6056137084961,0.040736354887485504,39.920406341552734,126.14275360107422,0.018555771559476852,25.27499771118164,96.63993072509766,0.007795096840709448,6.125577926635742,98.1686782836914,0.5012527108192444,11.36153793334961,97.64337158203125,0.9329017996788025,35.13250732421875,94.75953674316406,0.9986936450004578,5.8964457511901855,75.7421646118164,0.13269928097724915,10.433128356933594,70.8929214477539,0.9153233170509338,51.50028610229492,67.35875701904297,0.9851595759391785,1.4403846263885498,108.89807891845703,0.3591783940792084,29.693058013916016,123.6822509765625,0.025879835709929466,40.96528625488281,120.70946502685547,0.9852544069290161
348,39.66746139526367,126.6056137084961,0.04252520948648453,39.920406341552734,126.14275360107422,0.020398836582899094,25.27499771118164,96.31615447998047,0.009191908873617649,6.125577926635742,98.1686782836914,0.5065799951553345,9.596307754516602,97.7732162475586,0.9158583879470825,35.056976318359375,94.94773864746094,0.9981314539909363,5.976822853088379,75.4899673461914,0.08545226603746414,11.166495323181152,70.8929214477539,0.5876198410987854,40.06720733642578,67.35875701904297,0.9867576360702515,1.2764573097229004,108.98877716064453,0.29799285531044006,1.5448753833770752,90.431396484375,0.019722197204828262,40.99872970581055,120.98789978027344,0.9871713519096375
349,39.56964111328125,126.6056137084961,0.053010933101177216,39.704307556152344,126.14275360107422,0.021419137716293335,25.27499771118164,95.54204559326172,0.01695094257593155,6.079888343811035,97.69611358642578,0.5754479765892029,8.359190940856934,97.7732162475586,0.7668915390968323,32.48878860473633,94.94773864746094,0.9963496923446655,5.976822853088379,75.22808837890625,0.09554903209209442,11.166495323181152,69.59283447265625,0.5443248152732849,34.934120178222656,67.35875701904297,0.9814291000366211,1.0320591926574707,108.98877716064453,0.2593260109424591,1.1625311374664307,71.32707214355469,0.01744442991912365,40.99872970581055,120.98789978027344,0.9868897199630737
350,39.35707473754883,126.3041000366211,0.052234455943107605,28.298152923583984,65.9822006225586,0.021049536764621735,24.2995548248291,95.46380615234375,0.025467636063694954,5.823227405548096,97.48800659179688,0.5905869007110596,8.20621109008789,97.7732162475586,0.6884438991546631,30.98344612121582,94.94773864746094,0.9966731071472168,5.976822853088379,74.92845153808594,0.11893994361162186,11.166495323181152,68.9063949584961,0.5935364961624146,27.371686935424805,66.45530700683594,0.9757153987884521,0.3873941898345947,108.98877716064453,0.1940307766199112,0.5090067386627197,71.0543441772461,0.016988996416330338,40.96528625488281,120.98789978027344,0.98943030834198
