scorer,DLC_resnet101_30dFeb16shuffle1_30000,DLC_resnet101_30dFeb16shuffle1_30000,DLC_resnet101_30dFeb16shuffle1_30000,DLC_resnet101_30dFeb16shuffle1_30000,DLC_resnet101_30dFeb16shuffle1_30000,DLC_resnet101_30dFeb16shuffle1_30000,DLC_resnet101_30dFeb16shuffle1_30000,DLC_resnet101_30dFeb16shuffle1_30000,DLC_resnet101_30dFeb16shuffle1_30000,DLC_resnet101_30dFeb16shuffle1_30000,DLC_resnet101_30dFeb16shuffle1_30000,DLC_resnet101_30dFeb16shuffle1_30000,DLC_resnet101_30dFeb16shuffle1_30000,DLC_resnet101_30dFeb16shuffle1_30000,DLC_resnet101_30dFeb16shuffle1_30000,DLC_resnet101_30dFeb16shuffle1_30000,DLC_resnet101_30dFeb16shuffle1_30000,DLC_resnet101_30dFeb16shuffle1_30000,DLC_resnet101_30dFeb16shuffle1_30000,DLC_resnet101_30dFeb16shuffle1_30000,DLC_resnet101_30dFeb16shuffle1_30000,DLC_resnet101_30dFeb16shuffle1_30000,DLC_resnet101_30dFeb16shuffle1_30000,DLC_resnet101_30dFeb16shuffle1_30000,DLC_resnet101_30dFeb16shuffle1_30000,DLC_resnet101_30dFeb16shuffle1_30000,DLC_resnet101_30dFeb16shuffle1_30000,DLC_resnet101_30dFeb16shuffle1_30000,DLC_resnet101_30dFeb16shuffle1_30000,DLC_resnet101_30dFeb16shuffle1_30000,DLC_resnet101_30dFeb16shuffle1_30000,DLC_resnet101_30dFeb16shuffle1_30000,DLC_resnet101_30dFeb16shuffle1_30000,DLC_resnet101_30dFeb16shuffle1_30000,DLC_resnet101_30dFeb16shuffle1_30000,DLC_resnet101_30dFeb16shuffle1_30000
bodyparts,antena1,antena1,antena1,antena2,antena2,antena2,forhead,forhead,forhead,neck,neck,neck,thorax,thorax,thorax,abdomen,abdomen,abdomen,l1,l1,l1,l2,l2,l2,l3,l3,l3,r1,r1,r1,r2,r2,r2,r3,r3,r3
coords,x,y,likelihood,x,y,likelihood,x,y,likelihood,x,y,likelihood,x,y,likelihood,x,y,likelihood,x,y,likelihood,x,y,likelihood,x,y,likelihood,x,y,likelihood,x,y,likelihood,x,y,likelihood
0,64.38652801513672,73.76248931884766,0.9833221435546875,126.23037719726562,121.98284912109375,0.9892856478691101,80.98655700683594,120.45114135742188,0.9864943027496338,67.5875244140625,135.06756591796875,0.9292669296264648,47.39339065551758,160.19332885742188,0.9748604893684387,33.90918731689453,173.1938018798828,0.9944603443145752,51.4927864074707,117.6991958618164,0.7150636911392212,37.934181213378906,106.65513610839844,0.9706814885139465,7.182879447937012,146.5421142578125,0.8520243167877197,111.5130615234375,126.20657348632812,0.9242638945579529,66.85215759277344,193.1453399658203,0.9731311798095703,59.60657501220703,198.6768035888672,0.6398215293884277
1,66.16722106933594,73.76248931884766,0.9870719313621521,126.65242767333984,121.98284912109375,0.9849327206611633,81.30683898925781,120.45114135742188,0.9820501804351807,68.02616882324219,135.2479705810547,0.9131604433059692,48.04624557495117,160.31033325195312,0.9745808243751526,34.20629119873047,173.6978759765625,0.9955869913101196,52.16815185546875,117.6991958618164,0.6797052621841431,38.33726119995117,106.73729705810547,0.9706246256828308,7.2087273597717285,146.5421142578125,0.8558464646339417,112.02278900146484,126.38176727294922,0.9380829334259033,66.92923736572266,193.35073852539062,0.973349928855896,60.006187438964844,198.8248291015625,0.6697462797164917
2,68.74608612060547,73.76248931884766,0.9840643405914307,129.8448486328125,121.98284912109375,0.9869399070739746,81.46131134033203,120.45114135742188,0.9784502387046814,68.02616882324219,135.2479705810547,0.9154112339019775,49.17382049560547,160.31033325195312,0.9725142121315002,34.327938079833984,174.2951202392578,0.9958493709564209,52.40828323364258,117.6991958618164,0.6003191471099854,38.61122131347656,106.73729705810547,0.9714293479919434,7.2326979637146,146.5421142578125,0.8644858002662659,113.28094482421875,127.13655090332031,0.9509838819503784,66.92923736572266,193.3802490234375,0.9738298058509827,60.27348709106445,199.35333251953125,0.708378255367279
3,71.51282501220703,72.12525939941406,0.982987642288208,130.03921508789062,119.82699584960938,0.9807536005973816,81.59333801269531,120.07464599609375,0.9853975772857666,68.09986114501953,135.06756591796875,0.9220627546310425,50.13480758666992,160.19332885742188,0.9739775657653809,36.14380645751953,174.1481170654297,0.9964500665664673,52.934261322021484,115.95316314697266,0.6455845236778259,39.32978057861328,106.65513610839844,0.9759119153022766,7.252669334411621,146.37994384765625,0.8747978210449219,113.6124267578125,127.13655090332031,0.9295278787612915,66.85215759277344,193.3802490234375,0.9716706871986389,60.417354583740234,199.35333251953125,0.7253469824790955
4,75.41997528076172,71.28887176513672,0.9868850708007812,130.56011962890625,118.44606018066406,0.9774247407913208,81.6305923461914,119.80814361572266,0.9885547757148743,68.10535430908203,134.50430297851562,0.9393641352653503,50.84262466430664,160.07876586914062,0.9717838168144226,36.51768493652344,174.1481170654297,0.9971238970756531,54.27794647216797,112.96045684814453,0.7293664216995239,40.2540283203125,106.47281646728516,0.9788423180580139,7.252669334411621,146.37994384765625,0.8660251498222351,113.98558807373047,127.1524658203125,0.9405514597892761,66.5787582397461,193.45999145507812,0.9660465121269226,60.47257614135742,199.6371612548828,0.7286025881767273
5,76.3628158569336,70.98562622070312,0.9883422255516052,130.64410400390625,118.09431457519531,0.9796990156173706,81.6305923461914,119.39520263671875,0.9860413670539856,68.10535430908203,134.50430297851562,0.9381119012832642,51.12470626831055,159.94020080566406,0.9729676842689514,36.66432189941406,174.1481170654297,0.9973033666610718,58.63461685180664,112.105712890625,0.7456914186477661,40.312252044677734,106.29021453857422,0.9797419905662537,7.536525726318359,146.37994384765625,0.8763155937194824,114.05127716064453,127.2386703491211,0.9425805807113647,66.5787582397461,193.45999145507812,0.9694380760192871,60.43215560913086,199.78347778320312,0.7438297271728516
6,76.70428466796875,70.20703887939453,0.9893465638160706,130.73194885253906,117.29641723632812,0.9747486710548401,81.7838134765625,118.325927734375,0.9848126769065857,67.93904876708984,134.1060028076172,0.9401006102561951,51.66643142700195,159.49270629882812,0.9702281355857849,37.360233306884766,173.6454315185547,0.9978844523429871,59.884037017822266,111.31565856933594,0.8246033191680908,40.50846481323242,106.08828735351562,0.978898286819458,7.608715057373047,146.41268920898438,0.8766202330589294,114.54810333251953,127.47055053710938,0.955693781375885,66.5787582397461,193.3358612060547,0.9640227556228638,60.43215560913086,199.78347778320312,0.7519217729568481
7,77.5252456665039,70.20703887939453,0.9897562861442566,131.10865783691406,115.9354476928711,0.9707725644111633,81.92172241210938,118.22632598876953,0.9853750467300415,67.35755920410156,133.98919677734375,0.9479093551635742,51.91655731201172,159.1015167236328,0.9678899049758911,37.63717269897461,173.1116180419922,0.9979913234710693,60.304317474365234,110.56376647949219,0.8408933877944946,41.90559005737305,102.10319519042969,0.9788414835929871,7.643424034118652,146.42144775390625,0.8775014877319336,114.54810333251953,127.58307647705078,0.9562557339668274,66.5669937133789,193.28424072265625,0.969567060470581,60.6987190246582,199.87017822265625,0.7602752447128296
8,77.66693115234375,70.20703887939453,0.990021288394928,131.14097595214844,114.10045623779297,0.9659112691879272,82.14204406738281,118.12586212158203,0.9854362607002258,67.35755920410156,133.8137969970703,0.9542223811149597,52.491031646728516,158.72274780273438,0.961426854133606,37.89448165893555,172.85128784179688,0.9984166622161865,60.98930358886719,109.9386978149414,0.8604356050491333,41.90559005737305,101.9469223022461,0.9788970351219177,7.733569145202637,146.42144775390625,0.8764140009880066,114.54810333251953,127.47055053710938,0.9700521230697632,66.8557357788086,191.36033630371094,0.979350745677948,60.71760940551758,200.07020568847656,0.8033769130706787
9,77.74386596679688,72.25970458984375,0.989550769329071,131.96810913085938,113.1375503540039,0.9710795879364014,82.59383392333984,117.609619140625,0.98674076795578,67.35755920410156,133.8137969970703,0.9603462219238281,52.67533493041992,158.615234375,0.9671626687049866,37.90633010864258,172.66954040527344,0.9982352256774902,62.48390579223633,109.4208984375,0.8702849745750427,41.90559005737305,101.94566345214844,0.9788810014724731,8.104562759399414,146.5115509033203,0.8980144262313843,114.43142700195312,127.47055053710938,0.9723976254463196,66.8557357788086,191.33538818359375,0.9624191522598267,60.71760940551758,200.1771697998047,0.8267122507095337
10,77.87409210205078,72.25970458984375,0.9908096790313721,131.96810913085938,113.1375503540039,0.9635042548179626,83.30564880371094,117.53837585449219,0.9892760515213013,67.757568359375,133.61866760253906,0.9622723460197449,54.70966339111328,155.67457580566406,0.9654330015182495,38.02168655395508,172.50843811035156,0.9981441497802734,63.40219497680664,108.82945251464844,0.8637189865112305,41.67009353637695,101.14971160888672,0.9819439649581909,8.275259017944336,146.5178680419922,0.8931403160095215,114.32251739501953,127.16668701171875,0.9761850237846375,67.58827209472656,191.1382598876953,0.953166127204895,61.13145065307617,201.0651397705078,0.8786300420761108
11,77.81729888916016,72.25970458984375,0.9918637275695801,131.96810913085938,113.1375503540039,0.914160966873169,85.5053482055664,115.83560180664062,0.9920899868011475,68.92396545410156,133.0338134765625,0.9602004885673523,56.378658294677734,155.13839721679688,0.9658899903297424,38.99357223510742,172.02833557128906,0.9979731440544128,63.946842193603516,108.683837890625,0.8736835718154907,41.612247467041016,100.26702117919922,0.9803220629692078,8.275259017944336,147.15589904785156,0.9002842307090759,114.27850341796875,127.08537292480469,0.9813422560691833,68.24349975585938,189.9840087890625,0.8871918320655823,61.99167251586914,201.55943298339844,0.8368750810623169
12,77.87409210205078,71.34561920166016,0.991071879863739,124.75501251220703,126.73413848876953,0.8732990026473999,86.10493469238281,115.12108612060547,0.992489218711853,69.4990005493164,132.48423767089844,0.9597495198249817,56.378658294677734,154.28948974609375,0.9621719121932983,39.717124938964844,171.44126892089844,0.9979625940322876,65.46501922607422,106.97577667236328,0.8746889233589172,41.445064544677734,100.16936492919922,0.9785173535346985,8.134601593017578,147.2176971435547,0.9068034291267395,114.32251739501953,127.08537292480469,0.9841422438621521,87.0352554321289,170.59011840820312,0.9412967562675476,62.43345260620117,201.55943298339844,0.8511765599250793
13,77.92887115478516,70.65406036376953,0.9895339608192444,124.21968078613281,127.75788116455078,0.8724352717399597,86.25530242919922,115.05196380615234,0.9941679239273071,71.45633697509766,131.72340393066406,0.9570336937904358,56.378658294677734,154.26806640625,0.9588921666145325,40.484066009521484,170.7718048095703,0.9982011318206787,70.14972686767578,103.49417114257812,0.8952130079269409,41.445064544677734,100.0434799194336,0.9777737855911255,8.134601593017578,147.2600555419922,0.9040163159370422,114.32251739501953,127.08537292480469,0.9802277684211731,90.28404235839844,163.82374572753906,0.9828835129737854,62.445316314697266,201.55943298339844,0.8113816380500793
14,77.92887115478516,67.12272644042969,0.9884037375450134,124.21968078613281,127.75788116455078,0.8311774134635925,86.3907241821289,114.66317749023438,0.9952000379562378,73.66397857666016,131.31129455566406,0.9653416872024536,56.72501754760742,152.2276611328125,0.9662553071975708,41.4367790222168,169.9303741455078,0.9982563853263855,70.3331069946289,102.45426177978516,0.901075005531311,41.445064544677734,100.0434799194336,0.9822152256965637,8.035566329956055,147.68508911132812,0.880721390247345,115.2990951538086,126.96134185791016,0.9808787107467651,94.00525665283203,163.2683868408203,0.986936628818512,62.47846221923828,201.4076385498047,0.812101423740387
15,77.81729888916016,66.06444549560547,0.9884735941886902,124.21968078613281,127.75788116455078,0.8593770265579224,86.3907241821289,113.80427551269531,0.9957565665245056,74.03970336914062,130.87155151367188,0.9668049812316895,56.72501754760742,151.5981903076172,0.9816005229949951,41.87205505371094,168.68112182617188,0.9982189536094666,72.04281616210938,101.43472290039062,0.9288750886917114,41.92595291137695,100.0434799194336,0.9862237572669983,8.035566329956055,149.23886108398438,0.9429014921188354,115.2990951538086,127.15144348144531,0.9780009984970093,97.10530090332031,161.80714416503906,0.9883164763450623,62.47846221923828,201.3212890625,0.8288556933403015
16,77.7189712524414,65.47894287109375,0.9877580404281616,134.31109619140625,109.48568725585938,0.8812815546989441,87.59191131591797,113.09833526611328,0.9966226816177368,74.98456573486328,129.69876098632812,0.9717081785202026,56.72501754760742,151.38568115234375,0.9862875938415527,42.07329177856445,167.80641174316406,0.9975075721740723,74.11090850830078,101.11005401611328,0.9149758219718933,42.160736083984375,100.24864196777344,0.9889563918113708,8.035566329956055,149.23886108398438,0.9557517170906067,115.2990951538086,127.49077606201172,0.9737833738327026,98.10857391357422,159.87686157226562,0.9778890609741211,62.47846221923828,201.30992126464844,0.82686847448349
17,77.61421203613281,65.46268463134766,0.9849399924278259,134.5239715576172,109.48568725585938,0.9516004323959351,88.91093444824219,113.0636978149414,0.9977381229400635,76.63957977294922,129.0972900390625,0.9819806218147278,57.9771728515625,151.04867553710938,0.9877139329910278,42.30074691772461,167.171630859375,0.9974575638771057,76.76077270507812,101.08853912353516,0.8831202387809753,42.52501678466797,100.53268432617188,0.9897595643997192,10.139333724975586,149.23886108398438,0.9755277633666992,115.50579071044922,128.15606689453125,0.9679802656173706,98.90449523925781,156.6229705810547,0.986906886100769,62.849639892578125,200.9038543701172,0.8381210565567017
18,76.30217742919922,65.46268463134766,0.9693962931632996,135.30218505859375,109.48568725585938,0.9710605144500732,89.93324279785156,112.27032470703125,0.996694803237915,77.75028228759766,127.9356460571289,0.9835898280143738,58.962162017822266,149.90866088867188,0.9905639886856079,43.00632095336914,166.46372985839844,0.9975687861442566,78.81385803222656,100.67385864257812,0.8321753740310669,42.52501678466797,100.86713409423828,0.9903432130813599,13.920093536376953,147.79678344726562,0.9828490614891052,115.59872436523438,130.01559448242188,0.9587603211402893,104.459716796875,155.80392456054688,0.9769405126571655,62.86638641357422,200.62660217285156,0.8740748167037964
19,75.36932373046875,65.46268463134766,0.9480633735656738,135.30218505859375,110.3001937866211,0.9834195375442505,90.01068878173828,108.57198333740234,0.9952503442764282,78.5897216796875,126.9070816040039,0.9799419641494751,60.16682815551758,148.91171264648438,0.989014208316803,43.23508834838867,165.00091552734375,0.9976561069488525,80.6163330078125,100.50755310058594,0.8070321083068848,42.52501678466797,101.43466186523438,0.9891313314437866,15.908188819885254,144.81434631347656,0.9779741168022156,115.59872436523438,130.42283630371094,0.9586421847343445,108.14193725585938,152.32594299316406,0.939816951751709,62.98676681518555,200.60903930664062,0.9110758900642395
20,75.36932373046875,65.6621322631836,0.9165675044059753,135.30218505859375,110.79420471191406,0.990269660949707,91.7791519165039,107.48773193359375,0.9944645762443542,79.79856872558594,124.74048614501953,0.9831157326698303,61.98674392700195,148.3209991455078,0.9839045405387878,44.24470520019531,163.37075805664062,0.9957055449485779,83.29520416259766,95.86614227294922,0.7988417148590088,41.809837341308594,102.22933197021484,0.9873215556144714,22.430572509765625,141.1221466064453,0.9785626530647278,116.82068634033203,130.47796630859375,0.9647232294082642,116.29784393310547,148.9316864013672,0.966351330280304,63.032264709472656,200.60903930664062,0.9412473440170288
21,75.36932373046875,65.86524200439453,0.801056444644928,135.0359344482422,110.86913299560547,0.9912642240524292,94.23875427246094,106.43255615234375,0.9911051392555237,80.2933578491211,124.04200744628906,0.9799673557281494,62.41632843017578,147.9906768798828,0.9793099164962769,46.28417205810547,162.50547790527344,0.994892954826355,86.80513000488281,89.61729431152344,0.8582290410995483,40.955963134765625,102.22933197021484,0.9857757687568665,26.386310577392578,138.34344482421875,0.9762170910835266,118.69142150878906,130.47796630859375,0.9718116521835327,120.38676452636719,147.45953369140625,0.9136695265769958,63.18507385253906,200.33163452148438,0.9453845620155334
22,93.02845001220703,76.93616485595703,0.8190212249755859,134.5653533935547,110.86913299560547,0.9906345009803772,95.941162109375,105.78668975830078,0.990846574306488,81.30196380615234,123.28237915039062,0.9791185259819031,63.27988815307617,147.10536193847656,0.9803937673568726,48.458255767822266,161.9235076904297,0.9955109357833862,92.17091369628906,85.86235809326172,0.9373859763145447,40.716941833496094,102.22933197021484,0.985489547252655,26.386310577392578,136.9249267578125,0.974774956703186,118.69142150878906,130.42283630371094,0.9667160511016846,121.45137786865234,147.4468231201172,0.9053504467010498,63.18507385253906,200.0553741455078,0.9527863264083862
23,96.08392333984375,76.93616485595703,0.9298800826072693,134.4606170654297,110.79420471191406,0.9913438558578491,96.72598266601562,105.5555191040039,0.9949830770492554,82.84588623046875,122.02293395996094,0.9724293351173401,64.3248062133789,146.64544677734375,0.9817905426025391,48.80131912231445,160.55128479003906,0.997619092464447,96.02689361572266,84.06902313232422,0.976677417755127,40.535606384277344,102.22933197021484,0.9857672452926636,26.386310577392578,134.4861297607422,0.9790074825286865,119.331298828125,130.267578125,0.961904764175415,121.78816986083984,147.38880920410156,0.9124658703804016,62.98676681518555,199.94471740722656,0.9507571458816528
24,97.16155242919922,76.93616485595703,0.9715943932533264,133.0765838623047,110.79420471191406,0.9873560667037964,98.91178894042969,103.8262939453125,0.9966217279434204,83.6109390258789,121.36647033691406,0.9665178060531616,65.48246002197266,146.34921264648438,0.9787476062774658,49.363136291503906,159.97265625,0.9974762797355652,96.02689361572266,83.04175567626953,0.9798288941383362,39.947994232177734,102.1172103881836,0.9851754307746887,26.361513137817383,132.75856018066406,0.9880166053771973,119.331298828125,129.5910186767578,0.9559361934661865,121.97391510009766,147.04246520996094,0.901947021484375,63.14866638183594,199.5955810546875,0.9549695253372192
25,99.0228271484375,73.05165100097656,0.9771750569343567,129.62403869628906,110.86913299560547,0.9691298604011536,99.21340942382812,103.07151794433594,0.9971923232078552,84.5695571899414,120.97632598876953,0.9695759415626526,66.7686767578125,145.66192626953125,0.9741362929344177,50.01139450073242,158.78370666503906,0.9970742464065552,96.17353820800781,83.04175567626953,0.9723949432373047,39.64027404785156,102.1172103881836,0.9865712523460388,26.361513137817383,131.01187133789062,0.9906812310218811,118.85889434814453,124.743408203125,0.9439709186553955,121.97391510009766,147.04246520996094,0.875335693359375,63.06934356689453,199.46658325195312,0.9480038285255432
26,99.66056823730469,72.69480895996094,0.9878430366516113,128.66671752929688,111.87852478027344,0.9398581385612488,99.22342681884766,102.94485473632812,0.9975639581680298,84.5695571899414,120.73770904541016,0.9691938161849976,67.621337890625,145.04173278808594,0.9743108749389648,50.74184036254883,158.13259887695312,0.9970983266830444,96.4530029296875,82.64022827148438,0.9678938388824463,39.64027404785156,102.30873107910156,0.9891379475593567,26.361513137817383,130.50904846191406,0.9911292791366577,117.74413299560547,124.36588287353516,0.9411379098892212,121.97391510009766,146.78762817382812,0.8433093428611755,63.06934356689453,199.45518493652344,0.9529693722724915
27,100.65583038330078,72.69480895996094,0.9887769818305969,128.4447784423828,144.2246551513672,0.9307112097740173,101.14814758300781,102.66619110107422,0.9982179999351501,84.5695571899414,120.42994689941406,0.9717788696289062,68.06465911865234,141.2603302001953,0.9786439538002014,52.3130989074707,157.14593505859375,0.9966418743133545,97.2655029296875,82.09197235107422,0.9653117060661316,39.64027404785156,102.47565460205078,0.9912558794021606,27.004268646240234,130.50904846191406,0.9914869070053101,117.66004943847656,124.36588287353516,0.9634184837341309,121.3455810546875,146.74252319335938,0.7848449349403381,63.14866638183594,199.46658325195312,0.9518513679504395
28,100.83543395996094,72.6532211303711,0.9866657853126526,128.21034240722656,144.3497772216797,0.9422783851623535,101.90855407714844,102.66619110107422,0.9986961483955383,84.44212341308594,116.37543487548828,0.9687727689743042,68.6552734375,140.92518615722656,0.9767516851425171,53.54811096191406,156.78465270996094,0.9968616962432861,98.45629119873047,81.6893539428711,0.9713430404663086,39.863643646240234,102.998046875,0.9896315932273865,27.66176986694336,130.4966278076172,0.9914001226425171,117.39575958251953,124.36588287353516,0.9724729657173157,120.85726165771484,146.62490844726562,0.711258590221405,63.37128829956055,199.5955810546875,0.9457224011421204
29,100.83758544921875,72.51708984375,0.9802135825157166,128.21034240722656,144.36045837402344,0.9297286868095398,101.94315338134766,102.66619110107422,0.9988372921943665,84.44212341308594,116.32652282714844,0.9720717668533325,69.96368408203125,140.1380157470703,0.9744731783866882,55.69596862792969,154.81524658203125,0.9955105781555176,99.84396362304688,81.6513900756836,0.9762449264526367,40.0297966003418,103.10358428955078,0.9883589744567871,28.01238441467285,130.4966278076172,0.9912756681442261,116.86284637451172,125.28612518310547,0.9758111238479614,120.20138549804688,146.38621520996094,0.7535186409950256,63.58936309814453,199.51976013183594,0.9414748549461365
30,100.83758544921875,72.4247055053711,0.9840982556343079,128.21034240722656,144.3497772216797,0.957030177116394,102.2551498413086,102.61695861816406,0.9988214373588562,84.44212341308594,116.2345962524414,0.9758427739143372,71.10296630859375,139.8753662109375,0.9830930233001709,57.15666198730469,154.81524658203125,0.9943158030509949,100.21815490722656,81.2306137084961,0.9805891513824463,40.047760009765625,103.12980651855469,0.988663375377655,28.1135196685791,130.0599822998047,0.9912123084068298,116.55355834960938,125.28612518310547,0.976437509059906,120.20138549804688,146.38621520996094,0.6734010577201843,63.869712829589844,199.69569396972656,0.9409059882164001
31,100.83758544921875,71.96469116210938,0.9726572036743164,128.14796447753906,144.3497772216797,0.9309158325195312,102.5974349975586,102.59503936767578,0.9988206028938293,85.26209259033203,116.1551742553711,0.979423463344574,72.13894653320312,139.51504516601562,0.9869798421859741,57.399417877197266,154.39112854003906,0.9928250312805176,100.57239532470703,80.6830825805664,0.9883617758750916,40.047760009765625,103.15177154541016,0.9894005656242371,28.124921798706055,129.7042236328125,0.9919775724411011,116.55355834960938,125.6192626953125,0.9752282500267029,120.09369659423828,146.38621520996094,0.7917730212211609,64.16382598876953,201.08050537109375,0.9415650367736816
32,100.83758544921875,71.83076477050781,0.9435903429985046,128.07896423339844,144.2375030517578,0.9384629726409912,103.16541290283203,101.85419464111328,0.9984577894210815,86.45352935791016,116.1551742553711,0.981204092502594,73.83617401123047,139.460693359375,0.9906306862831116,58.20432662963867,154.08554077148438,0.9934489130973816,101.281005859375,80.3918228149414,0.9875755310058594,40.047760009765625,103.35010528564453,0.9892742037773132,28.28388214111328,129.59902954101562,0.9918465614318848,116.55355834960938,125.6192626953125,0.9746918082237244,120.09369659423828,146.53793334960938,0.7883037328720093,64.82228088378906,200.5759735107422,0.9542735815048218
33,100.83758544921875,71.83076477050781,0.9315204620361328,128.07896423339844,140.9707794189453,0.931014895439148,104.2322769165039,101.26410675048828,0.9986618757247925,87.56576538085938,116.02912902832031,0.9844425320625305,73.83617401123047,138.7364959716797,0.992111325263977,58.43387222290039,154.08554077148438,0.9944959282875061,101.6793212890625,80.17060089111328,0.9879833459854126,40.1010627746582,103.43842315673828,0.9891126751899719,29.00592803955078,129.50778198242188,0.9908173084259033,117.46593475341797,125.39645385742188,0.9714269638061523,120.31168365478516,146.6881103515625,0.7694488167762756,65.2552261352539,200.5759735107422,0.9606598019599915
34,100.84880828857422,71.0825424194336,0.926190972328186,128.60015869140625,134.8931427001953,0.9431104063987732,105.21151733398438,100.07221221923828,0.9985059499740601,88.52045440673828,115.69927215576172,0.9867975115776062,74.29869079589844,138.33639526367188,0.9928994178771973,59.03525161743164,153.30001831054688,0.9957452416419983,101.95338439941406,79.4185791015625,0.9872841835021973,39.927059173583984,103.64981079101562,0.9870790243148804,29.072696685791016,129.5030517578125,0.9910464882850647,120.45903015136719,125.20073699951172,0.9747074246406555,121.109130859375,147.34747314453125,0.8152424097061157,65.3410873413086,200.5759735107422,0.9610414505004883
35,101.26676940917969,69.45208740234375,0.9328300952911377,130.0682373046875,133.0796356201172,0.9784591197967529,105.34801483154297,99.42559051513672,0.9981902241706848,89.65133666992188,115.03984069824219,0.986591100692749,74.56962585449219,138.1385955810547,0.9932568073272705,59.882930755615234,152.64132690429688,0.9968934059143066,102.16753387451172,78.80147552490234,0.9868343472480774,39.51383972167969,104.04703521728516,0.987091064453125,29.299072265625,129.21910095214844,0.9915504455566406,121.15473937988281,123.47470092773438,0.962044894695282,121.36531829833984,147.63394165039062,0.8552364110946655,65.42904663085938,199.64849853515625,0.9657294750213623
36,103.48384094238281,68.16717529296875,0.9335073232650757,132.07513427734375,131.71507263183594,0.9901582598686218,106.02641296386719,99.12537384033203,0.9977420568466187,91.49085235595703,113.57927703857422,0.9882069230079651,75.01194763183594,137.55914306640625,0.9938107132911682,60.60912322998047,151.91607666015625,0.997435986995697,102.20057678222656,78.01329040527344,0.9840580821037292,39.426368713378906,104.74349975585938,0.9903634190559387,30.218624114990234,128.76560974121094,0.9903399348258972,122.24142456054688,122.40049743652344,0.9554683566093445,121.62860870361328,147.63394165039062,0.829081118106842,66.00865173339844,198.50363159179688,0.9744160175323486
37,103.48670196533203,65.84623718261719,0.9430778622627258,132.5283203125,130.01751708984375,0.9896568059921265,106.52753448486328,98.88846588134766,0.997688889503479,91.92315673828125,112.97929382324219,0.9881425499916077,75.01194763183594,137.2872314453125,0.9925105571746826,61.51958084106445,151.28231811523438,0.9974053502082825,102.60308837890625,77.95339965820312,0.9814285039901733,39.426368713378906,104.74349975585938,0.9791977405548096,30.218624114990234,128.76560974121094,0.9846765398979187,122.25359344482422,120.61735534667969,0.9485790729522705,122.13623046875,147.63394165039062,0.8442391753196716,66.22017669677734,198.50363159179688,0.9741101264953613
38,103.498046875,63.429847717285156,0.9403982162475586,136.15432739257812,127.60362243652344,0.9862646460533142,107.17105865478516,98.41529083251953,0.9979138970375061,93.1099853515625,112.8306884765625,0.9852169156074524,75.30493927001953,136.45742797851562,0.9900851249694824,62.949710845947266,151.04051208496094,0.9962544441223145,102.60308837890625,77.95339965820312,0.9735686182975769,39.426368713378906,104.04703521728516,0.9836433529853821,30.218624114990234,128.76560974121094,0.9877027869224548,123.03961181640625,118.87898254394531,0.9476975202560425,125.27791595458984,147.54815673828125,0.9089095592498779,66.45250701904297,198.50363159179688,0.9779770374298096
39,103.96763610839844,63.04214096069336,0.8959800601005554,136.7253875732422,126.28109741210938,0.9883538484573364,107.20611572265625,98.37406158447266,0.9975875616073608,93.1099853515625,112.35026550292969,0.9829913973808289,75.84876251220703,136.14500427246094,0.9867919683456421,64.73432922363281,150.6481170654297,0.9960346817970276,102.60308837890625,77.9197769165039,0.9612401127815247,45.45221710205078,102.96839141845703,0.9439179301261902,30.132694244384766,129.1543731689453,0.9913593530654907,125.71150970458984,116.74120330810547,0.9280924201011658,125.84634399414062,147.54815673828125,0.9454522132873535,66.6116714477539,198.50363159179688,0.9761526584625244
40,104.5536117553711,62.302955627441406,0.9119735360145569,138.17245483398438,117.58590698242188,0.990645170211792,107.62535095214844,97.13614654541016,0.996582567691803,93.81340026855469,111.82194519042969,0.9810320734977722,77.17747497558594,135.77420043945312,0.9857302904129028,65.39588928222656,150.45233154296875,0.9976676106452942,102.41448211669922,77.85772705078125,0.9341180324554443,50.29075622558594,102.8326416015625,0.9797092080116272,30.132694244384766,129.1543731689453,0.9929628968238831,125.73068237304688,116.43212127685547,0.949668288230896,126.13492584228516,147.23587036132812,0.9610836505889893,67.1741943359375,198.50363159179688,0.9758279323577881
41,104.5536117553711,61.287742614746094,0.8898650407791138,140.11630249023438,113.02941131591797,0.9919461607933044,108.12275695800781,96.08595275878906,0.9957534074783325,93.87602233886719,109.63126373291016,0.9773024320602417,78.54356384277344,135.39088439941406,0.9840434193611145,66.82960510253906,149.1199188232422,0.99836665391922,101.60651397705078,77.85772705078125,0.9263156652450562,52.735435485839844,96.93238830566406,0.9803012013435364,30.132694244384766,129.1543731689453,0.9930643439292908,127.51470184326172,114.15784454345703,0.9577300548553467,126.14276885986328,147.23587036132812,0.9736319184303284,68.21781921386719,198.31625366210938,0.9671795964241028
42,103.96763610839844,58.07703399658203,0.8333196640014648,144.74423217773438,112.70353698730469,0.9915464520454407,108.5930404663086,95.04088592529297,0.9941271543502808,94.8075180053711,109.41265106201172,0.9759837985038757,78.97364044189453,134.80459594726562,0.9842360019683838,68.04300689697266,148.04803466796875,0.9986347556114197,100.10560607910156,78.09178161621094,0.8845726847648621,56.867591857910156,93.4332046508789,0.9200905561447144,31.151477813720703,128.95590209960938,0.9928269982337952,127.9403076171875,111.4405517578125,0.9260972142219543,126.9934310913086,147.23587036132812,0.9798890948295593,77.98716735839844,184.16209411621094,0.9356931447982788
43,92.9523696899414,52.68912124633789,0.6945120692253113,148.2268524169922,109.54579162597656,0.9942016005516052,108.87735748291016,94.64262390136719,0.9926665425300598,94.97369384765625,109.41096496582031,0.9768503904342651,80.34781646728516,134.64060974121094,0.9876178503036499,68.93905639648438,147.78041076660156,0.9986662864685059,98.74986267089844,81.73873901367188,0.8385916948318481,62.25997543334961,90.68667602539062,0.9224072694778442,32.651214599609375,126.70976257324219,0.991599440574646,128.7518768310547,108.64874267578125,0.9072862267494202,127.41643524169922,146.94351196289062,0.9843150973320007,81.51874542236328,183.33375549316406,0.9169555902481079
44,92.9523696899414,47.507659912109375,0.6981527805328369,151.33706665039062,106.46133422851562,0.9926536083221436,110.61679077148438,90.9248275756836,0.9926527738571167,96.91326904296875,108.07514190673828,0.9824204444885254,82.23272705078125,132.56179809570312,0.9868124127388,69.2431640625,147.35430908203125,0.9973958730697632,98.74986267089844,82.43701934814453,0.7967925667762756,63.73106002807617,89.5145034790039,0.9588015079498291,32.87269973754883,126.70976257324219,0.9916212558746338,129.27516174316406,107.2290267944336,0.8825613260269165,127.518798828125,146.86727905273438,0.9852650761604309,87.48234558105469,171.1011962890625,0.9169573187828064
45,92.9523696899414,45.91201400756836,0.8809903860092163,151.44073486328125,105.06165313720703,0.9904199242591858,112.23392486572266,89.48873138427734,0.9887282848358154,99.14622497558594,106.89891052246094,0.9810774922370911,83.50943756103516,131.16387939453125,0.9828238487243652,69.3326187133789,146.02000427246094,0.9977505803108215,98.74462890625,82.43701934814453,0.8044376373291016,68.81590270996094,88.64247131347656,0.8978802561759949,33.298274993896484,126.70976257324219,0.992990255355835,131.5523681640625,104.2229995727539,0.9033116102218628,127.65962982177734,146.62313842773438,0.9834411144256592,92.88213348388672,170.0052032470703,0.8421709537506104
46,94.13435363769531,45.63716125488281,0.9369909167289734,153.04660034179688,102.39772033691406,0.9882017970085144,112.68913269042969,87.60765838623047,0.9894475936889648,100.40293884277344,102.95100402832031,0.9802215695381165,85.83531951904297,128.34347534179688,0.9703603386878967,70.52342224121094,144.61123657226562,0.9980788230895996,98.64727020263672,82.43701934814453,0.8296125531196594,68.83850860595703,75.73621368408203,0.9420286417007446,33.50738525390625,126.65328979492188,0.9906826019287109,133.86529541015625,102.68817901611328,0.8852983117103577,127.61316680908203,146.62313842773438,0.988375186920166,95.8983154296875,161.10000610351562,0.7741104364395142
47,95.87427520751953,45.054710388183594,0.9652858376502991,154.53492736816406,97.7292251586914,0.9895824193954468,116.23237609863281,86.2664794921875,0.9928488731384277,101.65546417236328,102.02499389648438,0.9666885137557983,86.89437103271484,125.22032928466797,0.9797089695930481,71.91361999511719,142.55972290039062,0.9971886277198792,98.689697265625,80.55096435546875,0.8787898421287537,76.23609924316406,71.31332397460938,0.8348557353019714,33.88151931762695,126.65328979492188,0.9898932576179504,133.89248657226562,101.8060073852539,0.8709946870803833,127.61316680908203,146.8914794921875,0.9842520356178284,98.69850158691406,159.95651245117188,0.7590664029121399
48,96.79447174072266,45.054710388183594,0.9663106203079224,155.5771484375,93.29228210449219,0.9843090772628784,117.65581512451172,84.76303100585938,0.9942893981933594,101.93460083007812,101.86766815185547,0.9744684100151062,88.4425277709961,124.86170959472656,0.9883409142494202,72.30805206298828,140.02090454101562,0.994699239730835,98.689697265625,80.17936706542969,0.8939177989959717,81.24392700195312,71.21311950683594,0.7354559898376465,34.183624267578125,126.42890167236328,0.9870679974555969,136.3700408935547,100.38397979736328,0.8160718083381653,127.61316680908203,146.8914794921875,0.982430100440979,101.5446548461914,156.41043090820312,0.726196825504303
49,98.15116882324219,44.816951751708984,0.9722915887832642,157.6837158203125,90.39971923828125,0.9852703809738159,118.66694641113281,84.20587158203125,0.9944985508918762,103.72209930419922,100.89202880859375,0.9839322566986084,89.63202667236328,123.81434631347656,0.9914845824241638,74.29926300048828,139.10459899902344,0.9942929744720459,98.689697265625,79.19967651367188,0.8917762041091919,81.37183380126953,69.7304916381836,0.7785608172416687,34.183624267578125,126.42890167236328,0.9845539927482605,143.8025360107422,91.1141357421875,0.836406946182251,126.63945007324219,147.19857788085938,0.9923464059829712,106.42142486572266,150.30014038085938,0.35743799805641174
50,98.77194213867188,44.78965759277344,0.9817996621131897,157.92794799804688,86.05046844482422,0.9715498089790344,119.69486999511719,83.88778686523438,0.9913272261619568,105.52371978759766,99.28685760498047,0.9823040962219238,91.2102279663086,122.97390747070312,0.9923729300498962,75.16002655029297,138.2717742919922,0.9963093400001526,98.689697265625,77.44509887695312,0.8462851047515869,88.93267822265625,49.61764144897461,0.9089284539222717,34.183624267578125,126.42890167236328,0.9796696901321411,144.90777587890625,90.29258728027344,0.8793163895606995,126.63699340820312,147.2110137939453,0.994699239730835,108.5106430053711,150.30014038085938,0.4120182394981384
51,99.05427551269531,44.146881103515625,0.9712680578231812,164.4405517578125,85.34793853759766,0.9849977493286133,120.83346557617188,83.2652587890625,0.9924076199531555,107.132568359375,98.56356811523438,0.9763649106025696,92.23114776611328,122.96266174316406,0.9922968745231628,76.19281005859375,137.370361328125,0.998049259185791,100.01058197021484,76.83345031738281,0.7842403650283813,88.93267822265625,49.292945861816406,0.9381516575813293,34.27090072631836,126.54222869873047,0.9741513133049011,149.04026794433594,88.96742248535156,0.8908652067184448,125.236328125,147.4209747314453,0.9947466254234314,108.85330963134766,150.30014038085938,0.48538467288017273
52,99.23763275146484,43.741920471191406,0.9704400300979614,165.25851440429688,81.46583557128906,0.9782624244689941,122.40922546386719,81.87120819091797,0.9913066029548645,108.2654800415039,97.49871063232422,0.9725640416145325,93.03657531738281,122.6155776977539,0.9906326532363892,76.8047103881836,137.01080322265625,0.9983859062194824,100.24117279052734,75.69719696044922,0.7115962505340576,88.93267822265625,48.857540130615234,0.9671586751937866,34.27090072631836,126.54222869873047,0.971741259098053,150.38479614257812,87.6085433959961,0.9072373509407043,124.5270767211914,147.4209747314453,0.9943722486495972,109.51242065429688,150.70492553710938,0.5467244982719421
53,99.23763275146484,43.11370849609375,0.9677634835243225,165.29432678222656,79.0679931640625,0.9699909687042236,122.58187103271484,81.32473754882812,0.9914655089378357,108.4552993774414,96.70492553710938,0.9689635634422302,93.21959686279297,120.91991424560547,0.9906348586082458,77.30774688720703,136.22837829589844,0.9988594055175781,100.61640167236328,74.93912506103516,0.7059060335159302,88.82054901123047,48.76297378540039,0.9688491821289062,34.27090072631836,126.54222869873047,0.9654198884963989,151.48245239257812,87.08454132080078,0.9068363308906555,123.66425323486328,147.4209747314453,0.9927543997764587,109.51643371582031,150.97633361816406,0.5806480050086975
54,99.32716369628906,43.11370849609375,0.9565132856369019,166.1890411376953,76.83760070800781,0.9584863185882568,122.83509826660156,78.10110473632812,0.988705575466156,108.85060119628906,95.95382690429688,0.9634472727775574,93.78571319580078,120.49208068847656,0.9908987283706665,77.93502807617188,135.50662231445312,0.9987230896949768,100.61640167236328,74.32026672363281,0.6731242537498474,88.82054901123047,48.76297378540039,0.9699093103408813,34.75847244262695,126.28767395019531,0.9600921273231506,153.82261657714844,87.08454132080078,0.9120361804962158,123.66425323486328,147.11912536621094,0.9918662905693054,109.51643371582031,150.97633361816406,0.6114576458930969
55,99.32716369628906,43.11370849609375,0.9492865800857544,166.6853485107422,74.21217346191406,0.9297465085983276,123.07044219970703,77.55789184570312,0.9880800843238831,109.49297332763672,95.3426513671875,0.9601304531097412,94.45235443115234,120.12236022949219,0.9883875250816345,78.2472915649414,135.12026977539062,0.9986956715583801,100.64728546142578,73.77791595458984,0.6661346554756165,88.82054901123047,48.596920013427734,0.9688016176223755,34.79413986206055,126.25839233398438,0.9592711925506592,156.86537170410156,86.61454010009766,0.8928085565567017,123.6201400756836,146.96392822265625,0.9925133585929871,109.57284545898438,150.98304748535156,0.6748569011688232
56,170.93344116210938,64.75841522216797,0.8840336799621582,167.44102478027344,72.49794006347656,0.8659451603889465,123.94796752929688,77.44732666015625,0.98987877368927,109.97657775878906,95.21409606933594,0.9542268514633179,94.87419891357422,119.96312713623047,0.9892577528953552,78.65677642822266,134.48304748535156,0.9985916018486023,100.64728546142578,73.69143676757812,0.6179119944572449,89.47489166259766,48.55097579956055,0.9737393856048584,34.8939094543457,126.16178894042969,0.9515640735626221,156.86537170410156,86.3005142211914,0.9072571992874146,123.5884017944336,146.81976318359375,0.9923548698425293,109.69237518310547,150.98304748535156,0.6718102097511292
57,171.1356201171875,64.75841522216797,0.8951836228370667,167.6389923095703,72.29441833496094,0.8286197185516357,123.95426177978516,77.28943634033203,0.9873823523521423,110.03776550292969,95.10477447509766,0.9564224481582642,95.19104766845703,119.60505676269531,0.9889978766441345,78.78984832763672,134.2136688232422,0.9978245496749878,100.19072723388672,73.55460357666016,0.6761295795440674,89.63727569580078,48.14139175415039,0.9716162085533142,34.9299201965332,126.10560607910156,0.9487189650535583,156.8647918701172,86.61454010009766,0.9056224822998047,123.66425323486328,146.8153839111328,0.9913553595542908,109.8248062133789,151.28822326660156,0.7132763862609863
58,171.88525390625,64.75841522216797,0.9210231304168701,167.6389923095703,72.29441833496094,0.8196288347244263,124.108154296875,77.11347198486328,0.9851186275482178,110.35350036621094,95.01131439208984,0.9596447348594666,95.19115447998047,119.60505676269531,0.9893938899040222,78.78984832763672,134.1180877685547,0.9978629946708679,100.19072723388672,73.55460357666016,0.6629111766815186,89.85063171386719,48.14139175415039,0.975767970085144,34.900760650634766,126.16178894042969,0.9487147331237793,156.2990264892578,86.61454010009766,0.9161638617515564,123.86873626708984,146.8153839111328,0.9912970066070557,110.0667953491211,151.28822326660156,0.7253319621086121
59,172.04205322265625,64.75841522216797,0.934429407119751,167.6389923095703,72.29441833496094,0.8283200860023499,124.74201202392578,77.18168640136719,0.9824773669242859,110.37157440185547,95.09611511230469,0.9602866172790527,95.38849639892578,119.60505676269531,0.9885417222976685,78.78984832763672,134.1180877685547,0.9979501366615295,100.27733612060547,73.62811279296875,0.6707584857940674,89.8716049194336,48.360565185546875,0.9780083298683167,34.900760650634766,126.21284484863281,0.9467096924781799,156.49964904785156,86.27787017822266,0.9200289845466614,123.96078491210938,146.81976318359375,0.9915732741355896,110.12866973876953,151.33836364746094,0.7150022387504578
60,172.04205322265625,64.75841522216797,0.9230957627296448,164.63841247558594,79.63165283203125,0.8137603402137756,125.12301635742188,77.11347198486328,0.9804818034172058,110.76478576660156,95.09611511230469,0.9578813910484314,95.51353454589844,119.64207458496094,0.9875762462615967,78.78984832763672,134.1721954345703,0.9980731010437012,100.27733612060547,73.55460357666016,0.667955756187439,90.03050231933594,48.23568344116211,0.976969838142395,34.900760650634766,126.21284484863281,0.9490569233894348,156.2990264892578,85.97855377197266,0.9374270439147949,124.0398178100586,146.81976318359375,0.9921233057975769,110.1612777709961,151.3441925048828,0.7169665694236755
61,171.1356201171875,64.47538757324219,0.9386659860610962,164.5751190185547,79.7118911743164,0.8430367112159729,125.12301635742188,77.05220794677734,0.981758177280426,110.89637756347656,95.0269546508789,0.9575487971305847,95.57003021240234,119.72769927978516,0.9866265654563904,78.82349395751953,134.1721954345703,0.9981595873832703,100.36932373046875,73.53836822509766,0.6791902184486389,90.03050231933594,48.23568344116211,0.9743165373802185,34.620147705078125,126.31568145751953,0.9482690691947937,156.271484375,85.67047882080078,0.9381231665611267,124.0398178100586,146.88223266601562,0.9922385811805725,110.16622924804688,151.49794006347656,0.7156410217285156
62,171.08203125,63.66245651245117,0.954048752784729,164.1845703125,80.25498962402344,0.9052944779396057,125.12301635742188,76.66637420654297,0.9845305681228638,110.89637756347656,95.0269546508789,0.9572390913963318,95.58773040771484,119.73456573486328,0.9875354170799255,78.83137512207031,134.23843383789062,0.9980084300041199,100.43055725097656,73.42627716064453,0.6290897130966187,90.0302963256836,48.23568344116211,0.9761741161346436,34.620147705078125,126.34204864501953,0.9458734393119812,156.02320861816406,85.67047882080078,0.9484134912490845,124.0398178100586,146.9041748046875,0.9919456839561462,110.16622924804688,151.5359344482422,0.7228841781616211
63,168.68182373046875,63.66245651245117,0.926332414150238,164.1845703125,80.8500747680664,0.9425055980682373,124.57843780517578,76.64771270751953,0.9861796498298645,110.89637756347656,95.09611511230469,0.9596817493438721,95.57003021240234,119.76434326171875,0.9864246845245361,78.853515625,134.63931274414062,0.997955322265625,100.58023834228516,73.06974029541016,0.6276209950447083,90.0302963256836,47.80586242675781,0.9767072200775146,34.620147705078125,126.40575408935547,0.945862889289856,155.64718627929688,85.42304229736328,0.947262704372406,123.99239349365234,146.94894409179688,0.9911750555038452,110.16622924804688,151.7948760986328,0.7465206980705261
64,168.57289123535156,63.45298767089844,0.9295701384544373,164.1845703125,81.466064453125,0.9511407017707825,124.28861999511719,76.55709075927734,0.9860324263572693,110.6719970703125,95.10640716552734,0.9609530568122864,95.6064224243164,119.96178436279297,0.9860113859176636,78.853515625,134.63931274414062,0.9979313611984253,103.42902374267578,64.90897369384766,0.6100736856460571,89.92471313476562,46.86467361450195,0.9812816381454468,34.620147705078125,126.44947052001953,0.9432175159454346,155.17935180664062,85.38546752929688,0.9439183473587036,123.99239349365234,146.93121337890625,0.9907767176628113,110.17159271240234,151.8376922607422,0.7474795579910278
65,168.06948852539062,62.55436325073242,0.9568747282028198,163.99014282226562,81.53964233398438,0.9574322700500488,124.28861999511719,76.64771270751953,0.9862522482872009,110.6719970703125,95.15918731689453,0.9607080817222595,95.6064224243164,120.1186294555664,0.9847262501716614,78.853515625,134.63931274414062,0.9979634284973145,103.65287780761719,64.87108612060547,0.6304640173912048,89.34386444091797,46.86467361450195,0.9782600998878479,34.620147705078125,126.62615203857422,0.9432441592216492,155.140869140625,85.38546752929688,0.9428431987762451,123.99239349365234,146.93121337890625,0.991195559501648,110.19782257080078,152.04803466796875,0.7433054447174072
66,167.79412841796875,60.343563079833984,0.9737364649772644,164.22210693359375,82.48265838623047,0.9742496609687805,124.28861999511719,76.64771270751953,0.986602783203125,110.61885833740234,95.21778106689453,0.9588865637779236,95.51858520507812,120.19270324707031,0.9825931787490845,78.82176971435547,134.62371826171875,0.9980471134185791,103.65287780761719,64.59089660644531,0.667362630367279,89.21000671386719,46.86467361450195,0.9756989479064941,34.52634811401367,126.65776062011719,0.9481419324874878,154.98878479003906,85.38546752929688,0.9458301067352295,124.03937530517578,146.94894409179688,0.9918649792671204,110.19782257080078,152.04803466796875,0.7361182570457458
67,167.79412841796875,59.42645263671875,0.9775145053863525,164.324462890625,83.27583312988281,0.9776281714439392,124.33319091796875,76.67070770263672,0.9876459240913391,110.61885833740234,95.30024719238281,0.9555153846740723,95.48876953125,120.19270324707031,0.983917236328125,78.77555084228516,134.62371826171875,0.9980955719947815,103.66499328613281,64.42882537841797,0.6375406980514526,89.19168853759766,47.11124038696289,0.979033887386322,34.449562072753906,126.73087310791016,0.9468268752098083,154.98878479003906,85.37925720214844,0.9466624855995178,124.03937530517578,146.97122192382812,0.9914480447769165,110.19782257080078,152.04803466796875,0.7243563532829285
68,167.79412841796875,59.42645263671875,0.9807870388031006,164.3472442626953,83.27583312988281,0.977867066860199,124.44193267822266,76.7965087890625,0.9868555665016174,110.8347396850586,95.33352661132812,0.9584499597549438,95.47281646728516,120.19270324707031,0.9847915172576904,78.74641418457031,134.60179138183594,0.9982154369354248,103.66499328613281,64.06803131103516,0.6571033596992493,89.19168853759766,47.25135040283203,0.9772739410400391,34.44329071044922,126.761474609375,0.9441843628883362,154.98878479003906,85.37925720214844,0.9470868706703186,124.03937530517578,146.97122192382812,0.9916552305221558,110.18769073486328,151.96652221679688,0.7138112187385559
69,169.1560516357422,59.42645263671875,0.9662991166114807,164.22210693359375,83.27583312988281,0.9722466468811035,124.52809143066406,76.7965087890625,0.9876234531402588,110.85527038574219,95.33419799804688,0.9573208093643188,95.47281646728516,120.09571075439453,0.9829179644584656,78.74641418457031,134.60179138183594,0.9983188509941101,103.82398986816406,63.97252655029297,0.6525614261627197,88.8171615600586,47.405052185058594,0.9851447343826294,34.154075622558594,126.86457061767578,0.9432209134101868,155.40328979492188,85.37925720214844,0.9510414600372314,123.94883728027344,147.2601318359375,0.9913502931594849,109.63615417480469,151.65859985351562,0.7308751344680786
70,169.88438415527344,61.867794036865234,0.9633318781852722,164.22210693359375,82.4106674194336,0.9635576009750366,124.52809143066406,76.7965087890625,0.9847574234008789,110.85527038574219,95.39111328125,0.9574205875396729,95.40432739257812,120.09571075439453,0.9831337928771973,78.7327880859375,134.60179138183594,0.9985042810440063,103.82398986816406,63.97252655029297,0.6478375196456909,88.8171615600586,47.44823455810547,0.9842001795768738,34.129337310791016,126.8902816772461,0.9426745176315308,155.50982666015625,85.40410614013672,0.9548510313034058,123.94883728027344,147.29873657226562,0.9914753437042236,109.63615417480469,151.57974243164062,0.7049296498298645
71,170.71730041503906,64.40410614013672,0.9682753682136536,164.45286560058594,81.65332794189453,0.9110139012336731,124.52809143066406,76.76446533203125,0.9835205674171448,110.89537048339844,95.39111328125,0.9569905400276184,95.42408752441406,120.09571075439453,0.9814059734344482,78.74641418457031,134.61619567871094,0.9984649419784546,103.82398986816406,63.90375518798828,0.6451060175895691,88.8171615600586,47.44823455810547,0.9796987771987915,34.129337310791016,126.94405364990234,0.9440970420837402,155.6408233642578,85.55606079101562,0.9522871375083923,123.85086822509766,147.30419921875,0.9910265803337097,109.6245346069336,151.55812072753906,0.7211601734161377
72,170.71730041503906,65.30220794677734,0.9537048935890198,164.45286560058594,80.55774688720703,0.8605787754058838,124.52809143066406,76.76446533203125,0.9810376763343811,110.99465942382812,95.4170913696289,0.9593241810798645,95.42408752441406,120.15440368652344,0.982909083366394,78.75511169433594,134.61619567871094,0.9984207153320312,103.58001708984375,63.90375518798828,0.6535647511482239,88.8171615600586,47.44823455810547,0.974175214767456,34.130584716796875,126.94405364990234,0.9431697130203247,155.82276916503906,85.68621063232422,0.9387702941894531,123.85086822509766,147.30419921875,0.9907870888710022,109.6245346069336,151.4406280517578,0.7143081426620483
73,170.71730041503906,65.30220794677734,0.9469618201255798,165.5580291748047,74.07486724853516,0.8700300455093384,124.52809143066406,76.76446533203125,0.9799878597259521,111.00232696533203,95.4170913696289,0.955643355846405,95.42408752441406,120.18150329589844,0.9822642207145691,78.75511169433594,134.6534423828125,0.9984531402587891,103.58001708984375,64.14188385009766,0.6918303966522217,88.86793518066406,47.65148162841797,0.9730668663978577,34.09288787841797,126.94405364990234,0.9402640461921692,155.82276916503906,85.74444580078125,0.9216951131820679,123.78263854980469,147.31475830078125,0.9903855323791504,109.6245346069336,151.4133758544922,0.7142675518989563
74,169.37025451660156,64.40410614013672,0.920215368270874,165.5580291748047,74.07486724853516,0.897520899772644,125.38251495361328,79.71749877929688,0.9794453978538513,110.94120788574219,95.41860961914062,0.9593260884284973,95.40432739257812,120.26187896728516,0.9833773374557495,78.73456573486328,134.6770477294922,0.9984474778175354,103.58001708984375,64.14188385009766,0.6632538437843323,88.99370574951172,47.839054107666016,0.9738774299621582,34.130584716796875,126.94405364990234,0.94066321849823,155.6408233642578,85.82174682617188,0.8978230953216553,123.72918701171875,147.4144287109375,0.9906365275382996,109.57363891601562,151.4133758544922,0.6945887804031372
75,94.13375854492188,46.44654083251953,0.6911810040473938,165.5580291748047,74.07486724853516,0.9481947422027588,125.38825225830078,79.81658935546875,0.9789347052574158,111.00232696533203,95.74706268310547,0.9595005512237549,95.41016387939453,120.26519775390625,0.9821591973304749,78.73456573486328,134.69815063476562,0.9984855055809021,103.3812026977539,63.715789794921875,0.683666467666626,88.99370574951172,48.19427490234375,0.9799047708511353,34.130584716796875,126.94405364990234,0.9382666945457458,152.7479705810547,87.35681915283203,0.876413106918335,123.67555236816406,147.4566650390625,0.9902043342590332,109.54908752441406,151.4133758544922,0.7064173221588135
76,94.13375854492188,46.44654083251953,0.675388514995575,165.51148986816406,76.54388427734375,0.9696393609046936,125.66718292236328,80.3082046508789,0.9832909107208252,111.22124481201172,95.74706268310547,0.963862955570221,95.41016387939453,120.2772216796875,0.9837706089019775,78.69978332519531,134.76416015625,0.9984303116798401,103.7197494506836,63.208160400390625,0.7082812786102295,88.99370574951172,48.49077606201172,0.9853782653808594,34.05438232421875,126.92913818359375,0.9400108456611633,152.1584930419922,87.76862335205078,0.8864042162895203,123.72918701171875,147.46377563476562,0.9907765984535217,109.466064453125,151.5605010986328,0.7083426117897034
77,94.13375854492188,46.44654083251953,0.7550339102745056,164.68919372558594,79.29669952392578,0.9780310988426208,125.66754150390625,80.31010437011719,0.98125159740448,111.48919677734375,95.65321350097656,0.9629766345024109,95.51483154296875,120.33293151855469,0.98285311460495,78.66703033447266,134.76416015625,0.9984086155891418,103.78394317626953,63.11641311645508,0.7039359211921692,89.18174743652344,49.27843475341797,0.9858696460723877,34.04024887084961,126.90978240966797,0.9406786561012268,151.81930541992188,87.89411926269531,0.8989111185073853,123.67555236816406,147.54734802246094,0.9908849596977234,109.45191955566406,151.5662841796875,0.7151103019714355
78,94.826416015625,47.136661529541016,0.7747781276702881,164.3130340576172,82.15474700927734,0.9861683249473572,125.94380950927734,80.45857238769531,0.9848282933235168,111.478759765625,95.96283721923828,0.9684939980506897,95.41016387939453,120.33293151855469,0.9834669232368469,78.65902709960938,134.81851196289062,0.9984954595565796,103.8161849975586,63.11641311645508,0.7459357976913452,89.07939147949219,50.004695892333984,0.9866945743560791,34.05438232421875,126.8616943359375,0.9431573152542114,149.64910888671875,87.89411926269531,0.9049952030181885,123.67555236816406,147.59783935546875,0.9907994866371155,109.4139404296875,151.58407592773438,0.6959775686264038
79,96.08917999267578,47.136661529541016,0.8254512548446655,163.0791015625,83.280029296875,0.9878180027008057,126.00154876708984,80.53189849853516,0.9843975901603699,111.48919677734375,96.0975341796875,0.9693239331245422,95.41016387939453,120.2772216796875,0.9852520227432251,78.60982513427734,134.80686950683594,0.9984862804412842,104.05402374267578,63.113365173339844,0.7522202134132385,89.17939758300781,50.74949264526367,0.9846410155296326,34.05438232421875,126.85726928710938,0.9441505670547485,149.16224670410156,88.0621109008789,0.9351015686988831,123.67555236816406,147.63145446777344,0.9903562664985657,109.4139404296875,151.6094512939453,0.701094388961792
80,97.34357452392578,47.455047607421875,0.8540597558021545,161.5806121826172,86.09819793701172,0.9858965277671814,126.03754425048828,80.84111785888672,0.9877811670303345,111.50691223144531,96.1861572265625,0.9705952405929565,95.02416229248047,119.90032196044922,0.9852489829063416,78.55238342285156,134.80686950683594,0.998454213142395,104.2583236694336,63.11641311645508,0.7689247727394104,89.17939758300781,51.70671081542969,0.9855892062187195,34.275726318359375,126.71482849121094,0.9461900591850281,146.6741180419922,89.16929626464844,0.909838855266571,123.74203491210938,147.63710021972656,0.990237295627594,109.45191955566406,151.60147094726562,0.7088133692741394
81,97.88349151611328,48.09699249267578,0.8534308075904846,161.5806121826172,86.10379791259766,0.9815892577171326,126.21733093261719,81.51445770263672,0.9905393123626709,111.66358947753906,96.33072662353516,0.9762901067733765,94.97999572753906,119.80046844482422,0.9880086183547974,78.39013671875,134.80686950683594,0.9984983205795288,105.0363998413086,63.18647766113281,0.8023584485054016,89.07939147949219,52.23800277709961,0.9876870512962341,34.410614013671875,126.69422149658203,0.9490496516227722,146.6741180419922,90.78414154052734,0.8670800924301147,123.79047393798828,147.7094268798828,0.9926316738128662,109.7039794921875,151.8791961669922,0.6991662979125977
82,100.2941665649414,48.09799575805664,0.9083691239356995,161.5806121826172,86.10379791259766,0.9868567585945129,126.64392852783203,81.51445770263672,0.991678774356842,111.69788360595703,96.33072662353516,0.9799036383628845,94.97999572753906,119.57630920410156,0.9882891178131104,78.39013671875,134.80686950683594,0.9986097812652588,105.1807632446289,63.192047119140625,0.7813164591789246,88.81687927246094,52.693546295166016,0.985099732875824,34.410614013671875,126.62564086914062,0.9503424167633057,146.6741180419922,91.82682800292969,0.80655837059021,123.79047393798828,147.8112030029297,0.9927052855491638,109.7039794921875,151.8791961669922,0.6879402995109558
83,101.04761505126953,48.09799575805664,0.9582457542419434,162.4728240966797,86.09819793701172,0.9824203252792358,127.83547973632812,81.51445770263672,0.9901534914970398,112.4073486328125,96.33072662353516,0.9782736897468567,95.02416229248047,119.35472106933594,0.9896771907806396,78.39013671875,134.72279357910156,0.9984557628631592,105.37513732910156,64.16581726074219,0.7314029335975647,87.56474304199219,53.64154815673828,0.9775359034538269,34.410614013671875,126.54524993896484,0.9519293308258057,148.9501953125,97.25247192382812,0.8905768394470215,123.79047393798828,147.91116333007812,0.9924528002738953,109.7039794921875,151.8874053955078,0.7134718298912048
84,103.98346710205078,48.09799575805664,0.9875032305717468,163.306884765625,86.07413482666016,0.9841051697731018,129.0024871826172,81.51445770263672,0.9916418790817261,112.76675415039062,96.23904418945312,0.9842427968978882,95.36778259277344,119.23936462402344,0.9904628396034241,78.44963073730469,134.72279357910156,0.9983395338058472,107.41741180419922,69.7938003540039,0.7149747610092163,84.67133331298828,55.3582649230957,0.9648032188415527,34.410614013671875,126.49606323242188,0.9543708562850952,150.3867950439453,99.41313934326172,0.9046002626419067,123.56941986083984,147.9351348876953,0.9914628863334656,109.60587310791016,151.8927459716797,0.7338508367538452
85,106.68868255615234,46.94777297973633,0.9915697574615479,163.6047821044922,85.08148193359375,0.9811330437660217,130.11285400390625,81.51445770263672,0.988338053226471,113.56624603271484,96.23904418945312,0.9856312274932861,95.74188232421875,119.0193862915039,0.9907378554344177,78.574462890625,134.72279357910156,0.9979487061500549,108.44680786132812,69.7938003540039,0.6825991868972778,84.67133331298828,56.12782669067383,0.9684568047523499,34.28382873535156,126.45912170410156,0.9467186331748962,150.63580322265625,101.35424041748047,0.8896166086196899,123.51903533935547,147.9351348876953,0.9911701679229736,109.55624389648438,152.09242248535156,0.7462988495826721
86,110.6925048828125,46.35514831542969,0.9975699782371521,163.85926818847656,85.08140563964844,0.9819942116737366,130.43983459472656,81.70779418945312,0.9898344278335571,114.0926742553711,96.23904418945312,0.9891420602798462,96.05261993408203,118.55419158935547,0.990204930305481,80.97474670410156,134.96217346191406,0.9980646967887878,109.93392944335938,69.7938003540039,0.7538836598396301,84.67133331298828,57.90022659301758,0.976437509059906,34.28382873535156,126.3409194946289,0.9434621930122375,150.7140655517578,108.24272918701172,0.8647549152374268,123.07234191894531,147.9351348876953,0.9853355884552002,109.36528778076172,152.22592163085938,0.759881317615509
87,115.37417602539062,45.97943878173828,0.9980606436729431,163.89329528808594,85.08140563964844,0.9765971302986145,131.57505798339844,82.13632202148438,0.9936374425888062,114.78516387939453,97.07705688476562,0.991963267326355,96.19029998779297,118.17961883544922,0.992168128490448,81.17827606201172,134.96217346191406,0.9980363249778748,116.36800384521484,69.93096923828125,0.8600353598594666,84.67156982421875,57.90022659301758,0.9772063493728638,34.422584533691406,126.31745147705078,0.9414618611335754,151.6086883544922,108.24272918701172,0.8469347953796387,123.07234191894531,148.10699462890625,0.9854596257209778,107.90715026855469,153.8697967529297,0.7742210030555725
88,121.0826644897461,45.87472915649414,0.9969858527183533,163.91685485839844,85.08148193359375,0.9765094518661499,132.19451904296875,82.83123779296875,0.9944792985916138,115.43417358398438,97.12954711914062,0.9914665222167969,97.11468505859375,117.92511749267578,0.9937108755111694,81.27587890625,134.96217346191406,0.9980964064598083,116.5379638671875,69.29827117919922,0.9115968346595764,84.85538482666016,57.90022659301758,0.9782483577728271,34.433021545410156,125.84478759765625,0.9441094398498535,152.5916290283203,108.41514587402344,0.8242222666740417,123.07234191894531,148.449951171875,0.9865498542785645,107.90715026855469,153.8697967529297,0.7805345058441162
89,122.46290588378906,44.24116897583008,0.9958174824714661,163.91685485839844,85.378662109375,0.9633834958076477,133.44830322265625,82.95089721679688,0.9956499934196472,116.81852722167969,97.12954711914062,0.9896020293235779,97.66463470458984,117.79080200195312,0.995171844959259,81.3407211303711,134.55789184570312,0.9979507327079773,117.04010772705078,68.41268920898438,0.9374240040779114,84.91041564941406,58.159183502197266,0.9782454371452332,34.46746063232422,125.84478759765625,0.9433379173278809,152.5916290283203,108.41514587402344,0.7934668660163879,123.42473602294922,148.49118041992188,0.9901157021522522,106.12529754638672,154.3245086669922,0.8209729194641113
90,126.47421264648438,43.96666717529297,0.997271716594696,163.9749755859375,124.30369567871094,0.9843524098396301,134.4230499267578,82.95089721679688,0.9956308603286743,117.77513122558594,97.12954711914062,0.986132025718689,98.68091583251953,117.59485626220703,0.9960567951202393,81.45378112792969,134.29034423828125,0.9979898929595947,118.28861236572266,68.77317810058594,0.945964515209198,85.35794830322266,58.159183502197266,0.9795855283737183,34.57771682739258,125.84478759765625,0.9380508661270142,152.5957794189453,106.96376037597656,0.8135517239570618,123.66423797607422,148.49118041992188,0.9932756423950195,106.12529754638672,154.50709533691406,0.8315762877464294
91,129.6593475341797,43.624576568603516,0.998491644859314,166.3465576171875,124.30369567871094,0.9957337975502014,135.49668884277344,82.95089721679688,0.9965936541557312,119.81610870361328,97.1220703125,0.9870979189872742,99.40347290039062,117.44022369384766,0.9961479902267456,81.83223724365234,133.8561553955078,0.9978538155555725,120.20194244384766,69.29827117919922,0.9598335027694702,85.35794830322266,58.26826858520508,0.979736328125,34.46746063232422,126.39615631103516,0.92535001039505,153.23681640625,106.96376037597656,0.8411966562271118,123.66423797607422,148.49118041992188,0.9869865775108337,107.90715026855469,154.65838623046875,0.8467164039611816
92,130.2581329345703,43.624576568603516,0.998528003692627,168.02015686035156,124.30369567871094,0.997017502784729,136.3938446044922,82.7724380493164,0.9960072636604309,121.0538558959961,97.1220703125,0.9903976917266846,100.43338012695312,116.90853118896484,0.9950891137123108,82.3044662475586,133.2064971923828,0.997890055179596,123.38304138183594,69.05065155029297,0.9615628719329834,85.35794830322266,58.29770278930664,0.9786267280578613,34.57771682739258,127.16958618164062,0.8985664248466492,155.1678924560547,110.03997802734375,0.8013286590576172,123.66423797607422,148.449951171875,0.9719918966293335,108.18904876708984,154.68820190429688,0.8637862205505371
93,130.4732208251953,43.598453521728516,0.9982988238334656,169.166015625,123.48641967773438,0.994839608669281,136.68539428710938,82.7724380493164,0.9953451752662659,121.55036926269531,97.09744262695312,0.990676999092102,101.58721160888672,116.90853118896484,0.9949106574058533,83.65126037597656,132.49583435058594,0.9976933598518372,124.0899658203125,69.05065155029297,0.9492505788803101,85.34319305419922,58.39191818237305,0.9818316698074341,34.46746063232422,127.50189971923828,0.8337202668190002,155.8828125,110.03997802734375,0.8187695145606995,125.54207611083984,147.4968719482422,0.9626936316490173,108.32881164550781,155.25534057617188,0.8955096006393433
94,130.61204528808594,43.624576568603516,0.9983333945274353,172.5064239501953,123.10107421875,0.9963053464889526,136.9263916015625,82.7724380493164,0.9945855736732483,122.57222747802734,97.09744262695312,0.9915350675582886,102.07394409179688,116.85576629638672,0.9961014986038208,84.08509063720703,132.38792419433594,0.9974104762077332,126.0273208618164,69.05065155029297,0.9450035095214844,85.20594787597656,58.582176208496094,0.9747902154922485,34.53941345214844,129.5188446044922,0.8118459582328796,158.72955322265625,110.7401123046875,0.8285421133041382,123.66423797607422,147.4968719482422,0.9429815411567688,109.16516876220703,155.30287170410156,0.9120912551879883
95,131.91464233398438,43.75160598754883,0.9982553124427795,173.90304565429688,123.0627670288086,0.9971659779548645,137.86544799804688,83.69035339355469,0.994377076625824,124.08860778808594,97.09744262695312,0.9920133948326111,102.27466583251953,116.77618408203125,0.9969949722290039,84.26881408691406,131.70445251464844,0.99762362241745,129.68028259277344,69.05065155029297,0.9403318166732788,85.20594787597656,58.67274475097656,0.9797505140304565,34.53941345214844,129.5188446044922,0.7407960295677185,160.06341552734375,110.7401123046875,0.8015249371528625,118.08352661132812,150.43211364746094,0.9732401371002197,109.247314453125,155.30287170410156,0.8912127614021301
96,135.62515258789062,44.4422492980957,0.9977113008499146,177.59103393554688,120.5829849243164,0.9991450309753418,138.46246337890625,83.69035339355469,0.994895875453949,125.7953872680664,96.35250854492188,0.9897224307060242,102.89390563964844,116.69835662841797,0.9971639513969421,84.41927337646484,131.70445251464844,0.9971946477890015,131.49256896972656,66.10694122314453,0.9485225081443787,85.1989974975586,58.72861099243164,0.9816957712173462,35.72359848022461,127.97196197509766,0.7148308157920837,162.44029235839844,110.7401123046875,0.8761501908302307,144.32888793945312,135.8218231201172,0.9550618529319763,109.247314453125,155.3126220703125,0.8887240886688232
97,137.18466186523438,44.58265686035156,0.9965078234672546,180.68814086914062,117.3993911743164,0.9991719722747803,139.64700317382812,83.69035339355469,0.9958686828613281,125.85748291015625,96.23200988769531,0.9890102744102478,103.13662719726562,114.57604217529297,0.9966161847114563,84.976318359375,131.16690063476562,0.997536301612854,132.4225616455078,65.90521240234375,0.9474570751190186,85.1989974975586,58.72861099243164,0.9849728345870972,36.24005126953125,127.97196197509766,0.696921706199646,162.44029235839844,109.03520965576172,0.8224802613258362,147.3080596923828,137.609619140625,0.9522109627723694,109.16516876220703,155.3126220703125,0.8805636167526245
98,139.90377807617188,45.154151916503906,0.9980708956718445,183.6378936767578,114.72393798828125,0.9980498552322388,141.09976196289062,82.98262786865234,0.9953605532646179,126.58544158935547,95.86726379394531,0.9868345856666565,103.69646453857422,113.64314270019531,0.9967124462127686,85.26656341552734,130.9872589111328,0.997582197189331,133.58041381835938,65.45313262939453,0.9354188442230225,85.1989974975586,58.72861099243164,0.982111930847168,49.33928298950195,119.72496032714844,0.9205563068389893,162.44029235839844,100.93963623046875,0.8469580411911011,161.497314453125,138.10914611816406,0.9632567167282104,109.16516876220703,155.64675903320312,0.8943641185760498
99,143.7783966064453,45.99999237060547,0.9987348914146423,185.16261291503906,111.58879852294922,0.9960263967514038,144.07553100585938,81.99838256835938,0.9963617920875549,127.40813446044922,94.62322235107422,0.9891853332519531,105.200439453125,113.06055450439453,0.9965094923973083,85.99665832519531,130.8702392578125,0.9979008436203003,137.20523071289062,65.45313262939453,0.8885838389396667,85.35271453857422,57.80016326904297,0.9711598753929138,53.50384521484375,116.55897521972656,0.9908602237701416,160.7887420654297,100.4353256225586,0.7523388266563416,161.50064086914062,138.10914611816406,0.9672663807868958,109.247314453125,155.9076690673828,0.9151846170425415
100,147.3122100830078,46.675601959228516,0.9989393353462219,185.7106475830078,110.29161834716797,0.9952422380447388,147.43893432617188,81.81208038330078,0.9987707734107971,127.56439971923828,94.0184555053711,0.9934432506561279,106.89378356933594,112.08941650390625,0.9957049489021301,88.00297546386719,130.12705993652344,0.9971476197242737,145.81149291992188,63.233394622802734,0.9538953304290771,85.40294647216797,57.72034454345703,0.9635764956474304,54.4455680847168,111.36711883544922,0.9891782999038696,153.14634704589844,100.4353256225586,0.6787522435188293,161.50064086914062,137.609619140625,0.9676792025566101,109.85148620605469,156.74853515625,0.9435016512870789
101,151.07125854492188,47.28901672363281,0.9988805651664734,186.08755493164062,109.95343780517578,0.9954848289489746,148.73617553710938,81.7691879272461,0.9991175532341003,128.31881713867188,93.92857360839844,0.9954142570495605,108.4196548461914,111.5116195678711,0.9945565462112427,89.31098937988281,128.8475799560547,0.9965894222259521,146.29721069335938,63.233394622802734,0.969556987285614,85.56945037841797,55.415138244628906,0.9453080892562866,61.281494140625,109.53069305419922,0.9839460253715515,153.14634704589844,100.45672607421875,0.7018093466758728,161.59336853027344,137.609619140625,0.968144953250885,110.62528991699219,157.40289306640625,0.9512372016906738
102,153.5442657470703,47.28901672363281,0.9983807802200317,186.24501037597656,109.13589477539062,0.9955997467041016,149.4400634765625,81.5824966430664,0.9993636012077332,129.20494079589844,93.79554748535156,0.9966928958892822,109.3860855102539,111.1009521484375,0.9925817251205444,89.5538101196289,126.86682891845703,0.9976293444633484,146.56033325195312,63.233394622802734,0.9532343149185181,85.56945037841797,55.13888931274414,0.929749071598053,63.999359130859375,104.96524810791016,0.9898632764816284,153.14634704589844,100.7229995727539,0.7801511287689209,161.6581268310547,137.87109375,0.9679394960403442,110.62528991699219,157.481689453125,0.9571540355682373
103,154.46047973632812,47.28901672363281,0.9980120658874512,187.76797485351562,108.49623107910156,0.9961414933204651,151.4489288330078,81.5824966430664,0.9993334412574768,131.1086883544922,93.67164611816406,0.9966363906860352,110.00798797607422,110.93058013916016,0.9902258515357971,89.55928039550781,124.90019989013672,0.9979286193847656,146.56033325195312,63.233394622802734,0.9353360533714294,85.56945037841797,54.428192138671875,0.9273973703384399,64.70841217041016,104.1031265258789,0.992373526096344,153.7068328857422,100.7229995727539,0.7530965805053711,161.7479705810547,137.7283172607422,0.9714720845222473,110.6802749633789,157.64739990234375,0.9628217816352844
104,159.75303649902344,47.06443405151367,0.9979041814804077,190.8044891357422,107.55072021484375,0.9964829683303833,152.4663543701172,81.40676879882812,0.9991655349731445,132.1229248046875,93.63856506347656,0.9957320094108582,110.09265899658203,110.81488037109375,0.9875999689102173,89.58726501464844,124.19151306152344,0.997779905796051,146.48130798339844,63.233394622802734,0.9055435061454773,85.4992904663086,54.39241409301758,0.9322861433029175,65.09909057617188,101.64441680908203,0.9947822690010071,154.50860595703125,100.97007751464844,0.687983512878418,162.60125732421875,137.5386962890625,0.973440408706665,110.6802749633789,157.64739990234375,0.9626848697662354
105,161.38467407226562,43.82041931152344,0.9987865090370178,192.85092163085938,107.09669494628906,0.9970032572746277,152.47503662109375,81.18961334228516,0.9988875985145569,132.58181762695312,93.14972686767578,0.9953157901763916,110.31565856933594,110.55493927001953,0.9886055588722229,90.23393249511719,123.49037170410156,0.9967047572135925,146.458740234375,62.93010330200195,0.8913702368736267,85.4550552368164,54.20977020263672,0.9711289405822754,66.77613067626953,98.0091552734375,0.9946459531784058,155.08978271484375,101.53130340576172,0.6900911927223206,162.7029571533203,137.53871154785156,0.9717739224433899,110.57395935058594,157.7875213623047,0.9645955562591553
106,162.0601043701172,42.6216926574707,0.9989818930625916,194.23472595214844,104.7762222290039,0.9979063272476196,153.025146484375,80.77264404296875,0.998683750629425,133.90916442871094,92.94296264648438,0.9945534467697144,110.94259643554688,110.55493927001953,0.991938054561615,90.92691040039062,122.84716033935547,0.9964966177940369,146.458740234375,62.76317596435547,0.8990938663482666,85.2682113647461,54.185211181640625,0.9689548015594482,68.09941101074219,96.10234069824219,0.9935274720191956,155.26193237304688,101.61910247802734,0.6920982003211975,162.7530975341797,137.53871154785156,0.9747341871261597,110.43760681152344,157.81236267089844,0.9612328410148621
107,162.86328125,42.35884094238281,0.9990087747573853,194.6741180419922,104.62505340576172,0.9980409741401672,153.49525451660156,80.77264404296875,0.998236894607544,134.9145050048828,92.57038879394531,0.993328332901001,111.81857299804688,110.49655151367188,0.99396812915802,91.33428955078125,121.69462585449219,0.9970890879631042,146.458740234375,62.62085723876953,0.8953573107719421,85.25177764892578,54.13573455810547,0.9730493426322937,71.56029510498047,91.86605072021484,0.9912142157554626,155.26193237304688,101.71229553222656,0.6369140148162842,162.7530975341797,137.5386962890625,0.9768965840339661,110.24050903320312,157.7875213623047,0.9640944600105286
108,163.89306640625,42.28577423095703,0.999136745929718,195.1848907470703,104.47673034667969,0.9984369874000549,153.7175750732422,80.77264404296875,0.9979140162467957,135.95372009277344,92.55233001708984,0.9919320940971375,112.82581329345703,110.20803833007812,0.9943231344223022,91.9563217163086,121.30316925048828,0.9974851608276367,146.48130798339844,62.405982971191406,0.8680654764175415,85.2682113647461,54.13573455810547,0.9695730209350586,71.69268035888672,91.3439712524414,0.9916459918022156,155.72398376464844,101.71229553222656,0.6736361980438232,162.6141357421875,137.42657470703125,0.9787349700927734,110.20175170898438,157.57481384277344,0.9677261114120483
109,164.1643524169922,42.28577423095703,0.9991698265075684,195.47120666503906,103.74244689941406,0.9986764788627625,154.15121459960938,80.77264404296875,0.9974798560142517,136.98141479492188,91.25642395019531,0.9911859631538391,113.65473175048828,109.91173553466797,0.993113100528717,92.29441833496094,120.9206771850586,0.9977134466171265,146.75762939453125,62.07583236694336,0.8665797114372253,85.2682113647461,54.13573455810547,0.9746538400650024,71.78026580810547,91.29959869384766,0.991507887840271,155.72398376464844,102.92171478271484,0.7064411044120789,162.6141357421875,137.3487091064453,0.9773496985435486,110.20175170898438,157.57481384277344,0.9665714502334595
110,164.62318420410156,42.186859130859375,0.9991726279258728,196.93373107910156,101.89421844482422,0.998989999294281,154.18780517578125,80.46078491210938,0.9969513416290283,138.02415466308594,90.74755859375,0.9903157353401184,114.50712585449219,108.89342498779297,0.9936368465423584,92.79898834228516,120.53065490722656,0.9979299306869507,148.2272491455078,61.089412689208984,0.8950493335723877,85.32318115234375,54.02839279174805,0.9704186320304871,71.78026580810547,91.2317886352539,0.9914430975914001,155.72398376464844,102.92171478271484,0.6036154627799988,162.43699645996094,137.0523681640625,0.9802260398864746,110.19889831542969,157.53717041015625,0.9735482931137085
111,164.62318420410156,42.05759048461914,0.9991868138313293,197.35906982421875,99.59954071044922,0.9987273812294006,154.4796142578125,80.40039825439453,0.9968395233154297,138.1806640625,90.46511840820312,0.9904048442840576,114.86820983886719,108.34577941894531,0.9928591251373291,93.23918151855469,120.08087158203125,0.9982032775878906,148.25384521484375,60.8974609375,0.891655445098877,85.34552001953125,53.689727783203125,0.9611366987228394,71.69268035888672,91.1568603515625,0.9910154938697815,160.885009765625,100.69025421142578,0.6069799065589905,162.31790161132812,136.79322814941406,0.9822437167167664,110.19091796875,157.4620819091797,0.9760485291481018
112,164.62318420410156,41.99809265136719,0.9991876482963562,197.35906982421875,99.5380859375,0.9987962245941162,154.80409240722656,79.8691177368164,0.9960901141166687,138.31382751464844,90.32833099365234,0.988840639591217,115.37150573730469,108.02973937988281,0.9937454462051392,93.41508483886719,119.84266662597656,0.9982191920280457,148.59727478027344,60.66761016845703,0.9047037959098816,85.4528579711914,53.595375061035156,0.9599472880363464,71.77401733398438,90.980224609375,0.9911120533943176,161.1911163330078,97.90265655517578,0.5620054602622986,162.43699645996094,136.665771484375,0.9804731607437134,110.19091796875,157.4620819091797,0.9761189222335815
113,164.62318420410156,41.73308563232422,0.9991762042045593,197.35906982421875,99.5380859375,0.9987466335296631,155.7972869873047,79.77806091308594,0.9964886903762817,138.3927001953125,90.2281265258789,0.9896194338798523,117.08870697021484,107.67744445800781,0.9951849579811096,93.94257354736328,119.84266662597656,0.9984064698219299,149.19198608398438,60.09183883666992,0.9072844982147217,85.46590423583984,53.595375061035156,0.9554868340492249,71.77401733398438,90.84806823730469,0.9908179044723511,161.1911163330078,97.90265655517578,0.5476641654968262,162.35154724121094,136.43411254882812,0.9833094477653503,110.19091796875,157.53717041015625,0.9778197407722473
114,164.72811889648438,41.73308563232422,0.9991218447685242,196.27992248535156,99.5380859375,0.9989631175994873,155.85006713867188,79.76221466064453,0.996783971786499,139.20375061035156,90.00630187988281,0.9891381859779358,117.25032806396484,107.30101013183594,0.996180534362793,94.71127319335938,119.39087677001953,0.9984742999076843,150.00852966308594,59.59900665283203,0.9037251472473145,85.52893829345703,53.689727783203125,0.9433273077011108,71.63163757324219,90.84806823730469,0.9898082613945007,161.9002227783203,97.90265655517578,0.6016181707382202,162.3941650390625,136.15797424316406,0.9849632382392883,110.36629486083984,157.5717315673828,0.9798554182052612
115,164.72811889648438,41.73308563232422,0.9990807771682739,195.2990264892578,99.8426284790039,0.9991388320922852,156.79734802246094,79.67884063720703,0.9967341423034668,139.20375061035156,89.95167541503906,0.9892675280570984,117.81504821777344,106.90628814697266,0.996833860874176,95.99578094482422,119.29582214355469,0.9985118508338928,150.71168518066406,59.1895751953125,0.9182165861129761,85.52893829345703,53.696590423583984,0.9202839136123657,71.77401733398438,90.84771728515625,0.9906506538391113,162.4938507080078,98.1114501953125,0.6684073805809021,162.3941650390625,135.6768798828125,0.9869900345802307,110.57714080810547,157.92831420898438,0.9796894788742065
116,165.4324951171875,41.82015609741211,0.9991450309753418,194.01185607910156,99.94078826904297,0.9989351630210876,157.68397521972656,79.65133666992188,0.9971388578414917,140.1251220703125,89.57604217529297,0.9892895817756653,118.29791259765625,106.16033935546875,0.9974241256713867,96.2264404296875,118.90267944335938,0.9987943172454834,152.2347869873047,59.1895751953125,0.9142132997512817,85.46590423583984,54.41984939575195,0.9326284527778625,71.80303192138672,90.84806823730469,0.9906788468360901,163.4807586669922,98.1114501953125,0.7184343338012695,162.5253143310547,135.5852508544922,0.9879187941551208,110.58683776855469,158.18807983398438,0.9827002286911011
117,165.89735412597656,41.88355255126953,0.9991669654846191,193.1453094482422,99.94078826904297,0.9987879395484924,157.93194580078125,79.39411926269531,0.9966424703598022,140.73782348632812,89.05475616455078,0.9915426969528198,118.29791259765625,106.13340759277344,0.9974433183670044,97.28162384033203,118.90267944335938,0.9991447925567627,152.54672241210938,58.98152542114258,0.9314504265785217,85.03770446777344,57.72016906738281,0.9027214646339417,72.34441375732422,90.84806823730469,0.9904796481132507,166.07968139648438,98.56210327148438,0.8325652480125427,163.02684020996094,134.988037109375,0.9898692965507507,111.21710968017578,158.4429473876953,0.9895433187484741
118,166.06410217285156,41.892608642578125,0.9991675615310669,193.012939453125,99.94078826904297,0.9986811280250549,158.5478515625,79.34268188476562,0.9972781538963318,140.84259033203125,89.05475616455078,0.9906042218208313,118.34877014160156,105.64981842041016,0.9972267746925354,98.2071533203125,118.64881896972656,0.999301552772522,152.55795288085938,58.31211471557617,0.949225127696991,84.80216217041016,60.536293029785156,0.9591782093048096,72.4942398071289,90.74091339111328,0.9920870661735535,170.81834411621094,98.59166717529297,0.8656165599822998,163.19935607910156,134.988037109375,0.9892885684967041,111.36532592773438,158.8315887451172,0.9921470284461975
119,166.66934204101562,43.05488967895508,0.9992570281028748,192.40171813964844,99.84367370605469,0.9973581433296204,158.9476318359375,79.34268188476562,0.9978978633880615,141.76966857910156,89.05475616455078,0.9915210008621216,119.14945220947266,105.64981842041016,0.9974327683448792,98.66397857666016,118.64881896972656,0.9993525147438049,152.59837341308594,58.31211471557617,0.9629338383674622,84.80216217041016,62.02556228637695,0.9146690368652344,72.51469421386719,90.74091339111328,0.9894042015075684,173.3690948486328,99.26465606689453,0.9210074543952942,163.3053436279297,134.988037109375,0.9885896444320679,111.39360046386719,158.88250732421875,0.9925645589828491
120,168.30445861816406,44.94303894042969,0.9992596507072449,192.36541748046875,99.79993438720703,0.9958694577217102,159.3440399169922,79.34268188476562,0.9981493949890137,142.65274047851562,89.22493743896484,0.994053304195404,119.14945220947266,106.15676879882812,0.998105525970459,99.36361694335938,118.55931854248047,0.9993744492530823,152.59837341308594,58.07591247558594,0.9666664004325867,85.03652954101562,62.02556228637695,0.9069644808769226,72.72937774658203,91.00784301757812,0.9888523817062378,174.9384307861328,100.10135650634766,0.9774367809295654,163.30648803710938,135.87631225585938,0.9856228232383728,111.39360046386719,159.06787109375,0.9930422306060791
121,169.19700622558594,45.86000061035156,0.999122679233551,192.2006378173828,99.79993438720703,0.9954959154129028,159.6502685546875,79.50983428955078,0.99846351146698,143.12408447265625,89.60612487792969,0.9942189455032349,119.14945220947266,106.14554595947266,0.9981959462165833,99.72665405273438,118.55077362060547,0.999477207660675,152.86936950683594,57.700103759765625,0.9727116823196411,85.03652954101562,62.02556228637695,0.8729822635650635,72.78148651123047,91.027587890625,0.9904046058654785,174.96469116210938,100.72731018066406,0.9833751320838928,163.3813018798828,136.15548706054688,0.982629656791687,111.36532592773438,159.35623168945312,0.9941986799240112
122,169.50733947753906,47.45619201660156,0.9989705085754395,190.1277618408203,99.84367370605469,0.9940370321273804,160.2917022705078,80.07072448730469,0.9985626339912415,143.71055603027344,89.68757629394531,0.99471515417099,120.09254455566406,106.15676879882812,0.9984616041183472,100.12718200683594,118.5191879272461,0.9995959401130676,153.02874755859375,57.653350830078125,0.9723957180976868,85.9937515258789,62.02556228637695,0.8530754446983337,72.89285278320312,91.26692199707031,0.9909482598304749,176.40452575683594,101.14981842041016,0.9897128343582153,163.4952850341797,136.74356079101562,0.9788433313369751,111.2449722290039,159.36575317382812,0.9941959381103516
123,169.50733947753906,47.87905502319336,0.9989163875579834,189.5767059326172,102.0555648803711,0.9918982982635498,161.62625122070312,80.1312484741211,0.9987271428108215,144.1690673828125,89.91642761230469,0.9948445558547974,120.8475570678711,106.23306274414062,0.9984825253486633,100.72095489501953,118.3604507446289,0.999591052532196,154.9808807373047,57.12812423706055,0.9689406752586365,89.7157974243164,62.02556228637695,0.6690527200698853,73.11941528320312,91.32321166992188,0.9901872277259827,176.79893493652344,101.73123931884766,0.9897151589393616,163.7509002685547,136.78147888183594,0.978725254535675,111.21298217773438,159.36575317382812,0.9946634769439697
124,169.60365295410156,47.87905502319336,0.9988048076629639,187.82598876953125,106.05404663085938,0.9768434762954712,162.4716339111328,80.4960708618164,0.9984257221221924,144.47164916992188,90.18548583984375,0.9956445693969727,121.77874755859375,106.32714080810547,0.9985761642456055,101.15264892578125,118.03316497802734,0.9996196031570435,155.3424072265625,57.05949401855469,0.967254638671875,97.41031646728516,63.99502944946289,0.9713779091835022,73.16349029541016,92.00120544433594,0.994269847869873,179.10104370117188,101.86650085449219,0.9886343479156494,164.1061248779297,136.78147888183594,0.978775143623352,111.21298217773438,159.4021759033203,0.9947819113731384
125,169.60365295410156,47.87905502319336,0.998485267162323,187.51617431640625,110.61039733886719,0.9818098545074463,164.19683837890625,80.97713470458984,0.9987757802009583,145.90347290039062,90.54020690917969,0.9966183304786682,122.8258056640625,106.32714080810547,0.9985443353652954,101.69759368896484,117.6058349609375,0.9996911287307739,156.18325805664062,56.87274169921875,0.9712409377098083,101.03289031982422,63.99502944946289,0.9925750494003296,73.39653015136719,92.22063446044922,0.9951463341712952,179.36614990234375,103.36751556396484,0.9731687903404236,164.1690673828125,136.74356079101562,0.9814898371696472,111.21298217773438,159.4021759033203,0.9949744939804077
126,169.50733947753906,48.978668212890625,0.998528003692627,184.3997344970703,112.32459259033203,0.9693635106086731,164.55886840820312,81.0351791381836,0.9983047246932983,146.44290161132812,90.57078552246094,0.9965283274650574,123.5856704711914,106.32714080810547,0.9984037280082703,101.85453033447266,117.36249542236328,0.9996727705001831,157.35447692871094,56.25125503540039,0.9716899394989014,105.78169250488281,63.99502944946289,0.9848660230636597,73.52207946777344,92.22063446044922,0.995399534702301,179.3820037841797,104.5619888305664,0.9689928293228149,164.79476928710938,136.60777282714844,0.9806211590766907,111.26231384277344,159.35206604003906,0.9950373768806458
127,169.423828125,49.28835678100586,0.9988914132118225,184.3997344970703,115.17760467529297,0.9828391671180725,166.17462158203125,81.73888397216797,0.9981157779693604,147.62937927246094,90.99739074707031,0.9971064925193787,123.96267700195312,106.32266235351562,0.9985119700431824,102.13667297363281,117.16710662841797,0.9995970129966736,157.35447692871094,56.25125503540039,0.9680759906768799,109.51332092285156,63.69990539550781,0.9855920076370239,73.52207946777344,92.22063446044922,0.9950476884841919,179.95211791992188,107.55048370361328,0.9621893167495728,164.9778594970703,136.0042266845703,0.9813836216926575,111.32902526855469,159.28231811523438,0.9949964284896851
128,168.86940002441406,50.10096740722656,0.9987086057662964,184.3997344970703,115.84415435791016,0.975737452507019,166.83505249023438,82.19022369384766,0.9972635507583618,148.2620391845703,91.40924072265625,0.9963811039924622,124.29307556152344,106.03044891357422,0.9985923171043396,102.23162078857422,117.0447769165039,0.9995366334915161,157.35447692871094,56.25125503540039,0.9566188454627991,112.87427520751953,63.660606384277344,0.987532913684845,73.52207946777344,92.09017181396484,0.9948019981384277,180.53427124023438,109.72261047363281,0.9585842490196228,165.03500366210938,135.66671752929688,0.9817947149276733,111.3584213256836,159.28231811523438,0.9948989748954773
129,164.56719970703125,57.06214904785156,0.9985731840133667,184.5032196044922,116.37696075439453,0.969770073890686,168.711669921875,83.27754211425781,0.9973106384277344,149.02996826171875,92.87991333007812,0.9972530007362366,124.43717956542969,105.91085052490234,0.9986253976821899,102.23162078857422,116.75592803955078,0.9995312690734863,156.6598663330078,57.19646072387695,0.9360364675521851,119.20050811767578,61.023590087890625,0.9808412194252014,73.58888244628906,91.95716094970703,0.9945440292358398,181.54742431640625,111.42505645751953,0.9619475603103638,165.7838897705078,135.2473907470703,0.9820433259010315,111.3584213256836,159.27963256835938,0.9955507516860962
130,163.4501953125,57.415916442871094,0.9986398816108704,186.46971130371094,118.66439056396484,0.9612351655960083,169.546142578125,83.58300018310547,0.9974868297576904,149.7074432373047,93.38584899902344,0.997530996799469,124.49510192871094,105.51133728027344,0.9988210797309875,102.2562484741211,116.70858001708984,0.9995241165161133,156.2582244873047,60.220436096191406,0.9322631359100342,124.09243774414062,59.14672088623047,0.9790791273117065,73.58888244628906,91.80980682373047,0.9947892427444458,181.9061737060547,111.89321899414062,0.9412600994110107,167.43017578125,134.9292755126953,0.9736233353614807,111.3584213256836,159.24208068847656,0.9955073595046997
131,162.60214233398438,57.76885986328125,0.9985203146934509,188.94708251953125,118.9520263671875,0.9451262354850769,170.06570434570312,83.98102569580078,0.997346043586731,149.83555603027344,94.32137298583984,0.9978035092353821,124.76433563232422,105.13450622558594,0.9988396763801575,102.2562484741211,116.2837905883789,0.9995242357254028,156.2582244873047,61.68102264404297,0.9146251678466797,128.6407928466797,57.95571517944336,0.9724099040031433,73.58888244628906,91.80980682373047,0.99446702003479,182.7982635498047,111.89321899414062,0.9142809510231018,168.3780517578125,134.9292755126953,0.9755938053131104,111.3727798461914,159.0720977783203,0.9955657124519348
132,162.60214233398438,57.839412689208984,0.9984874725341797,190.0435028076172,119.02371215820312,0.9678272604942322,170.2589874267578,84.14446258544922,0.9968990087509155,150.18106079101562,94.38514709472656,0.9980447292327881,126.21076202392578,104.86864471435547,0.9988699555397034,102.2562484741211,116.16313171386719,0.9995239973068237,156.20901489257812,62.78750228881836,0.8978690505027771,132.11412048339844,57.412261962890625,0.9668034315109253,73.64595031738281,91.95716094970703,0.9943231344223022,182.9661102294922,111.89321899414062,0.8991122245788574,168.3780517578125,134.9292755126953,0.9711405038833618,111.3727798461914,159.07179260253906,0.9956015348434448
133,162.60214233398438,59.636016845703125,0.9963048696517944,191.3854522705078,119.02371215820312,0.9869070053100586,170.76844787597656,84.25930786132812,0.9964057207107544,150.6920928955078,94.46198272705078,0.9978182315826416,126.57432556152344,104.78392028808594,0.9990766048431396,102.90437316894531,116.06904602050781,0.9995757937431335,156.0616455078125,62.903526306152344,0.9160184860229492,142.76394653320312,57.158382415771484,0.9448127746582031,73.64595031738281,91.95716094970703,0.9936633110046387,186.4590606689453,111.74005889892578,0.9323855042457581,168.3780517578125,135.55174255371094,0.9612376093864441,111.46951293945312,158.9612579345703,0.9956008195877075
134,162.98367309570312,59.636016845703125,0.9927603006362915,193.05381774902344,122.9024658203125,0.9936972260475159,171.36788940429688,84.42474365234375,0.9934038519859314,152.31610107421875,94.65782165527344,0.9972968697547913,127.93391418457031,104.78392028808594,0.9993201494216919,103.22599029541016,115.80477142333984,0.9994521737098694,156.20901489257812,62.92668151855469,0.935259997844696,147.2441864013672,56.92534255981445,0.9370522499084473,73.64595031738281,91.7452621459961,0.9938949942588806,187.1171112060547,111.74005889892578,0.9384307265281677,166.94009399414062,135.9728546142578,0.9711973071098328,111.7061996459961,158.19589233398438,0.9959113597869873
135,163.0850067138672,59.67144775390625,0.9818922877311707,195.7084197998047,124.44209289550781,0.9959869980812073,171.5902862548828,84.66313934326172,0.9922744631767273,153.6493377685547,94.65782165527344,0.9977745413780212,128.70175170898438,104.86864471435547,0.999423623085022,104.33698272705078,115.7615966796875,0.9992566704750061,156.3284149169922,63.019954681396484,0.9519329071044922,149.4337921142578,56.55232238769531,0.9557238221168518,72.77284240722656,90.86235046386719,0.9936423301696777,188.3826141357422,111.74005889892578,0.9591173529624939,165.84536743164062,135.9806365966797,0.9700400829315186,111.99492645263672,157.69940185546875,0.9961456060409546
136,172.61058044433594,59.6967658996582,0.9883595705032349,198.03460693359375,127.35599517822266,0.9912296533584595,172.75994873046875,88.02642822265625,0.9901626110076904,155.50184631347656,94.65782165527344,0.9974597096443176,129.5764923095703,105.09192657470703,0.9993782043457031,104.92393493652344,115.37479400634766,0.9988947510719299,156.3284149169922,63.60768127441406,0.9424027800559998,150.4535369873047,56.55232238769531,0.9830896854400635,72.77284240722656,90.86235046386719,0.9943816065788269,192.4646759033203,112.91612243652344,0.9454445242881775,165.83485412597656,136.35150146484375,0.9716247916221619,112.32001495361328,157.4879150390625,0.9963273406028748
137,175.11500549316406,59.67144775390625,0.993502676486969,199.03079223632812,128.9639434814453,0.9908096790313721,172.84896850585938,88.22135162353516,0.9937641620635986,156.76087951660156,94.58634948730469,0.9974889755249023,130.23818969726562,105.19560241699219,0.9993552565574646,105.93375396728516,115.37479400634766,0.9983479976654053,157.6309051513672,64.80968475341797,0.9339829683303833,151.45111083984375,56.524803161621094,0.9914138317108154,72.77284240722656,90.86235046386719,0.9945580959320068,194.50640869140625,113.83071899414062,0.9370101690292358,165.81944274902344,136.5060272216797,0.9755070805549622,112.58356475830078,157.46629333496094,0.996639609336853
138,176.90953063964844,59.40022277832031,0.9934473633766174,200.21400451660156,129.03573608398438,0.9897046685218811,174.17108154296875,88.65646362304688,0.9939729571342468,157.08377075195312,94.58634948730469,0.9971528053283691,131.33819580078125,105.19560241699219,0.9994468092918396,106.4939956665039,115.25530242919922,0.9977770447731018,158.01873779296875,65.31580352783203,0.9136728644371033,151.5616455078125,56.15182876586914,0.9934239387512207,72.89472961425781,91.12364196777344,0.9949104189872742,196.4678955078125,113.90719604492188,0.9448891878128052,165.81944274902344,136.89019775390625,0.9757769703865051,112.61756896972656,157.4274444580078,0.9966358542442322
139,179.8832550048828,59.40022277832031,0.9949383735656738,201.3328399658203,129.03573608398438,0.992313802242279,174.85617065429688,88.65646362304688,0.9921057224273682,157.63665771484375,94.56844329833984,0.9971711039543152,131.81427001953125,105.19560241699219,0.9995369911193848,107.06041717529297,114.98480224609375,0.9970859885215759,158.01873779296875,66.62663269042969,0.8811017870903015,151.69996643066406,55.968143463134766,0.9948269724845886,72.95967864990234,91.21501159667969,0.9948899745941162,197.5449676513672,114.22089385986328,0.9595320224761963,165.67103576660156,136.92457580566406,0.9804173707962036,113.13687133789062,156.8845672607422,0.9968132376670837
140,182.50906372070312,58.87489700317383,0.9946980476379395,203.1509246826172,128.9639434814453,0.9940800070762634,175.87176513671875,88.65646362304688,0.9941044449806213,157.84747314453125,94.56844329833984,0.9976264834403992,133.01596069335938,105.13838958740234,0.9995482563972473,107.38812255859375,114.88516235351562,0.9975963234901428,158.04124450683594,67.23370361328125,0.8715071082115173,152.12338256835938,55.96742248535156,0.9952625036239624,72.95967864990234,91.23638916015625,0.9949390888214111,197.5449676513672,113.90719604492188,0.9563195109367371,165.68841552734375,137.09645080566406,0.9826657772064209,113.2768783569336,156.8134002685547,0.9970421195030212
141,184.72608947753906,54.766082763671875,0.995997428894043,207.2710723876953,128.68719482421875,0.9971550703048706,176.6964874267578,88.55907440185547,0.9957004189491272,158.01597595214844,94.16891479492188,0.9982838034629822,134.39585876464844,105.0970230102539,0.9994893074035645,108.47537994384766,114.88516235351562,0.9974658489227295,158.04124450683594,67.23370361328125,0.8776040077209473,152.35704040527344,55.161888122558594,0.9957540035247803,72.95967864990234,91.23638916015625,0.9949886202812195,197.68084716796875,113.90719604492188,0.9462807774543762,165.7039031982422,137.4219970703125,0.9871042966842651,113.42005157470703,156.7013702392578,0.9969257712364197
142,185.48362731933594,52.850345611572266,0.9982477426528931,208.86997985839844,126.76277160644531,0.9980654120445251,177.1330108642578,88.3031997680664,0.9968892931938171,158.1612548828125,94.14177703857422,0.9987216591835022,135.00302124023438,105.0970230102539,0.9993937015533447,108.9258041381836,114.63206481933594,0.9977444410324097,158.04124450683594,67.23370361328125,0.88944011926651,152.61734008789062,54.862491607666016,0.9959618449211121,72.95967864990234,91.23638916015625,0.9948504567146301,198.0717315673828,113.38961791992188,0.9517167806625366,165.68841552734375,137.67454528808594,0.9889149069786072,113.42005157470703,156.611328125,0.997016191482544
143,186.41055297851562,50.10236740112305,0.9989157915115356,211.97618103027344,126.03156280517578,0.9989762306213379,179.12049865722656,86.84154510498047,0.9967694282531738,159.09996032714844,94.1022720336914,0.9986929297447205,135.38824462890625,105.0134048461914,0.9992371797561646,109.49026489257812,114.36200714111328,0.9976734519004822,158.097900390625,67.22481536865234,0.9101753830909729,152.8076934814453,54.862491607666016,0.9968089461326599,72.97364807128906,91.17485809326172,0.9947698712348938,199.24644470214844,113.09571838378906,0.9616479277610779,165.6118927001953,137.8380126953125,0.9897387623786926,113.46186065673828,156.54185485839844,0.9972660541534424
144,187.7635955810547,50.10236740112305,0.9987258315086365,213.81504821777344,124.77301788330078,0.9991945624351501,180.5246124267578,86.84154510498047,0.9978291392326355,159.9783477783203,94.1022720336914,0.9988031387329102,135.75718688964844,104.92220306396484,0.9989467263221741,110.40216827392578,114.32832336425781,0.9974236488342285,158.23883056640625,67.19532012939453,0.9146391153335571,152.9489288330078,55.161888122558594,0.9966310858726501,72.89122009277344,90.7525634765625,0.9951270818710327,199.7442169189453,111.87101745605469,0.9545735120773315,165.6118927001953,137.84381103515625,0.9905610680580139,113.55613708496094,156.4586944580078,0.9972642660140991
145,189.85226440429688,50.10236740112305,0.9984782338142395,214.07760620117188,122.63300323486328,0.9991565942764282,180.6034393310547,86.84154510498047,0.9989058971405029,160.8447265625,94.1022720336914,0.9992132186889648,136.08383178710938,104.13585662841797,0.998988687992096,110.66029357910156,114.28916931152344,0.9973108768463135,159.33787536621094,67.19532012939453,0.9152078032493591,153.11138916015625,55.04804229736328,0.994191586971283,72.97364807128906,90.53546905517578,0.994499921798706,199.7442169189453,111.70193481445312,0.9533342123031616,165.58677673339844,137.95297241210938,0.9916175007820129,113.71785736083984,155.6521453857422,0.9966961145401001
146,191.68215942382812,54.92909622192383,0.9987408518791199,216.322265625,119.52162170410156,0.9984885454177856,181.1012420654297,87.62435913085938,0.9990335702896118,161.5044708251953,94.24098205566406,0.9993775486946106,136.29095458984375,104.13510131835938,0.9991069436073303,111.3696060180664,113.9404296875,0.9977976083755493,159.33787536621094,67.19532012939453,0.9156398773193359,153.21922302246094,55.04804229736328,0.9923675656318665,73.06181335449219,90.2924575805664,0.9940171241760254,199.7442169189453,111.70193481445312,0.9529258608818054,165.58677673339844,138.7937774658203,0.9923543930053711,114.3562240600586,154.16201782226562,0.9966669678688049
147,194.830322265625,54.92909622192383,0.9994626641273499,218.1135711669922,117.15474700927734,0.9979543685913086,181.1313934326172,87.8186264038086,0.9992714524269104,161.7192840576172,94.50487518310547,0.9995172023773193,136.29095458984375,104.049560546875,0.9990981817245483,111.51358032226562,113.82908630371094,0.9979574680328369,159.33787536621094,67.19532012939453,0.9081904292106628,153.30067443847656,55.04804229736328,0.9951395988464355,73.14736938476562,90.13175201416016,0.9934775829315186,198.29234313964844,111.42424011230469,0.9360832571983337,165.6118927001953,138.9447784423828,0.9921050071716309,114.78890991210938,154.0589599609375,0.9960185885429382
148,198.31546020507812,54.92909622192383,0.9993723034858704,220.7405242919922,116.8867416381836,0.9982221722602844,181.1313934326172,88.12296295166016,0.9993141889572144,162.03082275390625,94.53907775878906,0.999457061290741,136.37771606445312,104.049560546875,0.9989866614341736,111.694580078125,113.5523452758789,0.997913658618927,159.54832458496094,67.23599243164062,0.9256834983825684,153.64895629882812,54.46200942993164,0.9942907094955444,73.06717681884766,89.9605941772461,0.9929260015487671,197.85581970214844,111.42424011230469,0.9320534467697144,165.67477416992188,139.007080078125,0.9905808568000793,115.4033432006836,153.96421813964844,0.9958823919296265
149,201.53683471679688,54.51887512207031,0.9987152814865112,221.23056030273438,116.8867416381836,0.9983312487602234,181.1313934326172,88.35726165771484,0.9993818998336792,162.18801879882812,95.06423950195312,0.9994716048240662,136.63287353515625,104.049560546875,0.9988459348678589,111.76272583007812,113.48445892333984,0.9976654052734375,159.54832458496094,67.23599243164062,0.942774772644043,153.6885223388672,54.29811096191406,0.9943829774856567,73.06717681884766,89.94886779785156,0.9925692677497864,197.79611206054688,111.70193481445312,0.9320189952850342,166.20172119140625,139.1103057861328,0.9887991547584534,116.82154846191406,152.74684143066406,0.9958791732788086
150,201.6099395751953,51.51367950439453,0.998763918876648,221.2323760986328,116.44556427001953,0.998464822769165,181.5714874267578,88.95072174072266,0.9994367957115173,162.7495574951172,95.73458862304688,0.9994089603424072,136.6785888671875,104.1357650756836,0.998855710029602,111.97846984863281,113.48445892333984,0.9975618124008179,161.01402282714844,66.97888946533203,0.9567493796348572,156.13441467285156,52.41868209838867,0.9947695136070251,73.17192077636719,89.90091705322266,0.9924902319908142,196.9432830810547,111.74842834472656,0.9354273080825806,166.56417846679688,139.34852600097656,0.9877995252609253,120.427490234375,150.7817840576172,0.9932156205177307
151,202.74530029296875,51.51367950439453,0.9988582134246826,221.46038818359375,116.44556427001953,0.9985526204109192,181.8023223876953,89.40030670166016,0.999396562576294,163.1552276611328,96.01197814941406,0.9992489218711853,137.13279724121094,104.39201354980469,0.9986642599105835,112.14845275878906,113.5523452758789,0.9973669648170471,162.60800170898438,66.97888946533203,0.962347149848938,156.13441467285156,52.35443878173828,0.9945372939109802,73.06717681884766,89.90091705322266,0.9928001165390015,196.9432830810547,111.74842834472656,0.9163525104522705,166.60646057128906,139.5103302001953,0.9842043519020081,121.54305267333984,149.9945068359375,0.9921407103538513
152,204.27728271484375,51.51367950439453,0.9986592531204224,222.01327514648438,116.17436981201172,0.9983899593353271,182.03469848632812,90.05352783203125,0.9993775486946106,163.4835968017578,96.16197204589844,0.999083399772644,137.3881072998047,104.4925308227539,0.9987723231315613,112.49356079101562,113.5523452758789,0.9975530505180359,165.21983337402344,67.35846710205078,0.9657766819000244,156.13441467285156,52.35443878173828,0.9937286376953125,73.04540252685547,89.90091705322266,0.9918069243431091,196.9432830810547,112.60826873779297,0.8977881073951721,166.60646057128906,139.5449981689453,0.984930157661438,121.74198150634766,149.77813720703125,0.9928562641143799
153,205.699951171875,52.12148666381836,0.9984768033027649,222.63711547851562,116.17436981201172,0.9980608820915222,182.11666870117188,90.05813598632812,0.9991276860237122,163.80020141601562,96.3011245727539,0.9987813830375671,137.5723114013672,104.6773681640625,0.9986749291419983,112.60132598876953,113.28514862060547,0.9975408315658569,166.65399169921875,66.87699890136719,0.9685224294662476,156.02874755859375,52.41868209838867,0.9927882552146912,73.04540252685547,89.97393798828125,0.9913955330848694,197.2116241455078,112.60826873779297,0.9000228643417358,166.60646057128906,139.5449981689453,0.9867501854896545,121.7503662109375,149.53683471679688,0.9917111396789551
154,206.86395263671875,53.1713752746582,0.9981909394264221,223.2717742919922,116.17436981201172,0.9980792999267578,182.61093139648438,90.72120666503906,0.9992390871047974,164.37193298339844,96.43745422363281,0.9987579584121704,137.72662353515625,104.77071380615234,0.9986464381217957,112.6352310180664,113.79752349853516,0.9974752068519592,168.3542938232422,66.87699890136719,0.9671293497085571,155.21327209472656,52.8458366394043,0.9932159781455994,73.17192077636719,90.69432830810547,0.9912939667701721,197.75660705566406,112.60826873779297,0.8989142179489136,166.50125122070312,139.5449981689453,0.9872089624404907,122.07781982421875,149.53585815429688,0.9898959398269653
155,208.08090209960938,54.077762603759766,0.997925877571106,223.38455200195312,117.04894256591797,0.9981281161308289,183.464111328125,91.30029296875,0.9989550113677979,164.51303100585938,96.58905792236328,0.9982249140739441,137.80712890625,104.77071380615234,0.9986963868141174,113.14523315429688,113.83098602294922,0.997549831867218,168.91397094726562,66.87699890136719,0.9636697173118591,154.118896484375,53.250919342041016,0.9933648109436035,73.27352905273438,90.73503112792969,0.9918911457061768,198.25479125976562,111.3232650756836,0.8944283127784729,166.50125122070312,139.5449981689453,0.9876432418823242,122.27799224853516,149.47825622558594,0.9902001023292542
156,209.86997985839844,58.144256591796875,0.998223602771759,224.41848754882812,117.1943588256836,0.9984791874885559,184.42727661132812,91.5945816040039,0.9987275004386902,164.59375,96.62838745117188,0.9975798726081848,138.05178833007812,104.6773681640625,0.9987921118736267,113.41630554199219,113.88654327392578,0.9976418018341064,175.37351989746094,65.99291229248047,0.9790549874305725,153.10743713378906,53.42960739135742,0.9937781095504761,73.74430847167969,90.69432830810547,0.9925100803375244,198.25479125976562,111.3232650756836,0.9069164395332336,166.50125122070312,139.5903778076172,0.9881340861320496,122.27799224853516,149.47825622558594,0.9915335774421692
157,211.41212463378906,59.644710540771484,0.9987366795539856,224.95147705078125,117.4681625366211,0.9986196756362915,185.28370666503906,91.66730499267578,0.998195230960846,165.20787048339844,96.67333221435547,0.996597945690155,138.33505249023438,104.62837982177734,0.9989191293716431,113.53558349609375,113.88654327392578,0.9976297616958618,177.15219116210938,65.99291229248047,0.9907197952270508,152.83840942382812,53.672794342041016,0.9937560558319092,73.77427673339844,90.73503112792969,0.9925602674484253,198.25479125976562,111.3232650756836,0.9161903858184814,166.7499237060547,139.75582885742188,0.9884269833564758,122.07781982421875,149.53585815429688,0.9908015131950378
158,214.65322875976562,61.233829498291016,0.9993010759353638,224.95147705078125,120.51412200927734,0.9990952014923096,185.94480895996094,92.52127075195312,0.9983367919921875,165.370361328125,96.79859924316406,0.9962195754051208,138.39723205566406,104.50847625732422,0.998872697353363,113.53558349609375,113.88654327392578,0.9977284073829651,183.24322509765625,65.99291229248047,0.9921520352363586,152.83840942382812,53.98481369018555,0.9938958287239075,74.05559539794922,90.84120178222656,0.99333256483078,198.253173828125,111.58977508544922,0.885912299156189,166.7499237060547,139.75582885742188,0.989529550075531,121.96184539794922,150.00225830078125,0.9920352101325989
159,215.9532012939453,62.410457611083984,0.999186098575592,224.95147705078125,121.63648223876953,0.998698353767395,186.73367309570312,93.31175994873047,0.9981270432472229,166.4713134765625,97.04426574707031,0.9956557750701904,139.03224182128906,104.4780502319336,0.9987345337867737,114.07774353027344,113.88958740234375,0.9976860284805298,185.28514099121094,66.95196533203125,0.990065336227417,152.83840942382812,54.17207336425781,0.994114100933075,74.26280975341797,90.85035705566406,0.9932976365089417,198.253173828125,111.88471221923828,0.8653688430786133,166.7499237060547,139.78793334960938,0.9890469908714294,121.96184539794922,150.00225830078125,0.9924926161766052
160,217.44912719726562,62.93580627441406,0.9989194869995117,220.59376525878906,122.14691162109375,0.9971662163734436,187.70628356933594,93.58768463134766,0.997077465057373,167.09352111816406,97.05712127685547,0.9963080883026123,139.57862854003906,104.4780502319336,0.9986792206764221,114.75615692138672,113.86650848388672,0.9979777932167053,186.7031707763672,69.01318359375,0.9884753227233887,152.8587188720703,54.28239822387695,0.994408130645752,74.4835433959961,90.92423248291016,0.9935404658317566,198.253173828125,112.23271179199219,0.8991355895996094,166.44985961914062,139.95103454589844,0.9889183640480042,121.96184539794922,150.00225830078125,0.9939403533935547
161,218.65206909179688,62.93580627441406,0.9984961748123169,219.0914306640625,125.88421630859375,0.9956865310668945,188.85702514648438,93.6321792602539,0.996276319026947,167.92349243164062,97.42664337158203,0.9962144494056702,140.0937042236328,104.50847625732422,0.9986922144889832,115.33281707763672,113.86650848388672,0.9982448816299438,189.37486267089844,70.2914047241211,0.9876776337623596,152.95623779296875,54.28239822387695,0.9946337938308716,76.12358093261719,91.70542907714844,0.9951399564743042,199.1410675048828,114.07279968261719,0.9484370350837708,166.44985961914062,139.99159240722656,0.9893690347671509,122.06053161621094,149.7554473876953,0.992885410785675
162,218.80868530273438,63.31259536743164,0.9968043565750122,218.4027557373047,129.5247344970703,0.9957255125045776,190.01141357421875,95.21592712402344,0.9957249164581299,168.54696655273438,97.63021850585938,0.9966800212860107,140.8480682373047,104.57299041748047,0.9986151456832886,115.73623657226562,113.88958740234375,0.9981606602668762,190.7218780517578,72.47615814208984,0.9795961380004883,152.95623779296875,54.28239822387695,0.9959753155708313,76.52942657470703,92.69181060791016,0.995201587677002,201.62985229492188,114.82720947265625,0.9302549958229065,166.44833374023438,140.2529754638672,0.9893277287483215,122.101318359375,149.7554473876953,0.9919859170913696
163,223.40988159179688,63.472930908203125,0.9978201389312744,217.71234130859375,133.80355834960938,0.9975426197052002,190.14434814453125,95.91098022460938,0.9964854717254639,169.9908905029297,97.80938720703125,0.9967485666275024,141.94241333007812,104.7834701538086,0.998278021812439,116.23558044433594,114.29793548583984,0.9981204867362976,195.14088439941406,73.5633773803711,0.9641334414482117,152.8587188720703,53.96097946166992,0.9955754280090332,76.54214477539062,93.37029266357422,0.9939014911651611,201.62985229492188,115.25296020507812,0.9170787930488586,166.38096618652344,140.37367248535156,0.9895614981651306,122.1234130859375,149.7091064453125,0.9927353858947754
164,223.43862915039062,67.56169128417969,0.9990116357803345,217.36085510253906,136.0894012451172,0.9975917339324951,192.56201171875,96.26151275634766,0.998725950717926,171.24411010742188,99.17438507080078,0.9964154958724976,143.80039978027344,107.110595703125,0.9980979561805725,116.94849395751953,114.78473663330078,0.9979785084724426,198.5609588623047,75.12543487548828,0.9823514819145203,152.6872100830078,53.69939422607422,0.9951483607292175,77.26171112060547,94.0415267944336,0.994040310382843,201.62985229492188,115.47451782226562,0.8933354020118713,165.9805450439453,140.45042419433594,0.9897758960723877,122.32270812988281,149.56614685058594,0.9926306009292603
165,227.0852813720703,69.11373901367188,0.9996922016143799,217.31370544433594,136.92030334472656,0.9965856075286865,193.56373596191406,97.14498901367188,0.9993425011634827,172.35614013671875,99.28832244873047,0.9966264963150024,144.6370849609375,107.18073272705078,0.9984489679336548,117.46365356445312,115.07427215576172,0.9976903200149536,200.91429138183594,78.9737777709961,0.9692038893699646,152.6872100830078,53.61482238769531,0.9936612844467163,80.10643768310547,94.1199951171875,0.9975507855415344,200.37847900390625,115.68352508544922,0.8880175352096558,165.9805450439453,140.94656372070312,0.9900153279304504,123.0579605102539,148.0401611328125,0.9929760694503784
166,229.44813537597656,69.31201934814453,0.9996168613433838,216.85076904296875,139.11309814453125,0.9976009726524353,195.07655334472656,97.99983978271484,0.9995348453521729,172.97262573242188,99.84321594238281,0.9973704814910889,146.20306396484375,107.55345153808594,0.9987909197807312,118.39615631103516,115.07427215576172,0.9975969195365906,202.33114624023438,79.8757553100586,0.9465488195419312,152.6872100830078,53.49672317504883,0.9929202198982239,82.04933166503906,94.1199951171875,0.9981606602668762,200.37847900390625,116.37198638916016,0.874272882938385,165.96897888183594,141.06607055664062,0.9905111193656921,123.0579605102539,148.0401611328125,0.9929230213165283
167,232.03506469726562,70.152099609375,0.9989631175994873,216.5166778564453,140.84378051757812,0.9978492259979248,196.9681396484375,98.9791488647461,0.9995104074478149,174.3404541015625,100.2701416015625,0.9978353381156921,146.30252075195312,108.25891876220703,0.9983953833580017,119.65367126464844,115.07427215576172,0.9973046779632568,205.49856567382812,81.241943359375,0.9465612769126892,153.32278442382812,53.435298919677734,0.9896686673164368,83.54955291748047,94.71241760253906,0.9978881478309631,200.3516387939453,116.4287338256836,0.8309231400489807,165.96897888183594,141.31312561035156,0.9895080327987671,123.0579605102539,148.0401611328125,0.9927114248275757
168,234.2758331298828,71.45918273925781,0.997471809387207,216.5166778564453,142.38955688476562,0.9970992803573608,200.12667846679688,100.17090606689453,0.9987881779670715,176.2248077392578,101.1275405883789,0.9971068501472473,147.6863555908203,108.67414093017578,0.9983360171318054,121.6640625,114.81587982177734,0.9961925745010376,209.5644073486328,84.51729583740234,0.9244040250778198,153.72476196289062,53.0448112487793,0.9824218153953552,84.6287841796875,94.1199951171875,0.9970085024833679,200.3516387939453,119.36112213134766,0.8102965354919434,165.98880004882812,141.31312561035156,0.9885706305503845,122.97103881835938,148.0401611328125,0.9929913282394409
169,235.97337341308594,71.73992919921875,0.9970667958259583,216.5166778564453,143.9482879638672,0.9949451088905334,201.31338500976562,103.7899169921875,0.9981274008750916,179.06431579589844,102.7280502319336,0.9956949949264526,149.77484130859375,108.67414093017578,0.9979463219642639,122.58386993408203,114.05501556396484,0.9963435530662537,214.16470336914062,84.97489929199219,0.9403682947158813,153.8762664794922,53.0448112487793,0.9829932451248169,86.14254760742188,93.20789337158203,0.9964292645454407,200.3516387939453,119.46573638916016,0.7746961116790771,167.91310119628906,142.1316375732422,0.9898884892463684,122.66963958740234,147.85726928710938,0.9939407110214233
170,236.18113708496094,77.93665313720703,0.997989296913147,216.5166778564453,145.0108642578125,0.9949625730514526,203.96165466308594,105.3505859375,0.9966973066329956,181.150146484375,104.94290924072266,0.9941434264183044,151.71592712402344,108.73458099365234,0.997595489025116,123.42406463623047,113.27548217773438,0.9969346523284912,216.9603729248047,85.16008758544922,0.9420572519302368,153.8762664794922,53.0448112487793,0.9841288328170776,93.38785552978516,92.88103485107422,0.9940283298492432,198.53897094726562,119.46573638916016,0.8772351741790771,168.39112854003906,142.41502380371094,0.9878929257392883,122.26277923583984,147.85726928710938,0.9951565265655518
171,241.91050720214844,79.14002990722656,0.9983237385749817,216.5166778564453,148.33535766601562,0.994664192199707,205.40916442871094,105.3505859375,0.9951752424240112,182.368896484375,105.21640014648438,0.9950910806655884,153.43809509277344,108.67414093017578,0.998809814453125,126.42827606201172,113.27548217773438,0.99659663438797,218.82461547851562,85.27737426757812,0.9493271708488464,153.8762664794922,53.0448112487793,0.9870899319648743,100.7838363647461,90.2197265625,0.9976174235343933,198.53897094726562,119.36112213134766,0.9122154116630554,173.7992706298828,144.76553344726562,0.9822756052017212,122.26277923583984,147.8081817626953,0.9957563281059265
172,243.45278930664062,79.14002990722656,0.9982598423957825,216.07623291015625,149.63018798828125,0.9934480786323547,206.70144653320312,105.3505859375,0.9957259893417358,185.39297485351562,105.59788513183594,0.9933874607086182,155.06459045410156,108.64817810058594,0.9990059733390808,126.94550323486328,113.0445785522461,0.997702419757843,218.83282470703125,85.27737426757812,0.9595276117324829,153.86497497558594,52.93849563598633,0.9903398156166077,109.3125991821289,86.17054748535156,0.9973717927932739,198.27406311035156,117.82455444335938,0.9096816778182983,179.6868438720703,144.76553344726562,0.9854868650436401,122.26277923583984,147.7600555419922,0.995974600315094
173,244.1944122314453,79.14002990722656,0.9983946681022644,214.76834106445312,150.7889862060547,0.9935909509658813,208.20457458496094,104.2489242553711,0.9966740608215332,186.1959228515625,106.19286346435547,0.9930344820022583,157.24563598632812,108.15118408203125,0.9989399313926697,127.20497131347656,112.70130157470703,0.9979568719863892,219.72434997558594,85.16008758544922,0.9667496085166931,153.86497497558594,53.0845947265625,0.9925040006637573,112.75065612792969,83.99967193603516,0.9965728521347046,198.53897094726562,117.82455444335938,0.9032078385353088,182.33880615234375,145.493896484375,0.9808066487312317,122.32071685791016,147.53860473632812,0.9962235689163208
174,244.41012573242188,78.93985748291016,0.9986623525619507,213.18792724609375,152.6479034423828,0.9889640808105469,209.51388549804688,104.0612564086914,0.9973830580711365,187.61492919921875,106.35940551757812,0.9936098456382751,158.8607940673828,108.15118408203125,0.9986037611961365,128.46493530273438,112.54752349853516,0.9990118741989136,219.84063720703125,85.02003479003906,0.9741510152816772,153.86497497558594,53.0845947265625,0.9938583970069885,120.3022689819336,83.83123016357422,0.9976657629013062,198.92111206054688,117.82455444335938,0.883224368095398,184.53720092773438,147.46844482421875,0.8924612402915955,122.49055480957031,147.3682403564453,0.9959145188331604
175,244.41915893554688,78.13777160644531,0.9988009929656982,213.18792724609375,153.4650421142578,0.9131681323051453,209.99533081054688,104.0612564086914,0.9981347322463989,187.75823974609375,106.79750061035156,0.9953137636184692,158.87278747558594,108.15118408203125,0.9980952143669128,129.74221801757812,111.284912109375,0.9992232322692871,219.8812255859375,85.02003479003906,0.9733766913414001,153.71751403808594,52.8282470703125,0.9956881403923035,124.5059585571289,79.00646209716797,0.9953963160514832,199.69088745117188,118.35173797607422,0.7863121628761292,203.46812438964844,155.01397705078125,0.8607393503189087,122.49055480957031,147.13768005371094,0.9961435794830322
176,245.06884765625,76.51346588134766,0.9988471269607544,213.18792724609375,153.61126708984375,0.912096381187439,210.83689880371094,104.2489242553711,0.9984985589981079,188.2038116455078,106.79750061035156,0.9963439106941223,159.884765625,107.95796966552734,0.9978323578834534,130.7020263671875,111.18577575683594,0.9992726445198059,220.27532958984375,85.02003479003906,0.9809097647666931,153.71751403808594,52.721351623535156,0.9973338842391968,127.12312316894531,74.94053649902344,0.9965862035751343,200.12738037109375,118.5291748046875,0.8033769130706787,203.46812438964844,155.4503173828125,0.8976101875305176,122.47431945800781,146.8455047607422,0.9960281848907471
177,245.06884765625,76.31904602050781,0.9989081621170044,214.3502197265625,153.7384490966797,0.9151300191879272,211.8438262939453,104.2489242553711,0.9980657696723938,188.94247436523438,106.79750061035156,0.996819019317627,159.9066162109375,108.00508117675781,0.997871994972229,131.497802734375,110.39176940917969,0.9992382526397705,221.11485290527344,85.02003479003906,0.9821056127548218,153.93165588378906,52.45783996582031,0.997410237789154,130.65365600585938,72.90547180175781,0.9978809952735901,200.1689453125,118.56751251220703,0.7969121336936951,203.46812438964844,155.4503173828125,0.9228524565696716,122.47431945800781,146.8455047607422,0.9959456324577332
178,245.06884765625,75.242431640625,0.9986897110939026,217.9713134765625,154.14035034179688,0.9869874715805054,212.56094360351562,103.98009490966797,0.9981682300567627,189.931884765625,106.64945983886719,0.9972553849220276,160.60482788085938,108.00508117675781,0.9980939030647278,132.02273559570312,109.72816467285156,0.9992809891700745,222.38497924804688,85.06092071533203,0.9830641150474548,153.80722045898438,52.1844482421875,0.9974800944328308,131.53956604003906,72.347900390625,0.9974454641342163,200.44561767578125,118.56751251220703,0.8294042348861694,202.57772827148438,155.4503173828125,0.9189437031745911,122.31727600097656,146.82040405273438,0.9958158135414124
179,244.54502868652344,73.07713317871094,0.9991575479507446,219.990478515625,154.2055206298828,0.9923112988471985,213.24900817871094,103.9193115234375,0.9982596039772034,190.45152282714844,106.41908264160156,0.9970677495002747,161.43882751464844,108.00238037109375,0.9980972409248352,133.05746459960938,109.48233032226562,0.9993292093276978,222.79698181152344,85.195068359375,0.9841445684432983,153.80722045898438,52.1844482421875,0.9976176619529724,132.9811248779297,71.99555206298828,0.9975547194480896,201.67401123046875,118.56751251220703,0.8291534781455994,202.44483947753906,154.2435760498047,0.9437278509140015,122.2535171508789,146.8455047607422,0.9955508708953857
180,243.92251586914062,72.09403228759766,0.9994625449180603,221.9566650390625,154.14035034179688,0.9931355714797974,214.03945922851562,103.9193115234375,0.9985700845718384,191.1121063232422,106.41908264160156,0.9969456791877747,161.9547576904297,108.00238037109375,0.9979374408721924,133.41844177246094,108.92941284179688,0.9992756247520447,222.8304443359375,85.06092071533203,0.9839816689491272,153.93165588378906,52.15359878540039,0.9974303841590881,133.14398193359375,71.76825714111328,0.9978027939796448,203.77781677246094,117.52523803710938,0.8234146237373352,202.0732879638672,153.5689239501953,0.9651051163673401,122.22330474853516,146.89633178710938,0.9956076741218567
181,243.0003662109375,72.09403228759766,0.999382734298706,225.25498962402344,154.14035034179688,0.9965007305145264,214.5037078857422,103.86123657226562,0.9986732006072998,191.5393829345703,106.41908264160156,0.9972817897796631,162.7747039794922,108.00508117675781,0.99797123670578,134.48377990722656,108.81417846679688,0.9993253946304321,223.51902770996094,85.02299499511719,0.985260009765625,153.94065856933594,52.15359878540039,0.9976288676261902,133.81214904785156,71.76825714111328,0.9970300197601318,203.89022827148438,117.52523803710938,0.8451572060585022,201.98568725585938,153.5689239501953,0.9731519818305969,122.1847915649414,146.917236328125,0.9955376386642456
182,242.89547729492188,72.09403228759766,0.9993659853935242,227.99876403808594,151.88258361816406,0.997761607170105,215.50987243652344,103.86123657226562,0.9984222650527954,192.42848205566406,106.61905670166016,0.9979596138000488,163.5566864013672,108.07992553710938,0.9978308081626892,135.576171875,108.81417846679688,0.9989633560180664,224.28643798828125,85.195068359375,0.9838848114013672,153.94065856933594,52.00543975830078,0.9977261424064636,133.81214904785156,71.76825714111328,0.9969913959503174,204.45767211914062,117.52523803710938,0.8483233451843262,201.7265167236328,153.5689239501953,0.9802160859107971,122.11361694335938,146.95404052734375,0.9953500032424927
183,242.86026000976562,72.09403228759766,0.999345600605011,233.56668090820312,151.51168823242188,0.9951784610748291,216.73106384277344,103.86123657226562,0.9982362985610962,193.30349731445312,106.61905670166016,0.9978942275047302,164.4886016845703,108.69564819335938,0.9976905584335327,136.76963806152344,108.63784790039062,0.9985188841819763,224.6270294189453,85.02299499511719,0.984714925289154,153.96563720703125,52.00543975830078,0.9978389143943787,133.81214904785156,71.76825714111328,0.9972915053367615,206.6505584716797,117.96025848388672,0.8209537267684937,200.9561309814453,153.99998474121094,0.9845848679542542,122.04232025146484,147.09982299804688,0.9958595633506775
184,242.22412109375,72.09403228759766,0.9993053674697876,235.99267578125,147.9990234375,0.9980910420417786,217.6634063720703,103.87464141845703,0.998108983039856,194.26712036132812,106.61905670166016,0.9979680180549622,165.54498291015625,108.69564819335938,0.9971899390220642,137.8607940673828,108.63784790039062,0.9977941513061523,224.6270294189453,84.99333953857422,0.9834896326065063,153.96563720703125,52.00543975830078,0.9977781176567078,133.5092315673828,72.17400360107422,0.9973263740539551,206.9696502685547,120.0260009765625,0.8657723665237427,200.9561309814453,154.84410095214844,0.9874365329742432,122.04232025146484,147.09982299804688,0.9956647753715515
185,240.26246643066406,71.97796630859375,0.9991744160652161,240.0837860107422,145.58546447753906,0.9986386895179749,217.6634063720703,103.70133972167969,0.9982296824455261,194.8992156982422,106.49615478515625,0.9979839324951172,166.32154846191406,108.69564819335938,0.9962435960769653,138.6865997314453,108.13878631591797,0.9977868795394897,224.6270294189453,84.861083984375,0.9774287343025208,153.96563720703125,52.00543975830078,0.9979591369628906,133.5092315673828,72.17400360107422,0.9974853992462158,207.51177978515625,121.27249908447266,0.9154077172279358,200.95167541503906,155.7513427734375,0.9867031574249268,122.00973510742188,147.2062225341797,0.9956809282302856
186,237.5570831298828,65.29974365234375,0.9988710284233093,244.5898895263672,142.86915588378906,0.997930645942688,217.702392578125,103.28870391845703,0.9986159801483154,196.13653564453125,106.49615478515625,0.9973357319831848,166.84210205078125,108.26859283447266,0.9959214925765991,140.09767150878906,107.98417663574219,0.9982499480247498,224.47181701660156,84.15636444091797,0.9782667756080627,153.93310546875,51.985496520996094,0.9980548620223999,133.5092315673828,72.17400360107422,0.9976264834403992,209.5232391357422,121.5235595703125,0.9020726084709167,200.8058319091797,155.9785919189453,0.9871765971183777,121.22624206542969,148.3768768310547,0.9955433011054993
187,234.89443969726562,64.54065704345703,0.99850994348526,246.54916381835938,139.35939025878906,0.996802568435669,217.6634063720703,103.27137756347656,0.9981390237808228,196.61764526367188,106.40680694580078,0.9972199201583862,167.2635498046875,108.26859283447266,0.9968055486679077,140.9735565185547,107.8488998413086,0.9984437823295593,223.41641235351562,83.7772445678711,0.9802871346473694,154.06886291503906,52.113182067871094,0.9979590177536011,133.57740783691406,72.05210876464844,0.9977770447731018,209.57833862304688,121.54422760009766,0.9644959568977356,200.39126586914062,155.9785919189453,0.9865293502807617,122.00973510742188,147.09982299804688,0.9951500296592712
188,231.2592010498047,63.76530456542969,0.9982807636260986,250.1797332763672,134.60800170898438,0.9965171813964844,217.6634063720703,103.27137756347656,0.9983508586883545,197.0621337890625,106.40680694580078,0.9974230527877808,167.79666137695312,108.26859283447266,0.997165858745575,141.62771606445312,107.65605926513672,0.9985417127609253,223.3804168701172,83.30848693847656,0.9806210398674011,153.9661407470703,52.113182067871094,0.9978286623954773,133.57740783691406,72.05210876464844,0.997891366481781,210.59820556640625,123.55961608886719,0.9818637371063232,200.358642578125,155.9785919189453,0.985266923904419,121.52094268798828,148.28848266601562,0.9954057931900024
189,226.83819580078125,63.443538665771484,0.9985737800598145,252.26486206054688,132.68695068359375,0.9980851411819458,217.702392578125,103.17677307128906,0.9981423616409302,197.11830139160156,106.21336364746094,0.9968356490135193,168.460205078125,108.32623291015625,0.9977849125862122,142.22889709472656,107.58897399902344,0.9986355900764465,223.3804168701172,82.43920135498047,0.9722991585731506,153.90028381347656,52.34580993652344,0.9977631568908691,133.57740783691406,71.90526580810547,0.9977540373802185,215.09165954589844,124.70787811279297,0.9817830920219421,200.2122039794922,155.82086181640625,0.9832552671432495,121.52094268798828,148.28848266601562,0.9953750967979431
190,224.84686279296875,61.227928161621094,0.997385561466217,255.90411376953125,131.4496307373047,0.9992196559906006,218.84730529785156,102.89891052246094,0.9982038736343384,197.6354217529297,106.11576843261719,0.9959064722061157,168.9109649658203,108.42301177978516,0.9979451298713684,142.63922119140625,107.58897399902344,0.9986771941184998,223.41641235351562,82.43920135498047,0.9654779434204102,153.8004608154297,52.739200592041016,0.9977820515632629,133.74293518066406,72.05210876464844,0.9977586269378662,216.1980438232422,125.6401596069336,0.9859300255775452,200.2122039794922,155.66964721679688,0.9841319918632507,122.1455078125,147.0419464111328,0.9950343370437622
191,223.6458282470703,60.05706787109375,0.9955750703811646,257.7930603027344,131.09027099609375,0.9993289709091187,219.94212341308594,102.89862060546875,0.998496413230896,198.6407928466797,105.97982025146484,0.9961656332015991,169.6819610595703,108.43517303466797,0.9985052347183228,143.33499145507812,107.58897399902344,0.9985533356666565,223.86627197265625,82.43920135498047,0.9621396660804749,153.51670837402344,53.182254791259766,0.9970521926879883,133.7417449951172,72.12750244140625,0.9978565573692322,216.68186950683594,126.14302825927734,0.9880096316337585,200.13693237304688,155.6129608154297,0.9851068258285522,122.16455841064453,146.7751007080078,0.9949774146080017
192,222.50469970703125,59.38555145263672,0.9920113682746887,259.1745910644531,129.11715698242188,0.9988822340965271,220.82049560546875,102.67279052734375,0.9986592531204224,200.43370056152344,105.97982025146484,0.9943301677703857,170.3366241455078,108.4674301147461,0.9984545707702637,143.73529052734375,107.74024200439453,0.9985007047653198,224.46473693847656,82.70236206054688,0.9618241786956787,153.4514617919922,57.13937759399414,0.9911630153656006,133.6278533935547,72.12750244140625,0.9981531500816345,217.77230834960938,126.14302825927734,0.9886460304260254,200.13693237304688,155.6129608154297,0.9870180487632751,122.21925354003906,146.75479125976562,0.9949047565460205
193,222.08123779296875,55.35936737060547,0.9916682243347168,260.48504638671875,126.46478271484375,0.9988277554512024,220.8868408203125,101.9382553100586,0.9984747767448425,200.72845458984375,105.97982025146484,0.9941054582595825,170.68453979492188,108.65289306640625,0.9985588192939758,144.2698516845703,108.02616882324219,0.9985678195953369,224.46473693847656,82.9537124633789,0.9586829543113708,153.4514617919922,58.354331970214844,0.9888229370117188,133.6278533935547,72.12750244140625,0.9983595013618469,218.10606384277344,126.14302825927734,0.9892234802246094,200.13693237304688,155.66964721679688,0.9857226014137268,122.27702331542969,146.5621795654297,0.9949951171875
194,222.08123779296875,54.77883529663086,0.9929507970809937,261.479736328125,125.55760192871094,0.9985970854759216,221.4594268798828,101.63688659667969,0.9985622763633728,201.4823455810547,105.97982025146484,0.9935997724533081,171.32498168945312,108.95963287353516,0.9986586570739746,144.60821533203125,108.08999633789062,0.9983476400375366,224.46473693847656,82.97317504882812,0.9476619362831116,153.4514617919922,58.799560546875,0.9904097318649292,133.7417449951172,72.1561279296875,0.9983456134796143,218.25238037109375,126.04827880859375,0.9843643307685852,200.11871337890625,155.762451171875,0.9849158525466919,122.3479232788086,146.55291748046875,0.9951203465461731
195,222.08123779296875,54.77883529663086,0.9938820600509644,261.8962097167969,124.68709564208984,0.9982888102531433,221.7586669921875,101.42305755615234,0.9983605742454529,202.0513153076172,106.0177001953125,0.9924492835998535,171.99264526367188,109.14474487304688,0.9985514283180237,144.78369140625,109.31897735595703,0.9985249638557434,224.1846160888672,82.97317504882812,0.9421653747558594,155.2454071044922,60.1719856262207,0.9918864369392395,133.7417449951172,72.1561279296875,0.9986795783042908,223.493408203125,125.90653228759766,0.97974693775177,199.84469604492188,156.2183074951172,0.9821656346321106,122.65914916992188,146.3192138671875,0.9951955676078796
196,223.2823944091797,54.77883529663086,0.993226945400238,262.1578369140625,123.55171203613281,0.9978272318840027,222.0432891845703,101.19039154052734,0.9982008934020996,202.58688354492188,106.87930297851562,0.9933986663818359,172.725830078125,109.61438751220703,0.9979795813560486,145.75982666015625,109.59209442138672,0.9987829327583313,224.1846160888672,82.97317504882812,0.9412228465080261,158.51759338378906,62.05320358276367,0.9935382008552551,134.01022338867188,72.71770477294922,0.998610258102417,225.4954833984375,125.90653228759766,0.9840574860572815,199.76947021484375,157.08428955078125,0.9811891317367554,122.67512512207031,146.19810485839844,0.994699239730835
197,223.2855987548828,55.87332534790039,0.9944082498550415,263.7085266113281,121.72691345214844,0.9963195323944092,223.64820861816406,99.2701644897461,0.9979257583618164,202.61473083496094,107.22254180908203,0.9931082725524902,173.62188720703125,109.8428955078125,0.9976766705513,146.392333984375,109.74657440185547,0.9989181756973267,224.1846160888672,82.81332397460938,0.9308170676231384,167.22914123535156,62.88842010498047,0.9956314563751221,134.56552124023438,72.82138061523438,0.9983419179916382,228.73019409179688,125.86375427246094,0.9884788393974304,199.7344512939453,157.7838897705078,0.977553129196167,122.85083770751953,146.08633422851562,0.9947407841682434
198,224.20767211914062,55.87332534790039,0.9962947964668274,263.75250244140625,120.59232330322266,0.9971966743469238,224.1082000732422,99.22882080078125,0.9985073208808899,203.08807373046875,107.4037857055664,0.9935053586959839,174.46031188964844,110.03983306884766,0.9974215030670166,147.3203582763672,110.1976318359375,0.9989632368087769,224.7091827392578,82.50286102294922,0.9458962678909302,169.95700073242188,64.79756164550781,0.996631920337677,134.67835998535156,73.0046615600586,0.9985033273696899,229.5718994140625,125.86858367919922,0.9878239631652832,199.67138671875,157.83265686035156,0.9789303541183472,123.15896606445312,146.032470703125,0.9951807260513306
199,225.29248046875,55.87332534790039,0.9982649683952332,264.6385498046875,119.8107681274414,0.9974229335784912,224.3074188232422,99.01077270507812,0.9987483024597168,203.69459533691406,107.7133560180664,0.9930893778800964,175.0467529296875,110.36971282958984,0.9968822002410889,148.0146026611328,110.55132293701172,0.9987830519676208,224.7505645751953,81.66441345214844,0.9441537857055664,173.2777862548828,65.15289306640625,0.9939903020858765,134.82078552246094,73.07170104980469,0.998506486415863,231.02175903320312,125.86858367919922,0.988664448261261,199.6165313720703,157.9012908935547,0.9793241620063782,123.26573181152344,145.2238006591797,0.995162844657898
200,226.80857849121094,54.41693115234375,0.9985601305961609,266.2113342285156,119.10836791992188,0.9978074431419373,224.82289123535156,98.70243072509766,0.9989913105964661,204.04083251953125,107.7133560180664,0.994101345539093,175.30516052246094,111.0359878540039,0.9970517158508301,148.61558532714844,110.84818267822266,0.9988025426864624,225.4923858642578,81.66441345214844,0.9512766003608704,177.9602813720703,65.15289306640625,0.9980688691139221,134.82078552246094,73.0046615600586,0.9981315732002258,234.55825805664062,126.00289916992188,0.9844009280204773,199.6165313720703,158.07090759277344,0.9778212308883667,123.44699096679688,145.21554565429688,0.9935770630836487
201,228.44076538085938,53.4851188659668,0.9989544153213501,267.3323059082031,119.10836791992188,0.9975952506065369,225.99563598632812,98.70243072509766,0.999336302280426,204.42523193359375,107.31507873535156,0.9932780861854553,175.59625244140625,111.0359878540039,0.9974172115325928,149.43116760253906,111.04115295410156,0.9988172650337219,225.70794677734375,81.66441345214844,0.9529187679290771,184.4247589111328,62.88842010498047,0.9920631051063538,134.82078552246094,73.0046615600586,0.9982276558876038,234.85545349121094,125.86858367919922,0.9857185482978821,199.6165313720703,158.07090759277344,0.9745728969573975,124.07598114013672,145.07183837890625,0.9917938113212585
202,230.14210510253906,52.60243606567383,0.9989767074584961,267.3323059082031,119.10836791992188,0.9976049661636353,226.69680786132812,98.70243072509766,0.9993876218795776,204.96029663085938,107.31507873535156,0.993645191192627,176.46267700195312,111.0359878540039,0.9974631071090698,150.06529235839844,111.41168975830078,0.9986425042152405,225.70794677734375,82.00189971923828,0.9596985578536987,189.88717651367188,64.38871002197266,0.9940067529678345,134.43234252929688,72.77669525146484,0.998457670211792,235.93423461914062,125.86858367919922,0.9830980896949768,199.66171264648438,158.11163330078125,0.976856529712677,124.07598114013672,144.70526123046875,0.9907761216163635
203,233.42588806152344,52.60243606567383,0.9976104497909546,267.3323059082031,119.94862365722656,0.9973416924476624,227.20071411132812,98.7872314453125,0.9994271993637085,205.91839599609375,105.9964828491211,0.9941322207450867,177.2372283935547,110.9566879272461,0.997407853603363,150.81707763671875,111.4837875366211,0.9984556436538696,225.70794677734375,82.64459228515625,0.9625535607337952,195.30184936523438,61.88441467285156,0.9975435137748718,134.42950439453125,72.77669525146484,0.9983602166175842,236.08050537109375,125.01789855957031,0.9856221079826355,199.66171264648438,158.4034881591797,0.9750867486000061,124.71379089355469,144.70526123046875,0.9891419410705566
204,235.03192138671875,52.60243606567383,0.9980040192604065,266.92578125,121.04418182373047,0.9972291588783264,227.51730346679688,98.7872314453125,0.9993904829025269,205.9730682373047,105.94390106201172,0.9939308166503906,178.04039001464844,110.95267486572266,0.9979305267333984,151.38894653320312,111.4837875366211,0.998267650604248,223.9530792236328,82.64459228515625,0.9676360487937927,197.81094360351562,61.226993560791016,0.9970518350601196,134.16995239257812,72.6948013305664,0.9983464479446411,237.4647979736328,125.01789855957031,0.9869717955589294,199.66171264648438,158.43765258789062,0.9717650413513184,127.80538940429688,144.39816284179688,0.9899492263793945
205,238.72842407226562,53.13146209716797,0.9982284903526306,266.9066162109375,122.88493347167969,0.9959832429885864,228.04747009277344,98.78990936279297,0.9993059635162354,206.9352569580078,105.43665313720703,0.9945490956306458,179.09042358398438,110.74400329589844,0.9977213740348816,152.01014709472656,111.41168975830078,0.9976442456245422,223.9530792236328,82.4141616821289,0.9600422382354736,204.4505157470703,61.5497932434082,0.9901168942451477,133.9420166015625,72.6589126586914,0.9983445405960083,238.4702606201172,125.01789855957031,0.9785203337669373,199.66171264648438,158.43765258789062,0.9761290550231934,128.60073852539062,143.38357543945312,0.9930474162101746
206,241.02767944335938,57.267906188964844,0.9991900324821472,266.25640869140625,123.8678970336914,0.9953235983848572,229.27098083496094,98.78990936279297,0.9993206262588501,207.6976776123047,105.43665313720703,0.9938791990280151,180.42868041992188,110.65128326416016,0.9977978467941284,152.61386108398438,111.33573150634766,0.9972225427627563,223.03968811035156,82.03994750976562,0.961800754070282,206.76406860351562,61.5497932434082,0.9833974242210388,133.8574676513672,72.64425659179688,0.9983250498771667,240.08192443847656,125.63006591796875,0.9790305495262146,199.68431091308594,158.43765258789062,0.9758636951446533,141.21852111816406,140.72430419921875,0.9869290590286255
207,244.9838104248047,57.267906188964844,0.9990666508674622,266.19842529296875,124.6031494140625,0.9953137636184692,230.8263702392578,98.78990936279297,0.9992988109588623,208.67898559570312,105.40391540527344,0.9947776794433594,181.38381958007812,110.64962768554688,0.997831404209137,153.6374053955078,111.33573150634766,0.9969314336776733,223.788330078125,82.03994750976562,0.9587804675102234,210.93287658691406,60.54725646972656,0.9891695380210876,133.8574676513672,72.58222961425781,0.9986536502838135,241.07135009765625,125.70948791503906,0.985696017742157,199.63345336914062,158.3685760498047,0.9772840738296509,149.17547607421875,140.72430419921875,0.9970781803131104
208,248.96205139160156,57.70346450805664,0.9988215565681458,265.8831787109375,124.87037658691406,0.9954698085784912,231.84791564941406,99.73878479003906,0.9991821646690369,209.57142639160156,105.43665313720703,0.9953863024711609,182.30943298339844,110.129638671875,0.9981948733329773,154.84149169921875,111.33573150634766,0.9962028861045837,223.788330078125,75.29080200195312,0.9491370320320129,216.0935821533203,60.54725646972656,0.9783148765563965,133.8733673095703,72.58222961425781,0.9986873269081116,243.4082489013672,126.75267791748047,0.9886916875839233,199.5850067138672,158.3685760498047,0.9712201356887817,159.34463500976562,139.9502410888672,0.9839426279067993
209,252.7877197265625,59.59722900390625,0.9974236488342285,264.221923828125,125.24626922607422,0.9962484240531921,232.2369384765625,99.74565124511719,0.9992163181304932,209.755615234375,105.49542999267578,0.9961631298065186,183.13644409179688,110.129638671875,0.9980356097221375,156.86611938476562,111.85704803466797,0.9958296418190002,223.7445831298828,73.89393615722656,0.9813830256462097,220.9586639404297,60.54725646972656,0.9744356870651245,133.70408630371094,72.52410888671875,0.998715877532959,244.5243682861328,127.45565032958984,0.9846611618995667,199.51849365234375,158.3685760498047,0.9787651896476746,161.26776123046875,140.72430419921875,0.99623703956604
210,255.40631103515625,60.36618423461914,0.9969021081924438,263.98406982421875,126.2459716796875,0.9949852228164673,232.85813903808594,100.32585906982422,0.9989323019981384,210.80718994140625,105.6043701171875,0.9963032007217407,183.4990234375,110.129638671875,0.9978231191635132,157.92018127441406,112.22552490234375,0.9959080219268799,223.7445831298828,73.7216567993164,0.9839403629302979,222.9797821044922,60.40748977661133,0.9777042865753174,133.70408630371094,72.58222961425781,0.9986366629600525,246.11033630371094,127.45565032958984,0.9891079664230347,199.3954620361328,158.3685760498047,0.9632362723350525,166.2567901611328,141.56968688964844,0.9886171221733093
211,256.932373046875,62.16828918457031,0.9982884526252747,262.010009765625,127.21855163574219,0.9953035116195679,233.15513610839844,100.68344116210938,0.9990955591201782,211.4781494140625,105.6043701171875,0.9976081848144531,185.16156005859375,110.26337432861328,0.9984421133995056,159.3371124267578,112.41726684570312,0.9967052340507507,223.788330078125,73.66023254394531,0.9800497889518738,223.13307189941406,59.55057907104492,0.9839972257614136,133.28916931152344,72.58222961425781,0.9987671375274658,248.40013122558594,127.45565032958984,0.9864926934242249,199.14633178710938,158.3689422607422,0.9622440934181213,169.2550811767578,141.89027404785156,0.9774503707885742
212,258.93353271484375,62.87797927856445,0.9990591406822205,260.8533020019531,127.94862365722656,0.995699405670166,233.6620330810547,101.04218292236328,0.9990360736846924,212.4793243408203,105.96229553222656,0.9979612827301025,187.29644775390625,110.37029266357422,0.998416543006897,160.76266479492188,112.74738311767578,0.998497724533081,224.4371795654297,73.41521453857422,0.984126091003418,223.66033935546875,59.55057907104492,0.9880793690681458,133.1097412109375,72.38799285888672,0.998584508895874,249.00096130371094,126.0652847290039,0.9858778715133667,199.141357421875,158.44515991210938,0.9689558148384094,174.59608459472656,143.33734130859375,0.9587302803993225
213,261.6012878417969,63.44148254394531,0.9988265633583069,260.6016540527344,130.0532989501953,0.9978693723678589,234.00216674804688,101.20359802246094,0.9985735416412354,213.796875,106.25233459472656,0.9977613687515259,188.2388153076172,110.92459106445312,0.9984394907951355,161.57131958007812,112.77681732177734,0.9989891648292542,224.66456604003906,73.7216567993164,0.985519528388977,223.66033935546875,59.55057907104492,0.9909642934799194,132.5596160888672,72.0087661743164,0.9988019466400146,249.4925994873047,125.419921875,0.9785774946212769,199.2311553955078,158.44515991210938,0.9832006692886353,175.668701171875,146.79293823242188,0.9782480597496033
214,264.8105163574219,65.11785888671875,0.9986386895179749,260.443115234375,131.74183654785156,0.998603880405426,235.1038818359375,101.49778747558594,0.9981837868690491,214.5576934814453,106.38541412353516,0.9971218705177307,188.9819793701172,110.92459106445312,0.9982720613479614,162.17169189453125,112.77681732177734,0.9991626739501953,225.37937927246094,73.7216567993164,0.9848981499671936,224.41677856445312,59.861148834228516,0.9926562309265137,132.30796813964844,71.97361755371094,0.9987114667892456,249.57778930664062,125.419921875,0.9743468761444092,199.141357421875,158.49732971191406,0.9869855046272278,176.53176879882812,147.40463256835938,0.979197084903717
215,268.2474365234375,65.41665649414062,0.9976491332054138,259.90252685546875,132.7827911376953,0.9983111619949341,235.6428985595703,102.47184753417969,0.9980056881904602,215.36793518066406,106.7468032836914,0.9966083765029907,189.8661651611328,110.92459106445312,0.9982497096061707,162.71461486816406,112.77681732177734,0.9990625977516174,225.37937927246094,73.82434844970703,0.9764795899391174,224.41677856445312,60.05803680419922,0.9945276379585266,131.9495086669922,71.48596954345703,0.9988980293273926,249.61114501953125,125.419921875,0.980492115020752,199.098876953125,158.58616638183594,0.9896306395530701,177.23948669433594,151.6305389404297,0.9768327474594116
216,268.63690185546875,66.15533447265625,0.9982848763465881,259.4213562011719,133.09747314453125,0.9964989423751831,235.97711181640625,103.02630615234375,0.9980039000511169,216.01702880859375,107.18280029296875,0.9969401359558105,190.3544464111328,110.81707000732422,0.9979386925697327,163.01385498046875,112.72083282470703,0.9989883303642273,225.37937927246094,74.19728088378906,0.9748544692993164,224.41677856445312,60.540016174316406,0.9930371642112732,131.31187438964844,71.4403076171875,0.998935878276825,249.93414306640625,126.6704330444336,0.9758323431015015,199.098876953125,158.74427795410156,0.9906871914863586,179.24359130859375,152.35775756835938,0.9789791703224182
217,269.1559143066406,67.1232681274414,0.9978026747703552,259.0540771484375,133.44984436035156,0.9944512248039246,236.3109588623047,104.29436492919922,0.9971979856491089,216.89462280273438,108.21794891357422,0.9974740147590637,190.7986602783203,110.7171859741211,0.9978246688842773,163.28778076171875,112.61390686035156,0.9987878203392029,225.1642608642578,74.39007568359375,0.9695373773574829,224.12701416015625,60.79841995239258,0.9927071928977966,131.27793884277344,71.43824005126953,0.9989646673202515,250.66261291503906,127.0180892944336,0.9707377552986145,198.91151428222656,158.7648468017578,0.9920246601104736,180.27236938476562,152.5589141845703,0.9738994836807251
218,270.0813903808594,69.18370056152344,0.9973534345626831,258.5652160644531,134.2271728515625,0.9915334582328796,236.60317993164062,104.9740982055664,0.9956387877464294,217.4763946533203,108.58389282226562,0.9974508881568909,191.227783203125,110.71414184570312,0.997809112071991,163.6096649169922,112.37970733642578,0.9988403916358948,225.1642608642578,74.42247009277344,0.9712039232254028,223.98020935058594,60.79841995239258,0.9909235835075378,131.27548217773438,71.39385986328125,0.9989280104637146,251.41183471679688,128.0231170654297,0.9701980352401733,198.80120849609375,159.03466796875,0.9916425943374634,180.4329071044922,152.72657775878906,0.9756609797477722
219,270.85101318359375,70.89887237548828,0.9961993098258972,258.51690673828125,134.55130004882812,0.9879150390625,237.00860595703125,105.33318328857422,0.9948046803474426,217.8547821044922,108.83079528808594,0.9976515173912048,191.2369842529297,109.07670593261719,0.9976162910461426,163.78140258789062,112.27788543701172,0.9986585378646851,224.97972106933594,74.48703002929688,0.9711588621139526,223.98020935058594,61.025001525878906,0.9903016090393066,131.27548217773438,71.23473358154297,0.9989226460456848,252.81314086914062,128.61888122558594,0.9695842266082764,198.62498474121094,159.04937744140625,0.9920982122421265,180.78578186035156,152.84808349609375,0.9752076268196106
220,270.8563232421875,70.97189331054688,0.9939822554588318,258.3822021484375,134.84152221679688,0.9823540449142456,237.11451721191406,105.47105407714844,0.9934709072113037,217.94580078125,108.88663482666016,0.9976270794868469,191.5534210205078,109.07670593261719,0.9980121850967407,164.24839782714844,112.16360473632812,0.9987058639526367,224.95211791992188,74.42247009277344,0.9676951766014099,223.98020935058594,61.03281784057617,0.9910241365432739,131.27793884277344,71.2046890258789,0.9989091157913208,253.3719482421875,129.1621551513672,0.9744071960449219,198.62205505371094,159.06771850585938,0.992102324962616,181.34962463378906,153.00526428222656,0.9718590378761292
221,270.8563232421875,70.97189331054688,0.99363774061203,255.63720703125,136.48672485351562,0.9718281626701355,237.14016723632812,105.47105407714844,0.9927964806556702,217.94580078125,109.05953216552734,0.9975341558456421,191.69699096679688,109.05962371826172,0.9982455968856812,164.24839782714844,112.16360473632812,0.9987200498580933,224.97972106933594,74.39007568359375,0.9672324657440186,224.17233276367188,61.03281784057617,0.9911609888076782,131.36917114257812,71.2046890258789,0.9988592863082886,254.195556640625,129.42091369628906,0.9736941456794739,198.4364776611328,159.06771850585938,0.9925314784049988,181.34962463378906,153.04043579101562,0.971919596195221
222,271.04412841796875,70.97189331054688,0.9960042834281921,253.9107666015625,148.60882568359375,0.9746919274330139,237.33853149414062,105.57915496826172,0.9923800230026245,218.03167724609375,109.06805419921875,0.9972087740898132,191.8006591796875,109.07670593261719,0.9982683658599854,164.24839782714844,112.27788543701172,0.9985734224319458,225.18356323242188,73.51937103271484,0.9714087247848511,224.17233276367188,61.18499755859375,0.9905850291252136,131.39236450195312,71.2046890258789,0.998793363571167,254.8754119873047,130.17904663085938,0.9738140106201172,198.2189178466797,159.06771850585938,0.9930092096328735,181.34962463378906,153.15248107910156,0.9726272821426392
223,270.8563232421875,69.61911010742188,0.9971117973327637,253.36636352539062,152.707763671875,0.9869171380996704,237.530517578125,105.57915496826172,0.9912053942680359,218.0875701904297,109.08795928955078,0.9967833757400513,191.90087890625,109.1034927368164,0.9983776807785034,164.062255859375,113.16780090332031,0.9985018968582153,225.57701110839844,73.51937103271484,0.970601499080658,224.17233276367188,61.36790466308594,0.9922062754631042,131.8691864013672,71.51498413085938,0.9985858201980591,254.92909240722656,130.58067321777344,0.9770554304122925,197.65821838378906,159.04937744140625,0.9929441809654236,181.1256103515625,153.15248107910156,0.9730216264724731
224,270.8563232421875,68.7337417602539,0.9978220462799072,253.2928009033203,152.707763671875,0.9890264868736267,237.609130859375,105.47200012207031,0.9920682907104492,218.37783813476562,109.08795928955078,0.9966835379600525,192.34788513183594,109.1034927368164,0.9984857439994812,164.062255859375,113.16780090332031,0.9985318183898926,226.35348510742188,73.51937103271484,0.9701134562492371,224.14544677734375,61.36790466308594,0.9923045039176941,131.8691864013672,71.617919921875,0.9985350370407104,254.92909240722656,130.58067321777344,0.9780966639518738,196.75811767578125,158.27293395996094,0.991645872592926,181.1256103515625,153.15248107910156,0.9735348224639893
225,270.9754638671875,68.61994171142578,0.997703492641449,253.36636352539062,152.707763671875,0.9858371019363403,237.530517578125,105.47200012207031,0.993537962436676,219.04490661621094,109.08795928955078,0.9965378046035767,192.9644012451172,109.12345123291016,0.9983538389205933,164.00172424316406,113.16780090332031,0.9982561469078064,226.69015502929688,73.8925552368164,0.9713606238365173,223.76719665527344,61.36790466308594,0.9932730197906494,131.95379638671875,72.14189147949219,0.9983162879943848,254.92909240722656,130.58067321777344,0.9790823459625244,194.93556213378906,158.0392303466797,0.9844079613685608,181.11866760253906,152.13856506347656,0.9826422929763794
226,270.9754638671875,68.03287506103516,0.9973061084747314,253.36636352539062,151.76414489746094,0.9867598414421082,237.530517578125,105.47200012207031,0.9940804839134216,219.04795837402344,108.7896728515625,0.9960936903953552,192.9644012451172,109.13907623291016,0.9983084201812744,164.00172424316406,113.16065216064453,0.9982388019561768,227.767578125,74.18021392822266,0.9719102382659912,223.76719665527344,60.905113220214844,0.9936805963516235,132.02272033691406,72.14546966552734,0.9982545971870422,254.8783721923828,130.43893432617188,0.9780846834182739,193.3679656982422,156.52297973632812,0.9745422005653381,180.89134216308594,151.17694091796875,0.9818115830421448
227,270.5320129394531,68.03287506103516,0.9973049163818359,253.5204315185547,151.4857940673828,0.9906816482543945,237.31637573242188,105.45948028564453,0.9956503510475159,219.04795837402344,108.70652770996094,0.9959523677825928,192.9644012451172,109.2931900024414,0.9982593655586243,164.062255859375,113.0678939819336,0.9983555674552917,229.68719482421875,74.8276596069336,0.9709540605545044,223.76719665527344,60.580387115478516,0.9934478402137756,132.06234741210938,72.61316680908203,0.9979844093322754,254.72216796875,130.0515899658203,0.9806219339370728,193.3679656982422,156.52297973632812,0.9753578305244446,180.89134216308594,151.17694091796875,0.9773603677749634
228,269.4869079589844,67.86834716796875,0.9980319142341614,254.85531616210938,151.158447265625,0.9957512617111206,237.09117126464844,105.31778717041016,0.9961881041526794,219.04795837402344,108.52680206298828,0.9956459403038025,192.82440185546875,109.6259536743164,0.9980422258377075,164.12936401367188,112.96763610839844,0.9982612729072571,230.1074981689453,78.60647583007812,0.9619110822677612,223.9538116455078,60.580387115478516,0.9936603903770447,133.12777709960938,72.64109802246094,0.997817873954773,254.46499633789062,129.94366455078125,0.9791468977928162,193.3679656982422,156.52297973632812,0.9829394817352295,180.52639770507812,151.17694091796875,0.9789512753486633
229,268.64056396484375,67.23882293701172,0.9982581734657288,256.5169677734375,151.11045837402344,0.998063862323761,236.14573669433594,105.31778717041016,0.9967723488807678,217.89378356933594,108.28614807128906,0.9955583810806274,192.52996826171875,109.75072479248047,0.9977566599845886,165.59262084960938,112.46289825439453,0.9982755184173584,230.8358612060547,78.6546630859375,0.9522637128829956,224.05616760253906,60.580387115478516,0.9936702251434326,133.20684814453125,72.64176940917969,0.9978039860725403,253.7977752685547,129.7727813720703,0.9670774936676025,195.13955688476562,156.52297973632812,0.9904294013977051,180.376708984375,151.17694091796875,0.9806962609291077
230,267.13751220703125,67.08708953857422,0.9981833100318909,258.16961669921875,149.75270080566406,0.9987251162528992,235.8287811279297,105.31778717041016,0.9971758127212524,217.2029266357422,108.28052520751953,0.9952468276023865,192.17234802246094,110.04546356201172,0.9976931214332581,165.702880859375,112.39713287353516,0.9982325434684753,233.69000244140625,78.89850616455078,0.9483092427253723,224.18649291992188,60.580387115478516,0.9923827052116394,133.28395080566406,72.64176940917969,0.9977948665618896,253.04354858398438,129.10299682617188,0.9423226714134216,196.5930633544922,156.52297973632812,0.993517279624939,180.25872802734375,151.11672973632812,0.97603839635849
231,263.56597900390625,66.07479858398438,0.9985415935516357,260.2130432128906,148.37388610839844,0.9987657070159912,235.09805297851562,105.0684814453125,0.997048556804657,215.8838653564453,107.90895080566406,0.995474636554718,191.70513916015625,110.07876586914062,0.9979450106620789,165.72689819335938,112.31241607666016,0.9982051849365234,233.69000244140625,78.89850616455078,0.9413537979125977,224.3614501953125,60.34558868408203,0.9915124773979187,133.3352508544922,72.80026245117188,0.9978985786437988,252.8942108154297,128.50738525390625,0.9428713917732239,197.18844604492188,156.3122100830078,0.992580235004425,180.1427764892578,151.11672973632812,0.9808336496353149
232,258.55047607421875,65.18281555175781,0.9987823367118835,261.5123291015625,147.0146942138672,0.9987209439277649,235.0731658935547,105.05744171142578,0.9964930415153503,215.8838653564453,107.89734649658203,0.9968932867050171,191.0264892578125,110.156494140625,0.9980510473251343,165.77813720703125,112.31241607666016,0.9982481002807617,233.8080291748047,80.3530502319336,0.910279393196106,224.93081665039062,60.34558868408203,0.9944562315940857,133.63853454589844,72.82504272460938,0.9979630708694458,251.90371704101562,128.2302703857422,0.9428939819335938,198.68026733398438,154.62306213378906,0.9907740950584412,179.7965545654297,151.11672973632812,0.9828703999519348
233,257.81695556640625,63.99407196044922,0.9989318251609802,262.73583984375,144.7296142578125,0.9977186918258667,234.43162536621094,105.01885223388672,0.9970095157623291,215.8217315673828,107.62384033203125,0.9970301389694214,191.0264892578125,110.156494140625,0.9981525540351868,166.04885864257812,112.32939147949219,0.9981619715690613,234.60699462890625,81.87995910644531,0.9030306935310364,224.93081665039062,59.890769958496094,0.9954438209533691,133.7447052001953,72.91431427001953,0.9977462887763977,250.02606201171875,128.06503295898438,0.9095908403396606,200.19468688964844,154.53390502929688,0.9808138012886047,179.7059783935547,151.0663604736328,0.9827529191970825
234,255.82521057128906,63.937313079833984,0.9984338879585266,263.98760986328125,144.02789306640625,0.9982213377952576,234.43162536621094,104.74885559082031,0.9973655343055725,215.8838653564453,107.62384033203125,0.9973920583724976,191.0264892578125,110.07876586914062,0.9982799291610718,166.07150268554688,112.29945373535156,0.9981836676597595,233.8080291748047,81.87995910644531,0.910525918006897,224.93081665039062,59.890769958496094,0.9955495595932007,133.7447052001953,72.92858123779297,0.9977522492408752,246.62936401367188,127.77159118652344,0.9338974952697754,205.82379150390625,152.43991088867188,0.9754427671432495,179.61888122558594,150.57696533203125,0.9828277826309204
235,253.22520446777344,63.419254302978516,0.9976615905761719,264.9588623046875,143.01235961914062,0.9984226226806641,234.43162536621094,104.67859649658203,0.9973819851875305,215.8848114013672,107.62384033203125,0.9976542592048645,191.39291381835938,109.90657806396484,0.9984790682792664,166.17068481445312,112.29266357421875,0.9981877207756042,232.06756591796875,76.92352294921875,0.9160909056663513,224.42840576171875,59.890769958496094,0.9947697520256042,133.76498413085938,72.98027038574219,0.9978758096694946,246.1534423828125,127.64607238769531,0.9472485780715942,209.24461364746094,152.43991088867188,0.9842315912246704,179.61093139648438,150.57696533203125,0.9804450273513794
236,250.7751007080078,63.419254302978516,0.9971100687980652,265.6610412597656,141.7664794921875,0.9979363679885864,234.8168182373047,104.67859649658203,0.9967041611671448,216.66839599609375,108.05301666259766,0.9975831508636475,192.14321899414062,109.87212371826172,0.9987247586250305,166.38363647460938,112.32939147949219,0.9982761144638062,232.06756591796875,73.02494812011719,0.8745416402816772,223.93020629882812,60.2742805480957,0.9927763938903809,133.7447052001953,72.92858123779297,0.9978310465812683,246.1534423828125,127.30834197998047,0.9553941488265991,217.38424682617188,152.43991088867188,0.9726635217666626,179.61093139648438,150.20736694335938,0.9741631150245667
237,248.5603485107422,63.937313079833984,0.9850797057151794,265.7396545410156,140.74908447265625,0.9976322650909424,235.55650329589844,104.67859649658203,0.9949755668640137,217.787353515625,108.4013671875,0.9978436231613159,193.072265625,109.87212371826172,0.9989408850669861,166.509765625,112.32939147949219,0.9982545971870422,230.546630859375,73.02494812011719,0.8422942161560059,223.9000701904297,60.432533264160156,0.9855136275291443,133.7178955078125,73.00146484375,0.9977815747261047,246.1534423828125,127.30834197998047,0.9507334232330322,221.68397521972656,152.8553924560547,0.9789101481437683,178.5591583251953,147.71194458007812,0.9589102268218994
238,247.98585510253906,64.90589904785156,0.9846156239509583,266.4854431152344,140.6229705810547,0.9972860813140869,236.49691772460938,105.06224822998047,0.9923821091651917,218.80657958984375,108.5543441772461,0.997628390789032,194.10824584960938,109.87212371826172,0.9990443587303162,167.14422607421875,112.83101654052734,0.9982703924179077,230.5181121826172,73.02494812011719,0.81045001745224,223.5482940673828,60.432533264160156,0.9880560636520386,133.7178955078125,73.00146484375,0.9978362917900085,247.50421142578125,127.64607238769531,0.9480147361755371,226.0843963623047,153.74496459960938,0.9704849720001221,178.5591583251953,147.67434692382812,0.9658851027488708
239,246.44752502441406,65.13395690917969,0.9933958649635315,272.2733154296875,140.0520477294922,0.9975659847259521,237.6068115234375,105.40389251708984,0.9919992089271545,220.27684020996094,109.09807586669922,0.9970699548721313,194.81520080566406,109.8963394165039,0.9991610050201416,167.63717651367188,112.83101654052734,0.9979040622711182,230.5181121826172,77.86481475830078,0.7326952815055847,223.40602111816406,60.432533264160156,0.9915000796318054,133.57638549804688,73.0141830444336,0.9978259205818176,248.0,128.1238250732422,0.9480191469192505,229.45217895507812,153.74496459960938,0.9718315601348877,178.5591583251953,147.67434692382812,0.9694185853004456
240,246.40402221679688,65.13395690917969,0.9939223527908325,273.6390380859375,139.20449829101562,0.9985252022743225,237.89923095703125,106.25508880615234,0.9927999973297119,220.57888793945312,109.1712646484375,0.9965149164199829,195.54376220703125,109.97258758544922,0.9991194605827332,168.37228393554688,112.90782165527344,0.9972829818725586,230.5181121826172,78.86590576171875,0.6755650043487549,223.5482940673828,60.267120361328125,0.9913100004196167,133.57638549804688,73.11351013183594,0.9977128505706787,248.42669677734375,128.1238250732422,0.9558069109916687,236.1326446533203,153.13037109375,0.9744458794593811,178.77540588378906,147.67434692382812,0.9680131077766418
241,246.44752502441406,64.90589904785156,0.9873633980751038,275.0108642578125,138.98440551757812,0.9990953207015991,240.2158660888672,106.763427734375,0.9969459176063538,221.52976989746094,109.20829772949219,0.9972628355026245,196.92025756835938,110.25904846191406,0.9990984201431274,168.4368133544922,113.15250396728516,0.9967427849769592,233.4587860107422,84.7596206665039,0.6569246649742126,223.5899200439453,60.160369873046875,0.9907325506210327,134.04727172851562,73.3037109375,0.9979460835456848,248.0,128.75650024414062,0.9562836289405823,236.8070068359375,152.8553924560547,0.9824636578559875,178.99331665039062,147.89454650878906,0.9797688126564026
242,246.44752502441406,64.75923919677734,0.9899067282676697,276.4444274902344,136.7902069091797,0.9993026256561279,242.12767028808594,106.80736541748047,0.9984654188156128,222.96803283691406,109.5717544555664,0.9986028075218201,198.29808044433594,110.8222427368164,0.9989650249481201,170.06106567382812,113.36245727539062,0.9971116781234741,235.43719482421875,85.37871551513672,0.7033223509788513,223.5899200439453,60.024810791015625,0.9924347400665283,134.60008239746094,73.98934173583984,0.997890055179596,248.0,128.7661895751953,0.9544006586074829,237.3603057861328,150.15269470214844,0.9708016514778137,179.66513061523438,148.08642578125,0.9869235157966614
243,249.55580139160156,63.09474563598633,0.9958867430686951,279.851806640625,133.45184326171875,0.9980409741401672,244.728759765625,108.36341857910156,0.9990683197975159,225.0359649658203,109.85551452636719,0.9989797472953796,199.28968811035156,111.80624389648438,0.9985723495483398,172.98187255859375,113.94841003417969,0.9974752068519592,240.48081970214844,88.7764663696289,0.6792758107185364,224.511474609375,60.160369873046875,0.9955925345420837,135.6516876220703,75.22481536865234,0.9976230263710022,245.7444610595703,132.36166381835938,0.964788556098938,243.6800079345703,149.12364196777344,0.9673544764518738,180.6732177734375,148.31300354003906,0.9871169924736023
244,253.38734436035156,60.61611557006836,0.9959192872047424,281.65936279296875,129.71484375,0.9969213008880615,246.61167907714844,109.44806671142578,0.9988228678703308,226.58697509765625,109.8810806274414,0.9987701773643494,199.7457733154297,112.08545684814453,0.998832643032074,175.203857421875,114.4768295288086,0.9969268441200256,257.9273681640625,88.7764663696289,0.7319058775901794,225.0306854248047,60.160369873046875,0.9970782995223999,136.52967834472656,75.4810791015625,0.9968043565750122,245.1903076171875,136.2010955810547,0.9869590401649475,245.4877471923828,148.89854431152344,0.9715495109558105,180.91128540039062,148.92266845703125,0.9914353489875793
245,255.75146484375,60.61611557006836,0.9980902075767517,285.09259033203125,129.71484375,0.9965569972991943,247.77142333984375,109.44806671142578,0.9982085227966309,227.96554565429688,110.0130844116211,0.9984802603721619,200.85748291015625,112.2694091796875,0.9991632699966431,176.20269775390625,115.6451187133789,0.9981006979942322,257.9273681640625,89.91239929199219,0.7873737812042236,225.0306854248047,60.34260940551758,0.9976308345794678,136.7869873046875,75.94908142089844,0.9961907863616943,245.1903076171875,138.1584930419922,0.9873352646827698,245.9905548095703,148.89854431152344,0.9538045525550842,181.508056640625,149.1802215576172,0.9936075210571289
246,257.42779541015625,60.61611557006836,0.9988027811050415,287.33709716796875,129.71484375,0.9956215023994446,248.83558654785156,109.92938232421875,0.9969069361686707,229.16708374023438,110.14095306396484,0.9977983236312866,202.2633056640625,112.86186218261719,0.9994044303894043,178.06802368164062,116.32105255126953,0.9988417029380798,260.4297790527344,89.91239929199219,0.8166744709014893,225.0306854248047,60.70661544799805,0.997850775718689,136.7869873046875,75.94908142089844,0.9958900809288025,245.1903076171875,139.36854553222656,0.9838431477546692,246.4754638671875,148.89854431152344,0.9572799801826477,181.6342315673828,149.80751037597656,0.99489426612854
247,259.8754577636719,60.68928146362305,0.9990955591201782,289.3453674316406,130.5471954345703,0.998111367225647,252.06607055664062,110.02937316894531,0.9956265687942505,231.87179565429688,111.12449645996094,0.9960476756095886,203.94952392578125,113.0357894897461,0.9993046522140503,179.56199645996094,116.79114532470703,0.9989616870880127,259.2238464355469,88.76429748535156,0.8387752175331116,224.33067321777344,61.485679626464844,0.9977280497550964,137.0511016845703,76.03568267822266,0.9952659606933594,245.63235473632812,139.36854553222656,0.9815628528594971,247.21353149414062,148.8765106201172,0.9393609762191772,181.76544189453125,150.7499237060547,0.9959961175918579
248,264.65936279296875,60.91740417480469,0.997541069984436,292.648193359375,132.3750457763672,0.9990535378456116,254.0436248779297,110.3765640258789,0.9933018684387207,233.80079650878906,111.39712524414062,0.9960848093032837,205.66563415527344,113.62041473388672,0.9992497563362122,180.65853881835938,116.89955139160156,0.9990531802177429,259.2238464355469,88.76429748535156,0.9227155447006226,223.3212432861328,62.41913986206055,0.9955741167068481,137.068603515625,76.2588882446289,0.990980327129364,249.06002807617188,139.36854553222656,0.9797866344451904,247.5800323486328,148.97476196289062,0.9123172163963318,181.79478454589844,151.58163452148438,0.9968158602714539
249,266.1302490234375,60.990501403808594,0.9967136383056641,293.56805419921875,135.30499267578125,0.999016284942627,255.96926879882812,110.9399185180664,0.9919666051864624,234.8123321533203,111.61148834228516,0.994503378868103,207.5860595703125,113.77959442138672,0.9992306232452393,181.53958129882812,116.89955139160156,0.9991031885147095,260.26190185546875,89.72468566894531,0.9508829116821289,222.76853942871094,62.41913986206055,0.9942184686660767,154.8146514892578,80.9780044555664,0.9899322986602783,250.8661346435547,139.34645080566406,0.9704371094703674,248.0710906982422,148.97476196289062,0.9288197755813599,181.79478454589844,152.33197021484375,0.9975128173828125
250,268.6253662109375,62.622344970703125,0.9966667294502258,294.8678894042969,137.5081024169922,0.9985485672950745,256.429443359375,110.9631118774414,0.9956323504447937,236.43978881835938,112.4279556274414,0.9944676160812378,209.18394470214844,114.11858367919922,0.9994438290596008,183.0332794189453,116.97367858886719,0.9987953901290894,260.4297790527344,89.72468566894531,0.9698920249938965,222.35289001464844,62.41913986206055,0.9927181005477905,161.1860809326172,82.02889251708984,0.9822616577148438,251.8850860595703,139.34645080566406,0.9789072871208191,248.0710906982422,148.92239379882812,0.9334782361984253,181.7851104736328,152.6881103515625,0.9978491067886353
251,270.6114807128906,63.354209899902344,0.9967181086540222,295.813720703125,138.9341583251953,0.9971012473106384,257.3752136230469,110.9631118774414,0.9979107975959778,238.00830078125,113.529296875,0.9944925308227539,210.80018615722656,114.48161315917969,0.999427080154419,183.6991424560547,116.89955139160156,0.9986757636070251,260.8487548828125,91.1283950805664,0.9704298377037048,221.71139526367188,62.22745895385742,0.9930015802383423,174.14984130859375,83.23661804199219,0.9947350025177002,253.29319763183594,139.34645080566406,0.9754544496536255,248.0710906982422,148.8765106201172,0.9414873719215393,181.844482421875,152.6881103515625,0.9977272152900696
252,273.9309387207031,64.54834747314453,0.9980643391609192,296.42120361328125,140.01206970214844,0.9949028491973877,258.5436706542969,110.99200439453125,0.9986841082572937,239.2857666015625,113.529296875,0.9959290623664856,211.93405151367188,114.51591491699219,0.9994683861732483,183.73056030273438,116.85652923583984,0.998350977897644,261.3680419921875,91.70816802978516,0.975172221660614,221.71139526367188,61.75830841064453,0.9925673007965088,177.1789093017578,83.90748596191406,0.9957140684127808,258.2119445800781,140.10630798339844,0.9789401888847351,247.72763061523438,148.57275390625,0.9491660594940186,181.7851104736328,152.6881103515625,0.9978735446929932
253,277.3508605957031,64.75305938720703,0.9977879524230957,296.6305847167969,140.01206970214844,0.9934230446815491,259.6264953613281,110.99200439453125,0.9986756443977356,240.17416381835938,113.5294189453125,0.9966622591018677,213.5666961669922,115.15266418457031,0.9994379878044128,184.145263671875,116.85652923583984,0.9986750483512878,262.18023681640625,93.41661071777344,0.9676809906959534,221.5526580810547,61.73847961425781,0.9926190972328186,180.41128540039062,83.90748596191406,0.9980862140655518,261.1949157714844,140.10630798339844,0.9770772457122803,246.36935424804688,148.34906005859375,0.9544202089309692,181.75946044921875,152.59706115722656,0.9978876709938049
254,279.45941162109375,64.75305938720703,0.9972599744796753,296.6305847167969,140.01206970214844,0.9929632544517517,261.22125244140625,110.86701202392578,0.9989157915115356,241.33692932128906,113.529296875,0.9971262812614441,214.53334045410156,116.0937728881836,0.9993245601654053,184.7082977294922,116.94532012939453,0.9990321397781372,262.7901611328125,93.6069107055664,0.974118173122406,221.71139526367188,61.73847961425781,0.991136908531189,186.65538024902344,84.69274139404297,0.9973157048225403,261.9296875,140.10630798339844,0.9780203700065613,245.75148010253906,148.1123809814453,0.9640607833862305,181.6037139892578,152.48248291015625,0.9979592561721802
255,282.1494445800781,64.54834747314453,0.9944888353347778,297.15606689453125,139.43017578125,0.9936378598213196,263.2528991699219,110.86701202392578,0.9987112283706665,242.47152709960938,113.43985748291016,0.9965559244155884,215.96636962890625,116.0937728881836,0.999152421951294,186.15699768066406,116.75105285644531,0.9991586208343506,263.2810363769531,93.6201400756836,0.9759930968284607,221.71139526367188,61.75830841064453,0.9922325611114502,189.97923278808594,84.69274139404297,0.9965111613273621,264.9957275390625,140.0192413330078,0.9731382131576538,245.49134826660156,147.87261962890625,0.9683787226676941,181.25509643554688,152.47409057617188,0.9979952573776245
256,282.2955017089844,63.60361862182617,0.9960997104644775,298.100341796875,139.0196533203125,0.9950191974639893,264.706787109375,110.94984436035156,0.9978736639022827,243.59349060058594,113.43985748291016,0.9966210126876831,216.07037353515625,116.0937728881836,0.9991016387939453,187.18988037109375,116.9412841796875,0.9992978572845459,263.3533020019531,93.88494873046875,0.9732329249382019,221.69508361816406,61.14204025268555,0.9922758936882019,191.8094940185547,84.69274139404297,0.9950233697891235,268.80029296875,139.26626586914062,0.9697522521018982,245.49134826660156,147.7737579345703,0.9770079851150513,181.1364288330078,152.39590454101562,0.9981309771537781
257,283.6046142578125,63.60361862182617,0.9960656762123108,298.100341796875,137.33660888671875,0.9969338178634644,264.9466857910156,110.82420349121094,0.9964010715484619,244.67649841308594,113.3427505493164,0.9954427480697632,217.3487548828125,115.1121597290039,0.9991897940635681,187.98684692382812,116.9412841796875,0.999204695224762,263.5042419433594,93.88494873046875,0.9658700227737427,221.5526580810547,61.44071960449219,0.9919692873954773,192.74693298339844,84.25012969970703,0.9929065704345703,273.6902770996094,138.906982421875,0.9672061800956726,245.49134826660156,147.2472686767578,0.9809896349906921,181.1364288330078,152.34799194335938,0.9980701804161072
258,286.49932861328125,63.60361862182617,0.9962884187698364,298.39349365234375,136.46182250976562,0.9975982308387756,265.0597229003906,110.58699798583984,0.9965251088142395,245.04847717285156,113.27547454833984,0.9950646758079529,217.3590087890625,115.1121597290039,0.9994567036628723,189.11935424804688,116.9412841796875,0.999009370803833,263.8780212402344,93.88494873046875,0.9691369533538818,220.50804138183594,61.731956481933594,0.9906124472618103,195.6886444091797,84.25012969970703,0.9914092421531677,276.03997802734375,138.60003662109375,0.9805317521095276,245.64883422851562,147.24359130859375,0.9833242297172546,181.1364288330078,152.21795654296875,0.9981417655944824
259,288.2046203613281,68.33946990966797,0.9971908926963806,299.2699890136719,136.24851989746094,0.9977620840072632,267.52667236328125,109.33657836914062,0.9952250719070435,246.94354248046875,113.27547454833984,0.9959139227867126,218.93435668945312,115.1121597290039,0.9995452761650085,190.28402709960938,116.9412841796875,0.9987961053848267,266.07952880859375,92.75638580322266,0.9700061082839966,219.8172149658203,61.731956481933594,0.9908719658851624,196.7164764404297,84.03897094726562,0.9929937720298767,276.5635986328125,138.60003662109375,0.9847567677497864,245.68826293945312,147.24359130859375,0.9857105612754822,181.22354125976562,152.00726318359375,0.9981861710548401
260,290.30645751953125,68.33946990966797,0.9979578256607056,299.69775390625,136.24851989746094,0.9976835250854492,269.2779541015625,109.33657836914062,0.9954912066459656,248.5423583984375,113.51831817626953,0.9972413778305054,219.79827880859375,115.47698211669922,0.9994617104530334,190.7489471435547,117.44706726074219,0.9984951019287109,266.2869567871094,90.20588684082031,0.9582492709159851,219.8172149658203,61.731956481933594,0.9918347597122192,196.90765380859375,84.25012969970703,0.995430588722229,278.3667297363281,138.41912841796875,0.9874852299690247,246.06683349609375,147.2472686767578,0.9893712997436523,181.41766357421875,151.60250854492188,0.9981592297554016
261,291.85760498046875,68.38919830322266,0.9986175298690796,300.8677673339844,136.24851989746094,0.997663140296936,271.12396240234375,109.33657836914062,0.9953624606132507,250.20449829101562,113.51831817626953,0.996985137462616,221.3553466796875,116.12633514404297,0.9993915557861328,192.0060272216797,118.37069702148438,0.9988266825675964,268.86334228515625,90.18164825439453,0.9650701880455017,219.8172149658203,61.838539123535156,0.9919691681861877,197.78150939941406,84.03897094726562,0.9959748387336731,281.412109375,138.31741333007812,0.988321840763092,246.75181579589844,148.3684844970703,0.9894751310348511,181.41766357421875,151.4672088623047,0.998224675655365
262,294.7179260253906,68.33946990966797,0.9985585808753967,301.0860290527344,137.5260467529297,0.9955748319625854,271.1529541015625,109.87596893310547,0.9947875738143921,251.30120849609375,113.69625091552734,0.9964171648025513,222.41339111328125,116.72740936279297,0.9991905093193054,192.9875030517578,119.11448669433594,0.9989016056060791,269.31475830078125,90.06095886230469,0.958697497844696,220.01715087890625,62.252193450927734,0.9937295913696289,198.3314971923828,84.1759033203125,0.9957841038703918,282.2364501953125,137.17527770996094,0.9865483641624451,246.75181579589844,148.6466064453125,0.9910613894462585,181.41766357421875,151.39242553710938,0.9983260035514832
263,296.9026184082031,68.00230407714844,0.9975085258483887,301.2056579589844,139.28787231445312,0.9960893392562866,272.1234436035156,110.78600311279297,0.9973275661468506,252.02122497558594,113.69625091552734,0.9964109063148499,224.1592254638672,116.86398315429688,0.9989897608757019,194.01405334472656,119.61361694335938,0.9989134073257446,269.46942138671875,89.54669952392578,0.9643537998199463,220.4768524169922,62.252193450927734,0.9938801527023315,199.0376739501953,84.06597137451172,0.9958194494247437,284.3447265625,135.60841369628906,0.9865874648094177,246.75181579589844,148.64779663085938,0.9925642609596252,181.43458557128906,151.3507843017578,0.9983267188072205
264,299.1912536621094,67.3227310180664,0.9975814819335938,301.7593994140625,141.80979919433594,0.9965007305145264,273.71173095703125,110.94755554199219,0.9984782338142395,253.18199157714844,113.70948791503906,0.9956088662147522,225.58204650878906,117.03128051757812,0.9991787075996399,195.49267578125,119.63103485107422,0.9988646507263184,269.46942138671875,88.389892578125,0.9593986868858337,220.57115173339844,62.59797286987305,0.9943219423294067,199.4663848876953,84.1759033203125,0.9959820508956909,285.6562194824219,135.09275817871094,0.9785190224647522,246.54080200195312,148.64779663085938,0.992656409740448,181.43458557128906,151.3120574951172,0.9982320666313171
265,300.7330322265625,66.75993347167969,0.996731162071228,302.2375793457031,142.6898193359375,0.9951959252357483,275.45001220703125,110.98155212402344,0.9990807771682739,254.9554901123047,113.73564910888672,0.9977084398269653,227.2668914794922,117.05397033691406,0.9993172883987427,196.966796875,119.63103485107422,0.9988777041435242,269.46942138671875,88.21920013427734,0.9659834504127502,220.6639404296875,62.65229797363281,0.9941200613975525,199.79092407226562,84.1759033203125,0.9958230257034302,287.5068359375,134.24365234375,0.9645465016365051,246.29022216796875,148.64779663085938,0.9939670562744141,181.3875274658203,151.19679260253906,0.9981874823570251
266,301.4329833984375,66.75993347167969,0.9962548017501831,303.89361572265625,145.43002319335938,0.9984448552131653,277.6097717285156,111.20891571044922,0.9990572333335876,256.9239196777344,114.03282165527344,0.9980906844139099,228.75650024414062,117.19526672363281,0.9992924928665161,198.60867309570312,119.63103485107422,0.9987666606903076,269.46942138671875,88.21920013427734,0.9721701145172119,220.7698211669922,63.04296112060547,0.9944130778312683,200.30722045898438,84.22616577148438,0.9945675134658813,291.5179443359375,134.24365234375,0.9769831895828247,246.28094482421875,147.76158142089844,0.9947848916053772,181.3875274658203,151.19679260253906,0.9981498718261719
267,302.34552001953125,67.3227310180664,0.9961672425270081,307.25341796875,146.94198608398438,0.9994844198226929,278.95782470703125,111.25140380859375,0.9988210797309875,258.22509765625,114.03282165527344,0.9979154467582703,230.0216522216797,117.55848693847656,0.9991975426673889,200.1958770751953,119.60566711425781,0.9981033802032471,269.906005859375,87.77405548095703,0.9725981950759888,221.04620361328125,63.33285140991211,0.9940609335899353,200.5611572265625,84.22616577148438,0.9958028197288513,293.92626953125,134.2086639404297,0.9823618531227112,246.16183471679688,147.3318634033203,0.9953274726867676,181.3875274658203,151.167724609375,0.9979667663574219
268,302.5832214355469,68.1189956665039,0.996142566204071,309.7828674316406,146.94198608398438,0.9992874264717102,280.04974365234375,111.27198028564453,0.9983749389648438,259.3277282714844,114.03282165527344,0.9974080920219421,230.66819763183594,117.55848693847656,0.9989855885505676,200.98362731933594,118.16590881347656,0.9985330104827881,269.906005859375,87.66535186767578,0.9728001952171326,221.11656188964844,65.7093734741211,0.9948859810829163,200.64654541015625,84.22616577148438,0.9965904951095581,296.3373107910156,134.2086639404297,0.9856888055801392,245.8902587890625,146.94541931152344,0.9958822727203369,181.14842224121094,151.05616760253906,0.9978614449501038
269,304.54620361328125,68.1189956665039,0.9978354573249817,311.0911865234375,146.94198608398438,0.9966785907745361,281.2532958984375,111.25140380859375,0.9978445768356323,259.3611755371094,114.27409362792969,0.9964906573295593,231.4415740966797,117.73474884033203,0.9986677169799805,202.1499481201172,118.16590881347656,0.9988100528717041,270.2190856933594,87.6507568359375,0.9714762568473816,221.37582397460938,66.79422760009766,0.9960768818855286,201.923828125,83.39482879638672,0.9959002137184143,298.6514587402344,133.7933349609375,0.9837828278541565,245.8460693359375,146.78656005859375,0.9966760873794556,181.14842224121094,150.9615936279297,0.9977816939353943
270,305.68310546875,68.1189956665039,0.9984595775604248,313.99700927734375,144.94699096679688,0.9968613386154175,281.85992431640625,111.25140380859375,0.9970032572746277,260.26776123046875,114.78579711914062,0.9961665272712708,231.63766479492188,117.73474884033203,0.9989301562309265,202.90591430664062,118.03994750976562,0.998935878276825,270.2190856933594,87.77405548095703,0.9755741357803345,221.79237365722656,66.94326782226562,0.9960188269615173,202.0950469970703,83.34944152832031,0.9965123534202576,299.1678161621094,133.77606201171875,0.9858458638191223,245.43203735351562,146.78656005859375,0.9968094229698181,181.14842224121094,150.69662475585938,0.9977924823760986
271,306.6203308105469,67.61683654785156,0.9984102249145508,316.3931579589844,144.02117919921875,0.9967256784439087,282.4803771972656,108.33139038085938,0.9965029954910278,260.9547119140625,114.78579711914062,0.9966447353363037,232.89088439941406,117.73474884033203,0.999138593673706,204.1039276123047,118.0656967163086,0.9989700317382812,270.754150390625,87.77405548095703,0.9714183211326599,222.80960083007812,70.14906311035156,0.9972066283226013,202.0950469970703,83.25294494628906,0.9982779026031494,299.7460632324219,133.66148376464844,0.9807135462760925,245.22984313964844,146.78656005859375,0.9966986775398254,181.95407104492188,149.8880615234375,0.9978590607643127
272,306.6899719238281,67.19805145263672,0.9981119632720947,318.7785339355469,143.318115234375,0.9971482157707214,283.8586120605469,108.24991607666016,0.9961866736412048,263.111083984375,114.78579711914062,0.9976842403411865,232.89088439941406,117.64031982421875,0.9993348717689514,205.01834106445312,118.16590881347656,0.9988783001899719,270.754150390625,88.51434326171875,0.9765265583992004,227.8196563720703,72.71568298339844,0.9925447106361389,201.923828125,82.55760192871094,0.9988012313842773,299.7940368652344,132.94581604003906,0.9737293124198914,244.6984100341797,146.80516052246094,0.9964582324028015,182.24264526367188,149.76124572753906,0.9979467988014221
273,307.2606506347656,67.05467224121094,0.9981908202171326,321.7613525390625,142.87489318847656,0.9985669255256653,284.3291320800781,108.05277252197266,0.9962102174758911,264.40032958984375,114.78579711914062,0.9987169504165649,234.30601501464844,117.71920776367188,0.9994066953659058,205.8270263671875,118.24658203125,0.9986500144004822,267.1428527832031,88.90254974365234,0.974437952041626,236.3722686767578,74.93254089355469,0.9870060682296753,201.5941925048828,82.43534088134766,0.9987945556640625,300.8150939941406,131.6110382080078,0.9703936576843262,244.68408203125,147.3511505126953,0.9967585206031799,182.98141479492188,149.76124572753906,0.9976693987846375
274,307.4237365722656,66.99260711669922,0.998251736164093,322.7296142578125,142.71852111816406,0.9989432692527771,284.90765380859375,107.92198181152344,0.9969948530197144,264.7129821777344,114.33419799804688,0.9987648725509644,234.9626922607422,117.71920776367188,0.9994137287139893,206.33407592773438,118.49297332763672,0.9986145496368408,266.9922180175781,90.44094848632812,0.9690984487533569,241.87716674804688,74.93254089355469,0.9954861998558044,201.44247436523438,82.4181900024414,0.9988941550254822,303.4259033203125,130.08055114746094,0.97350013256073,244.61972045898438,147.6610870361328,0.9961183071136475,183.6456298828125,149.72669982910156,0.9971195459365845
275,307.65972900390625,66.99260711669922,0.9981011748313904,324.6180114746094,141.9800567626953,0.999189555644989,285.6123046875,107.92198181152344,0.9973052740097046,265.8081359863281,114.01954650878906,0.998907208442688,235.94802856445312,117.7378921508789,0.9993269443511963,207.30506896972656,118.93146514892578,0.9982635378837585,267.1428527832031,90.44094848632812,0.9689733982086182,245.984375,74.34695434570312,0.9813233613967896,201.44247436523438,82.4181900024414,0.9988216757774353,304.2708435058594,129.79002380371094,0.9830688238143921,244.37045288085938,147.83697509765625,0.9961283206939697,184.53228759765625,149.72669982910156,0.9961385130882263
276,308.4646301269531,66.95187377929688,0.9983997941017151,325.31982421875,139.53208923339844,0.9990419745445251,285.8106384277344,107.83685302734375,0.9976118803024292,266.6583251953125,113.67325592041016,0.9989641904830933,236.72511291503906,117.71920776367188,0.9993147850036621,207.49647521972656,119.58047485351562,0.9980584979057312,267.1428527832031,90.44094848632812,0.960555911064148,254.0561065673828,72.71568298339844,0.9589934349060059,201.5941925048828,82.43534088134766,0.9987205862998962,304.32513427734375,129.79002380371094,0.9758343696594238,244.37045288085938,148.23561096191406,0.9961657524108887,188.6428680419922,149.91404724121094,0.9953827261924744
277,308.4646301269531,66.88719177246094,0.9983518123626709,325.7753601074219,137.75497436523438,0.9994356036186218,286.7786865234375,107.83685302734375,0.9975903034210205,268.169189453125,113.65811157226562,0.9986978769302368,237.83477783203125,117.71920776367188,0.9991862177848816,208.27430725097656,121.28569030761719,0.9986353516578674,267.4147644042969,87.48272705078125,0.9464980959892273,258.7302551269531,71.31293487548828,0.9930492639541626,201.6349639892578,82.81121826171875,0.9987407326698303,305.2478942871094,130.08055114746094,0.9836477637290955,244.15711975097656,148.53956604003906,0.9959691762924194,191.27911376953125,152.69827270507812,0.9926522374153137
278,308.4646301269531,66.99260711669922,0.9987465143203735,326.9820556640625,135.1914520263672,0.9992714524269104,287.1521301269531,107.9341049194336,0.9972014427185059,268.704345703125,113.50751495361328,0.9984532594680786,239.4585723876953,117.7368392944336,0.9993321299552917,209.70437622070312,121.42501831054688,0.998977541923523,267.9459533691406,86.36551666259766,0.9610848426818848,264.8089904785156,69.52762603759766,0.9876545071601868,201.79739379882812,83.009033203125,0.9988160133361816,307.3635559082031,130.39923095703125,0.988329291343689,244.15711975097656,148.5734100341797,0.9957980513572693,198.21234130859375,153.4295196533203,0.995458722114563
279,308.089111328125,67.02008056640625,0.9989749193191528,328.61175537109375,132.8048553466797,0.9983867406845093,287.7837829589844,107.9341049194336,0.9964720010757446,269.7752380371094,113.5052261352539,0.9979528188705444,240.79493713378906,117.7368392944336,0.9994853734970093,211.34339904785156,121.42501831054688,0.9989860653877258,269.018310546875,86.36551666259766,0.9702658653259277,270.8604431152344,66.89681243896484,0.9891788959503174,201.86444091796875,83.009033203125,0.9988284707069397,310.605224609375,131.08511352539062,0.989986002445221,244.15711975097656,148.5734100341797,0.9945670366287231,208.14794921875,153.4295196533203,0.9940980672836304
280,307.84002685546875,67.26982116699219,0.999019980430603,329.2846374511719,129.4884490966797,0.9972524046897888,288.6922302246094,107.77467346191406,0.9959720969200134,270.5602111816406,113.08059692382812,0.9972628355026245,241.73880004882812,117.7368392944336,0.9995951056480408,212.70191955566406,121.28569030761719,0.9991447925567627,269.78167724609375,86.36551666259766,0.9617038369178772,271.80621337890625,64.47137451171875,0.9908589720726013,201.86444091796875,83.009033203125,0.9988222718238831,312.46173095703125,131.57049560546875,0.9937223792076111,244.37472534179688,148.5734100341797,0.9931585192680359,213.2405548095703,153.43682861328125,0.996976375579834
281,307.7200622558594,68.30192565917969,0.9990038275718689,333.1197509765625,129.47293090820312,0.9970423579216003,288.9940490722656,106.59901428222656,0.9970541000366211,270.9742736816406,112.61280822753906,0.9947717785835266,243.23861694335938,117.7433853149414,0.9996590614318848,214.60818481445312,121.28569030761719,0.9989796280860901,269.9244689941406,86.52259826660156,0.9377825856208801,272.7426452636719,64.01514434814453,0.9920297861099243,201.79739379882812,82.8324966430664,0.9988232254981995,313.2981872558594,132.1181640625,0.9945701956748962,245.01026916503906,148.5734100341797,0.9954996705055237,223.47044372558594,153.5893096923828,0.9905351996421814
282,307.4060974121094,69.85012817382812,0.9990750551223755,334.6014404296875,129.25538635253906,0.9954512715339661,289.3868103027344,105.93994140625,0.9972671270370483,271.5921630859375,112.25827026367188,0.9959210157394409,244.16957092285156,117.84471893310547,0.999636173248291,215.6548309326172,121.15531158447266,0.9986262321472168,269.97833251953125,86.69892120361328,0.9392396807670593,272.91265869140625,63.98628616333008,0.99136883020401,201.16458129882812,82.8324966430664,0.9987654685974121,313.436279296875,132.1181640625,0.9943479895591736,245.01026916503906,148.60977172851562,0.9911899566650391,225.95230102539062,153.5893096923828,0.9940283298492432
283,307.2060241699219,70.00860595703125,0.9990115165710449,336.4731140136719,129.25538635253906,0.9949421286582947,290.73577880859375,105.81736755371094,0.9982070922851562,272.4132995605469,111.95074462890625,0.9974640607833862,245.25904846191406,117.92449951171875,0.9995539784431458,216.54449462890625,120.96773529052734,0.998295247554779,270.2829895019531,86.79408264160156,0.9359398484230042,272.91265869140625,63.55436325073242,0.9917599558830261,201.1525421142578,82.8324966430664,0.9987120628356934,313.5019836425781,132.1181640625,0.9939152598381042,244.60986328125,149.1681365966797,0.985792338848114,230.89447021484375,154.35208129882812,0.991642951965332
284,305.857421875,70.00860595703125,0.9985402822494507,336.9070739746094,129.2792510986328,0.9955905675888062,292.1479187011719,105.69949340820312,0.998630702495575,273.44464111328125,111.9106674194336,0.998344898223877,246.96202087402344,117.93494415283203,0.9994916915893555,217.66908264160156,120.89684295654297,0.9969221949577332,270.7906494140625,87.17591857910156,0.9153838753700256,272.8319091796875,63.55436325073242,0.9924237728118896,200.98048400878906,82.99403381347656,0.9987230896949768,313.436279296875,131.92034912109375,0.9930965304374695,244.60986328125,149.17286682128906,0.9881972670555115,235.6659698486328,155.15586853027344,0.9555342197418213
285,305.42071533203125,70.00860595703125,0.9977546334266663,337.293212890625,129.47293090820312,0.996609091758728,294.0318603515625,105.6797866821289,0.9983355402946472,274.3126525878906,111.9106674194336,0.9985098242759705,247.96994018554688,117.92449951171875,0.9993601441383362,218.530517578125,120.89684295654297,0.9968371391296387,271.7468566894531,87.41140747070312,0.9079585075378418,272.7426452636719,63.55436325073242,0.991134762763977,200.9322052001953,82.99403381347656,0.998847246170044,313.5019836425781,131.85633850097656,0.9918013215065002,243.7268524169922,149.60037231445312,0.9737919569015503,236.11949157714844,155.8168182373047,0.9833515286445618
286,304.440185546875,67.82559204101562,0.9969344139099121,338.0494689941406,129.66522216796875,0.9976479411125183,294.5462951660156,105.53842163085938,0.9982047080993652,274.5508117675781,111.8311538696289,0.9987082481384277,248.2769317626953,117.84471893310547,0.9989938139915466,219.43771362304688,120.89684295654297,0.9968716502189636,271.841796875,87.4676513671875,0.9043229222297668,272.67584228515625,63.55436325073242,0.9916934370994568,200.8005828857422,83.0322494506836,0.9988491535186768,314.1705017089844,131.46055603027344,0.9904772043228149,243.16867065429688,149.60037231445312,0.9679214358329773,236.12693786621094,156.58651733398438,0.9846687912940979
287,304.440185546875,66.28372955322266,0.9973983764648438,338.5172119140625,129.91162109375,0.9980049729347229,295.6527099609375,105.49661254882812,0.997905969619751,276.2103271484375,111.63308715820312,0.9987576007843018,248.83119201660156,117.6755599975586,0.9993103742599487,220.91131591796875,121.41053009033203,0.996423065662384,271.8962707519531,89.90003967285156,0.9113435745239258,272.67584228515625,63.55436325073242,0.9915122389793396,200.66561889648438,83.0322494506836,0.9988804459571838,314.765869140625,131.46055603027344,0.9917727112770081,242.89952087402344,149.60037231445312,0.9602664113044739,236.14109802246094,156.65858459472656,0.9870907068252563
288,304.440185546875,65.30097198486328,0.9975764155387878,339.32806396484375,129.91162109375,0.998383641242981,297.25146484375,105.03382873535156,0.9970698356628418,277.964111328125,111.8311538696289,0.9983299374580383,249.7790069580078,117.64392852783203,0.9994476437568665,222.31173706054688,121.53369903564453,0.9965083003044128,273.5994567871094,89.90003967285156,0.946557343006134,272.67584228515625,63.90554428100586,0.9929776787757874,200.66561889648438,82.92393493652344,0.9988377690315247,314.81573486328125,131.46055603027344,0.9915937185287476,242.89952087402344,149.4613494873047,0.9440866112709045,236.4927215576172,157.1217803955078,0.9886342287063599
289,304.2029113769531,65.30097198486328,0.9975008368492126,340.315185546875,130.03440856933594,0.9985130429267883,297.6368408203125,104.84101867675781,0.9936352968215942,278.93682861328125,112.06442260742188,0.9970495700836182,250.63218688964844,117.54865264892578,0.999397873878479,223.33746337890625,121.86795043945312,0.9961726069450378,275.26934814453125,89.90003967285156,0.9536980390548706,272.6887512207031,63.90554428100586,0.9951462149620056,200.66561889648438,82.92393493652344,0.9988248944282532,315.03680419921875,131.974609375,0.992154061794281,242.89952087402344,149.00621032714844,0.9414050579071045,236.54344177246094,157.1217803955078,0.9907178282737732
290,304.2029113769531,65.30097198486328,0.997250497341156,342.18310546875,130.03440856933594,0.9984002709388733,298.65057373046875,104.52579498291016,0.9934242963790894,281.19189453125,112.04743957519531,0.9964278340339661,251.28965759277344,116.9950942993164,0.9993243217468262,223.39431762695312,122.6877212524414,0.9963935017585754,277.4065856933594,88.8422622680664,0.9547414183616638,273.0469665527344,63.90554428100586,0.9947277903556824,200.8271026611328,83.00921630859375,0.9988973140716553,315.3882751464844,132.2735595703125,0.9922959208488464,243.4127197265625,148.92868041992188,0.9405679106712341,236.63568115234375,157.1217803955078,0.9922314882278442
291,304.4583435058594,66.10879516601562,0.9968603849411011,342.18310546875,130.8409881591797,0.9987280964851379,298.81890869140625,103.9280014038086,0.9939739108085632,281.9601135253906,112.18128967285156,0.9966520667076111,251.92140197753906,116.66622924804688,0.9992801547050476,223.88909912109375,122.6877212524414,0.9970349073410034,280.00531005859375,88.13582611083984,0.9506587386131287,273.64080810546875,63.6583251953125,0.9942781925201416,200.8717803955078,82.92393493652344,0.9988881945610046,315.51312255859375,132.3507080078125,0.9923940896987915,243.64137268066406,148.84779357910156,0.9462624192237854,236.7061309814453,156.7442626953125,0.9925482869148254
292,304.4583435058594,66.10879516601562,0.9973311424255371,342.18310546875,132.50076293945312,0.9990832805633545,299.500732421875,104.51321411132812,0.9953535795211792,282.0736999511719,112.19219207763672,0.9975718855857849,252.41954040527344,116.14977264404297,0.999267041683197,224.7597198486328,122.6877212524414,0.9975132942199707,281.6956787109375,86.81224060058594,0.9487199187278748,273.64080810546875,63.6583251953125,0.9965684413909912,200.9609832763672,82.93558502197266,0.9988974332809448,316.5710144042969,132.38343811035156,0.9921025633811951,243.7493438720703,148.65386962890625,0.940946102142334,236.7683868408203,156.67071533203125,0.9926879405975342
293,307.13214111328125,66.10879516601562,0.9990525841712952,341.7840881347656,135.24758911132812,0.9992951154708862,301.0844421386719,104.52579498291016,0.9963374137878418,282.4151611328125,112.18128967285156,0.9973605275154114,252.51739501953125,116.08792877197266,0.999193012714386,225.57870483398438,122.58731842041016,0.9975831508636475,283.5967712402344,86.81224060058594,0.9650793671607971,273.64080810546875,63.6583251953125,0.997270405292511,200.9609832763672,82.93558502197266,0.9989240765571594,316.5979309082031,132.55648803710938,0.9921596646308899,244.13648986816406,148.609619140625,0.9488061666488647,236.92103576660156,156.67071533203125,0.9926654696464539
294,309.63470458984375,65.64264678955078,0.9992210865020752,341.5953674316406,137.35183715820312,0.9993758797645569,302.3628234863281,104.52579498291016,0.9972383975982666,282.65045166015625,112.16456604003906,0.9972124695777893,253.0937957763672,116.08792877197266,0.9991065859794617,225.94076538085938,122.58731842041016,0.9976474642753601,287.6989440917969,86.81224060058594,0.9796298742294312,273.62188720703125,64.5421371459961,0.9971247315406799,200.99378967285156,82.85394287109375,0.9988896250724792,316.8150939941406,132.68276977539062,0.9911137223243713,244.25218200683594,148.609619140625,0.9401366710662842,237.0212860107422,156.7442626953125,0.9933526515960693
295,311.9085693359375,64.2369155883789,0.9991008043289185,341.5953674316406,137.63934326171875,0.9992992877960205,303.0650329589844,104.51321411132812,0.9973959922790527,282.7609558105469,112.16456604003906,0.9967374205589294,253.3760986328125,116.08792877197266,0.9991175532341003,225.94076538085938,122.58731842041016,0.9977602958679199,294.5956115722656,86.70854187011719,0.9799692034721375,273.48291015625,64.5421371459961,0.9969574213027954,201.11993408203125,82.85394287109375,0.9988749623298645,316.8150939941406,133.00718688964844,0.9920265078544617,244.48448181152344,148.65386962890625,0.9260022640228271,237.0212860107422,157.07913208007812,0.9942412376403809
296,314.8783874511719,62.29845428466797,0.9974486231803894,341.5953674316406,137.6686248779297,0.9992258548736572,303.73675537109375,104.51321411132812,0.9969708919525146,283.2808532714844,112.00732421875,0.9964140057563782,253.98036193847656,116.28724670410156,0.9988415837287903,225.73377990722656,122.82424926757812,0.9980078339576721,294.7266845703125,86.70854187011719,0.9803918600082397,273.16119384765625,64.62337493896484,0.996878981590271,201.16285705566406,82.93558502197266,0.9988752007484436,316.8150939941406,133.78958129882812,0.9914669990539551,245.04147338867188,148.90023803710938,0.9022802710533142,237.0212860107422,157.66639709472656,0.9948967099189758
297,315.4820556640625,60.934532165527344,0.9968929290771484,341.6669006347656,138.01390075683594,0.9991430044174194,304.4049072265625,103.53670501708984,0.997336208820343,283.82879638671875,111.55435943603516,0.9955780506134033,254.36553955078125,116.65348815917969,0.9986358284950256,225.73377990722656,123.42323303222656,0.9980260133743286,300.7148742675781,86.70854187011719,0.9848158359527588,272.4980773925781,64.86573791503906,0.9952334761619568,201.19969177246094,83.25041198730469,0.9987854361534119,315.8634033203125,133.9414825439453,0.9914156794548035,249.357177734375,149.34156799316406,0.8928053379058838,236.9233856201172,158.0216064453125,0.995269238948822
298,317.0579833984375,60.934532165527344,0.9967243075370789,341.6669006347656,138.01390075683594,0.9991693496704102,304.5147399902344,103.53670501708984,0.9974894523620605,284.0416564941406,111.55435943603516,0.9948241710662842,254.7756805419922,117.05937957763672,0.9986569881439209,225.8809356689453,123.60177612304688,0.9981958270072937,302.1636657714844,86.4274673461914,0.9872589707374573,272.4142761230469,64.89640045166016,0.9949770569801331,201.38031005859375,83.3468017578125,0.9988390803337097,315.3071594238281,133.9414825439453,0.9911667704582214,252.34637451171875,150.4392852783203,0.9216009378433228,236.5204315185547,158.0216064453125,0.9952265024185181
299,318.449462890625,60.934532165527344,0.9965612292289734,341.6669006347656,138.01390075683594,0.9990745782852173,304.6275939941406,103.53670501708984,0.9977031350135803,284.0416564941406,111.51141357421875,0.9945612549781799,254.78160095214844,117.1115951538086,0.9985373020172119,225.8809356689453,123.63998413085938,0.9986156225204468,304.0294494628906,86.14299011230469,0.9831929206848145,272.4115905761719,65.07866668701172,0.9941046833992004,201.49058532714844,83.3468017578125,0.9988120794296265,315.13385009765625,133.9414825439453,0.9911649823188782,257.0257568359375,151.6444854736328,0.9742698073387146,236.12496948242188,158.0216064453125,0.9948739409446716
300,320.847412109375,63.384037017822266,0.9980864524841309,341.28619384765625,137.7843017578125,0.999137282371521,304.6340637207031,103.85700225830078,0.9981826543807983,284.0416564941406,111.51141357421875,0.9932170510292053,254.859619140625,117.2259521484375,0.9984404444694519,226.10581970214844,123.60177612304688,0.9987253546714783,306.0030517578125,85.76630401611328,0.9814224243164062,272.2843322753906,65.081298828125,0.9930607080459595,201.54830932617188,83.25431823730469,0.9988073110580444,315.10321044921875,133.8173370361328,0.9911512732505798,259.2072448730469,151.9677734375,0.9922521710395813,235.74061584472656,157.7149658203125,0.9946994781494141
301,322.4424133300781,65.02974700927734,0.9987659454345703,341.1983642578125,137.50909423828125,0.9992008805274963,304.650146484375,104.22462463378906,0.9984446167945862,283.925048828125,111.43992614746094,0.9936987161636353,254.99868774414062,117.2760238647461,0.9985095858573914,226.28553771972656,123.58324432373047,0.9987648725509644,306.8517150878906,85.72064208984375,0.983854353427887,272.1716613769531,65.081298828125,0.9922622442245483,201.5828094482422,83.25041198730469,0.9988052845001221,314.98516845703125,133.8173370361328,0.9908985495567322,260.070556640625,153.54615783691406,0.9915519952774048,235.70591735839844,157.7149658203125,0.9955808520317078
302,324.74169921875,65.02974700927734,0.9989914298057556,341.1854553222656,136.8224639892578,0.9991280436515808,304.9706726074219,104.74614715576172,0.9985047578811646,283.925048828125,111.44699096679688,0.9939560294151306,255.29788208007812,117.28634643554688,0.9986989498138428,226.4263916015625,123.63652801513672,0.9986666440963745,307.3310241699219,85.6233901977539,0.9807758331298828,271.94696044921875,65.081298828125,0.9919356107711792,201.5828094482422,83.20623779296875,0.9988094568252563,314.98516845703125,133.8173370361328,0.9912465214729309,263.9750061035156,153.54615783691406,0.9806511998176575,235.70591735839844,157.7149658203125,0.9952167272567749
303,327.3151550292969,65.82707214355469,0.9987908005714417,341.1091003417969,136.40499877929688,0.9990897178649902,305.26141357421875,104.95504760742188,0.9985320568084717,283.925048828125,111.44699096679688,0.9940558671951294,255.33595275878906,117.37078094482422,0.9988264441490173,226.64251708984375,123.63652801513672,0.9988401532173157,308.93255615234375,85.62056732177734,0.9830123782157898,271.9356689453125,64.80529022216797,0.991547167301178,201.5828094482422,83.17481231689453,0.9988377690315247,315.08001708984375,133.9012908935547,0.9911113381385803,268.8363952636719,153.54615783691406,0.9864704012870789,235.70591735839844,158.12701416015625,0.9948496222496033
304,327.5439147949219,65.82707214355469,0.998342752456665,340.7237854003906,136.34181213378906,0.9991005659103394,305.30023193359375,105.18441009521484,0.9982681274414062,283.96148681640625,111.43992614746094,0.9939519762992859,255.34768676757812,117.37078094482422,0.9990286827087402,226.77474975585938,123.63652801513672,0.9987382292747498,311.43572998046875,85.62056732177734,0.9867854714393616,271.8349914550781,64.76180267333984,0.9912269711494446,201.15908813476562,82.93180084228516,0.9987779259681702,314.98516845703125,133.9012908935547,0.9907143115997314,273.60870361328125,152.30096435546875,0.9788727760314941,235.6341094970703,158.64175415039062,0.9932230710983276
305,328.90533447265625,64.31642150878906,0.9983696341514587,340.0430603027344,136.31552124023438,0.9991188645362854,305.30023193359375,105.5542221069336,0.9978733062744141,283.9823303222656,111.43992614746094,0.9935186505317688,255.41043090820312,117.37078094482422,0.9989439845085144,226.7783966064453,123.66803741455078,0.9987428784370422,313.0348205566406,84.85140991210938,0.990156888961792,271.8349914550781,64.69801330566406,0.9911531805992126,201.15908813476562,82.92229461669922,0.9988048076629639,315.0323181152344,133.9012908935547,0.9909947514533997,278.6041259765625,152.30096435546875,0.9724850058555603,235.49746704101562,158.64175415039062,0.9926855564117432
306,330.51776123046875,64.31642150878906,0.9982642531394958,338.6167907714844,135.53823852539062,0.9987806677818298,305.396728515625,105.83719635009766,0.9978493452072144,284.2178649902344,111.39683532714844,0.9938257932662964,255.42811584472656,117.33366394042969,0.9989597797393799,226.97434997558594,123.66803741455078,0.9987996816635132,313.4319152832031,84.82341766357422,0.9931604862213135,271.8349914550781,64.66142272949219,0.9909812808036804,201.11636352539062,82.92229461669922,0.9988101720809937,315.08001708984375,133.83346557617188,0.9928749799728394,281.73236083984375,151.88604736328125,0.9658321738243103,235.49746704101562,158.64175415039062,0.9923678040504456
307,331.8079833984375,64.36988830566406,0.9984007477760315,338.2821350097656,135.1999053955078,0.9987725615501404,305.396728515625,105.8667984008789,0.9978764057159424,284.2178649902344,111.39683532714844,0.9943619966506958,255.48712158203125,117.10169219970703,0.9989938139915466,227.1988983154297,123.66803741455078,0.9987872242927551,314.1005859375,84.82341766357422,0.9922500848770142,271.8349914550781,64.42857360839844,0.9910447597503662,201.11636352539062,82.93180084228516,0.9988194108009338,315.2346496582031,133.70437622070312,0.9928050637245178,285.0052490234375,152.30096435546875,0.9771643280982971,235.49746704101562,158.73483276367188,0.9923322200775146
308,333.13238525390625,64.36988830566406,0.998613715171814,337.96148681640625,134.21676635742188,0.998477041721344,305.396728515625,106.63551330566406,0.9976576566696167,284.2888488769531,111.39683532714844,0.9938328266143799,255.59011840820312,116.882568359375,0.9990808963775635,227.5751190185547,123.65363311767578,0.9988616704940796,314.1534729003906,84.85140991210938,0.9906270503997803,271.8349914550781,64.36051177978516,0.9906739592552185,201.2340087890625,82.93180084228516,0.9988269209861755,315.2346496582031,133.44796752929688,0.9925175905227661,290.8879699707031,152.30096435546875,0.9765583872795105,235.54183959960938,158.71702575683594,0.9928499460220337
309,334.48974609375,65.77299499511719,0.9988390803337097,337.2093811035156,133.3947296142578,0.9976213574409485,305.86236572265625,107.40801239013672,0.9978323578834534,284.7097473144531,111.74199676513672,0.9932852983474731,256.1828308105469,116.75483703613281,0.9992207288742065,228.2888946533203,123.42982482910156,0.9987240433692932,315.8474426269531,85.4094467163086,0.9891825318336487,271.8224182128906,64.12037658691406,0.9917614459991455,201.3526153564453,83.05995178222656,0.9987769722938538,315.5099792480469,133.4160919189453,0.991961658000946,297.3583679199219,152.0941925048828,0.9801227450370789,236.16091918945312,158.39581298828125,0.9925467371940613
310,334.5382385253906,67.07748413085938,0.9986949563026428,336.227294921875,132.6108856201172,0.9959975481033325,306.40411376953125,107.40801239013672,0.9982385635375977,284.8584899902344,111.74199676513672,0.9939606189727783,256.6144714355469,116.65245056152344,0.9993122816085815,228.5856475830078,123.35802459716797,0.9987626075744629,316.3451843261719,86.05004119873047,0.9879798889160156,271.73974609375,63.81943893432617,0.9918560981750488,201.3526153564453,83.05995178222656,0.998772919178009,315.5099792480469,133.37515258789062,0.9904208183288574,299.84283447265625,152.13978576660156,0.988800048828125,236.20046997070312,158.3474578857422,0.9924168586730957
311,335.2827453613281,71.43550872802734,0.998357355594635,335.9237060546875,132.6108856201172,0.9954999089241028,307.1289367675781,107.40801239013672,0.9984885454177856,285.5257873535156,111.74199676513672,0.9950140118598938,257.20703125,116.37222290039062,0.9994352459907532,229.55775451660156,123.35802459716797,0.9987170696258545,316.3451843261719,86.64659881591797,0.9808134436607361,271.6883850097656,63.67445373535156,0.9911080598831177,201.3526153564453,83.07293701171875,0.9987165927886963,315.5334167480469,132.96157836914062,0.9903811812400818,300.11328125,152.13978576660156,0.9820667505264282,236.25730895996094,158.3474578857422,0.9923586249351501
312,336.422607421875,71.43550872802734,0.9988691210746765,334.7379150390625,132.6108856201172,0.9953678846359253,307.43963623046875,107.59400939941406,0.9985669255256653,285.840087890625,111.30879211425781,0.9961777925491333,257.88916015625,116.16191101074219,0.9994503855705261,230.09609985351562,123.35416412353516,0.9986326098442078,316.3451843261719,87.13337707519531,0.9729645848274231,271.6883850097656,63.37136459350586,0.9911290407180786,201.1068115234375,83.11701965332031,0.9987230896949768,315.5334167480469,132.6541748046875,0.9871108531951904,303.1327819824219,152.13978576660156,0.9760029911994934,236.25730895996094,158.24383544921875,0.9922136664390564
313,336.422607421875,71.43550872802734,0.9987842440605164,333.00921630859375,132.73114013671875,0.9963020086288452,307.7549133300781,107.59400939941406,0.9989155530929565,286.38934326171875,110.71218872070312,0.9974647760391235,259.2721862792969,115.78231811523438,0.9995506405830383,230.95706176757812,123.17529296875,0.9982696771621704,317.3216857910156,87.78494262695312,0.9726224541664124,271.6883850097656,63.218360900878906,0.9897083640098572,201.1068115234375,83.16248321533203,0.9986911416053772,315.16827392578125,132.6541748046875,0.9844857454299927,303.9879455566406,152.0941925048828,0.9601197838783264,236.25730895996094,158.185546875,0.9924696087837219
314,336.422607421875,70.51078796386719,0.9985841512680054,332.3209228515625,135.53395080566406,0.9956985712051392,308.7373962402344,107.61493682861328,0.9990768432617188,287.50732421875,110.65453338623047,0.9979355335235596,260.0359802246094,115.53519439697266,0.9996020197868347,231.96990966796875,123.0294418334961,0.9976820945739746,317.3216857910156,87.78494262695312,0.9725042581558228,271.79833984375,62.978580474853516,0.9891332983970642,201.1068115234375,83.27865600585938,0.9986559152603149,314.9033508300781,132.6541748046875,0.975753903388977,305.3380432128906,150.7990264892578,0.9550129175186157,236.45541381835938,157.96066284179688,0.9924498796463013
315,336.0367736816406,64.1778564453125,0.9985312223434448,332.3209228515625,138.02073669433594,0.9952013492584229,309.4901123046875,107.61493682861328,0.9989162683486938,288.6300964355469,110.204833984375,0.9981607794761658,261.1922607421875,115.41163635253906,0.9995438456535339,232.8818359375,121.87637329101562,0.9960743188858032,317.3216857910156,87.78494262695312,0.9760727286338806,271.8153991699219,62.978580474853516,0.9894472360610962,201.4214324951172,83.83649444580078,0.998647153377533,311.4209899902344,136.9584197998047,0.9736415147781372,307.7080383300781,150.46173095703125,0.9158608913421631,236.56201171875,157.77931213378906,0.9923183917999268
316,334.8759765625,64.11993408203125,0.9983590245246887,332.3209228515625,141.6836700439453,0.9966795444488525,310.6952819824219,107.61493682861328,0.9983285069465637,289.4494934082031,109.99544525146484,0.9979285001754761,262.2760314941406,115.41163635253906,0.9995104074478149,233.822998046875,121.31159973144531,0.9969383478164673,318.6413879394531,87.31878662109375,0.9781936407089233,271.8521728515625,62.978580474853516,0.9886080026626587,202.94509887695312,84.914306640625,0.9986370205879211,310.60986328125,137.8344268798828,0.9719303250312805,309.8310241699219,150.0807342529297,0.9028751850128174,236.60137939453125,157.41265869140625,0.9918768405914307
317,332.4678039550781,64.02473449707031,0.9981892704963684,334.3925476074219,143.72242736816406,0.9956434965133667,312.3594665527344,107.50746154785156,0.9974206686019897,290.9992370605469,109.99544525146484,0.9972853660583496,262.64959716796875,115.1953353881836,0.9993096590042114,235.22872924804688,120.85977172851562,0.9974421262741089,319.9862976074219,86.98274230957031,0.9748883247375488,271.9922790527344,63.1403694152832,0.988724410533905,203.37335205078125,85.7543716430664,0.9985525012016296,310.60986328125,138.32070922851562,0.9717885255813599,310.61395263671875,150.0789337158203,0.836891233921051,236.80726623535156,157.3469696044922,0.9924465417861938
318,332.1026916503906,63.37089538574219,0.9981589913368225,334.8635559082031,144.68414306640625,0.997017502784729,313.9042663574219,107.40017700195312,0.9958772659301758,292.35845947265625,109.99544525146484,0.9960711002349854,263.6466064453125,115.41163635253906,0.9991173148155212,236.7152557373047,120.85977172851562,0.9973540306091309,321.4085998535156,86.65058135986328,0.9789861440658569,272.0447998046875,63.44457244873047,0.9898489117622375,205.70362854003906,86.6062240600586,0.9981369972229004,310.60986328125,138.83482360839844,0.9675659537315369,311.5048522949219,150.0789337158203,0.8138986229896545,237.02976989746094,157.19309997558594,0.9923403263092041
319,331.550537109375,63.37089538574219,0.9984147548675537,336.99920654296875,145.54933166503906,0.9986234903335571,314.555908203125,107.38114929199219,0.9925810098648071,293.8766174316406,110.49505615234375,0.9937949180603027,264.3545227050781,115.47930908203125,0.9989812970161438,237.65760803222656,120.85977172851562,0.9965341091156006,321.6260681152344,86.51190185546875,0.9861171841621399,272.0447998046875,63.67264175415039,0.9917215704917908,207.57383728027344,87.7326431274414,0.9973735809326172,310.8769836425781,139.32122802734375,0.9644051194190979,312.0506591796875,149.7798614501953,0.8687028288841248,237.02976989746094,157.09808349609375,0.9917431473731995
320,330.26361083984375,63.37089538574219,0.9984961748123169,339.4037780761719,146.13002014160156,0.998812198638916,316.5892333984375,107.38114929199219,0.992168128490448,296.484130859375,111.08563232421875,0.9936488270759583,264.8354187011719,115.58184814453125,0.9992745518684387,240.8511962890625,121.7354736328125,0.9955393671989441,322.29510498046875,86.34381103515625,0.986879825592041,271.9922790527344,64.02706909179688,0.9933207035064697,217.29312133789062,89.37944030761719,0.996634304523468,311.56689453125,139.32122802734375,0.9689608216285706,312.3360290527344,149.71487426757812,0.8769729137420654,237.02976989746094,157.06202697753906,0.9911276698112488
321,329.7419128417969,63.37089538574219,0.9970038533210754,341.6338195800781,146.13002014160156,0.9985255599021912,317.1874694824219,106.80113983154297,0.9914349913597107,298.07952880859375,111.10428619384766,0.9949994087219238,266.076904296875,115.81037902832031,0.9992978572845459,242.36744689941406,121.77245330810547,0.9975074529647827,322.59381103515625,85.73278045654297,0.9880308508872986,270.58636474609375,65.87496948242188,0.9958598017692566,221.19276428222656,89.4903793334961,0.995184600353241,311.5907287597656,139.32122802734375,0.9624471068382263,312.5790710449219,149.5152130126953,0.8730413317680359,236.8234405517578,156.94232177734375,0.9905581474304199
322,329.143310546875,64.43975067138672,0.997248113155365,344.01708984375,146.13002014160156,0.996964156627655,318.4837951660156,106.6275863647461,0.9926797151565552,299.5887451171875,111.10428619384766,0.9949766397476196,267.8890075683594,116.01447296142578,0.9991770386695862,242.87677001953125,121.82083129882812,0.998528003692627,322.5964050292969,85.65061950683594,0.982399582862854,270.3741760253906,66.4664077758789,0.9967323541641235,226.1368865966797,89.4903793334961,0.9958933591842651,315.0852355957031,134.38967895507812,0.9512224197387695,312.608642578125,148.94049072265625,0.9311795234680176,236.81455993652344,156.89794921875,0.9909145832061768
323,328.75677490234375,64.68612670898438,0.9973794221878052,344.4100036621094,143.37307739257812,0.9958452582359314,319.1931457519531,106.6275863647461,0.9914892911911011,300.0627136230469,111.08563232421875,0.9936756491661072,269.63299560546875,116.03746032714844,0.9990730285644531,244.23159790039062,121.82083129882812,0.9989681243896484,323.57415771484375,84.6268081665039,0.9796456694602966,270.35858154296875,66.92437744140625,0.9970484375953674,231.6718292236328,89.37944030761719,0.993827760219574,316.2827453613281,134.3591766357422,0.9659251570701599,312.608642578125,148.93887329101562,0.9518393874168396,236.78939819335938,156.61468505859375,0.9914306998252869
324,328.75677490234375,64.68612670898438,0.9969568252563477,348.2193908691406,141.78216552734375,0.995425283908844,321.2979736328125,105.33916473388672,0.9950705766677856,300.4859924316406,110.5755615234375,0.9940369129180908,272.8822937011719,116.03746032714844,0.9991890788078308,245.37400817871094,121.82083129882812,0.9989435076713562,324.7654724121094,84.28026580810547,0.9786924719810486,270.2973937988281,66.92437744140625,0.9973692893981934,239.72071838378906,88.86930084228516,0.9944962859153748,316.2827453613281,134.3591766357422,0.9633775353431702,312.5790710449219,148.4726104736328,0.9692146182060242,236.7888641357422,156.5457305908203,0.9919552206993103
325,328.4775390625,64.68612670898438,0.9967135190963745,352.52630615234375,141.3369903564453,0.9962515234947205,322.6893310546875,104.2693862915039,0.9974699020385742,301.5891418457031,109.92870330810547,0.9961748123168945,274.727783203125,116.03746032714844,0.9994010925292969,247.03549194335938,121.0606460571289,0.9987581968307495,325.3583679199219,84.15476989746094,0.975613534450531,270.2973937988281,66.92437744140625,0.9974251985549927,241.85533142089844,88.80081176757812,0.9950109720230103,316.2911376953125,134.3591766357422,0.9659392833709717,312.8529052734375,147.7449493408203,0.9830604195594788,236.6315460205078,156.33810424804688,0.9919747710227966
326,328.4609680175781,64.1279296875,0.9964082837104797,353.666259765625,139.07017517089844,0.9974902868270874,323.5666198730469,103.6365966796875,0.9986653327941895,303.33734130859375,109.4576416015625,0.9976906776428223,276.6795654296875,115.81072235107422,0.9994753003120422,248.07777404785156,120.4249496459961,0.9981420040130615,326.5477294921875,84.04579162597656,0.9785535335540771,270.3741760253906,66.68102264404297,0.9971075654029846,246.15036010742188,87.36764526367188,0.9967038035392761,316.67547607421875,135.07545471191406,0.9610055685043335,312.8529052734375,147.7449493408203,0.9877739548683167,236.6045684814453,156.2620849609375,0.9918938279151917
327,327.8594665527344,62.94963455200195,0.99615877866745,357.4115905761719,137.3014373779297,0.9985639452934265,323.7862243652344,103.60457611083984,0.9990382194519043,304.31292724609375,109.41305541992188,0.9982941746711731,278.32928466796875,115.81072235107422,0.9994458556175232,248.5792694091797,119.36174011230469,0.9988551139831543,327.3846740722656,83.94002532958984,0.9769730567932129,270.22406005859375,66.68102264404297,0.9963443875312805,248.27737426757812,86.46376037597656,0.9961866736412048,317.265869140625,135.07545471191406,0.9620339274406433,312.9508056640625,147.7449493408203,0.9861971735954285,236.6045684814453,156.2620849609375,0.9918243288993835
328,326.7591247558594,61.08834457397461,0.9962500929832458,359.2128601074219,134.42437744140625,0.9981826543807983,325.2562561035156,103.52522277832031,0.999158501625061,305.68914794921875,109.34722137451172,0.9986292123794556,278.9143371582031,115.78986358642578,0.9992775321006775,250.24484252929688,119.33206176757812,0.9990772008895874,327.46453857421875,83.84234619140625,0.9742491841316223,270.0111389160156,66.41864776611328,0.9960412979125977,248.77146911621094,86.15158081054688,0.9976995587348938,317.8310241699219,135.07545471191406,0.953488826751709,313.09600830078125,147.31544494628906,0.9876356720924377,236.60174560546875,156.1754913330078,0.9915579557418823
329,324.49786376953125,59.96729278564453,0.9957446455955505,362.2346496582031,130.85462951660156,0.9961795806884766,326.65057373046875,103.090087890625,0.9989956021308899,307.0761413574219,109.01776885986328,0.9985104203224182,279.5955810546875,115.78986358642578,0.9988102912902832,252.32687377929688,119.33206176757812,0.9988388419151306,328.235107421875,83.1771469116211,0.9696323871612549,269.8044738769531,66.41864776611328,0.996629536151886,250.2902069091797,85.119140625,0.9970325231552124,319.4430236816406,135.07110595703125,0.9571113586425781,313.1271057128906,147.965576171875,0.9898378849029541,236.54812622070312,156.13619995117188,0.9907474517822266
330,321.7860107421875,57.81446838378906,0.988871157169342,365.1346435546875,127.0904541015625,0.9921953678131104,327.6588134765625,102.54729461669922,0.9987940788269043,308.2389221191406,108.64315795898438,0.9982210993766785,279.9376525878906,115.22964477539062,0.9991030693054199,253.8793182373047,119.35253143310547,0.998799204826355,329.0819396972656,82.47097778320312,0.9721593260765076,269.8044738769531,66.65362548828125,0.997226893901825,251.79574584960938,84.83851623535156,0.9971151351928711,322.0110778808594,133.73248291015625,0.9715429544448853,313.1271057128906,148.1631622314453,0.991513192653656,236.5537567138672,156.13619995117188,0.9908238649368286
331,321.7860107421875,56.19614791870117,0.9915907382965088,369.35870361328125,126.70194244384766,0.9947410821914673,329.35467529296875,102.09110260009766,0.9985858201980591,309.1016845703125,108.53516387939453,0.9980986714363098,280.7828063964844,115.22964477539062,0.9992497563362122,254.83738708496094,119.35253143310547,0.9982743263244629,329.0819396972656,82.47097778320312,0.9662856459617615,269.8044738769531,66.69409942626953,0.9976218342781067,251.8137969970703,84.44270324707031,0.9973725080490112,326.33349609375,132.57630920410156,0.9766144156455994,313.09600830078125,147.965576171875,0.9917765855789185,236.5537567138672,156.1754913330078,0.9905312657356262
332,321.7860107421875,52.72811508178711,0.9927929639816284,371.23675537109375,123.3925552368164,0.9965288043022156,330.5472412109375,101.13377380371094,0.998275876045227,310.2787780761719,108.53516387939453,0.9972842931747437,280.7828063964844,115.22964477539062,0.9993720650672913,255.25241088867188,120.81719970703125,0.9981560111045837,329.0819396972656,82.47097778320312,0.9685350656509399,269.8515930175781,66.69409942626953,0.9978287816047668,251.8137969970703,84.37664794921875,0.99774569272995,329.0315246582031,132.5696563720703,0.9781529307365417,312.48370361328125,147.965576171875,0.9910605549812317,236.5537567138672,156.23855590820312,0.9907660484313965
333,325.1335144042969,52.599098205566406,0.9956549406051636,372.4522705078125,121.60504150390625,0.9975156784057617,330.70306396484375,100.79642486572266,0.9981681108474731,310.8743896484375,108.53516387939453,0.9962537288665771,281.7821044921875,115.22964477539062,0.9992290735244751,256.01324462890625,120.81719970703125,0.9983080625534058,328.7798767089844,83.4183578491211,0.9579805135726929,269.92047119140625,66.70926666259766,0.9980306029319763,251.79574584960938,84.19174194335938,0.9979231953620911,332.8099670410156,131.1998291015625,0.985313892364502,312.42779541015625,148.1631622314453,0.9913669228553772,236.88600158691406,156.4898223876953,0.9906066656112671
334,327.35565185546875,51.54319763183594,0.9964485168457031,373.4886779785156,119.8403091430664,0.9982572197914124,330.9801025390625,100.79642486572266,0.9973256587982178,312.45135498046875,108.64056396484375,0.9948368072509766,283.1117858886719,115.22964477539062,0.9989709854125977,256.8990783691406,120.81719970703125,0.9984980821609497,328.4449157714844,83.94220733642578,0.953656017780304,270.0931091308594,66.70926666259766,0.9980777502059937,251.44845581054688,84.07450103759766,0.998140811920166,334.7046203613281,129.8613739013672,0.9848798513412476,312.2349548339844,148.29647827148438,0.989248514175415,237.06967163085938,156.4898223876953,0.9903759360313416
335,327.8708801269531,49.82600784301758,0.996278703212738,374.6953430175781,118.08182525634766,0.9980072379112244,331.07513427734375,100.79642486572266,0.997957706451416,313.74468994140625,108.74616241455078,0.9939035773277283,284.58026123046875,115.03266143798828,0.9985207915306091,257.8289489746094,120.7536849975586,0.9987053871154785,328.11663818359375,84.08914184570312,0.9528003931045532,270.2072448730469,66.73331451416016,0.9983654618263245,250.9682159423828,83.92687225341797,0.998157799243927,339.475341796875,128.82737731933594,0.9882369637489319,311.7595520019531,148.49598693847656,0.9872326850891113,237.34425354003906,156.4898223876953,0.9895249605178833
336,330.82171630859375,49.781715393066406,0.9961916208267212,375.9398193359375,116.19132995605469,0.997109591960907,331.4753112792969,100.99384307861328,0.9980338215827942,314.7460021972656,108.74616241455078,0.9950003027915955,286.8924255371094,114.6697006225586,0.998284637928009,258.9908447265625,120.72040557861328,0.9988837838172913,328.11663818359375,84.08914184570312,0.9605751633644104,270.2072448730469,66.75901794433594,0.9984105825424194,250.94097900390625,83.75850677490234,0.9981144666671753,343.2586669921875,128.47259521484375,0.9877604246139526,311.65966796875,148.60812377929688,0.9880927205085754,237.5291748046875,156.62547302246094,0.990295946598053
337,332.7084045410156,49.781715393066406,0.996317982673645,377.4472351074219,114.26656341552734,0.995912492275238,333.048583984375,100.99384307861328,0.9979625940322876,316.2157897949219,108.64056396484375,0.9950838685035706,288.2315673828125,114.3128433227539,0.9989888072013855,260.34814453125,120.11801147460938,0.9990131855010986,328.11663818359375,83.4183578491211,0.9714694023132324,270.3809509277344,66.97108459472656,0.9984153509140015,250.9682159423828,83.54608154296875,0.9985668063163757,344.2215270996094,127.6458740234375,0.9840714931488037,311.53521728515625,148.60812377929688,0.9851095676422119,237.787109375,156.62547302246094,0.9900528788566589
338,334.67718505859375,49.82600784301758,0.996180534362793,378.2480773925781,112.68477630615234,0.9958236217498779,335.31304931640625,100.99384307861328,0.9967488050460815,317.3468933105469,108.37494659423828,0.9946699738502502,289.39007568359375,113.94270324707031,0.9991944432258606,261.3484802246094,119.73015594482422,0.9990713596343994,330.4463806152344,81.71382141113281,0.9723725914955139,270.5510559082031,67.15206909179688,0.9983654618263245,250.75357055664062,83.54608154296875,0.998702883720398,349.0036315917969,126.35009002685547,0.9763787984848022,311.3544006347656,148.60812377929688,0.9884936213493347,238.82615661621094,157.13609313964844,0.9903941750526428
339,335.9786071777344,50.89124298095703,0.9980078339576721,379.8018493652344,112.68477630615234,0.9967118501663208,336.98150634765625,98.68434143066406,0.9976317882537842,317.7891845703125,107.05550384521484,0.9955639839172363,290.93505859375,113.59258270263672,0.999342143535614,262.6985778808594,119.32225799560547,0.9991317391395569,330.4674377441406,80.7936782836914,0.9627099633216858,270.583251953125,67.21768951416016,0.9983600974082947,250.52903747558594,83.35662078857422,0.9987733960151672,349.2605895996094,126.04349517822266,0.9683187007904053,311.3138732910156,148.2611541748047,0.9894974231719971,239.24635314941406,157.13609313964844,0.9907784461975098
340,339.90765380859375,50.89124298095703,0.9985314607620239,381.09295654296875,112.68477630615234,0.9968745708465576,337.6871643066406,98.68434143066406,0.9983637928962708,318.5597839355469,106.5225830078125,0.9958590865135193,292.09124755859375,113.36672973632812,0.9992361068725586,264.2552490234375,118.71174621582031,0.9990191459655762,331.3091125488281,80.50655364990234,0.9765055179595947,275.8655090332031,69.34144592285156,0.9914811849594116,250.52903747558594,83.30891418457031,0.999224066734314,350.6645812988281,124.8302993774414,0.9705547094345093,311.2843322753906,148.25135803222656,0.9906766414642334,240.81146240234375,157.13609313964844,0.993421733379364
341,345.2496643066406,51.26123046875,0.99644935131073,381.994384765625,114.53490447998047,0.9974644184112549,338.4697265625,98.68434143066406,0.9987263083457947,319.3746032714844,106.5225830078125,0.9973084926605225,293.2822265625,113.36672973632812,0.9991623163223267,264.9441833496094,118.66462707519531,0.9989117383956909,331.34814453125,80.50655364990234,0.9801329374313354,282.1231689453125,71.84873962402344,0.9937816262245178,251.00930786132812,83.30891418457031,0.9992969036102295,351.2808837890625,124.67503356933594,0.9757623076438904,311.24700927734375,148.18258666992188,0.9910532832145691,244.27978515625,156.32260131835938,0.9949690699577332
342,347.1181335449219,51.26123046875,0.9971229434013367,386.1626281738281,120.2927474975586,0.9992325305938721,340.818603515625,98.8761978149414,0.9989008903503418,320.56915283203125,106.48521423339844,0.9980888962745667,294.64593505859375,113.2421646118164,0.9989525079727173,265.5877380371094,117.29104614257812,0.998773992061615,331.34814453125,80.61444854736328,0.98630291223526,288.18109130859375,72.45169067382812,0.994378387928009,250.8849334716797,83.30891418457031,0.999294638633728,351.841064453125,124.67503356933594,0.9806635975837708,311.24700927734375,147.98309326171875,0.9914661645889282,249.66285705566406,155.5656280517578,0.9891668558120728
343,351.2415771484375,51.26123046875,0.9968907237052917,386.97509765625,120.2927474975586,0.9992907047271729,343.0489807128906,98.8761978149414,0.9988899827003479,321.8612976074219,106.29619598388672,0.9982098340988159,295.2396545410156,113.23983001708984,0.998868465423584,265.7623596191406,117.29104614257812,0.9988414645195007,331.464599609375,80.61444854736328,0.9842243194580078,295.1249084472656,71.84873962402344,0.9870224595069885,250.8849334716797,83.30891418457031,0.999275267124176,354.6098937988281,124.67503356933594,0.9834728240966797,311.24700927734375,148.18258666992188,0.9885581731796265,257.6348571777344,155.5656280517578,0.9950113296508789
344,353.9528503417969,53.868534088134766,0.9983652234077454,387.7801818847656,120.2927474975586,0.9994046688079834,344.4163513183594,98.8761978149414,0.9986808896064758,322.9641418457031,106.21965026855469,0.9977228045463562,295.4134826660156,113.21306610107422,0.9985668063163757,266.54638671875,117.29104614257812,0.998934805393219,331.8391418457031,80.61444854736328,0.9850040674209595,301.7870788574219,71.84873962402344,0.9796617031097412,250.8849334716797,83.30891418457031,0.9992017149925232,358.5395202636719,124.54248046875,0.9830706715583801,311.39202880859375,148.18258666992188,0.9881700277328491,262.5945739746094,154.85523986816406,0.9962116479873657
345,357.8584289550781,53.99114990234375,0.9990025162696838,389.1412353515625,119.43504333496094,0.9993394017219543,345.9884033203125,98.8761978149414,0.998221218585968,324.3188171386719,106.21965026855469,0.9971176385879517,296.6581726074219,112.45208740234375,0.9990760087966919,268.6111755371094,117.54866027832031,0.9988518953323364,331.9714050292969,81.2696533203125,0.9843122363090515,309.12176513671875,69.6175308227539,0.995105504989624,250.7913818359375,83.65583038330078,0.9991843104362488,360.50628662109375,124.16604614257812,0.9826363325119019,312.4523620605469,151.4680633544922,0.9857348799705505,265.65338134765625,154.541748046875,0.9909496903419495
346,358.8788146972656,53.99114990234375,0.9989253878593445,390.04693603515625,117.6928939819336,0.9990525841712952,346.37786865234375,98.8761978149414,0.9966458678245544,326.0137023925781,105.5995101928711,0.9962277412414551,297.1477355957031,112.15599822998047,0.9992861151695251,270.9474792480469,117.5565414428711,0.9985456466674805,331.9714050292969,81.74285888671875,0.9779566526412964,312.8414001464844,66.6843490600586,0.9834082126617432,250.72422790527344,84.0030288696289,0.9991470575332642,363.75762939453125,123.67144012451172,0.9694870710372925,312.4523620605469,151.4680633544922,0.9843769073486328,271.26092529296875,154.33926391601562,0.9930741786956787
347,360.4164123535156,53.868534088134766,0.9984900951385498,392.191650390625,114.76618194580078,0.9978214502334595,347.3589172363281,99.47869110107422,0.996575653553009,327.9196472167969,105.5603256225586,0.9965947270393372,299.1817626953125,112.12489318847656,0.9992534518241882,271.8793640136719,119.52594757080078,0.9987649917602539,331.8391418457031,82.826171875,0.9838985800743103,318.6756286621094,64.82405853271484,0.9772090911865234,250.72422790527344,84.21231842041016,0.9991255402565002,367.8556823730469,121.30738830566406,0.9673601984977722,312.4523620605469,151.4680633544922,0.979272723197937,276.51080322265625,153.75856018066406,0.9960983991622925
348,361.2752685546875,53.06261444091797,0.9974379539489746,393.10699462890625,114.21083068847656,0.9971924424171448,348.7200012207031,99.47869110107422,0.996619701385498,330.0729675292969,105.48393249511719,0.9970499277114868,301.5008850097656,112.12489318847656,0.9989885687828064,274.1090393066406,119.52899169921875,0.9989997744560242,330.2928466796875,82.826171875,0.9812009930610657,321.0701599121094,63.929603576660156,0.9881604909896851,250.7913818359375,84.3232650756836,0.9990617632865906,369.52880859375,120.53477478027344,0.9827176928520203,311.46881103515625,150.92649841308594,0.9809706807136536,282.2057800292969,151.15362548828125,0.9933784604072571
349,365.3778076171875,53.06261444091797,0.9979875087738037,393.14556884765625,114.15412902832031,0.9974610805511475,350.7518615722656,99.47869110107422,0.9970160722732544,331.5384826660156,105.22039031982422,0.9973082542419434,303.88763427734375,112.12489318847656,0.9983547329902649,275.7615966796875,119.6305160522461,0.999349057674408,330.2928466796875,82.826171875,0.9764203429222107,328.7789306640625,60.419952392578125,0.993447482585907,250.89947509765625,84.50464630126953,0.9989425539970398,371.3070068359375,120.124755859375,0.9858735799789429,311.46881103515625,148.18711853027344,0.9846921563148499,289.72113037109375,148.4866180419922,0.9854885935783386
350,367.8862609863281,53.06261444091797,0.9980481863021851,393.1540222167969,114.1342544555664,0.9967530369758606,351.5572814941406,99.41734313964844,0.9968820810317993,332.3541564941406,104.64550018310547,0.9972353577613831,305.78167724609375,112.1509780883789,0.9989709854125977,277.0625915527344,119.86504364013672,0.9994438290596008,330.2928466796875,80.48859405517578,0.9713969230651855,333.5780944824219,58.705440521240234,0.9640321731567383,250.90243530273438,84.50464630126953,0.9989323019981384,374.63189697265625,119.98428344726562,0.9850848317146301,311.1445617675781,148.18711853027344,0.989953339099884,296.8303527832031,148.4866180419922,0.9436053037643433
351,369.0424499511719,55.21974182128906,0.9990585446357727,393.1918640136719,114.1342544555664,0.9951234459877014,351.81988525390625,98.68746185302734,0.9970454573631287,333.5960693359375,103.90077209472656,0.9965574741363525,307.9110107421875,112.64530181884766,0.9991500377655029,279.0255126953125,119.67002868652344,0.9992096424102783,332.8344421386719,76.88188171386719,0.9606654047966003,335.03399658203125,57.635501861572266,0.9785995483398438,251.01295471191406,84.50464630126953,0.9989407658576965,377.7210693359375,115.79910278320312,0.9788862466812134,310.5874328613281,148.18711853027344,0.987677276134491,300.249267578125,148.4866180419922,0.8605156540870667
352,370.2093505859375,55.230525970458984,0.9992400407791138,393.2139892578125,114.21083068847656,0.9957190155982971,353.8019104003906,98.6480941772461,0.9949707388877869,334.0810852050781,103.39308166503906,0.995470404624939,309.32257080078125,112.64900970458984,0.9991872906684875,281.5455322265625,119.67002868652344,0.9979549646377563,333.00640869140625,76.88188171386719,0.9500451683998108,335.1846618652344,57.438926696777344,0.9769519567489624,251.22500610351562,84.50464630126953,0.9990009665489197,378.6968078613281,115.79910278320312,0.9808813333511353,310.5874328613281,148.60720825195312,0.9873602986335754,301.18096923828125,151.26414489746094,0.9582300186157227
353,371.4572448730469,55.230525970458984,0.9992921352386475,393.95391845703125,114.31341552734375,0.995965838432312,354.47509765625,97.40446472167969,0.9968035221099854,336.79754638671875,103.39308166503906,0.9965749382972717,311.3003845214844,112.64900970458984,0.9988467693328857,281.592529296875,119.67002868652344,0.9981120824813843,333.00640869140625,76.88188171386719,0.9411150217056274,335.30255126953125,57.29777908325195,0.9801176190376282,251.42074584960938,84.51091766357422,0.9990035891532898,381.4346008300781,115.7363052368164,0.9829077124595642,310.5180969238281,148.60720825195312,0.9842527508735657,301.7009582519531,152.63253784179688,0.9743590950965881
354,374.2052307128906,55.21974182128906,0.9991212487220764,393.95391845703125,115.39539337158203,0.9959878325462341,356.01690673828125,97.40446472167969,0.9980452060699463,338.5384826660156,103.27647399902344,0.9966782331466675,312.0474853515625,112.64900970458984,0.9982566237449646,283.0199279785156,119.51464080810547,0.9981493949890137,333.00640869140625,76.88188171386719,0.9220499992370605,335.1846618652344,57.438926696777344,0.9860789179801941,251.44955444335938,84.59830474853516,0.9989448189735413,382.5537414550781,115.7363052368164,0.9858616590499878,310.46649169921875,148.60720825195312,0.9793927669525146,301.7009582519531,153.36105346679688,0.9845400452613831
355,378.1226501464844,55.172855377197266,0.9972814321517944,393.95391845703125,119.71806335449219,0.996381402015686,356.81524658203125,97.40446472167969,0.9981246590614319,340.02008056640625,103.27647399902344,0.9968175888061523,312.85125732421875,110.63184356689453,0.9984949827194214,284.6697998046875,119.51464080810547,0.9979733824729919,333.0284118652344,81.73064422607422,0.9060176610946655,335.03399658203125,57.29777908325195,0.9864242672920227,251.56716918945312,84.77933502197266,0.9988918900489807,382.5537414550781,115.7363052368164,0.9816862344741821,310.46649169921875,148.48959350585938,0.9770192503929138,302.1923522949219,153.5023193359375,0.9833472371101379
356,380.57080078125,52.7559814453125,0.9973434805870056,393.3233337402344,123.05587768554688,0.9966416358947754,358.1873779296875,97.5595474243164,0.9986134767532349,340.39691162109375,103.50897216796875,0.9968279004096985,312.8835754394531,110.41121673583984,0.9984608888626099,286.13580322265625,119.51464080810547,0.9980888962745667,334.7000732421875,81.88822174072266,0.8984507918357849,335.49517822265625,57.27137756347656,0.9818124175071716,251.65516662597656,84.78446197509766,0.9988388419151306,382.8955993652344,115.40379333496094,0.9798539280891418,310.5180969238281,148.3955841064453,0.9707315564155579,303.07904052734375,153.73837280273438,0.9829727411270142
357,382.7072448730469,52.08057403564453,0.9968048334121704,392.88873291015625,126.07286834716797,0.996698796749115,359.98095703125,97.5595474243164,0.9983464479446411,340.7035827636719,103.7560043334961,0.9974091649055481,313.3685302734375,110.38114929199219,0.9984205961227417,287.7130126953125,119.59076690673828,0.9986819624900818,336.8346862792969,82.65403747558594,0.8944721221923828,334.8854064941406,57.29777908325195,0.9820278882980347,252.3391571044922,84.80534362792969,0.998722493648529,383.1579284667969,115.40379333496094,0.9768341183662415,310.46649169921875,148.3393096923828,0.9596131443977356,303.07904052734375,154.09263610839844,0.9873239994049072
358,382.7072448730469,51.503787994384766,0.996961772441864,392.88873291015625,127.72918701171875,0.9959763884544373,361.4779968261719,97.5595474243164,0.9972571730613708,341.66497802734375,103.9531021118164,0.998045802116394,314.08251953125,110.05543518066406,0.9983225464820862,288.1189880371094,119.84934997558594,0.998859167098999,338.3803405761719,82.65403747558594,0.9121269583702087,334.8854064941406,57.19304275512695,0.984031081199646,252.3634033203125,84.85891723632812,0.9987587928771973,383.1579284667969,115.40379333496094,0.9695704579353333,310.46649169921875,148.24356079101562,0.955093264579773,303.07904052734375,154.24624633789062,0.987250566482544
359,382.7072448730469,50.92374038696289,0.9968808889389038,392.88873291015625,127.85861206054688,0.9959646463394165,363.00738525390625,96.96895599365234,0.9969377517700195,343.081298828125,104.09690856933594,0.9983211159706116,314.6318664550781,109.92533111572266,0.9981972575187683,288.85003662109375,119.84934997558594,0.999042809009552,339.9067687988281,82.65403747558594,0.938646137714386,335.02166748046875,57.19304275512695,0.9861229658126831,252.6679229736328,84.94302368164062,0.9987389445304871,383.30084228515625,115.70283508300781,0.9740282893180847,310.4465026855469,148.0626678466797,0.9438607692718506,302.7755432128906,155.0254669189453,0.9893437623977661
360,382.41351318359375,49.889991760253906,0.997215986251831,392.9329833984375,127.85861206054688,0.99600750207901,364.27703857421875,95.94113159179688,0.9971075654029846,344.69708251953125,104.09690856933594,0.9987418055534363,315.76727294921875,109.85234069824219,0.9981001019477844,289.61822509765625,119.78060150146484,0.9991884827613831,341.0428161621094,82.38697814941406,0.957736611366272,335.23162841796875,57.922943115234375,0.9889483451843262,252.6769256591797,84.98213958740234,0.9987027645111084,383.6673889160156,116.26663970947266,0.9758559465408325,310.326171875,147.9256591796875,0.9306411147117615,302.72528076171875,155.0254669189453,0.9923017024993896
361,380.1923828125,49.6660041809082,0.9972787499427795,392.9541320800781,127.72918701171875,0.9953950047492981,364.5495300292969,95.79410552978516,0.9966943264007568,345.88494873046875,104.09690856933594,0.9988791346549988,316.524169921875,109.6489028930664,0.997943103313446,290.39312744140625,119.78060150146484,0.9992077946662903,342.7169189453125,81.40882110595703,0.9628303050994873,335.23162841796875,57.922943115234375,0.9918252229690552,252.83433532714844,85.17094421386719,0.9986903071403503,383.6673889160156,116.51517486572266,0.9726826548576355,310.326171875,147.9256591796875,0.9019706845283508,302.7015380859375,155.5772705078125,0.9933757185935974
362,378.56982421875,49.6660041809082,0.9967876672744751,393.1422424316406,127.6270751953125,0.9959049820899963,365.68341064453125,95.48834228515625,0.9965985417366028,346.4971008300781,103.98365020751953,0.9988376498222351,317.1984558105469,109.85234069824219,0.9978383183479309,291.4339904785156,119.84934997558594,0.9992320537567139,344.7878112792969,80.8801040649414,0.9619892835617065,335.8723449707031,57.98442459106445,0.9945157170295715,252.8841094970703,85.29425048828125,0.9985895752906799,383.6673889160156,116.58638000488281,0.9716365933418274,310.326171875,147.9256591796875,0.8962793350219727,302.72528076171875,155.6715850830078,0.9923186302185059
363,377.6715087890625,49.6660041809082,0.9964943528175354,394.69390869140625,125.01964569091797,0.9965831637382507,366.48162841796875,94.95411682128906,0.9957295060157776,347.1041259765625,103.89271545410156,0.9986912608146667,317.6448974609375,109.85234069824219,0.9973897337913513,291.93572998046875,119.96774291992188,0.9993636012077332,346.7263488769531,80.4908676147461,0.9464264512062073,336.73016357421875,57.98442459106445,0.9947183728218079,253.2264404296875,85.49987030029297,0.9985345602035522,382.2878112792969,116.76522064208984,0.9799037575721741,313.7979736328125,147.7060546875,0.8977394700050354,302.72528076171875,155.7099609375,0.9932189583778381
364,376.8729248046875,49.83943176269531,0.9970966577529907,397.9052734375,122.02985382080078,0.9947755336761475,367.2310485839844,94.01490783691406,0.9958211183547974,347.82684326171875,103.11642456054688,0.9984152317047119,320.2659912109375,110.90581512451172,0.9973177313804626,292.4231262207031,120.41073608398438,0.9993571639060974,348.8770751953125,77.3279037475586,0.9563950300216675,336.73016357421875,57.733638763427734,0.9955871105194092,253.7966766357422,85.86441040039062,0.9985352754592896,382.2878112792969,117.57528686523438,0.979120135307312,314.7510681152344,147.7060546875,0.9008537530899048,302.6556396484375,155.7099609375,0.9945143461227417
365,374.7660217285156,49.8719482421875,0.9983772039413452,400.6492614746094,121.32792663574219,0.9978731870651245,367.5111999511719,93.47482299804688,0.995895266532898,347.9077453613281,102.5770492553711,0.9982171654701233,320.8714904785156,110.90581512451172,0.9980266690254211,292.96319580078125,120.64859008789062,0.9993075132369995,349.3409729003906,76.12075805664062,0.973558247089386,336.73016357421875,57.733638763427734,0.9953871369361877,254.0793914794922,87.13246154785156,0.9982460737228394,382.2878112792969,117.91425323486328,0.9856079816818237,318.5033874511719,144.4844512939453,0.7613663673400879,302.7375183105469,155.96749877929688,0.9961800575256348
366,373.6527404785156,50.78044891357422,0.9988566637039185,402.8821716308594,121.21260833740234,0.9991466999053955,367.5447998046875,92.61505889892578,0.9963801503181458,348.0143127441406,101.85869598388672,0.99803227186203,321.53021240234375,110.90581512451172,0.9979943037033081,293.158447265625,120.65230560302734,0.9994266033172607,353.3236389160156,74.71145629882812,0.9873585104942322,336.4681396484375,57.781959533691406,0.9947049021720886,254.0793914794922,89.26809692382812,0.9968668818473816,383.6299133300781,118.61662292480469,0.9816727638244629,329.81768798828125,141.4307098388672,0.8221823573112488,302.8076477050781,155.96749877929688,0.995184600353241
367,372.8526306152344,51.10137939453125,0.9992491602897644,405.43792724609375,120.73004913330078,0.9992917776107788,367.6267395019531,92.46214294433594,0.9955794215202332,348.73223876953125,101.3191909790039,0.997871994972229,321.6595458984375,110.75950622558594,0.9982262253761292,294.1434631347656,120.75515747070312,0.999426007270813,356.6022033691406,74.14386749267578,0.987932026386261,336.2469787597656,57.781959533691406,0.994495689868927,254.09266662597656,89.47866821289062,0.9964370727539062,383.8734436035156,119.7137451171875,0.9821974039077759,337.1436767578125,141.4307098388672,0.8906341791152954,302.8516845703125,155.96749877929688,0.9952160120010376
368,371.2993469238281,51.33517074584961,0.9993230104446411,407.3662414550781,119.13275909423828,0.9990637898445129,367.9722595214844,92.0838851928711,0.9964470267295837,349.74310302734375,100.91580963134766,0.9971405267715454,323.1139221191406,110.75950622558594,0.9981188178062439,294.85052490234375,120.75515747070312,0.9991365075111389,360.74237060546875,72.68256378173828,0.9709965586662292,335.0230712890625,58.1204719543457,0.993107259273529,254.53936767578125,90.25603485107422,0.996753990650177,385.424072265625,120.1962890625,0.9797307848930359,341.0245361328125,140.33193969726562,0.9829372763633728,302.8516845703125,155.79185485839844,0.9938663840293884
369,370.98138427734375,51.41667938232422,0.9993504881858826,409.7540283203125,116.76995086669922,0.9975487589836121,368.8135681152344,91.83948516845703,0.9969907999038696,350.4443054199219,100.72576141357422,0.9959911704063416,324.3975830078125,110.49270629882812,0.9976544976234436,295.8752746582031,120.75515747070312,0.9989482760429382,362.085205078125,71.59967041015625,0.9266254901885986,334.5628967285156,58.1204719543457,0.9912831783294678,256.22735595703125,92.06250762939453,0.9984283447265625,385.424072265625,120.64551544189453,0.979245662689209,344.8873596191406,140.25538635253906,0.9827477335929871,303.3054504394531,155.79185485839844,0.9949471354484558
370,370.84942626953125,51.41667938232422,0.9992600083351135,409.9617919921875,116.14337158203125,0.9981098175048828,368.90789794921875,91.35421752929688,0.9980387091636658,351.35089111328125,100.20149993896484,0.9955853223800659,324.64361572265625,110.33306121826172,0.9970399737358093,296.5047607421875,120.41571044921875,0.9987055063247681,364.73077392578125,71.59967041015625,0.9314839243888855,334.23638916015625,58.1204719543457,0.9908954501152039,256.9883728027344,92.58443450927734,0.9984235763549805,385.424072265625,121.166748046875,0.9801748394966125,346.8988037109375,137.88638305664062,0.9849575757980347,303.5062255859375,155.7540740966797,0.9951145648956299
371,370.84942626953125,51.41667938232422,0.9990641474723816,413.74456787109375,115.17166900634766,0.9980441331863403,369.8597412109375,90.69332122802734,0.9982812404632568,351.61456298828125,99.591796875,0.9961807727813721,325.5612487792969,110.30380249023438,0.9965247511863708,297.1409912109375,119.19971466064453,0.9987506866455078,367.58697509765625,71.59967041015625,0.9333910942077637,334.0755920410156,57.94948959350586,0.9898668527603149,260.7473449707031,93.28699493408203,0.9985880255699158,385.1684875488281,121.24425506591797,0.9807048439979553,350.20166015625,134.3552703857422,0.9678295850753784,303.81317138671875,155.7766571044922,0.994602620601654
372,370.751708984375,51.00828552246094,0.9985087513923645,417.86431884765625,115.04850769042969,0.9987629652023315,370.7290954589844,89.9820327758789,0.9982981085777283,351.9851379394531,98.95626831054688,0.9965987801551819,326.4880676269531,109.98237609863281,0.9974457025527954,297.7591247558594,118.47095489501953,0.9992533326148987,369.3277893066406,71.59967041015625,0.919839084148407,334.029296875,57.7499885559082,0.9904725551605225,263.4062194824219,94.23152923583984,0.9976166486740112,384.8481140136719,121.24425506591797,0.9789278507232666,353.2986755371094,133.8724365234375,0.9819080233573914,303.81317138671875,155.7766571044922,0.9944743514060974
373,370.9027404785156,51.00828552246094,0.9976746439933777,419.2592468261719,113.93839263916016,0.999153733253479,373.3431091308594,88.89352416992188,0.9983785152435303,352.99993896484375,98.51077270507812,0.9971879124641418,327.5249938964844,109.70751953125,0.9974523186683655,298.7737731933594,117.91529846191406,0.9993696808815002,369.90924072265625,71.59967041015625,0.9034672975540161,333.7195739746094,57.71434020996094,0.9903295040130615,263.4853210449219,94.56990051269531,0.9972645044326782,384.4371337890625,121.24425506591797,0.9776625037193298,355.8221130371094,132.95103454589844,0.9866718649864197,303.966552734375,155.55284118652344,0.9938759207725525
374,370.9027404785156,50.995216369628906,0.9970875382423401,419.487060546875,112.43911743164062,0.9987101554870605,374.4618835449219,88.33196258544922,0.9988000392913818,354.160400390625,98.30035400390625,0.9967983365058899,328.50274658203125,109.39996337890625,0.9979631900787354,300.44146728515625,117.62714385986328,0.9993839263916016,373.307373046875,69.34900665283203,0.9208206534385681,333.7195739746094,57.71434020996094,0.9894838929176331,268.8573913574219,94.56990051269531,0.9964780211448669,383.5133972167969,117.67601776123047,0.9771913290023804,357.2559814453125,132.367919921875,0.9693548679351807,304.1430969238281,155.52198791503906,0.9928988218307495
375,371.6740417480469,50.83253860473633,0.9958529472351074,420.22021484375,109.18791198730469,0.9972711205482483,375.4295654296875,87.66204833984375,0.9986681938171387,355.20159912109375,98.14398956298828,0.996353268623352,329.90478515625,109.08502197265625,0.9977356195449829,301.8056335449219,117.52145385742188,0.9991812109947205,374.5579528808594,66.91593933105469,0.9188784956932068,333.7195739746094,57.71434020996094,0.9892134070396423,276.5021667480469,94.23152923583984,0.9971042275428772,382.6235656738281,117.40725708007812,0.9753477573394775,360.3509826660156,132.367919921875,0.9119781255722046,304.2852783203125,155.2902374267578,0.9927772283554077
376,371.88958740234375,50.7186279296875,0.9941791296005249,421.05084228515625,105.30030822753906,0.9971022009849548,376.25860595703125,86.9103775024414,0.998528003692627,356.0050354003906,97.89120483398438,0.9950888752937317,330.69097900390625,108.7099838256836,0.9979774355888367,302.234375,117.52145385742188,0.9992708563804626,376.5208435058594,65.77583312988281,0.9368160963058472,337.0386962890625,58.57136535644531,0.9904332160949707,283.0801696777344,92.52828216552734,0.9927608966827393,381.4906005859375,117.24195861816406,0.9722939729690552,363.7194519042969,131.46018981933594,0.8187130093574524,304.2852783203125,155.22166442871094,0.9926407933235168
377,371.88958740234375,50.7186279296875,0.9897261261940002,422.7007141113281,103.05267333984375,0.9965601563453674,377.2110900878906,86.0542221069336,0.9984595775604248,357.0505676269531,97.21749877929688,0.9949522018432617,332.07257080078125,108.08844757080078,0.9981119632720947,303.2616271972656,117.52145385742188,0.9990631937980652,376.9210510253906,64.66805267333984,0.9147890210151672,337.04620361328125,58.77025604248047,0.9900368452072144,286.781982421875,90.5153579711914,0.9926905035972595,381.4906005859375,117.24195861816406,0.970879316329956,364.45318603515625,130.0537567138672,0.8334567546844482,304.2852783203125,155.1421356201172,0.9928694367408752
378,371.84613037109375,49.04029083251953,0.9842091202735901,423.9012756347656,101.83036804199219,0.9961602687835693,378.4723815917969,84.6048355102539,0.9976754784584045,358.771484375,96.0976333618164,0.992831826210022,333.3249206542969,107.55223846435547,0.9979727864265442,303.8826904296875,116.9438705444336,0.9992523789405823,378.66571044921875,60.63993835449219,0.9114061594009399,337.04620361328125,58.816795349121094,0.9886431097984314,287.32452392578125,88.51869201660156,0.9899182915687561,381.4906005859375,116.84446716308594,0.9640680551528931,374.5880432128906,129.36241149902344,0.8579899668693542,303.7708740234375,153.98330688476562,0.9929678440093994
379,371.84613037109375,46.752437591552734,0.9809684157371521,424.58135986328125,98.83808135986328,0.9930478930473328,379.0994567871094,84.52313232421875,0.9971286654472351,360.5292663574219,95.6462173461914,0.9931479096412659,334.2494812011719,107.02836608886719,0.9979518055915833,304.7059326171875,116.90953826904297,0.999416708946228,379.0913391113281,60.58926773071289,0.9202430248260498,337.0386962890625,58.9337043762207,0.9900510907173157,294.59869384765625,88.31758117675781,0.9952927827835083,381.679931640625,116.27790832519531,0.9547068476676941,380.7235412597656,128.75015258789062,0.8953569531440735,303.7708740234375,153.68243408203125,0.9934091567993164
380,371.5017395019531,44.49309158325195,0.9681339859962463,430.2486877441406,96.3453369140625,0.9870152473449707,379.2912292480469,83.82560729980469,0.9964438080787659,361.31744384765625,94.61602783203125,0.9942784309387207,334.7211608886719,106.80516052246094,0.9973735809326172,305.7662353515625,116.5324935913086,0.9993919134140015,379.28228759765625,60.38745880126953,0.9168024659156799,336.8076171875,59.16223907470703,0.9901103377342224,297.59759521484375,86.61027526855469,0.9957834482192993,382.0907897949219,116.08914184570312,0.9481215476989746,381.4609069824219,128.7178192138672,0.9263933897018433,303.7708740234375,153.68243408203125,0.9940813183784485
381,371.5017395019531,43.238616943359375,0.945608377456665,433.3109130859375,95.8206787109375,0.9925962090492249,380.60565185546875,83.58084869384766,0.9960709810256958,362.9145202636719,94.0274887084961,0.9943529367446899,336.0321350097656,106.35304260253906,0.9954751133918762,306.8565368652344,116.41960906982422,0.9994094371795654,381.1070861816406,58.76359558105469,0.9508947134017944,336.4483642578125,59.24335479736328,0.9905372262001038,301.451904296875,85.38484191894531,0.9975168704986572,382.76666259765625,115.9756088256836,0.9495842456817627,387.1192321777344,127.35157775878906,0.9033335447311401,303.8046875,153.68243408203125,0.9940322041511536
382,371.5017395019531,41.426883697509766,0.9661447405815125,433.3109130859375,95.59518432617188,0.9948664903640747,381.54315185546875,83.41377258300781,0.9963156580924988,364.0760498046875,93.37506866455078,0.9941001534461975,336.1586608886719,105.76506042480469,0.9964397549629211,307.4534912109375,116.35276794433594,0.9993705153465271,381.1070861816406,57.74718475341797,0.9574694037437439,336.36517333984375,59.30807113647461,0.9902640581130981,303.5689697265625,84.53074645996094,0.9960882663726807,383.0311584472656,115.77389526367188,0.9306294322013855,387.1192321777344,127.25827026367188,0.9359930157661438,303.87152099609375,153.69793701171875,0.9941609501838684
383,372.0716247558594,41.30630111694336,0.9788859486579895,433.3109130859375,95.59518432617188,0.9927881360054016,381.7342834472656,82.79886627197266,0.996094286441803,364.5740661621094,92.78589630126953,0.9932999610900879,336.7571716308594,105.07310485839844,0.9971503615379333,308.07958984375,116.28473663330078,0.9994353652000427,381.1070861816406,57.74718475341797,0.9492489695549011,336.3338623046875,59.34356689453125,0.9896175265312195,303.5689697265625,84.4402084350586,0.9954994320869446,383.8153076171875,115.21170806884766,0.9271025061607361,387.1192321777344,126.78851318359375,0.9587846398353577,303.9418029785156,153.73260498046875,0.9942119717597961
384,372.1287536621094,39.60272216796875,0.991137683391571,429.47662353515625,89.36216735839844,0.9886000752449036,382.2172546386719,82.28203582763672,0.9954743981361389,364.7754211425781,92.0539321899414,0.9926895499229431,337.4207458496094,104.5625991821289,0.9980602860450745,308.89892578125,115.9434585571289,0.9993428587913513,380.7041931152344,57.74718475341797,0.9300486445426941,336.3338623046875,59.34356689453125,0.98982834815979,303.5689697265625,83.78202819824219,0.9951504468917847,383.8972473144531,114.52444458007812,0.9081434011459351,386.4454345703125,126.78851318359375,0.9730046987533569,304.08660888671875,153.73260498046875,0.9941944479942322
385,373.279052734375,38.92500686645508,0.9937161803245544,428.8869323730469,85.10018157958984,0.98319411277771,382.3059387207031,81.77922821044922,0.9948024749755859,364.77935791015625,91.44931030273438,0.992476761341095,338.2960205078125,104.00946807861328,0.9985783100128174,309.9748229980469,115.32405853271484,0.9990280866622925,380.5294494628906,58.13005065917969,0.9053812623023987,336.37994384765625,59.38119888305664,0.9905791878700256,303.4390869140625,83.78202819824219,0.9957655668258667,385.5155334472656,114.2013168334961,0.899323582649231,386.2740173339844,126.78851318359375,0.9725533127784729,304.2936096191406,153.73260498046875,0.9939213991165161
386,374.1861572265625,38.65105438232422,0.9915148019790649,428.8869323730469,83.26200866699219,0.9738222360610962,382.7817077636719,81.52311706542969,0.9943192601203918,365.6007995605469,91.04701232910156,0.9929147958755493,339.0816955566406,103.53347778320312,0.9989699125289917,311.0206604003906,115.01737976074219,0.9987534284591675,379.7760314941406,58.25113296508789,0.9172120094299316,336.32977294921875,59.38119888305664,0.9903606176376343,303.4390869140625,83.78202819824219,0.9963524341583252,385.8472595214844,114.04230499267578,0.9100825786590576,386.204833984375,126.90293884277344,0.97015780210495,304.3924255371094,153.7100372314453,0.9937404990196228
387,374.23992919921875,38.633758544921875,0.99191814661026,428.8869323730469,82.40924835205078,0.9764190912246704,383.1764221191406,81.12694549560547,0.9932705760002136,365.6007995605469,90.7468032836914,0.9923343062400818,339.8729553222656,103.40543365478516,0.9990808963775635,312.4328308105469,115.01737976074219,0.9982228875160217,379.7760314941406,58.25113296508789,0.8944149017333984,336.37994384765625,59.40293502807617,0.9899359345436096,303.4390869140625,83.65137481689453,0.9964524507522583,386.3192138671875,113.06977081298828,0.895226240158081,386.204833984375,126.90293884277344,0.9805479049682617,304.6197204589844,153.7100372314453,0.9935014843940735
388,374.5548095703125,38.633758544921875,0.9913352131843567,429.91937255859375,82.40924835205078,0.9775057435035706,383.94488525390625,80.802734375,0.992711067199707,366.3341064453125,90.64453887939453,0.9909974336624146,340.49420166015625,103.40543365478516,0.9991683959960938,313.1241455078125,114.97151184082031,0.9977783560752869,380.5294494628906,58.25113296508789,0.9038010835647583,336.390625,59.38119888305664,0.9911212921142578,303.49542236328125,83.65137481689453,0.9964949488639832,386.64300537109375,112.01959228515625,0.8986384272575378,386.2740173339844,126.98380279541016,0.9850209951400757,304.7060852050781,153.69921875,0.9934558272361755
389,375.055419921875,38.633758544921875,0.9907886385917664,431.7028503417969,82.40924835205078,0.9792353510856628,384.50323486328125,80.72064971923828,0.9922663569450378,366.5538024902344,90.45052337646484,0.9905393123626709,341.1487121582031,103.53347778320312,0.9991986155509949,313.7171325683594,114.96111297607422,0.9971035122871399,380.59869384765625,58.277015686035156,0.9234012365341187,336.4400329589844,59.39043045043945,0.9908137917518616,303.5653991699219,83.52035522460938,0.9966155886650085,387.21429443359375,111.78190612792969,0.9129197597503662,386.2740173339844,127.17877197265625,0.9856128096580505,304.73858642578125,153.69921875,0.9932727813720703
390,375.5082092285156,38.88071823120117,0.991142749786377,432.2149353027344,83.43415069580078,0.9777530431747437,384.83282470703125,79.09996795654297,0.9928568601608276,367.98748779296875,90.410888671875,0.9882535934448242,341.88958740234375,103.6557388305664,0.9992678761482239,314.4595947265625,114.77094268798828,0.997499406337738,380.65185546875,58.594581604003906,0.9248057007789612,336.4400329589844,59.39043045043945,0.9913498163223267,303.7980651855469,83.0941390991211,0.9970577955245972,388.4169006347656,111.45204162597656,0.9295265674591064,386.1330871582031,128.46295166015625,0.9892861247062683,304.81683349609375,153.69921875,0.9929392337799072
391,375.8312683105469,39.24648666381836,0.9907512664794922,432.32177734375,86.61427307128906,0.9805851578712463,385.0477600097656,79.09358215332031,0.9956550598144531,368.0120544433594,90.45052337646484,0.9907355904579163,343.0379638671875,103.71691131591797,0.9991177916526794,315.0577087402344,114.77094268798828,0.9977602958679199,381.48553466796875,58.594581604003906,0.940801739692688,336.4400329589844,59.48292922973633,0.9914520978927612,304.1060791015625,83.0941390991211,0.9976493716239929,390.21661376953125,110.815673828125,0.9170920252799988,385.9978332519531,128.67283630371094,0.9935470223426819,304.81683349609375,153.79632568359375,0.992915153503418
392,375.8312683105469,40.32781219482422,0.9903275370597839,432.3634948730469,87.98710632324219,0.9728932976722717,385.1099548339844,79.03681945800781,0.9971643090248108,368.56500244140625,90.38470458984375,0.9924255609512329,343.7953186035156,103.92634582519531,0.9989830851554871,315.22918701171875,114.77094268798828,0.997633695602417,381.48553466796875,58.594581604003906,0.9431425929069519,336.438232421875,59.73077392578125,0.9917619228363037,304.2713317871094,83.0941390991211,0.9978766441345215,393.6886291503906,110.05352783203125,0.8943383097648621,385.7948913574219,129.51480102539062,0.9911260008811951,304.81683349609375,153.8777313232422,0.9930376410484314
393,375.8312683105469,43.30699920654297,0.9861612319946289,433.3122253417969,94.30052947998047,0.9949295520782471,385.7230224609375,78.61488342285156,0.9971713423728943,368.56500244140625,90.3553695678711,0.9928796887397766,344.686279296875,104.46077728271484,0.9987301230430603,316.29449462890625,114.88307189941406,0.9976621866226196,381.6530456542969,58.09136199951172,0.9338700175285339,336.425048828125,59.95183181762695,0.9913983345031738,304.5851135253906,82.93717193603516,0.9981182813644409,397.7997741699219,109.58192443847656,0.8715087175369263,384.6900939941406,131.0470733642578,0.9904912114143372,304.4991455078125,154.14918518066406,0.9935152530670166
394,374.06561279296875,45.02647399902344,0.9840601682662964,433.58135986328125,95.62382507324219,0.9945835471153259,386.5198974609375,78.61488342285156,0.9976223111152649,368.8057556152344,90.38470458984375,0.9940687417984009,345.77294921875,104.79523468017578,0.9983798265457153,317.09747314453125,114.88307189941406,0.997645914554596,381.59954833984375,57.48511505126953,0.9315892457962036,336.41363525390625,60.119911193847656,0.9905363917350769,304.66790771484375,82.9229965209961,0.9981677532196045,398.490966796875,109.58192443847656,0.8969617486000061,384.68408203125,131.1771240234375,0.9906871914863586,304.4427795410156,154.15843200683594,0.9935318231582642
395,374.06561279296875,46.32101058959961,0.9807426929473877,433.58135986328125,95.62382507324219,0.9963544607162476,386.5396728515625,78.61488342285156,0.9978554844856262,368.8057556152344,90.48236846923828,0.993877112865448,346.26055908203125,105.19014739990234,0.9980345368385315,317.32763671875,114.88307189941406,0.9974600672721863,381.48553466796875,57.36314392089844,0.937137246131897,336.3850402832031,60.12702178955078,0.9906454086303711,304.9459533691406,82.8739242553711,0.9980980753898621,398.5286560058594,109.29145050048828,0.8880070447921753,384.3956298828125,131.51255798339844,0.9906020164489746,304.27630615234375,154.1608123779297,0.9936560392379761
396,374.06561279296875,49.10463333129883,0.9806666970252991,433.58135986328125,95.62382507324219,0.9954351782798767,386.5396728515625,78.99323272705078,0.9978412389755249,368.8057556152344,90.80390930175781,0.9944387674331665,346.6829528808594,105.47016906738281,0.9978027939796448,317.40008544921875,113.14933776855469,0.9976145029067993,381.5477600097656,56.962345123291016,0.9452747106552124,336.3802795410156,60.12702178955078,0.9899705052375793,304.9459533691406,82.8739242553711,0.9980878233909607,399.36968994140625,108.04117584228516,0.9307031631469727,384.68408203125,131.51797485351562,0.9901999831199646,304.2756042480469,154.1608123779297,0.9935990571975708
397,380.838134765625,57.221744537353516,0.9735172390937805,432.6080017089844,95.18519592285156,0.9919019341468811,386.5396728515625,79.44451141357422,0.9980229139328003,368.6475524902344,91.40129089355469,0.9950557947158813,347.1566162109375,105.80896759033203,0.9972649812698364,317.5697937011719,113.11681365966797,0.9975445866584778,381.5477600097656,56.962345123291016,0.9576391577720642,336.3354187011719,60.12702178955078,0.9891725778579712,304.9459533691406,82.8739242553711,0.9982925057411194,401.19061279296875,105.10101318359375,0.9265548586845398,384.68408203125,131.9311981201172,0.9877415895462036,304.1106262207031,154.15843200683594,0.9933561086654663
398,381.09820556640625,58.02956771850586,0.9847244024276733,427.0832214355469,95.12149810791016,0.9892934560775757,386.4897155761719,79.8148422241211,0.998376727104187,368.6258850097656,91.72471618652344,0.9955991506576538,347.1566162109375,106.15873718261719,0.9966157078742981,317.633056640625,113.11681365966797,0.997866690158844,381.4702453613281,56.962345123291016,0.9584831595420837,336.3006591796875,60.12702178955078,0.9892780780792236,305.337890625,82.95297241210938,0.9983787536621094,401.9123840332031,103.84568786621094,0.9025782346725464,383.7242126464844,131.9424591064453,0.9887218475341797,304.0997619628906,154.1350860595703,0.9937766790390015
399,381.4457702636719,58.90719223022461,0.9887520670890808,423.4088439941406,94.9254150390625,0.9902892112731934,386.4020690917969,79.91984558105469,0.9985407590866089,368.3447265625,92.12805938720703,0.9960998296737671,347.1566162109375,106.39041137695312,0.9965018033981323,317.90997314453125,113.14933776855469,0.9978919625282288,381.33392333984375,56.98841857910156,0.9587125182151794,336.2081604003906,60.16440200805664,0.9887492656707764,305.46197509765625,82.96090698242188,0.9984026551246643,403.1907043457031,103.07611083984375,0.9277054071426392,383.7014465332031,132.28384399414062,0.9884673953056335,304.0997619628906,154.097412109375,0.9937922358512878
400,381.52630615234375,58.96550369262695,0.991334855556488,421.30487060546875,94.9254150390625,0.9918115139007568,385.9877014160156,80.18489837646484,0.9984816908836365,368.288818359375,92.15352630615234,0.9964519739151001,343.39007568359375,106.56500244140625,0.9963868856430054,317.9537048339844,113.17733764648438,0.9980005621910095,380.6576843261719,57.41217803955078,0.9562253355979919,336.1648864746094,60.27318572998047,0.9883610606193542,305.48736572265625,83.03189086914062,0.9985438585281372,403.45489501953125,102.29779815673828,0.942498505115509,383.7014465332031,132.30996704101562,0.9879992008209229,304.0997619628906,154.0929412841797,0.9937325119972229
401,381.5828857421875,59.542259216308594,0.9907095432281494,419.8363037109375,95.12149810791016,0.9900566935539246,385.9207763671875,80.2008285522461,0.9984920024871826,368.1546325683594,92.25691986083984,0.9967126846313477,343.17425537109375,106.57049560546875,0.9964913725852966,318.1411437988281,113.23948669433594,0.9979569911956787,379.9984436035156,57.588111877441406,0.9548296332359314,336.0380859375,60.31755065917969,0.9891214966773987,305.50946044921875,83.03189086914062,0.998528242111206,403.74847412109375,102.00819396972656,0.9637596011161804,383.0617980957031,132.5786895751953,0.9870202541351318,304.369384765625,154.09390258789062,0.9938464760780334
402,381.5892639160156,59.542259216308594,0.992881178855896,413.8826904296875,98.57879638671875,0.9880701899528503,385.3838806152344,80.30711364746094,0.9983269572257996,367.8650817871094,92.49466705322266,0.9965131878852844,343.056884765625,106.6205825805664,0.9966301321983337,318.2670593261719,113.26626586914062,0.9980273842811584,376.4536437988281,57.83592987060547,0.9489670991897583,331.9765319824219,60.50536346435547,0.9907283782958984,305.5289001464844,83.06200408935547,0.9985466599464417,404.0785217285156,102.29779815673828,0.9791749119758606,382.8123474121094,132.81446838378906,0.9852849841117859,304.369384765625,154.09390258789062,0.9939000606536865
403,381.8396301269531,59.57361602783203,0.9938051700592041,413.64813232421875,100.70629119873047,0.9857032895088196,385.2779541015625,80.73809051513672,0.9983386993408203,367.81573486328125,92.51763153076172,0.9968509078025818,343.056884765625,106.63726043701172,0.9969469904899597,318.2670593261719,113.2774658203125,0.9980103373527527,376.4536437988281,58.00141525268555,0.948273777961731,331.9765319824219,60.50536346435547,0.9907913208007812,305.738037109375,83.06948852539062,0.9985242486000061,404.0785217285156,102.29779815673828,0.9870957136154175,382.8123474121094,132.85183715820312,0.9845157861709595,304.3716125488281,154.09390258789062,0.9939261078834534
404,382.1546325683594,59.63949966430664,0.9950980544090271,412.78717041015625,103.42677307128906,0.982461154460907,385.277587890625,81.2766342163086,0.9985319375991821,367.7050476074219,92.57379150390625,0.997329592704773,343.0179748535156,106.68266296386719,0.9970220923423767,318.2670593261719,113.5020751953125,0.9978812336921692,376.4536437988281,58.56145095825195,0.9470831155776978,331.9765319824219,60.50536346435547,0.9913071990013123,305.78887939453125,83.06948852539062,0.9985705614089966,403.74847412109375,102.32330322265625,0.9807876348495483,382.8123474121094,133.010498046875,0.9824017882347107,304.3775939941406,154.15936279296875,0.9934912323951721
405,382.15582275390625,59.63949966430664,0.9923684000968933,410.98870849609375,108.50276947021484,0.9919077157974243,385.277587890625,81.67832946777344,0.9987629652023315,367.491943359375,92.57379150390625,0.9978162050247192,343.0141296386719,106.68266296386719,0.9971123933792114,318.2465515136719,114.56339263916016,0.9979043006896973,376.4761047363281,59.400360107421875,0.94496750831604,331.9990234375,60.3519172668457,0.9900465607643127,306.10699462890625,83.06948852539062,0.9985021352767944,401.7570495605469,103.91094207763672,0.959873378276825,383.30865478515625,133.010498046875,0.9800447821617126,305.1717224121094,154.70370483398438,0.9931710958480835
406,382.2864685058594,59.49091720581055,0.993615984916687,409.1712646484375,112.2352066040039,0.9901018142700195,385.277587890625,81.67832946777344,0.998765230178833,367.4197082519531,92.57379150390625,0.9979280233383179,343.0179748535156,106.68266296386719,0.9970582723617554,318.2311096191406,114.56339263916016,0.9978700876235962,376.5418395996094,59.80821990966797,0.9447259306907654,332.1074523925781,60.31634521484375,0.9905509948730469,306.13543701171875,83.03968811035156,0.9984374642372131,401.7570495605469,103.91094207763672,0.946998119354248,383.3675537109375,132.95008850097656,0.9790508151054382,305.1717224121094,154.70370483398438,0.9933938384056091
407,382.4048767089844,59.59189224243164,0.9940792322158813,407.5445251464844,112.34524536132812,0.9874306917190552,385.277587890625,81.67832946777344,0.9986100196838379,367.4197082519531,92.22835540771484,0.9977357387542725,343.07135009765625,106.60990905761719,0.9971895813941956,318.2098388671875,114.56339263916016,0.9978552460670471,376.5418395996094,60.27919387817383,0.935674786567688,332.1593017578125,60.27812194824219,0.9914371371269226,306.13543701171875,82.98087310791016,0.9984435439109802,401.7570495605469,105.30401611328125,0.9375135898590088,383.4343566894531,132.85183715820312,0.9794754981994629,305.1717224121094,154.70370483398438,0.993309736251831
408,382.4048767089844,59.49091720581055,0.9941197633743286,405.037841796875,114.29859161376953,0.9795006513595581,385.277587890625,81.47261810302734,0.9984252452850342,367.4197082519531,92.15534210205078,0.997532844543457,343.07135009765625,106.55809020996094,0.997271716594696,318.123291015625,113.34314727783203,0.9978780746459961,376.5418395996094,60.31501007080078,0.9212043285369873,332.3836975097656,60.13584899902344,0.991613507270813,306.10699462890625,82.92497253417969,0.9984906911849976,402.4341125488281,106.3259506225586,0.9410513639450073,383.4568786621094,132.60531616210938,0.97370445728302,304.1949157714844,154.10797119140625,0.9933992624282837
409,382.4048767089844,59.422115325927734,0.9940086603164673,405.01934814453125,119.53137969970703,0.9931446313858032,386.2207946777344,81.40111541748047,0.9979122281074524,367.63641357421875,92.04728698730469,0.9972937703132629,343.0772705078125,106.43242645263672,0.997227132320404,317.91656494140625,113.34149169921875,0.9978854060173035,381.5649719238281,60.78599548339844,0.9084919691085815,332.7259216308594,60.095035552978516,0.9923015832901001,305.99090576171875,82.89237976074219,0.998482882976532,403.12530517578125,108.48090362548828,0.9156739115715027,384.1017150878906,132.37704467773438,0.9662766456604004,304.0747375488281,154.0406036376953,0.9937025308609009
410,382.32647705078125,59.398719787597656,0.9937471151351929,404.8770446777344,120.4412841796875,0.9927010536193848,386.7120361328125,81.40111541748047,0.9979725480079651,367.9397888183594,92.04728698730469,0.9970368146896362,343.0772705078125,106.19802856445312,0.99709153175354,317.83740234375,113.31741333007812,0.9978054165840149,382.2652893066406,60.81383514404297,0.9077286124229431,333.4241943359375,59.87995147705078,0.9918408393859863,305.93878173828125,82.70719146728516,0.9984304308891296,403.12530517578125,108.55699920654297,0.8926229476928711,384.2919921875,132.01370239257812,0.9473268985748291,304.0747375488281,153.98797607421875,0.993486762046814
411,382.189453125,59.290523529052734,0.9936311841011047,404.3453674316406,120.60877227783203,0.987414538860321,386.7752380371094,81.40111541748047,0.9981009364128113,368.0328063964844,92.04728698730469,0.9968313574790955,343.0736389160156,106.0313720703125,0.9972956776618958,317.8296813964844,113.28087615966797,0.9977589845657349,382.4835205078125,60.81383514404297,0.9066884517669678,333.9617004394531,59.83528137207031,0.9893350005149841,305.8265686035156,82.70719146728516,0.9984700083732605,403.12530517578125,108.55699920654297,0.881990373134613,385.2640380859375,131.41946411132812,0.9420065879821777,304.1949157714844,153.9694061279297,0.9930650591850281
412,382.1887512207031,59.290523529052734,0.99413001537323,404.3100280761719,122.73008728027344,0.9831904172897339,386.7972717285156,81.36061096191406,0.9979578256607056,368.0357971191406,92.09027862548828,0.9968376159667969,343.0736389160156,105.99927520751953,0.9971721768379211,317.81695556640625,113.31741333007812,0.997812032699585,382.7118835449219,60.98066711425781,0.9132919907569885,333.9617004394531,59.82839584350586,0.9898844957351685,305.8222961425781,82.72805786132812,0.9984862208366394,402.81317138671875,108.60115814208984,0.9003060460090637,385.7002258300781,131.38400268554688,0.9398320317268372,304.2217102050781,153.9694061279297,0.9935476183891296
413,382.14324951171875,59.290523529052734,0.9931924939155579,404.3100280761719,124.32313537597656,0.9870207905769348,386.93017578125,81.40872192382812,0.9978395700454712,368.2198791503906,92.09465026855469,0.9967915415763855,342.9111328125,105.9466552734375,0.9970791339874268,317.6820373535156,113.31741333007812,0.9976663589477539,382.8922119140625,61.08052444458008,0.9063035845756531,333.9617004394531,59.73365020751953,0.9913347363471985,305.8222961425781,82.73805236816406,0.9985108971595764,402.6592102050781,108.55699920654297,0.8983476758003235,385.7002258300781,131.38400268554688,0.9196316599845886,304.3440246582031,153.95758056640625,0.9938305020332336
414,382.14324951171875,59.290523529052734,0.9923146367073059,404.3453674316406,125.23857116699219,0.987193763256073,386.96142578125,81.40872192382812,0.9978749752044678,368.2198791503906,92.09465026855469,0.996637225151062,342.8421630859375,105.91804504394531,0.9968984127044678,317.6014709472656,113.33241271972656,0.9978050589561462,382.9496765136719,61.08052444458008,0.9111015200614929,333.59881591796875,59.73365020751953,0.9918421506881714,305.53094482421875,82.73805236816406,0.9984961748123169,402.6592102050781,108.55699920654297,0.8991889953613281,385.7002258300781,131.38400268554688,0.9023491144180298,304.35968017578125,153.9160919189453,0.9939742684364319
415,382.14324951171875,59.290523529052734,0.9923495054244995,406.238525390625,126.19157409667969,0.9858426451683044,387.1805419921875,81.40872192382812,0.9979204535484314,368.2198791503906,92.09465026855469,0.996536374092102,342.79351806640625,105.9466552734375,0.9970796704292297,317.426025390625,113.33241271972656,0.997665286064148,383.0528564453125,60.996726989746094,0.9112694263458252,333.34405517578125,59.73365020751953,0.9920356869697571,305.53094482421875,82.74365997314453,0.9984574317932129,402.59869384765625,108.60115814208984,0.8893590569496155,385.2349853515625,132.1452178955078,0.8818780183792114,304.35968017578125,153.9160919189453,0.9937731623649597
416,382.2304992675781,59.14496994018555,0.9929840564727783,406.6835021972656,126.83719635009766,0.9939529299736023,387.1805419921875,81.45771026611328,0.9979614019393921,368.2198791503906,92.10189819335938,0.9964303374290466,342.79351806640625,105.9466552734375,0.9970664381980896,317.31243896484375,113.3361587524414,0.9977521300315857,383.36981201171875,60.996726989746094,0.9191293716430664,332.97174072265625,59.94887924194336,0.9925374388694763,305.53094482421875,82.84432220458984,0.9984254837036133,402.59869384765625,109.0544662475586,0.7904571294784546,384.935302734375,132.23439025878906,0.8850526809692383,304.3440246582031,153.9160919189453,0.9940142035484314
417,382.24639892578125,58.829261779785156,0.9933653473854065,409.249267578125,126.83719635009766,0.9967249035835266,387.1805419921875,81.45771026611328,0.9983386993408203,368.2198791503906,91.99816131591797,0.9965468049049377,342.8421630859375,105.995849609375,0.9975000023841858,317.2735290527344,113.3871841430664,0.9977772831916809,383.6025390625,61.06819152832031,0.9287914037704468,332.8868408203125,59.94887924194336,0.9933017492294312,305.7819519042969,83.29298400878906,0.9983075857162476,402.13763427734375,109.0544662475586,0.7660604119300842,384.0670166015625,132.51919555664062,0.9180765748023987,304.135986328125,153.93658447265625,0.9929528832435608
418,382.2713623046875,58.48033142089844,0.9935399889945984,411.7645568847656,126.4151382446289,0.996466875076294,386.4012451171875,81.45771026611328,0.9984492063522339,367.61456298828125,91.99816131591797,0.997137188911438,346.7078552246094,106.22520446777344,0.9973616003990173,317.2735290527344,113.43865203857422,0.9977567791938782,383.7679748535156,61.06819152832031,0.9305366277694702,332.8868408203125,59.94887924194336,0.9931419491767883,305.9136962890625,83.29298400878906,0.9982764720916748,401.91851806640625,109.44669342041016,0.8029830455780029,383.96661376953125,132.72816467285156,0.9409604668617249,304.0657653808594,153.95188903808594,0.993190348148346
419,382.2713623046875,58.204612731933594,0.9937764406204224,413.00897216796875,126.19157409667969,0.9969661831855774,386.13250732421875,81.46775817871094,0.9985865354537964,367.5719299316406,92.16212463378906,0.9971325397491455,346.8105163574219,106.28128051757812,0.9974443912506104,317.31243896484375,113.3871841430664,0.9978139400482178,383.8939208984375,61.26594161987305,0.9303253889083862,332.97174072265625,59.93157958984375,0.9931354522705078,305.9281921386719,83.36450958251953,0.9983420372009277,399.83056640625,109.68701934814453,0.7870264649391174,383.8625183105469,132.94683837890625,0.9277684688568115,304.01513671875,153.95188903808594,0.993226945400238
420,382.2713623046875,58.204612731933594,0.9923112988471985,415.2976989746094,124.80131530761719,0.9964644908905029,385.8145751953125,81.6897201538086,0.9987664222717285,367.5719299316406,92.3182601928711,0.99720299243927,346.8452453613281,106.55371856689453,0.9971953630447388,317.3247375488281,113.3871841430664,0.997843861579895,384.23028564453125,61.5550422668457,0.9368060231208801,333.2270202636719,59.27056121826172,0.9894876480102539,306.01812744140625,83.29298400878906,0.9986239671707153,399.83056640625,109.7599105834961,0.829861044883728,383.8375244140625,133.109130859375,0.9375976324081421,304.01513671875,153.95188903808594,0.9935551285743713
421,382.2083740234375,58.204612731933594,0.9929878115653992,415.3494567871094,124.39471435546875,0.9978240728378296,385.8145751953125,81.92366790771484,0.9988697171211243,367.5719299316406,93.12345886230469,0.9974744915962219,346.8105163574219,106.57039642333984,0.9972231388092041,317.3622131347656,113.38549041748047,0.9979142546653748,384.2394714355469,61.675270080566406,0.9462679624557495,336.31744384765625,59.27056121826172,0.9901873469352722,306.1314392089844,83.25189208984375,0.9986023306846619,399.83056640625,110.39842224121094,0.8481218814849854,383.612060546875,133.3104705810547,0.948318600654602,303.9971008300781,153.95188903808594,0.9934802055358887
422,382.19384765625,58.57356262207031,0.9933330416679382,416.1287536621094,122.25092315673828,0.998729407787323,385.8145751953125,81.92366790771484,0.998908281326294,367.71746826171875,93.40460205078125,0.997477114200592,346.8105163574219,106.61461639404297,0.9971754550933838,317.7826843261719,113.38549041748047,0.9980100989341736,384.65582275390625,61.675270080566406,0.9522749185562134,336.4827880859375,59.27056121826172,0.9907417297363281,306.17889404296875,83.14192199707031,0.9987610578536987,401.3963623046875,111.04954528808594,0.930515468120575,383.277099609375,133.536376953125,0.9598832726478577,303.9971008300781,154.02120971679688,0.9933515191078186
423,382.19384765625,58.87653732299805,0.9917661547660828,416.7131652832031,120.0176010131836,0.9992988109588623,386.4718322753906,81.92366790771484,0.9989044666290283,368.7464294433594,93.81856536865234,0.9975855350494385,344.3912048339844,106.61461639404297,0.9969745874404907,317.96124267578125,113.38549041748047,0.9977579712867737,384.8612976074219,61.584014892578125,0.9580504298210144,336.4827880859375,62.481422424316406,0.9909253120422363,306.9295959472656,83.14192199707031,0.9990109205245972,401.6878967285156,111.1471939086914,0.9353917241096497,383.1352233886719,133.825439453125,0.9637492895126343,303.9971008300781,154.0365753173828,0.9933322072029114
424,382.2083740234375,58.88771057128906,0.991949200630188,419.81500244140625,117.8203125,0.9995540976524353,387.0657958984375,81.92366790771484,0.9988418221473694,369.2958679199219,93.91718292236328,0.9972956776618958,344.3912048339844,106.55371856689453,0.9970160722732544,318.1410217285156,114.39376831054688,0.9976537823677063,384.8612976074219,61.5550422668457,0.9571253061294556,339.36383056640625,62.481422424316406,0.9907926321029663,307.3960266113281,83.14192199707031,0.9990690350532532,401.7503967285156,111.18624877929688,0.9387937784194946,383.1352233886719,133.825439453125,0.9714032411575317,304.0128479003906,154.0365753173828,0.9934955835342407
425,382.6414794921875,58.88771057128906,0.9896473288536072,421.2845764160156,116.21770477294922,0.9993333220481873,388.43548583984375,82.29410552978516,0.9989394545555115,370.08514404296875,93.91718292236328,0.9973651766777039,344.3912048339844,106.12559509277344,0.9977040886878967,318.3492736816406,114.43578338623047,0.9978988170623779,385.12774658203125,60.490108489990234,0.9623039960861206,342.99822998046875,62.481422424316406,0.9862181544303894,307.3960266113281,83.14192199707031,0.9990156888961792,402.8487548828125,111.1877212524414,0.9312787652015686,383.1352233886719,133.825439453125,0.9711707830429077,304.16131591796875,154.0648651123047,0.9935765862464905
426,384.4465026855469,58.88771057128906,0.9894129633903503,423.9224853515625,113.2889175415039,0.9978957176208496,389.1277770996094,82.30877685546875,0.9988614320755005,370.42840576171875,93.91718292236328,0.9973012804985046,344.5919189453125,105.82856750488281,0.9981908202171326,318.5585021972656,114.43578338623047,0.9978770017623901,385.4083251953125,58.303836822509766,0.9691582322120667,348.6758728027344,61.07907485961914,0.9772399067878723,307.3960266113281,83.14192199707031,0.9990478157997131,404.3575744628906,112.37298583984375,0.9117492437362671,383.15283203125,133.63478088378906,0.9727038741111755,304.1810607910156,154.0365753173828,0.9933631420135498
427,388.09967041015625,57.00474548339844,0.9960253238677979,425.26153564453125,111.24847412109375,0.991973876953125,390.7364807128906,82.8954849243164,0.9984182119369507,371.32928466796875,93.89957427978516,0.9972401857376099,344.9995422363281,105.3736343383789,0.9984198808670044,318.7547302246094,114.39376831054688,0.9978753328323364,385.4083251953125,58.02710723876953,0.969572901725769,351.2348937988281,57.755855560302734,0.9809912443161011,307.05499267578125,83.08744049072266,0.9989412426948547,406.2008361816406,113.1170883178711,0.9033483862876892,383.15283203125,133.6287841796875,0.9678635597229004,304.1954040527344,154.0365753173828,0.9932045936584473
428,395.4715270996094,49.52989196777344,0.9983464479446411,432.531005859375,110.99494934082031,0.9942700862884521,391.47686767578125,83.19737243652344,0.9984034895896912,371.9888000488281,93.89957427978516,0.9975473284721375,345.45196533203125,105.28279113769531,0.9984652996063232,319.494140625,114.38048553466797,0.9981184005737305,384.5301208496094,58.02710723876953,0.9649553894996643,357.59100341796875,57.755855560302734,0.9785254597663879,306.8843688964844,83.0215072631836,0.9988278746604919,408.03814697265625,113.36321258544922,0.8773360252380371,383.15283203125,133.60595703125,0.9642089009284973,304.1810607910156,154.000244140625,0.9933411478996277
429,397.7389831542969,49.52989196777344,0.9987230896949768,436.0142517089844,110.7625961303711,0.9972134232521057,392.413818359375,83.25455474853516,0.9975587129592896,372.99847412109375,93.89957427978516,0.9973223805427551,346.4223937988281,105.2607650756836,0.9985663294792175,319.9416809082031,114.36563110351562,0.9983711838722229,384.5301208496094,58.02710723876953,0.9614447951316833,360.4984436035156,56.74748992919922,0.9851617813110352,306.2832336425781,82.63074493408203,0.9987216591835022,408.4202575683594,113.36321258544922,0.8763710856437683,383.0975036621094,133.416015625,0.9574404954910278,304.16131591796875,153.98260498046875,0.9918332099914551
430,398.9261169433594,49.52989196777344,0.9984304308891296,437.18157958984375,110.7625961303711,0.9980947375297546,393.5464172363281,83.64591979980469,0.9978213310241699,373.71856689453125,94.50070190429688,0.9975148439407349,347.6463623046875,105.22264862060547,0.9983643889427185,320.8163146972656,114.30023193359375,0.9986391663551331,382.8065185546875,58.80349349975586,0.9577460885047913,360.596435546875,54.49998474121094,0.9706741571426392,306.2817687988281,82.0826187133789,0.9987391829490662,408.7659912109375,113.14873504638672,0.8834229707717896,383.04241943359375,133.2985076904297,0.9602071642875671,303.99652099609375,153.88682556152344,0.991981029510498
431,400.5130920410156,49.938079833984375,0.9986831545829773,437.9610290527344,110.10204315185547,0.9982763528823853,393.5464172363281,83.73749542236328,0.9974539875984192,374.592041015625,94.50070190429688,0.9973426461219788,348.32733154296875,105.14449310302734,0.9982130527496338,321.95050048828125,114.0548324584961,0.9988563060760498,382.5052490234375,59.601078033447266,0.9523068070411682,372.4532775878906,53.097564697265625,0.9926629066467285,306.1101989746094,82.06635284423828,0.9987496137619019,409.77471923828125,113.1170883178711,0.9082378149032593,382.9956359863281,133.27586364746094,0.9655729532241821,303.99652099609375,153.68612670898438,0.992681086063385
432,402.2572021484375,49.938079833984375,0.9990761280059814,438.26605224609375,108.57936096191406,0.9978501796722412,394.7041931152344,83.77256774902344,0.9967803955078125,374.926513671875,94.50070190429688,0.9969475865364075,348.89154052734375,105.14449310302734,0.9981291890144348,322.7410888671875,114.01725769042969,0.9989989399909973,381.8380432128906,59.71804428100586,0.9465976357460022,373.9485778808594,53.097564697265625,0.9973119497299194,306.10943603515625,82.05352020263672,0.9987044334411621,413.0687255859375,112.59722900390625,0.9012275338172913,382.8212585449219,133.2525634765625,0.9671189785003662,303.99652099609375,153.463134765625,0.9936740398406982
433,404.20770263671875,49.938079833984375,0.9993031024932861,438.39013671875,106.23307800292969,0.9967384934425354,394.85528564453125,84.93228912353516,0.995613694190979,375.9494323730469,94.060302734375,0.9951842427253723,350.5772705078125,105.05738067626953,0.9982409477233887,323.47344970703125,113.26810455322266,0.9991274476051331,380.90924072265625,60.62776184082031,0.955560564994812,374.0398864746094,53.097564697265625,0.9977465271949768,306.0802001953125,81.99203491210938,0.9986492991447449,415.3741760253906,112.46996307373047,0.8949993848800659,382.69488525390625,133.23818969726562,0.9751905798912048,305.13067626953125,152.94296264648438,0.9950000047683716
434,406.7588806152344,48.96292495727539,0.9991779923439026,438.7580261230469,105.24459075927734,0.9938871264457703,395.2612609863281,85.12297821044922,0.9965233206748962,378.8886413574219,93.96993255615234,0.9954535961151123,352.0926513671875,104.88532257080078,0.9987357258796692,324.58209228515625,113.02908325195312,0.9991914629936218,380.7825927734375,61.184715270996094,0.9708690047264099,375.517822265625,54.20938491821289,0.9925478100776672,305.9177551269531,81.57862854003906,0.9986017346382141,416.71417236328125,112.10901641845703,0.9418668150901794,382.3612060546875,133.10787963867188,0.9765934944152832,306.4546203613281,152.00381469726562,0.9951391220092773
435,409.85565185546875,47.489532470703125,0.9983698725700378,438.98779296875,100.47852325439453,0.9890312552452087,396.7260437011719,85.12297821044922,0.9970993995666504,380.2824401855469,93.07723999023438,0.9952640533447266,353.201904296875,104.50552368164062,0.9989607334136963,325.47723388671875,112.85963439941406,0.9992256164550781,380.7825927734375,61.300941467285156,0.968124270439148,375.7938232421875,54.20938491821289,0.9938263297080994,305.9008483886719,81.57862854003906,0.9985668063163757,417.68560791015625,112.10901641845703,0.9402605891227722,382.3612060546875,133.0958709716797,0.9804282784461975,308.4175109863281,151.88702392578125,0.9953214526176453
436,411.2088928222656,44.169979095458984,0.997418999671936,442.2768249511719,99.67189025878906,0.9949236512184143,398.8299255371094,84.93228912353516,0.9975758194923401,381.855224609375,92.64445495605469,0.9941588640213013,353.8587951660156,104.04592895507812,0.9990334510803223,326.23175048828125,112.7605972290039,0.999037504196167,379.9435729980469,61.351905822753906,0.9611291289329529,375.8177795410156,54.20938491821289,0.9924581050872803,305.9008483886719,81.57862854003906,0.9985607266426086,419.1004943847656,112.10901641845703,0.963220477104187,382.3612060546875,132.92909240722656,0.9866756796836853,310.54461669921875,151.13613891601562,0.9944047927856445
437,414.0291748046875,43.36112976074219,0.9971503615379333,443.9273986816406,98.27672576904297,0.9963552951812744,400.029052734375,82.63966369628906,0.9969387054443359,382.47418212890625,92.55419158935547,0.9938744902610779,354.5628662109375,103.22128295898438,0.9990354776382446,327.1566467285156,112.29859161376953,0.9988493919372559,379.9336242675781,61.300941467285156,0.9527304768562317,375.7938232421875,54.051326751708984,0.992170512676239,305.8595275878906,81.81416320800781,0.9987092018127441,419.4136657714844,112.74198150634766,0.963459849357605,382.3612060546875,132.92909240722656,0.9891202449798584,321.76324462890625,146.7583465576172,0.9912494421005249
438,417.2168273925781,43.06259536743164,0.9983288645744324,443.99267578125,96.8244400024414,0.9963971972465515,401.27685546875,82.54845428466797,0.9976456761360168,383.1047058105469,91.86282348632812,0.9952484965324402,355.0043029785156,102.71605682373047,0.9991556406021118,327.5880432128906,112.28578186035156,0.9985595345497131,379.7356262207031,61.351905822753906,0.9590693116188049,375.7938232421875,54.051326751708984,0.9914925694465637,305.8595275878906,81.87860107421875,0.998802661895752,419.89703369140625,112.98959350585938,0.962878942489624,382.87786865234375,132.92909240722656,0.9892673492431641,329.5751953125,146.7583465576172,0.9889886975288391
439,419.6446228027344,43.04954528808594,0.9987819790840149,444.90283203125,96.45630645751953,0.9961560368537903,401.7537841796875,82.46751403808594,0.9978790283203125,383.29522705078125,91.78176879882812,0.9957842230796814,355.392578125,102.24279022216797,0.9994326233863831,328.5888977050781,112.15852355957031,0.9978016018867493,379.58660888671875,61.509307861328125,0.9580255746841431,375.7835388183594,54.051326751708984,0.992283284664154,305.8595275878906,81.88264465332031,0.9989514350891113,420.2153015136719,113.14984893798828,0.9653209447860718,382.87786865234375,132.92909240722656,0.9869875907897949,331.2313537597656,146.7583465576172,0.9919611811637878
440,421.7169189453125,41.92215347290039,0.998496413230896,445.14776611328125,96.43367004394531,0.9960766434669495,402.4611511230469,82.45841217041016,0.998343825340271,383.6797180175781,91.62699890136719,0.9970517158508301,356.5935363769531,101.56475067138672,0.9995478987693787,330.2189636230469,111.80494689941406,0.9978463649749756,379.5572204589844,61.86357116699219,0.9626118540763855,375.5023498535156,54.38094711303711,0.9931517839431763,306.2721862792969,81.94251251220703,0.999110758304596,420.68609619140625,113.14984893798828,0.9611957669258118,382.87786865234375,133.0884552001953,0.9881293177604675,336.13690185546875,147.60060119628906,0.9949138164520264
441,423.8582763671875,41.83053970336914,0.9974633455276489,445.26190185546875,96.0906982421875,0.9958409667015076,404.4163513183594,82.45841217041016,0.998397171497345,385.1513671875,90.98925018310547,0.9977509379386902,357.9959716796875,101.10235595703125,0.9994857311248779,331.712646484375,111.5078353881836,0.9982103109359741,379.48455810546875,62.166160583496094,0.9646084308624268,375.382568359375,54.44721984863281,0.9934332370758057,306.2857971191406,82.07936096191406,0.999147891998291,421.3070373535156,113.14984893798828,0.9508166313171387,382.2873229980469,133.3175048828125,0.9894529581069946,341.55126953125,147.60060119628906,0.9941884279251099
442,425.5646057128906,41.3051643371582,0.9957184195518494,447.5003967285156,96.0906982421875,0.9961554408073425,405.9378662109375,82.45841217041016,0.9982936978340149,386.34637451171875,90.69806671142578,0.9977994561195374,359.26434326171875,101.10121154785156,0.9993972778320312,333.00018310546875,111.27043151855469,0.9982258677482605,379.48455810546875,62.32367706298828,0.9559164047241211,375.1721496582031,54.44721984863281,0.9946821331977844,306.30230712890625,82.07936096191406,0.9991008043289185,421.7015686035156,113.1497573852539,0.943065881729126,382.2873229980469,133.33201599121094,0.9879392385482788,346.51580810546875,147.60060119628906,0.9888600707054138
443,426.4642639160156,39.71723937988281,0.996008038520813,447.9090576171875,95.85953521728516,0.9962642788887024,407.3753356933594,82.5151596069336,0.9983760118484497,387.2335510253906,90.47030639648438,0.9982380867004395,359.44281005859375,100.91089630126953,0.9992737174034119,334.4662780761719,111.21887969970703,0.997841477394104,379.48455810546875,62.45499038696289,0.939340353012085,375.1721496582031,54.44721984863281,0.9954288005828857,306.5328369140625,82.07936096191406,0.9991164803504944,422.0872497558594,112.82318115234375,0.9383860230445862,382.16375732421875,133.50448608398438,0.9817277193069458,350.1991271972656,144.96798706054688,0.9861956834793091
444,429.08245849609375,39.71723937988281,0.9965845346450806,448.0031433105469,96.0906982421875,0.9946858882904053,408.66461181640625,82.53215026855469,0.9981592297554016,388.5021667480469,89.93025970458984,0.998324453830719,360.43829345703125,100.24723052978516,0.999292254447937,335.8085021972656,110.7216796875,0.9971605539321899,379.6571350097656,62.45499038696289,0.9281120300292969,375.1721496582031,53.40824890136719,0.9964283108711243,306.76434326171875,82.06129455566406,0.9991194605827332,423.2977294921875,112.59427642822266,0.9509516358375549,382.16375732421875,133.50814819335938,0.9734352827072144,355.9403381347656,143.83621215820312,0.9880958795547485
445,430.8917236328125,39.71723937988281,0.9957168698310852,448.54486083984375,96.63581848144531,0.9934607744216919,409.01385498046875,82.65666198730469,0.9975002408027649,389.618408203125,89.84693145751953,0.9981498718261719,360.97979736328125,100.24723052978516,0.9993675351142883,335.86846923828125,110.66943359375,0.9974108338356018,381.41864013671875,62.45499038696289,0.9268367886543274,375.9775390625,53.37556076049805,0.9945790767669678,306.8755187988281,81.85758209228516,0.9991870522499084,423.46826171875,112.14061737060547,0.9484094977378845,382.16375732421875,134.35113525390625,0.9596165418624878,358.45965576171875,143.83621215820312,0.979840099811554
446,431.6109924316406,43.284141540527344,0.9954521059989929,449.38079833984375,97.1694107055664,0.9942585229873657,410.00616455078125,83.16032409667969,0.997974693775177,390.6006774902344,89.84693145751953,0.9978825449943542,361.970458984375,100.04609680175781,0.9993307590484619,336.8167724609375,110.2558822631836,0.9983344674110413,385.7370910644531,60.64191436767578,0.9074653387069702,376.1597900390625,53.25139236450195,0.9942366480827332,306.9705505371094,81.84795379638672,0.9991545677185059,424.3126220703125,111.92168426513672,0.9547880291938782,381.4591064453125,135.1631317138672,0.947684109210968,359.3160705566406,143.83621215820312,0.9881354570388794
447,433.16583251953125,44.1233024597168,0.9967260360717773,453.30645751953125,99.07178497314453,0.9979483485221863,410.61346435546875,83.20036315917969,0.9978262782096863,391.8672180175781,89.93025970458984,0.9969931840896606,363.65545654296875,100.04609680175781,0.9993252754211426,337.5675048828125,110.18278503417969,0.9987030029296875,387.9215087890625,60.12631607055664,0.9130581617355347,376.1597900390625,53.25139236450195,0.9931275844573975,307.0695495605469,81.82652282714844,0.9991660118103027,425.1119384765625,111.82540893554688,0.9694124460220337,380.2410888671875,135.3987579345703,0.9397383332252502,359.4395751953125,145.29905700683594,0.9889295697212219
448,434.8128356933594,44.57342529296875,0.998481810092926,454.77178955078125,101.65502166748047,0.9978277087211609,412.9212646484375,83.29373931884766,0.9979954957962036,394.2997131347656,90.41866302490234,0.9965313076972961,365.04949951171875,100.04609680175781,0.9992133378982544,338.1447448730469,109.61227416992188,0.9988632202148438,390.032958984375,58.7695426940918,0.9213535189628601,376.1597900390625,53.25139236450195,0.9932428002357483,307.25372314453125,81.78787231445312,0.9991610050201416,425.9774475097656,111.92168426513672,0.9644572734832764,379.7506103515625,136.9523162841797,0.939616322517395,359.823974609375,145.62489318847656,0.9893739819526672
449,439.3697204589844,45.25229263305664,0.998871386051178,454.93267822265625,104.27986145019531,0.9971855282783508,414.0039367675781,83.89218139648438,0.998347282409668,395.2647705078125,90.60140991210938,0.9952754974365234,365.6960754394531,100.04609680175781,0.9991834759712219,339.31207275390625,109.21813201904297,0.999010443687439,395.1351623535156,58.676998138427734,0.9646172523498535,375.8480529785156,53.465492248535156,0.9915127158164978,307.4216613769531,81.76073455810547,0.9992040991783142,426.7934875488281,112.14061737060547,0.9705882668495178,379.72113037109375,137.09727478027344,0.9376670122146606,360.5267333984375,145.79212951660156,0.9893805980682373
450,442.8730773925781,46.08156967163086,0.9961856007575989,457.1328430175781,110.6520767211914,0.9973311424255371,415.582275390625,84.17928314208984,0.9978679418563843,396.7042541503906,90.90869903564453,0.994032084941864,366.462158203125,100.04609680175781,0.9991328120231628,339.8114013671875,109.21813201904297,0.9989153146743774,398.7957763671875,58.616329193115234,0.9663265347480774,374.4880065917969,53.54762268066406,0.9921393990516663,307.60467529296875,81.69210815429688,0.9991586208343506,427.0406188964844,112.94984436035156,0.9785640239715576,379.0612487792969,137.16775512695312,0.9365942478179932,361.0838623046875,145.87689208984375,0.988318681716919
451,445.96051025390625,48.67595672607422,0.9985983967781067,457.3082275390625,112.36538696289062,0.9970408082008362,417.8421630859375,84.45201110839844,0.9984807372093201,397.1983642578125,90.91533660888672,0.9939253926277161,367.2164001464844,100.34957885742188,0.999099850654602,340.6347961425781,109.21813201904297,0.9988316893577576,402.2964782714844,58.616329193115234,0.9824088215827942,374.4880065917969,53.71036148071289,0.9904202818870544,307.7305908203125,81.67630767822266,0.9991762042045593,427.0835266113281,114.33741760253906,0.980101466178894,378.9842529296875,137.25669860839844,0.9391298890113831,361.29827880859375,146.1970672607422,0.9887626767158508
452,448.774658203125,53.36477279663086,0.9985533356666565,457.3082275390625,114.26749420166016,0.9978645443916321,419.0043029785156,84.45201110839844,0.9990395903587341,398.4455261230469,90.91533660888672,0.9924778342247009,368.0832214355469,100.34957885742188,0.9992901086807251,341.5548095703125,109.21813201904297,0.9987536668777466,407.38189697265625,58.676998138427734,0.9662044048309326,374.4880065917969,53.71036148071289,0.9934932589530945,307.8259582519531,81.662353515625,0.9991136193275452,427.0835266113281,114.45682525634766,0.9784092307090759,378.5105895996094,137.25994873046875,0.9438398480415344,362.4002990722656,146.4898681640625,0.9900707602500916
453,450.0963134765625,54.494747161865234,0.9989811778068542,457.3082275390625,115.64057922363281,0.9978851675987244,419.3172607421875,84.8009033203125,0.9992725253105164,399.2342529296875,90.91533660888672,0.9937931299209595,369.4460144042969,100.38511657714844,0.9994450211524963,342.4566345214844,109.21813201904297,0.998506486415863,414.9171447753906,60.824485778808594,0.9777640104293823,374.74951171875,53.71036148071289,0.99432373046875,308.21343994140625,81.662353515625,0.9991196990013123,427.0406188964844,115.00775909423828,0.9832972288131714,378.3329772949219,137.25994873046875,0.9185360074043274,362.70458984375,146.77561950683594,0.9919726848602295
454,452.15863037109375,54.923641204833984,0.9993021488189697,457.40386962890625,118.69110870361328,0.9982153177261353,420.65576171875,85.16210174560547,0.9993731379508972,399.7369384765625,90.97416687011719,0.9947585463523865,370.0820617675781,100.38511657714844,0.9994856119155884,343.545654296875,109.10076904296875,0.9983881711959839,419.3193664550781,61.4949951171875,0.9711620211601257,374.77325439453125,53.942604064941406,0.9954209923744202,308.57366943359375,81.60970306396484,0.9990322589874268,426.8833312988281,116.59164428710938,0.9866792559623718,378.5105895996094,137.25994873046875,0.8922152519226074,362.8458557128906,146.8556671142578,0.9922788143157959
455,452.2674865722656,57.1684455871582,0.9990348815917969,457.4958801269531,121.02845001220703,0.998035728931427,421.7454528808594,86.83441162109375,0.9992708563804626,400.6822509765625,91.75836181640625,0.9948949217796326,371.2470703125,100.38511657714844,0.999536395072937,344.070068359375,108.9383773803711,0.9980102181434631,420.4864807128906,62.461082458496094,0.989274799823761,374.8005065917969,54.22622299194336,0.9951352477073669,308.69500732421875,81.12232208251953,0.9989767074584961,426.8833312988281,117.0730972290039,0.9872934818267822,378.5105895996094,136.94808959960938,0.9126936793327332,362.8458557128906,146.8556671142578,0.9927105903625488
456,453.45172119140625,59.51301193237305,0.9987983703613281,457.40386962890625,123.14847564697266,0.9970396161079407,422.3559875488281,88.11614990234375,0.9987282156944275,401.9045715332031,92.48774719238281,0.9953867793083191,372.2727966308594,100.54450988769531,0.999552309513092,344.7357177734375,108.9383773803711,0.9974023103713989,424.9296875,63.505271911621094,0.9914366602897644,375.0474853515625,54.641292572021484,0.9950018525123596,308.7627868652344,81.12232208251953,0.9989487528800964,426.8833312988281,117.37593078613281,0.9884318709373474,379.5717468261719,136.65048217773438,0.923349916934967,362.8458557128906,146.8556671142578,0.9923551082611084
457,454.44635009765625,60.30189895629883,0.9989868998527527,457.4958801269531,124.85535430908203,0.9969814419746399,422.9850158691406,89.03181457519531,0.9982860684394836,402.6007385253906,93.10054016113281,0.9962735176086426,372.9993896484375,101.11714172363281,0.9994860887527466,344.8162841796875,108.93684387207031,0.9974591135978699,425.833740234375,65.11478424072266,0.9888547658920288,375.0722961425781,54.80075454711914,0.9957619309425354,308.88116455078125,81.12232208251953,0.9989859461784363,427.0785217285156,117.37593078613281,0.9889824986457825,382.23577880859375,136.6465606689453,0.8256018757820129,361.9620361328125,146.1195068359375,0.9931983351707458
458,454.6789855957031,60.30189895629883,0.9990637898445129,457.40386962890625,126.30367279052734,0.9982907176017761,423.0177307128906,90.3443832397461,0.9985249638557434,402.7720947265625,93.82019805908203,0.9968583583831787,373.5055847167969,101.37083435058594,0.9995469450950623,345.93212890625,108.93684387207031,0.9980179071426392,427.91314697265625,67.39775848388672,0.9883326888084412,375.0890197753906,54.89094924926758,0.9965752959251404,309.1083679199219,81.27057647705078,0.9989792704582214,427.1380920410156,117.37593078613281,0.9891387820243835,387.7554016113281,136.6465606689453,0.9248324632644653,361.9149475097656,146.07127380371094,0.9942686557769775
459,454.7750549316406,60.30189895629883,0.9990100860595703,457.2579040527344,127.53926086425781,0.9976416826248169,423.1806945800781,91.23567962646484,0.9984878301620483,403.44964599609375,94.25674438476562,0.996635377407074,374.6123046875,101.8466796875,0.9994310736656189,347.5172424316406,108.96339416503906,0.9984151124954224,428.5575866699219,69.96040344238281,0.9876766204833984,375.3060607910156,54.92767333984375,0.9963799118995667,309.1749572753906,81.79691314697266,0.9989258646965027,427.633544921875,117.35698699951172,0.9902239441871643,391.0350646972656,134.6447296142578,0.94166499376297,361.9149475097656,146.02915954589844,0.9939479827880859
460,454.8160400390625,58.971473693847656,0.9983552098274231,455.24658203125,128.82421875,0.9980986714363098,423.817138671875,92.1443099975586,0.9982349872589111,404.4028015136719,95.10071563720703,0.9955695271492004,375.1457214355469,102.27660369873047,0.9993971586227417,349.04119873046875,109.95111083984375,0.9986409544944763,430.0385437011719,71.93666076660156,0.9845613241195679,375.4669189453125,55.108116149902344,0.9958689212799072,309.41156005859375,82.61846923828125,0.9988642930984497,427.633544921875,117.35698699951172,0.990915834903717,405.1481018066406,134.6447296142578,0.9733583927154541,361.9620361328125,146.07127380371094,0.9930096864700317
461,455.4239807128906,55.326656341552734,0.9978893399238586,454.1011047363281,129.72030639648438,0.998824417591095,425.1200866699219,92.79757690429688,0.9966639876365662,405.9630432128906,95.44821166992188,0.993657648563385,375.880615234375,102.3871841430664,0.9991483688354492,350.7480163574219,110.6243667602539,0.9984266757965088,431.7447814941406,72.37744140625,0.974274754524231,375.49078369140625,55.108116149902344,0.9958215951919556,310.19476318359375,83.33893585205078,0.9985528588294983,427.633544921875,117.35698699951172,0.9909447431564331,406.09130859375,134.6447296142578,0.9489070773124695,361.93701171875,146.07127380371094,0.9934234619140625
462,455.4239807128906,53.469383239746094,0.9976727366447449,454.1011047363281,130.24786376953125,0.999021053314209,427.356201171875,92.79757690429688,0.9951484799385071,406.4767150878906,95.79169464111328,0.9938674569129944,376.60565185546875,102.66409301757812,0.9992867112159729,351.9018859863281,111.22345733642578,0.9978505373001099,432.9247131347656,72.37744140625,0.9654910564422607,375.57623291015625,55.108116149902344,0.9948299527168274,312.10186767578125,83.75250244140625,0.9978854060173035,427.2046203613281,117.56076049804688,0.988637387752533,409.04608154296875,134.92066955566406,0.95392906665802,362.1880187988281,146.33770751953125,0.9944168329238892
463,455.4239807128906,52.22927474975586,0.9983091354370117,454.1011047363281,130.24786376953125,0.9990174770355225,428.6758728027344,92.79757690429688,0.9953442215919495,407.978515625,95.99848937988281,0.9951009154319763,377.8670959472656,102.86963653564453,0.9992241859436035,352.6426086425781,111.81809997558594,0.9977515339851379,433.1752014160156,72.37744140625,0.9692840576171875,375.57623291015625,54.80732727050781,0.9938889741897583,313.5301818847656,86.32728576660156,0.9965804219245911,427.07952880859375,117.58535766601562,0.9850971102714539,416.09033203125,134.6447296142578,0.9638906121253967,362.2478942871094,146.35687255859375,0.9949901700019836
464,453.4213562011719,50.39345932006836,0.9986171722412109,456.4368591308594,130.24786376953125,0.996776282787323,430.28961181640625,92.7901382446289,0.9935780763626099,410.09552001953125,95.99848937988281,0.994882345199585,379.0509948730469,102.86963653564453,0.9990731477737427,352.6707458496094,112.19375610351562,0.9982736110687256,433.3680725097656,72.0975570678711,0.9788716435432434,375.57623291015625,54.41206741333008,0.9945964217185974,315.2727355957031,88.27991485595703,0.9963638186454773,426.6656188964844,117.58535766601562,0.9877168536186218,418.2333068847656,134.00482177734375,0.959846556186676,362.2525634765625,146.35687255859375,0.994932234287262
465,452.0260009765625,49.05435562133789,0.9982010126113892,459.4850158691406,126.9482192993164,0.9972376823425293,431.87579345703125,92.51222229003906,0.9934658408164978,412.07427978515625,95.99848937988281,0.9943773150444031,380.3011169433594,102.86963653564453,0.9985653758049011,353.5342102050781,112.53981018066406,0.9987637996673584,434.11370849609375,71.48099517822266,0.9779180288314819,375.57373046875,54.08517837524414,0.9953527450561523,317.9863586425781,89.00987243652344,0.9950354099273682,426.5742492675781,118.00917053222656,0.9851081967353821,421.32232666015625,133.45346069335938,0.9240152835845947,362.3143005371094,146.35687255859375,0.9951561689376831
466,451.86138916015625,48.821319580078125,0.9980273842811584,462.7522888183594,125.06838989257812,0.9951069355010986,432.1693115234375,90.0671157836914,0.9956749081611633,412.2137451171875,95.25242614746094,0.9938299059867859,381.6003723144531,103.03890991210938,0.9986163377761841,354.4849548339844,112.61980438232422,0.9989176988601685,439.0015563964844,71.23674774169922,0.9880719184875488,375.47711181640625,53.85988235473633,0.9958564639091492,318.9957580566406,89.28893280029297,0.9937412142753601,426.5742492675781,118.5122299194336,0.9809807538986206,422.6871643066406,133.45346069335938,0.9232596755027771,362.4155578613281,146.4303741455078,0.9952580332756042
467,450.6507873535156,46.69927215576172,0.9983152151107788,468.7210388183594,124.06454467773438,0.9978400468826294,433.5234680175781,88.73846435546875,0.9978298544883728,413.7571105957031,94.81782531738281,0.9960839748382568,383.6310729980469,102.80809020996094,0.9983105659484863,355.5782165527344,112.71561431884766,0.9990001320838928,441.2909240722656,69.80032348632812,0.9918012022972107,375.45880126953125,53.85988235473633,0.9960958361625671,321.6976623535156,89.45274353027344,0.9967033267021179,426.6656188964844,119.64881896972656,0.9659460783004761,430.511474609375,133.45346069335938,0.960494339466095,362.4456787109375,146.4303741455078,0.9957429766654968
468,449.8348083496094,45.91646957397461,0.9983408451080322,470.1708984375,122.83903503417969,0.9980744123458862,434.68017578125,88.4761962890625,0.9983595013618469,414.6569519042969,94.73651885986328,0.997296154499054,384.9528503417969,102.74618530273438,0.9986701011657715,356.728759765625,112.71561431884766,0.9990876913070679,442.097412109375,69.10096740722656,0.9920938611030579,374.8922119140625,53.987457275390625,0.9962190985679626,324.5730285644531,89.81745910644531,0.9974045157432556,427.89837646484375,122.94868469238281,0.9602963328361511,433.2037353515625,135.11672973632812,0.9721153378486633,362.72113037109375,146.5146026611328,0.9954291582107544
469,449.0674133300781,45.25655746459961,0.9980820417404175,472.5812072753906,119.74341583251953,0.9954468607902527,436.4970703125,88.13339233398438,0.9987078905105591,416.2088317871094,94.41687774658203,0.9980111122131348,386.8271789550781,102.74618530273438,0.9991776347160339,359.3755798339844,113.05867767333984,0.998762845993042,443.7434387207031,69.06332397460938,0.9911966323852539,374.83966064453125,53.987457275390625,0.9959815740585327,329.2047424316406,90.07675170898438,0.995461642742157,428.45855712890625,123.37823486328125,0.9428631067276001,434.1175231933594,137.42984008789062,0.9871817827224731,363.06317138671875,146.5146026611328,0.9947085380554199
470,448.642333984375,45.15738296508789,0.9976438879966736,476.03448486328125,118.81122589111328,0.9975854158401489,437.59625244140625,87.7698974609375,0.9988254904747009,417.5554504394531,94.30398559570312,0.9982469081878662,388.2657165527344,102.74618530273438,0.999342143535614,360.65374755859375,113.05867767333984,0.9970346689224243,444.26263427734375,68.46720123291016,0.9883363842964172,374.69091796875,53.9332160949707,0.9964614510536194,332.8515319824219,90.07675170898438,0.9957744479179382,429.1969909667969,123.37823486328125,0.9266101121902466,434.2002258300781,138.13345336914062,0.990312933921814,363.091796875,146.38076782226562,0.9949666857719421
471,447.76873779296875,44.246150970458984,0.9969176054000854,478.6857604980469,117.80546569824219,0.9982688426971436,439.30908203125,87.30175018310547,0.9989066123962402,419.17169189453125,94.07317352294922,0.9983857870101929,390.142822265625,102.74618530273438,0.999281108379364,363.11944580078125,112.68354797363281,0.9972493052482605,444.68341064453125,68.36151123046875,0.9852396249771118,374.20123291015625,53.9332160949707,0.9964138865470886,334.3023986816406,89.81745910644531,0.9943298101425171,429.1969909667969,123.37823486328125,0.8873550295829773,434.20501708984375,138.2296142578125,0.9901199340820312,363.121826171875,146.36575317382812,0.9946511387825012
472,446.5769958496094,44.03157424926758,0.99461430311203,480.2974853515625,117.3124008178711,0.9985352754592896,440.56781005859375,87.20779418945312,0.9988366961479187,420.0467834472656,93.96128845214844,0.9983508586883545,391.06732177734375,102.55817413330078,0.9990002512931824,364.339599609375,112.64579010009766,0.9978741407394409,445.1502380371094,68.18020629882812,0.9843865036964417,373.5724182128906,53.43613815307617,0.9966046810150146,338.0045166015625,89.40483093261719,0.9940100908279419,429.2161865234375,123.1432876586914,0.8592528700828552,434.2002258300781,138.2296142578125,0.9910199046134949,363.091796875,146.0527801513672,0.9944791793823242
473,445.1076354980469,42.17112350463867,0.9930046200752258,483.5486145019531,115.81571960449219,0.9985974431037903,441.45489501953125,86.81602478027344,0.9987642765045166,420.65509033203125,93.8991470336914,0.9981980919837952,391.5237121582031,102.55817413330078,0.9986048340797424,365.86236572265625,112.4432601928711,0.9980668425559998,445.3406982421875,68.08840942382812,0.9847316741943359,373.5252380371094,53.00603103637695,0.9959841966629028,341.40435791015625,88.38895416259766,0.9940207600593567,429.2295837402344,114.42353820800781,0.8522804379463196,434.1175231933594,138.2296142578125,0.9909592866897583,363.091796875,145.9979248046875,0.9943080544471741
474,443.716064453125,42.144405364990234,0.9925323128700256,484.2490234375,112.35633850097656,0.9981075525283813,442.61541748046875,86.57756042480469,0.9986036419868469,421.5914306640625,93.43411254882812,0.997798502445221,392.4078674316406,101.5502700805664,0.9983806610107422,366.6136779785156,112.29120635986328,0.9983047246932983,445.4763488769531,67.30390167236328,0.9794542193412781,373.24346923828125,53.00603103637695,0.9971826076507568,345.8219299316406,85.78370666503906,0.9919198751449585,429.52227783203125,113.48983001708984,0.8564079403877258,433.89886474609375,138.39779663085938,0.9916037917137146,363.121826171875,145.9979248046875,0.9939448237419128
475,443.4234924316406,41.90370178222656,0.9911980032920837,485.52093505859375,107.54940795898438,0.9965657591819763,442.64471435546875,86.34536743164062,0.9988252520561218,422.2640380859375,93.19054412841797,0.9972969889640808,392.84136962890625,101.26817321777344,0.9987319111824036,367.1075744628906,112.16259002685547,0.9979890584945679,445.4763488769531,67.30390167236328,0.9776979088783264,372.90673828125,53.00603103637695,0.9976539015769958,347.5686950683594,83.62043762207031,0.9931417107582092,430.46331787109375,113.33003234863281,0.8642349243164062,433.89886474609375,138.39779663085938,0.9922129511833191,363.1253662109375,145.9979248046875,0.9943975210189819
476,443.2069091796875,40.37271499633789,0.9905152320861816,486.07708740234375,104.8520278930664,0.9966561794281006,443.42926025390625,85.81409454345703,0.9990748167037964,422.7916564941406,92.99808502197266,0.9968398809432983,393.3602294921875,101.13221740722656,0.9990286827087402,367.2536926269531,112.16259002685547,0.9977989792823792,445.4763488769531,67.2058334350586,0.9782829284667969,372.31256103515625,53.13513946533203,0.9979630708694458,348.6682434082031,82.33294677734375,0.9933603405952454,430.8072509765625,112.95284271240234,0.876803994178772,433.8503723144531,138.1602325439453,0.9915955662727356,363.1253662109375,146.13064575195312,0.9948751330375671
477,443.1773986816406,39.745933532714844,0.9905118346214294,487.39410400390625,101.76536560058594,0.9967901110649109,444.5061340332031,85.81409454345703,0.9990639090538025,424.1011962890625,92.30597686767578,0.9953330159187317,394.0909423828125,101.05070495605469,0.9990949630737305,367.47869873046875,112.34303283691406,0.997621476650238,444.93499755859375,67.2058334350586,0.9722287058830261,372.1344299316406,53.14518356323242,0.9977163076400757,352.85797119140625,82.16344451904297,0.9889983534812927,431.8695373535156,110.84823608398438,0.8801528811454773,433.82861328125,138.1602325439453,0.9931918978691101,363.1253662109375,146.16229248046875,0.9949824810028076
478,443.1773986816406,38.73040771484375,0.9918728470802307,488.41650390625,99.70520782470703,0.9958968162536621,444.8240966796875,85.61360168457031,0.9990547299385071,424.4500427246094,92.16800689697266,0.9946611523628235,394.4364929199219,100.8917465209961,0.9990506768226624,367.6861572265625,112.16259002685547,0.998357355594635,444.93499755859375,67.2058334350586,0.9708841443061829,372.1344299316406,53.14518356323242,0.9982500672340393,355.03167724609375,80.54603576660156,0.9845847487449646,432.6335144042969,110.84823608398438,0.8777266144752502,433.6717224121094,138.01710510253906,0.9934099316596985,363.1170959472656,146.16390991210938,0.995173990726471
479,443.02178955078125,37.729583740234375,0.9930985569953918,490.4949951171875,99.41119384765625,0.9921073317527771,445.11676025390625,85.34159088134766,0.9990956783294678,425.003173828125,91.99271392822266,0.994465172290802,394.6965637207031,100.8917465209961,0.9990511536598206,367.8599548339844,112.10789489746094,0.99846351146698,444.93499755859375,67.2058334350586,0.9677863121032715,372.1344299316406,53.14518356323242,0.9984423518180847,357.41241455078125,79.89573669433594,0.976816713809967,433.8336181640625,110.84823608398438,0.8923622965812683,433.64764404296875,137.91030883789062,0.9944943785667419,363.04022216796875,146.18173217773438,0.9950531125068665
480,442.73455810546875,37.21634292602539,0.9934885501861572,490.8206481933594,97.91098022460938,0.9917928576469421,446.04437255859375,84.95442962646484,0.9989097118377686,425.0684509277344,91.94074249267578,0.9952019453048706,395.299072265625,100.98011779785156,0.9990885257720947,367.8599548339844,112.10789489746094,0.9987512826919556,445.0242614746094,66.98385620117188,0.9644861817359924,372.24169921875,53.01909637451172,0.9986279010772705,358.8810729980469,76.5312728881836,0.9793763160705566,436.57659912109375,110.89385986328125,0.875998318195343,433.5638427734375,137.9022216796875,0.9956251978874207,363.03167724609375,146.18173217773438,0.9952953457832336
481,442.73455810546875,36.218631744384766,0.9934669137001038,490.8294982910156,94.32929229736328,0.9901123642921448,446.14849853515625,84.95037841796875,0.9988049268722534,425.7799072265625,91.8830795288086,0.9953097701072693,395.55322265625,100.98011779785156,0.9989566802978516,368.1368408203125,112.01942443847656,0.9987597465515137,445.06793212890625,66.98385620117188,0.9606478810310364,372.5025939941406,52.867950439453125,0.9987117052078247,359.0065002441406,76.22618865966797,0.9826241135597229,438.0135192871094,111.51628112792969,0.9032758474349976,433.5336608886719,137.8021697998047,0.996178150177002,363.0283508300781,146.18948364257812,0.995514452457428
482,442.73455810546875,35.85767364501953,0.9928619265556335,490.8294982910156,94.32929229736328,0.9906764030456543,446.14849853515625,84.39554595947266,0.998763918876648,425.7799072265625,91.48088073730469,0.994408369064331,395.9747009277344,100.8917465209961,0.9988381266593933,368.46978759765625,111.95133209228516,0.9988125562667847,445.06793212890625,66.98385620117188,0.9630991220474243,372.58233642578125,52.867950439453125,0.9986397624015808,359.15020751953125,76.21876525878906,0.9845669865608215,439.1270446777344,111.51628112792969,0.9304686188697815,433.5095520019531,137.6133270263672,0.9963409304618835,363.0283508300781,146.23178100585938,0.9954501986503601
483,442.7625427246094,35.73450469970703,0.9925040006637573,490.8294982910156,94.32929229736328,0.990811824798584,446.14849853515625,84.25048065185547,0.9987731575965881,425.7799072265625,91.30597686767578,0.9945663213729858,396.3321228027344,100.7232894897461,0.998918890953064,368.7366943359375,111.92265319824219,0.9989050626754761,445.0242614746094,67.22139739990234,0.9577690958976746,372.607177734375,52.80729675292969,0.9986287355422974,359.3995056152344,76.09099578857422,0.9827356338500977,439.8008728027344,111.51628112792969,0.9437623620033264,433.5095520019531,137.32315063476562,0.9963608384132385,363.03167724609375,146.25265502929688,0.9954409599304199
484,442.7861328125,35.69822692871094,0.9925508499145508,490.43865966796875,96.3865737915039,0.9907755255699158,446.00701904296875,83.9214859008789,0.9987199306488037,425.59857177734375,91.20829772949219,0.9946735501289368,396.5500183105469,100.5904312133789,0.9989074468612671,369.0237731933594,111.86217498779297,0.9989562034606934,444.6891784667969,67.39981842041016,0.9565377831459045,372.6317138671875,52.780277252197266,0.9985484480857849,359.4662780761719,76.09099578857422,0.9820770025253296,441.02978515625,111.18052673339844,0.950395405292511,433.5095520019531,137.13014221191406,0.9961038827896118,363.0965881347656,146.25265502929688,0.9952438473701477
485,442.790771484375,35.69822692871094,0.9926653504371643,490.43865966796875,96.62532043457031,0.9910079836845398,445.9963684082031,83.6233139038086,0.998584508895874,425.59857177734375,91.01607513427734,0.9947997331619263,396.5500183105469,100.5904312133789,0.9988508224487305,369.2718811035156,111.78765106201172,0.9989736080169678,444.6891784667969,67.39981842041016,0.949553906917572,372.6480407714844,52.780277252197266,0.998446524143219,359.4945068359375,76.09099578857422,0.983807384967804,441.9166259765625,111.18052673339844,0.9457213282585144,434.55108642578125,135.58514404296875,0.9961004257202148,363.1921691894531,146.25265502929688,0.9950254559516907
486,442.82958984375,35.73450469970703,0.9927686452865601,490.3253479003906,96.82274627685547,0.9911738038063049,445.6676940917969,83.38721466064453,0.998417854309082,425.5444641113281,90.86567687988281,0.9947551488876343,396.5500183105469,100.5904312133789,0.9988908171653748,369.48114013671875,111.75990295410156,0.9990357160568237,444.6891784667969,67.39981842041016,0.9444141983985901,372.68170166015625,52.77861022949219,0.9984752535820007,359.5379333496094,76.07817840576172,0.9830318689346313,442.5928955078125,111.18052673339844,0.9319317936897278,434.7010192871094,135.10986328125,0.9963170289993286,363.21722412109375,146.1145782470703,0.9946929812431335
487,442.9521789550781,35.816322326660156,0.9926430583000183,490.3253479003906,97.09549713134766,0.9907410144805908,445.4092102050781,83.30552673339844,0.9983134269714355,425.54351806640625,90.84767150878906,0.9942299127578735,396.5487976074219,100.6811294555664,0.9988993406295776,369.48114013671875,111.69361877441406,0.9990484118461609,445.3506164550781,66.4569091796875,0.9417712688446045,372.68170166015625,52.77861022949219,0.9984307885169983,359.4945068359375,76.03778839111328,0.9834715127944946,444.0566711425781,112.77020263671875,0.934748649597168,434.7159729003906,135.10986328125,0.9961891770362854,363.21722412109375,146.1145782470703,0.9946765899658203
488,443.19842529296875,35.94590377807617,0.9934079647064209,490.3253479003906,97.09549713134766,0.9931506514549255,445.39862060546875,83.12684631347656,0.9981364011764526,425.52996826171875,90.61740112304688,0.9938873648643494,396.5317687988281,100.70733642578125,0.9988503456115723,369.48114013671875,111.67723083496094,0.9990407824516296,445.3506164550781,66.1080093383789,0.9450732469558716,372.6480407714844,52.77861022949219,0.9984610080718994,359.4945068359375,76.03778839111328,0.9834235906600952,445.0495910644531,112.77020263671875,0.9420154690742493,434.7159729003906,135.10986328125,0.9960314631462097,363.21722412109375,146.1145782470703,0.9945532083511353
489,443.19842529296875,35.98177719116211,0.9941198825836182,489.84576416015625,97.09549713134766,0.9941518902778625,445.3286437988281,82.98260498046875,0.997665286064148,425.52996826171875,90.46087646484375,0.9941139817237854,396.5317687988281,100.71466827392578,0.9988693594932556,369.4730529785156,111.67723083496094,0.9991037249565125,445.3506164550781,65.89771270751953,0.9409914016723633,372.29559326171875,52.750606536865234,0.9986918568611145,359.4041442871094,75.95150756835938,0.9851736426353455,446.1322937011719,112.77020263671875,0.9541251063346863,434.7010192871094,135.1145477294922,0.9954937696456909,363.21356201171875,146.2509765625,0.9952490329742432
490,443.19842529296875,36.03136444091797,0.99383544921875,488.9225158691406,96.85269165039062,0.9953365921974182,445.0747985839844,82.98260498046875,0.9977542757987976,425.52996826171875,90.46087646484375,0.9936112761497498,396.5317687988281,100.81392669677734,0.9988627433776855,369.4686279296875,111.63985443115234,0.9990717172622681,445.2646789550781,65.89771270751953,0.9429081678390503,372.2703552246094,52.72319412231445,0.9986222982406616,359.3237609863281,75.87721252441406,0.9848878383636475,446.2276611328125,112.77020263671875,0.9635213613510132,433.4414367675781,136.36412048339844,0.9951061010360718,363.21356201171875,146.2509765625,0.9950802326202393
491,443.0472717285156,36.03239440917969,0.9939945340156555,488.0960693359375,96.62263488769531,0.9960363507270813,445.0466003417969,82.95960235595703,0.9975835084915161,425.54351806640625,90.46087646484375,0.9934820532798767,396.53955078125,100.84535217285156,0.9988932013511658,369.4686279296875,111.62122344970703,0.9990899562835693,445.1465148925781,65.7068862915039,0.9416179656982422,372.2703552246094,52.750606536865234,0.9986935257911682,359.3237609863281,75.94639587402344,0.9846797585487366,446.75762939453125,112.59198760986328,0.9549669027328491,433.3713073730469,136.44256591796875,0.9942153096199036,363.21356201171875,146.2509765625,0.9950451850891113
492,442.85430908203125,36.03239440917969,0.994099497795105,487.7622375488281,96.38758850097656,0.9962350726127625,444.9961853027344,82.84605407714844,0.9977297186851501,425.5046081542969,90.54682159423828,0.9932843446731567,396.5818786621094,100.86936950683594,0.998900294303894,369.4686279296875,111.63985443115234,0.9990418553352356,444.9701843261719,65.89771270751953,0.9406880140304565,372.2703552246094,52.750606536865234,0.9987523555755615,359.39794921875,75.94639587402344,0.9863659143447876,448.49224853515625,112.41648864746094,0.9528708457946777,433.3593444824219,136.44256591796875,0.9941415190696716,363.21356201171875,146.1949920654297,0.9948111772537231
493,442.85430908203125,35.98177719116211,0.9937273263931274,486.6188049316406,96.38758850097656,0.996720016002655,444.9613342285156,82.82098388671875,0.9978954792022705,425.5046081542969,90.59759521484375,0.9930974841117859,396.5818786621094,100.87464141845703,0.9989638328552246,369.4686279296875,111.70673370361328,0.9990986585617065,443.23651123046875,65.93501281738281,0.9481167197227478,372.3308410644531,52.771881103515625,0.9986988306045532,359.39794921875,75.94639587402344,0.9845930933952332,449.1355285644531,112.41648864746094,0.9572731852531433,433.32318115234375,136.44256591796875,0.993778645992279,363.2005920410156,146.1949920654297,0.9948723912239075
494,442.85430908203125,36.000247955322266,0.9945051074028015,485.8844299316406,96.62263488769531,0.9967398047447205,444.9306335449219,82.84605407714844,0.9977217316627502,425.49151611328125,90.59759521484375,0.9929012060165405,396.5818786621094,100.93006896972656,0.9989460110664368,369.4686279296875,111.70673370361328,0.9990845918655396,443.23651123046875,65.9913330078125,0.9470238089561462,372.3372802734375,52.771881103515625,0.9986664056777954,359.4326477050781,75.8973159790039,0.9849019646644592,449.20037841796875,112.23161315917969,0.9576289057731628,433.1885986328125,136.43853759765625,0.9931435585021973,363.2005920410156,146.1949920654297,0.9950096607208252
495,443.27020263671875,36.000247955322266,0.9946394562721252,485.1105041503906,96.8995590209961,0.9963968396186829,444.9306335449219,82.84605407714844,0.9977872371673584,425.5046081542969,90.59759521484375,0.9927760362625122,396.5818786621094,100.9889907836914,0.9989482760429382,369.5774230957031,111.81202697753906,0.9990234375,443.1860656738281,65.9913330078125,0.9460947513580322,372.36181640625,52.771881103515625,0.9986640214920044,359.4326477050781,75.8973159790039,0.9856055378913879,449.4534912109375,111.93868255615234,0.9568107724189758,433.1672058105469,136.43853759765625,0.9932992458343506,363.13507080078125,146.20091247558594,0.9952970147132874
496,443.37347412109375,36.000247955322266,0.9950599074363708,483.7861633300781,96.8995590209961,0.9954860806465149,444.84368896484375,82.8813247680664,0.9979395270347595,425.3867492675781,90.59857940673828,0.99280846118927,396.5722351074219,101.00836181640625,0.9990444779396057,369.5774230957031,111.8483657836914,0.9990886449813843,443.1860656738281,66.04856872558594,0.9497559070587158,372.3802490234375,52.74613571166992,0.9986739158630371,359.471435546875,75.84295654296875,0.9849061369895935,449.4534912109375,111.9315185546875,0.9565012454986572,433.1672058105469,136.41705322265625,0.9931809306144714,363.101806640625,146.29246520996094,0.994850218296051
497,443.6183776855469,36.31876754760742,0.9948194622993469,481.2931213378906,97.58139038085938,0.9940897226333618,444.7966003417969,83.13546752929688,0.9982082843780518,425.3397521972656,90.60700988769531,0.9925004839897156,396.5722351074219,101.07975769042969,0.9990149736404419,369.592529296875,111.90817260742188,0.9990222454071045,443.44781494140625,66.08468627929688,0.9490954875946045,372.39654541015625,52.69071578979492,0.9986470341682434,359.4716796875,75.83892822265625,0.9853391647338867,449.4534912109375,111.86797332763672,0.9579196572303772,433.1194152832031,136.43853759765625,0.9930602312088013,363.0852355957031,146.29246520996094,0.9951377511024475
498,444.0223083496094,36.84743881225586,0.99437415599823,477.8628234863281,97.91067504882812,0.9969779253005981,444.6367492675781,83.16981506347656,0.9985281229019165,425.3867492675781,90.64968872070312,0.992201566696167,396.6144714355469,101.14388275146484,0.9990267753601074,369.6455993652344,112.08674621582031,0.9990924596786499,443.88677978515625,66.43921661376953,0.9501594305038452,372.39654541015625,52.69071578979492,0.9986206293106079,359.4716796875,75.83892822265625,0.9843675494194031,448.9856262207031,111.47808837890625,0.9606173038482666,432.9305725097656,136.4747772216797,0.9930019974708557,363.0550231933594,146.25054931640625,0.9951196908950806
499,444.201171875,37.90479278564453,0.9938832521438599,476.85968017578125,100.59339904785156,0.9972155094146729,444.6266174316406,83.51812744140625,0.9985023736953735,425.5478210449219,90.84673309326172,0.9917743802070618,396.6578369140625,101.29747009277344,0.9990148544311523,369.6972351074219,112.25823211669922,0.998969554901123,444.00531005859375,66.57687377929688,0.9533621668815613,372.39422607421875,52.74613571166992,0.9986141920089722,359.4716796875,75.83336639404297,0.9843544960021973,448.9856262207031,111.08319854736328,0.9547691941261292,432.9305725097656,136.9871826171875,0.9920674562454224,363.0550231933594,146.25054931640625,0.995214581489563
500,444.27545166015625,38.634765625,0.9934462904930115,473.63360595703125,106.72572326660156,0.9908213019371033,444.50177001953125,83.97196960449219,0.9984400868415833,425.2919921875,90.96208953857422,0.9915770292282104,396.6578369140625,101.34508514404297,0.9990829229354858,369.71502685546875,112.28751373291016,0.9990811347961426,444.2728576660156,66.81779479980469,0.9550197720527649,372.3985595703125,52.82463836669922,0.9986134767532349,359.4716796875,75.81710815429688,0.9841834306716919,448.9856262207031,110.77137756347656,0.9743061065673828,433.0084228515625,137.32908630371094,0.9902392625808716,363.0550231933594,146.23045349121094,0.9952601790428162
501,444.30694580078125,40.09434509277344,0.9916213750839233,472.1648864746094,109.7574462890625,0.9942790269851685,444.4609069824219,84.55853271484375,0.9985289573669434,425.2673034667969,91.54884338378906,0.9914301037788391,396.6578369140625,101.5821533203125,0.9989603757858276,369.7695007324219,112.34951782226562,0.999165415763855,444.2728576660156,67.34833526611328,0.9605596661567688,372.4082946777344,52.849578857421875,0.9985446929931641,359.34368896484375,75.83336639404297,0.9881193041801453,448.9794006347656,110.77137756347656,0.9867382049560547,433.0084228515625,137.58993530273438,0.9911684989929199,363.0128479003906,146.03369140625,0.994786262512207
502,444.5567932128906,41.551177978515625,0.9912644624710083,467.8929138183594,114.95519256591797,0.9979597330093384,444.2952575683594,84.70117950439453,0.9982176423072815,425.2558898925781,91.69255065917969,0.9915401339530945,396.50103759765625,101.5821533203125,0.9989659786224365,369.8027648925781,112.28751373291016,0.9991205334663391,444.44989013671875,67.38285064697266,0.958154022693634,372.4082946777344,52.849578857421875,0.9985389709472656,359.34368896484375,75.8033447265625,0.9884676337242126,449.23126220703125,110.77137756347656,0.9835968613624573,433.1568603515625,137.58993530273438,0.9901753067970276,363.2380676269531,145.9738006591797,0.9948882460594177
503,444.6658020019531,42.0255126953125,0.9923887848854065,465.16656494140625,116.52974700927734,0.9963836669921875,444.2952575683594,85.02378845214844,0.9980936646461487,425.062744140625,91.69255065917969,0.9926961660385132,396.3687438964844,101.5821533203125,0.998993456363678,369.8218994140625,112.28751373291016,0.9990869760513306,444.725341796875,67.38285064697266,0.965150773525238,372.5069274902344,52.849578857421875,0.9985712766647339,359.26568603515625,75.78960418701172,0.9879876375198364,449.66839599609375,110.86731719970703,0.9762995839118958,433.2292175292969,137.58993530273438,0.9896517395973206,363.2380676269531,145.9738006591797,0.9946458339691162
504,444.860595703125,42.42181396484375,0.9935685396194458,462.2077941894531,118.60672760009766,0.9931091070175171,444.2952575683594,85.5759506225586,0.9982569813728333,424.98175048828125,91.69255065917969,0.9937947988510132,396.34210205078125,101.58853912353516,0.9989750385284424,369.8218994140625,112.24163818359375,0.9990363121032715,444.884521484375,67.38285064697266,0.9661681652069092,372.5069274902344,52.858673095703125,0.9984844326972961,359.2380065917969,75.753173828125,0.9874138832092285,449.66839599609375,110.96289825439453,0.9641677141189575,433.9032287597656,136.98011779785156,0.9916748404502869,363.1922912597656,146.03369140625,0.9944762587547302
505,445.60272216796875,43.734188079833984,0.9954758286476135,460.40057373046875,123.12659454345703,0.9948002099990845,444.34735107421875,85.82656860351562,0.998237133026123,424.7799987792969,91.69255065917969,0.9937546253204346,396.34210205078125,101.58173370361328,0.9989805817604065,369.8218994140625,112.19100952148438,0.9990234375,444.884521484375,67.45171356201172,0.9682029485702515,372.6044006347656,52.919647216796875,0.9984676241874695,359.15313720703125,75.73320007324219,0.9883848428726196,450.07928466796875,111.40512084960938,0.9319406151771545,434.5328063964844,136.42393493652344,0.9918670058250427,361.8770751953125,146.04415893554688,0.9946318864822388
506,447.3951110839844,46.77757263183594,0.9963881969451904,457.923828125,123.25685119628906,0.9938167929649353,444.5541076660156,85.8445816040039,0.9981749057769775,424.7799987792969,91.69255065917969,0.9946738481521606,396.3687438964844,101.58173370361328,0.9989921450614929,369.7314758300781,112.04932403564453,0.9990376234054565,444.9892578125,67.48674774169922,0.9694892764091492,372.61041259765625,52.871212005615234,0.998519241809845,358.89874267578125,75.73023986816406,0.9900422096252441,450.07928466796875,111.6156234741211,0.931618332862854,434.8922424316406,136.1190185546875,0.9906154870986938,363.1922912597656,146.07196044921875,0.9943458437919617
507,447.6268005371094,48.235721588134766,0.9966625571250916,455.2090759277344,124.78704071044922,0.9782851338386536,444.76226806640625,86.5387191772461,0.9980416297912598,424.7799987792969,92.40316009521484,0.9946350455284119,396.4241027832031,101.5650405883789,0.9990376234054565,369.7314758300781,111.85431671142578,0.9989778995513916,444.9892578125,67.68096160888672,0.9709442853927612,372.6044006347656,52.871212005615234,0.9984568357467651,358.8251037597656,75.32783508300781,0.9922710657119751,450.1869812011719,112.37955474853516,0.9421749114990234,435.8225402832031,135.78424072265625,0.9881294965744019,363.1922912597656,146.0924530029297,0.9945857524871826
508,448.1784973144531,50.66492462158203,0.9969315528869629,452.1904296875,126.87713623046875,0.9660467505455017,445.21075439453125,87.31842041015625,0.998271107673645,425.12200927734375,92.52557373046875,0.995102047920227,396.4305114746094,101.58853912353516,0.9990431666374207,369.7314758300781,111.71958923339844,0.9989827275276184,444.9892578125,67.68096160888672,0.9746952056884766,372.6395568847656,52.919647216796875,0.9983952641487122,358.7321472167969,75.25485229492188,0.9924560785293579,450.2214050292969,112.72378540039062,0.9177389740943909,436.6050109863281,135.78424072265625,0.9880886673927307,363.2899475097656,146.195556640625,0.9947289824485779
509,448.43597412109375,51.84759521484375,0.9981948733329773,451.7108459472656,128.52557373046875,0.9276718497276306,445.6331787109375,87.51253509521484,0.99812251329422,425.5997009277344,92.99264526367188,0.9941317439079285,396.7661437988281,101.61824798583984,0.9990212917327881,369.7351379394531,111.04811096191406,0.999047577381134,446.0651550292969,67.68096160888672,0.9787878394126892,372.6494140625,52.919647216796875,0.998307466506958,358.3294982910156,75.25485229492188,0.9940328001976013,450.93829345703125,113.3805160522461,0.9245848059654236,437.4005126953125,135.78424072265625,0.9871782064437866,363.2899475097656,146.23582458496094,0.9948239326477051
510,449.32391357421875,53.50311279296875,0.9989045858383179,451.7108459472656,130.01187133789062,0.935061514377594,445.8871154785156,88.0244369506836,0.9978893399238586,425.94708251953125,93.33804321289062,0.9938198924064636,397.0786437988281,101.61824798583984,0.9989749193191528,369.79473876953125,110.80689239501953,0.9990054965019226,446.1174621582031,67.51183319091797,0.9788581728935242,372.8045959472656,53.26035690307617,0.9981887936592102,358.3294982910156,75.25485229492188,0.995185911655426,450.93829345703125,114.16255950927734,0.9139552116394043,437.55303955078125,135.94906616210938,0.9862654805183411,363.2899475097656,146.23582458496094,0.994800329208374
511,450.11920166015625,54.35711669921875,0.9990115165710449,451.7108459472656,132.0497589111328,0.9209871888160706,446.1278076171875,88.56140899658203,0.9970644116401672,426.2503356933594,93.68598175048828,0.9928937554359436,397.7418212890625,101.63296508789062,0.9988596439361572,370.0426025390625,110.78616333007812,0.9990787506103516,446.9383544921875,66.59195709228516,0.9852902889251709,373.431396484375,54.122501373291016,0.9977930784225464,358.3294982910156,75.38642120361328,0.9954648613929749,451.5118408203125,114.35728454589844,0.9165076017379761,437.55303955078125,136.35293579101562,0.9832949042320251,363.2899475097656,146.23582458496094,0.9948241710662842
512,451.1412353515625,56.469276428222656,0.9987167119979858,452.95965576171875,133.28347778320312,0.9470992684364319,447.1012878417969,89.09556579589844,0.9955776929855347,426.6568603515625,94.07563781738281,0.9932333827018738,398.29876708984375,101.63296508789062,0.9987708926200867,370.4943542480469,110.6564712524414,0.9991322159767151,447.7439270019531,65.98652648925781,0.990143895149231,374.84027099609375,54.19498062133789,0.9971875548362732,358.3861083984375,75.48133850097656,0.9961116909980774,451.96868896484375,114.35728454589844,0.9004560708999634,437.55303955078125,137.00547790527344,0.9742460250854492,363.28143310546875,145.841064453125,0.994196891784668
513,452.5346984863281,58.4615592956543,0.9958522319793701,454.9982604980469,136.207275390625,0.9506982564926147,447.7619323730469,89.09556579589844,0.9943391680717468,427.427734375,94.07563781738281,0.9917054176330566,399.0711669921875,101.65538787841797,0.9987232089042664,370.7839050292969,110.24089813232422,0.9991766810417175,448.4840393066406,63.85249328613281,0.9884711503982544,378.2513732910156,55.55157470703125,0.99261075258255,359.58355712890625,76.09861755371094,0.9966412782669067,453.333740234375,114.35728454589844,0.907891035079956,437.0185241699219,137.35986328125,0.973886251449585,363.28143310546875,145.83885192871094,0.9945276379585266
514,454.5858154296875,59.10097885131836,0.9936864972114563,455.8133544921875,137.14183044433594,0.9709432721138,448.75042724609375,89.09556579589844,0.993347704410553,427.6409912109375,94.08223724365234,0.9910586476325989,399.7715759277344,101.70527648925781,0.9984703660011292,371.36016845703125,109.68930053710938,0.999221920967102,449.34002685546875,62.94050979614258,0.9887118339538574,381.35662841796875,58.394012451171875,0.9932543635368347,359.8983459472656,76.15955352783203,0.9977071285247803,458.1903991699219,113.79226684570312,0.9367571473121643,436.4735412597656,137.36300659179688,0.9812605381011963,363.4244079589844,145.83885192871094,0.9944828748703003
515,455.784423828125,59.837135314941406,0.9909926652908325,458.18865966796875,139.13067626953125,0.9928876757621765,448.75042724609375,89.10397338867188,0.9944513440132141,428.26727294921875,94.33647155761719,0.9901506900787354,400.27154541015625,101.87806701660156,0.9984832406044006,371.8624572753906,109.26974487304688,0.9991490840911865,449.70159912109375,62.796234130859375,0.986753523349762,388.0066223144531,60.62185287475586,0.9953719973564148,359.9900207519531,76.16581726074219,0.9979143738746643,458.1903991699219,113.79226684570312,0.8884190320968628,435.9390563964844,137.51223754882812,0.982282817363739,363.4533386230469,145.78085327148438,0.9941682815551758
516,457.5393371582031,60.64665985107422,0.9899219870567322,460.556884765625,139.75657653808594,0.9956305027008057,448.8582458496094,89.57866668701172,0.9941943287849426,428.71429443359375,94.6539306640625,0.9911434650421143,400.8155212402344,102.04827117919922,0.9988422989845276,372.35321044921875,108.85086059570312,0.9991018772125244,449.70159912109375,61.9931755065918,0.9906467199325562,394.9469299316406,60.62185287475586,0.9884034991264343,360.532470703125,76.16581726074219,0.9979065656661987,458.4164123535156,113.79226684570312,0.8859229683876038,435.59735107421875,137.51223754882812,0.9800267815589905,363.4244079589844,145.78085327148438,0.9941996335983276
517,460.76904296875,61.20893096923828,0.993257999420166,461.8482360839844,140.323486328125,0.9960103034973145,449.0364685058594,90.65899658203125,0.9955692887306213,428.71429443359375,94.6539306640625,0.9921160340309143,401.4305725097656,102.21150207519531,0.9989798665046692,372.7428283691406,108.55865478515625,0.9989380240440369,449.9385681152344,61.9931755065918,0.9870175719261169,399.05657958984375,61.62748336791992,0.9863996505737305,360.8026428222656,76.16581726074219,0.997749388217926,458.4164123535156,114.70796966552734,0.8752410411834717,435.446533203125,137.51223754882812,0.980209469795227,363.4244079589844,145.79331970214844,0.9939045310020447
518,466.1896667480469,63.51548385620117,0.9977138042449951,462.8002624511719,140.323486328125,0.9963552951812744,449.2950134277344,91.56681823730469,0.997276246547699,429.4518127441406,94.6960220336914,0.9948784112930298,402.0282287597656,102.21150207519531,0.9992609620094299,373.43402099609375,108.43122863769531,0.998809814453125,449.78033447265625,61.9931755065918,0.9809261560440063,403.18060302734375,60.62185287475586,0.9919074773788452,360.8026428222656,76.16581726074219,0.9975793957710266,459.852294921875,115.9917984008789,0.8673518300056458,435.2630920410156,137.60443115234375,0.9803724884986877,363.4120178222656,145.88018798828125,0.9941390752792358
519,469.7687072753906,63.51548385620117,0.9984875917434692,465.0640563964844,140.58448791503906,0.9978995323181152,449.6627197265625,91.99022674560547,0.9983697533607483,429.76043701171875,95.30390167236328,0.9965481162071228,402.6031188964844,102.21150207519531,0.9992515444755554,373.9730529785156,108.37840270996094,0.9987651109695435,449.78033447265625,63.98280715942383,0.9820793867111206,406.4626159667969,60.42073059082031,0.9869471788406372,360.8026428222656,76.16581726074219,0.9975125789642334,459.852294921875,117.12480926513672,0.8723946213722229,434.98968505859375,137.60443115234375,0.9832146167755127,363.350830078125,145.88018798828125,0.9946480393409729
520,473.81451416015625,63.51548385620117,0.9978713989257812,468.7052917480469,140.58448791503906,0.9986075758934021,450.2552490234375,92.66759490966797,0.9989714622497559,430.5252685546875,96.02501678466797,0.996908962726593,403.03558349609375,102.21150207519531,0.9992859959602356,374.7590637207031,108.13253784179688,0.9985659718513489,449.9385681152344,64.0945053100586,0.990433931350708,414.4989929199219,58.91384506225586,0.9762633442878723,360.5870361328125,76.09253692626953,0.9977808594703674,460.5955810546875,119.51197814941406,0.8669574856758118,434.5344543457031,137.60443115234375,0.9852992296218872,363.32342529296875,146.0860595703125,0.9944589138031006
521,474.50140380859375,59.06784439086914,0.9960057139396667,471.1109313964844,140.28775024414062,0.9983780384063721,451.21649169921875,92.7292709350586,0.9991162419319153,430.9330139160156,96.0453872680664,0.9973680377006531,403.7954406738281,102.22968292236328,0.9994626641273499,375.260498046875,107.9518051147461,0.9986035227775574,450.73663330078125,64.0945053100586,0.9888753890991211,418.48968505859375,58.493385314941406,0.9947025179862976,360.48455810546875,75.86016845703125,0.9973227381706238,460.8486633300781,120.14593505859375,0.8499699831008911,434.4732666015625,137.98358154296875,0.9871325492858887,363.1907653808594,146.08795166015625,0.9950734972953796
522,476.6551513671875,59.06784439086914,0.996541440486908,473.7125549316406,139.7468719482422,0.9956607222557068,452.3085632324219,93.34368896484375,0.9991263747215271,432.1966552734375,96.45114135742188,0.9968593120574951,404.694580078125,102.40961456298828,0.9995014667510986,375.914794921875,107.85658264160156,0.9982836246490479,450.73663330078125,64.0945053100586,0.9835154414176941,419.69671630859375,58.42396545410156,0.9935652613639832,360.48455810546875,75.845458984375,0.9977167844772339,460.9490966796875,120.30005645751953,0.8951072692871094,434.3174133300781,138.06532287597656,0.9889617562294006,362.6997985839844,146.8249053955078,0.9965744018554688
523,478.2222900390625,59.06784439086914,0.9965920448303223,474.45025634765625,139.41212463378906,0.9969882369041443,453.66693115234375,93.91565704345703,0.9990100860595703,433.27978515625,96.9317398071289,0.9961225390434265,405.50213623046875,102.79017639160156,0.9995054006576538,376.97265625,107.80876159667969,0.9977399110794067,450.73663330078125,63.53326416015625,0.9843123555183411,425.1820373535156,56.9384880065918,0.9704312086105347,360.5673828125,75.83403778076172,0.9976803064346313,465.8030090332031,121.70247650146484,0.8963344097137451,434.3104553222656,138.06532287597656,0.9881866574287415,362.63153076171875,146.826904296875,0.996243953704834
524,480.2834777832031,57.98582077026367,0.995469331741333,476.7138671875,139.060791015625,0.9970585107803345,454.95916748046875,94.4024658203125,0.9987150430679321,434.4813232421875,97.10892486572266,0.9948115348815918,405.912353515625,102.96498107910156,0.9994694590568542,377.6280212402344,107.74047088623047,0.9968198537826538,447.6444396972656,63.184104919433594,0.9854754209518433,434.7807312011719,56.9384880065918,0.9636346101760864,360.48455810546875,75.83403778076172,0.9976596832275391,466.8828430175781,121.90569305419922,0.9146087169647217,434.1832580566406,138.07781982421875,0.9889439344406128,362.37255859375,146.82908630371094,0.9965607523918152
525,482.503173828125,57.98582077026367,0.997672975063324,479.46435546875,139.0477752685547,0.9979106783866882,455.6922912597656,95.08753967285156,0.9982532858848572,435.1720886230469,97.28702545166016,0.9938346147537231,406.66363525390625,103.57867431640625,0.9993200302124023,377.99169921875,107.15130615234375,0.9960455298423767,444.8802795410156,63.069725036621094,0.9812978506088257,438.4845275878906,56.24378204345703,0.9935128092765808,360.48455810546875,75.845458984375,0.9979507327079773,467.77679443359375,122.63146209716797,0.9500190019607544,434.1820373535156,138.20628356933594,0.9883404970169067,362.37255859375,146.82908630371094,0.9961540102958679
526,485.34326171875,57.98582077026367,0.9983243346214294,480.8622131347656,138.9947509765625,0.9984478950500488,456.3433532714844,95.08753967285156,0.9981279969215393,435.638671875,97.48538208007812,0.9938342571258545,407.3411865234375,103.9990463256836,0.9992114305496216,379.0963439941406,106.9714126586914,0.9966652989387512,444.5958251953125,63.069725036621094,0.9787200093269348,438.8156433105469,56.24378204345703,0.9955020546913147,360.48583984375,75.845458984375,0.9980778694152832,469.70855712890625,122.9074478149414,0.9622477889060974,434.0933532714844,138.20628356933594,0.9885595440864563,362.3521728515625,146.826904296875,0.9960674047470093
527,486.21722412109375,57.27529525756836,0.9982722997665405,481.4396057128906,137.62527465820312,0.9992582201957703,456.6741943359375,95.08831024169922,0.9984252452850342,436.1967468261719,97.48538208007812,0.9946708083152771,408.2432861328125,104.19835662841797,0.9990376234054565,379.7408142089844,106.90693664550781,0.9965416789054871,444.2642822265625,63.069725036621094,0.9787325263023376,438.86602783203125,56.13828659057617,0.9960544109344482,360.48211669921875,75.82781219482422,0.9980535507202148,470.6914367675781,123.11282348632812,0.9710316061973572,433.87445068359375,138.2987518310547,0.988825261592865,362.37255859375,146.77783203125,0.9959298968315125
528,486.8365173339844,57.27529525756836,0.9983671307563782,483.3014831542969,137.32846069335938,0.9994353652000427,457.1815185546875,95.12711334228516,0.9982357025146484,436.6048278808594,97.70341491699219,0.9944871068000793,408.49432373046875,104.26749420166016,0.9989838004112244,380.2042236328125,106.90693664550781,0.9971203804016113,444.2642822265625,63.14411163330078,0.9809808731079102,438.86602783203125,56.09783172607422,0.996030867099762,360.48211669921875,75.82781219482422,0.9980624318122864,471.4228820800781,123.11282348632812,0.9746195673942566,433.8576354980469,138.33502197265625,0.9890198111534119,362.3967590332031,146.7089080810547,0.9959641695022583
529,488.26239013671875,57.27529525756836,0.9979473948478699,484.05029296875,136.92263793945312,0.9994139671325684,457.73126220703125,95.17149353027344,0.9980292916297913,437.0163269042969,97.79805755615234,0.9939172863960266,408.49432373046875,104.26749420166016,0.998757004737854,380.7311096191406,106.84203338623047,0.9972854852676392,444.2642822265625,63.40250778198242,0.9767165184020996,438.86602783203125,56.018314361572266,0.9967054724693298,360.48583984375,75.79205322265625,0.9980554580688477,471.7791442871094,123.11282348632812,0.9769963622093201,433.7691345214844,138.3692169189453,0.9889962673187256,362.41339111328125,146.6957244873047,0.9957225322723389
530,488.328125,58.53863525390625,0.9967960715293884,484.83514404296875,136.92263793945312,0.999370276927948,458.4814758300781,95.50294494628906,0.9973561763763428,437.689453125,97.79805755615234,0.9956613183021545,408.49432373046875,104.26749420166016,0.9986202716827393,381.0675354003906,106.46146392822266,0.9974302649497986,444.2367248535156,63.480140686035156,0.9748976230621338,438.70391845703125,55.841094970703125,0.9968433380126953,360.57867431640625,75.79205322265625,0.9980505704879761,472.50909423828125,123.03580474853516,0.9729030132293701,433.56243896484375,138.3902587890625,0.9894894957542419,362.4840393066406,146.65115356445312,0.995868444442749
531,490.31072998046875,59.4416618347168,0.9959354400634766,485.14459228515625,136.92263793945312,0.9993048906326294,458.78131103515625,96.02204132080078,0.9969179630279541,438.0357666015625,97.9073715209961,0.9965547323226929,407.2958984375,103.01023864746094,0.9985005855560303,381.6352844238281,106.37601470947266,0.9975782036781311,444.2367248535156,63.89006805419922,0.975688636302948,438.6930236816406,55.81510925292969,0.9972990155220032,360.7684020996094,75.79205322265625,0.9978783130645752,472.74627685546875,123.03580474853516,0.9760066270828247,433.55926513671875,138.3758544921875,0.9903666973114014,362.4873046875,146.60015869140625,0.9956652522087097
532,490.8612976074219,59.83570098876953,0.9941933751106262,485.68206787109375,137.0444793701172,0.9991925358772278,459.3505859375,96.15299987792969,0.9965253472328186,438.7014465332031,98.35657501220703,0.9969409108161926,407.2958984375,102.86499786376953,0.9986212253570557,382.02740478515625,106.06326293945312,0.997492790222168,444.4212646484375,64.88780975341797,0.9736660122871399,438.16009521484375,55.62738037109375,0.9977922439575195,360.7684020996094,75.77729797363281,0.9979110360145569,473.1040344238281,123.03580474853516,0.975347638130188,433.4738464355469,138.3758544921875,0.9905980229377747,362.4929504394531,146.4499969482422,0.9953345656394958
533,492.4736328125,61.127593994140625,0.9949520826339722,486.0085754394531,137.0444793701172,0.9991135001182556,459.9169616699219,96.48938751220703,0.9967233538627625,439.1719970703125,99.03880310058594,0.9973192811012268,407.2958984375,102.86499786376953,0.9988383650779724,382.3359375,105.912353515625,0.9977265000343323,444.4212646484375,65.55697631835938,0.9686281085014343,438.1503601074219,55.62738037109375,0.9980511665344238,360.7684020996094,75.77729797363281,0.9979039430618286,473.43389892578125,123.03580474853516,0.9729404449462891,433.4738464355469,138.42015075683594,0.9909905195236206,362.63812255859375,145.53794860839844,0.9930940866470337
534,494.16314697265625,62.69382095336914,0.9956223368644714,486.8231201171875,137.0444793701172,0.9990058541297913,460.742431640625,97.0090560913086,0.9966728687286377,439.6833190917969,99.50346374511719,0.9981505274772644,407.9660949707031,102.859375,0.9989539384841919,382.6166076660156,105.64874267578125,0.9976760745048523,444.7789611816406,66.09685516357422,0.9674240946769714,438.11376953125,55.81510925292969,0.9980997443199158,360.68341064453125,75.77729797363281,0.997998058795929,474.6207580566406,123.03580474853516,0.9688413143157959,433.4507141113281,138.6477508544922,0.9918803572654724,362.8241882324219,145.09585571289062,0.9914019703865051
535,497.35040283203125,62.76615524291992,0.9964439272880554,488.0412902832031,136.38626098632812,0.998778760433197,460.7835998535156,97.19429779052734,0.997154951095581,440.674072265625,100.28812408447266,0.9981343150138855,409.3149108886719,102.86499786376953,0.9990620017051697,383.21734619140625,105.5953369140625,0.9976008534431458,444.7982482910156,66.89818572998047,0.9646758437156677,438.11376953125,55.9649772644043,0.9982879757881165,360.5971984863281,75.66992950439453,0.9982004165649414,474.6458740234375,122.9917984008789,0.9691091775894165,433.4507141113281,138.67933654785156,0.9923233985900879,364.5301208496094,142.7342071533203,0.9909695982933044
536,497.6707763671875,68.69806671142578,0.9986780285835266,488.5315856933594,136.38626098632812,0.9984889030456543,461.60565185546875,98.2078628540039,0.9974104762077332,440.99737548828125,100.53870391845703,0.9982795715332031,409.9613952636719,102.7891845703125,0.9992172718048096,383.9549560546875,105.5953369140625,0.9975152015686035,445.75909423828125,67.317626953125,0.9583706855773926,438.16009521484375,55.9649772644043,0.9983389377593994,360.5570068359375,75.6326675415039,0.9981979727745056,474.96148681640625,122.9917984008789,0.9636234641075134,433.4858093261719,138.781982421875,0.9929888844490051,366.4146423339844,142.60662841796875,0.9934717416763306
537,499.90924072265625,70.04328918457031,0.9991194605827332,488.9162902832031,136.24717712402344,0.9981489181518555,462.1601257324219,98.2078628540039,0.9967717528343201,441.3428649902344,100.53870391845703,0.9980111122131348,410.8753967285156,102.7891845703125,0.9992339611053467,384.7445068359375,105.5953369140625,0.9968921542167664,446.1684875488281,68.49710845947266,0.9536886215209961,438.369140625,55.9649772644043,0.9986316561698914,360.5570068359375,75.6326675415039,0.9982835054397583,475.805419921875,122.9917984008789,0.9539950489997864,433.9103088378906,138.7937774658203,0.9932481050491333,366.9051513671875,142.3130645751953,0.9942574501037598
538,501.6410217285156,70.31464385986328,0.9991069436073303,489.2232971191406,136.2022705078125,0.9982261061668396,463.3820495605469,98.23136138916016,0.9964074492454529,442.6700744628906,100.53870391845703,0.9979127049446106,411.9123229980469,102.31226348876953,0.9991469383239746,385.1412353515625,105.57209014892578,0.9976046085357666,446.40521240234375,68.57258605957031,0.9441493153572083,438.4689636230469,55.725093841552734,0.9986646175384521,360.5971984863281,75.5331039428711,0.9980679154396057,476.422607421875,122.94347381591797,0.9555549025535583,434.0083312988281,139.15321350097656,0.9936246871948242,369.2281799316406,141.62550354003906,0.9969531297683716
539,503.13189697265625,70.80290222167969,0.9988941550254822,490.1547546386719,136.2022705078125,0.998195469379425,463.7237243652344,98.35233306884766,0.9945905208587646,443.5952453613281,100.06172943115234,0.9980202913284302,412.9979553222656,101.45023345947266,0.9990332126617432,386.94683837890625,105.36963653564453,0.9977741837501526,446.46063232421875,68.57258605957031,0.9231081008911133,438.8060607910156,55.4400749206543,0.9986269474029541,360.8914489746094,75.48066711425781,0.9977717995643616,477.5912780761719,122.94347381591797,0.9620547890663147,434.0954284667969,139.15321350097656,0.9932345747947693,379.28082275390625,137.2287139892578,0.9930899739265442
540,504.3130187988281,70.84729766845703,0.9985049962997437,491.6124572753906,135.66314697265625,0.9983543157577515,464.268310546875,98.23136138916016,0.9947346448898315,444.2598571777344,99.91554260253906,0.9978850483894348,414.0238952636719,100.77037048339844,0.9991849064826965,387.4748229980469,105.24446105957031,0.9979409575462341,447.73065185546875,68.57258605957031,0.914416491985321,439.4368591308594,54.93890380859375,0.9985613226890564,360.8914489746094,75.44804382324219,0.9976932406425476,477.68658447265625,122.93545532226562,0.9611765742301941,434.0954284667969,139.15321350097656,0.9923577904701233,387.7525329589844,137.2287139892578,0.9948293566703796
541,504.6260986328125,70.91862487792969,0.9976048469543457,493.1873779296875,135.6053009033203,0.998090922832489,465.15325927734375,98.1749038696289,0.9951925277709961,444.8221435546875,99.17514038085938,0.9976776242256165,414.9845275878906,100.71863555908203,0.9994127750396729,389.363037109375,105.17399597167969,0.9984013438224792,449.4330139160156,67.79336547851562,0.9092264771461487,439.5322570800781,54.63987350463867,0.9983949065208435,360.9233703613281,75.43144226074219,0.9975177049636841,477.7361755371094,122.93545532226562,0.9591701626777649,434.0083312988281,139.13897705078125,0.989284336566925,390.6175537109375,137.13006591796875,0.9955803751945496
542,505.2403259277344,70.91862487792969,0.9958167672157288,493.5381774902344,135.6053009033203,0.9979689717292786,466.774169921875,97.96199798583984,0.9958975315093994,445.6493835449219,99.17514038085938,0.9969593286514282,416.3187255859375,100.59952545166016,0.9995706677436829,390.40948486328125,104.64339447021484,0.9986829161643982,451.6297607421875,67.15837097167969,0.9422962665557861,439.5322570800781,54.05935287475586,0.9985187649726868,360.9245300292969,75.30545043945312,0.9976413249969482,478.16436767578125,122.93545532226562,0.956275463104248,433.9421691894531,138.98362731933594,0.9902190566062927,391.04376220703125,137.2287139892578,0.9961867928504944
543,506.04376220703125,71.59999084472656,0.9948073029518127,493.65924072265625,135.66314697265625,0.9980242252349854,468.20904541015625,97.96199798583984,0.9968254566192627,446.81011962890625,99.17514038085938,0.9963175058364868,417.10491943359375,100.71863555908203,0.9996267557144165,390.8251647949219,104.52655792236328,0.9986836314201355,455.2952880859375,67.15837097167969,0.9436154961585999,439.4368591308594,53.41463088989258,0.9985970854759216,361.0087585449219,75.1910629272461,0.9973973035812378,478.16436767578125,123.83078002929688,0.9553050398826599,433.83978271484375,138.98362731933594,0.9908298254013062,391.61669921875,137.3655548095703,0.9954635500907898
544,506.3227233886719,71.74211120605469,0.9966817498207092,494.0129699707031,137.42221069335938,0.997972309589386,469.3739013671875,97.96199798583984,0.9970945119857788,447.32977294921875,99.91535949707031,0.9959569573402405,417.8466491699219,100.71863555908203,0.9996553659439087,391.5596618652344,104.51632690429688,0.99861741065979,459.00750732421875,67.79336547851562,0.9706947207450867,438.0517883300781,53.41463088989258,0.9985610842704773,361.0282897949219,75.1664047241211,0.9974798560142517,479.3091735839844,125.43692016601562,0.9669325947761536,433.83978271484375,139.13897705078125,0.990895688533783,391.7402648925781,137.60704040527344,0.9960548877716064
545,506.3227233886719,72.26425170898438,0.9940452575683594,494.44512939453125,137.9320526123047,0.9981661438941956,471.09423828125,98.71141052246094,0.9976557493209839,447.78314208984375,100.44142150878906,0.9938433170318604,418.84002685546875,100.81451416015625,0.999657392501831,392.1969909667969,104.37113952636719,0.998250424861908,463.2931213378906,68.62627410888672,0.9779868721961975,437.6462097167969,53.41463088989258,0.9984868764877319,361.0282897949219,75.15006256103516,0.9975023865699768,479.96478271484375,126.18363952636719,0.9512562155723572,433.7857360839844,139.34153747558594,0.9913874268531799,391.7402648925781,137.6195831298828,0.9959197044372559
546,507.5549011230469,72.52100372314453,0.993880033493042,495.78759765625,138.62542724609375,0.9984111785888672,472.0542297363281,99.36991882324219,0.9975488781929016,448.41748046875,100.44142150878906,0.9946085214614868,419.7166748046875,100.93597412109375,0.9996380805969238,392.1969909667969,104.2564926147461,0.9982155561447144,467.50921630859375,69.24715423583984,0.9835472702980042,437.6016540527344,53.47317123413086,0.9983587861061096,361.0282897949219,74.95699310302734,0.9975524544715881,480.4353332519531,127.15644073486328,0.9446912407875061,433.6645202636719,139.5765838623047,0.9913274645805359,391.7402648925781,137.6317138671875,0.9961369633674622
547,508.565185546875,73.15567016601562,0.9926714897155762,496.5115661621094,138.81045532226562,0.9988172650337219,472.56195068359375,99.758056640625,0.9978827834129333,449.3424377441406,100.54458618164062,0.9938679337501526,420.34771728515625,101.15367126464844,0.9996253252029419,392.2291259765625,104.51632690429688,0.9979947805404663,470.6783142089844,70.73739624023438,0.9829052686691284,437.4694519042969,53.49052810668945,0.9980800151824951,361.0282897949219,74.76871490478516,0.9975359439849854,480.97705078125,127.82958221435547,0.9519284963607788,433.7049560546875,139.82664489746094,0.9913405776023865,391.67218017578125,137.6317138671875,0.9963452219963074
548,509.9052429199219,73.58824920654297,0.9920992851257324,499.0519714355469,138.9700164794922,0.9991058707237244,472.8921203613281,101.3586654663086,0.9979063272476196,450.7897033691406,100.54458618164062,0.9929566383361816,421.0799865722656,101.54944610595703,0.9996098875999451,392.7878723144531,104.43985748291016,0.9978675842285156,471.2890930175781,71.37735748291016,0.9771040081977844,437.44244384765625,53.76960754394531,0.997833788394928,361.0624694824219,74.76871490478516,0.9972928166389465,481.1981201171875,128.07391357421875,0.9530957937240601,433.6645202636719,139.95030212402344,0.991583526134491,391.67218017578125,137.6516571044922,0.996914267539978
549,511.683837890625,75.9726333618164,0.9949018955230713,500.86395263671875,138.9700164794922,0.999176561832428,473.04498291015625,101.62483978271484,0.9981793165206909,451.4762878417969,100.71708679199219,0.9929920434951782,422.06134033203125,102.22257995605469,0.9994953870773315,392.7878723144531,104.43985748291016,0.997725784778595,474.5920715332031,72.40972900390625,0.9753239154815674,437.44244384765625,53.98468780517578,0.9977719187736511,361.08172607421875,74.76871490478516,0.9973512887954712,481.3481140136719,128.17515563964844,0.9625945091247559,433.44793701171875,139.95639038085938,0.9921546578407288,391.67218017578125,137.7483673095703,0.996926486492157
550,513.58349609375,75.9726333618164,0.997380793094635,501.1908264160156,139.32516479492188,0.9989045858383179,473.04498291015625,101.70486450195312,0.9981489181518555,452.570068359375,101.43112182617188,0.9941153526306152,423.08172607421875,102.5429916381836,0.9993602633476257,392.7878723144531,104.53225708007812,0.9982062578201294,478.3150329589844,74.98248291015625,0.9783306121826172,437.4694519042969,54.333248138427734,0.9974051117897034,361.26007080078125,75.07069396972656,0.9969582557678223,481.9293212890625,128.56475830078125,0.9584410786628723,433.2943420410156,140.0684356689453,0.992685079574585,391.74212646484375,137.7483673095703,0.9970404505729675
551,514.6907958984375,75.9726333618164,0.9980853796005249,503.93035888671875,139.70162963867188,0.9991528987884521,474.0667419433594,102.07238006591797,0.998279333114624,453.5353698730469,101.86664581298828,0.9949722290039062,423.72454833984375,103.01142883300781,0.9992040991783142,393.2612609863281,104.72821044921875,0.9983665347099304,479.2611999511719,78.7110366821289,0.9526687264442444,437.44244384765625,54.76792526245117,0.9972965121269226,361.3426818847656,75.26596069335938,0.9971504807472229,482.4048767089844,128.56475830078125,0.9571009278297424,433.2733459472656,140.11277770996094,0.9931333661079407,391.7669982910156,137.6516571044922,0.9971616268157959
552,515.3660888671875,75.9726333618164,0.9984752535820007,504.7546691894531,141.19577026367188,0.9991337656974792,475.0279235839844,102.73856353759766,0.9979873895645142,454.2265319824219,102.60376739501953,0.9949986934661865,424.7139892578125,103.01142883300781,0.998950183391571,394.289794921875,105.18231964111328,0.998384952545166,487.1029968261719,79.70272064208984,0.9798234701156616,437.44244384765625,55.01100158691406,0.9969646334648132,361.5165100097656,76.12346649169922,0.9967182278633118,482.4048767089844,128.56475830078125,0.9581857919692993,433.1615905761719,140.0684356689453,0.9925076365470886,391.9158020019531,137.5839080810547,0.9970811009407043
553,515.7984619140625,75.9726333618164,0.9983635544776917,505.353759765625,143.2310028076172,0.9987300038337708,476.4898376464844,103.06733703613281,0.9976416826248169,455.3465270996094,102.60376739501953,0.995926022529602,424.97259521484375,103.13526153564453,0.9986786246299744,395.03472900390625,105.42501068115234,0.9984153509140015,488.24676513671875,82.805908203125,0.9800772070884705,437.5172119140625,55.67734146118164,0.9964942336082458,361.74810791015625,76.53001403808594,0.9960504174232483,482.6457824707031,128.61422729492188,0.9653908014297485,433.1615905761719,140.0684356689453,0.9924667477607727,391.9158020019531,137.5839080810547,0.9970376491546631
554,516.3938598632812,76.04502868652344,0.9986506104469299,505.3857727050781,143.30987548828125,0.9981957077980042,478.3075866699219,103.2122573852539,0.9963257908821106,457.1573791503906,102.60376739501953,0.9953568577766418,425.7455749511719,103.32704162597656,0.9988738894462585,395.85003662109375,105.42501068115234,0.9984443783760071,490.8379211425781,84.33275604248047,0.9747451543807983,437.6541442871094,56.234031677246094,0.9950445890426636,362.9378967285156,77.18424224853516,0.9961594343185425,482.6589050292969,128.59373474121094,0.9762210845947266,433.1615905761719,140.11277770996094,0.992304265499115,392.0498352050781,137.46334838867188,0.9970093369483948
555,516.934814453125,77.51142883300781,0.9989336133003235,505.6273498535156,143.47694396972656,0.9975224137306213,480.0079650878906,103.72382354736328,0.9973655343055725,458.4295349121094,102.724365234375,0.9951933026313782,426.4354553222656,103.58592224121094,0.9990543723106384,396.6985168457031,105.5206069946289,0.9981125593185425,492.3947448730469,86.0406723022461,0.9608450531959534,438.08221435546875,57.07147979736328,0.9950291514396667,363.3505859375,77.42221069335938,0.9963245987892151,483.15234375,128.6407928466797,0.9834340810775757,433.851806640625,140.3960723876953,0.993244469165802,392.074462890625,137.28807067871094,0.9972628355026245
556,518.3580322265625,78.64140319824219,0.9990886449813843,506.1185302734375,144.06494140625,0.9976333379745483,482.1740417480469,103.72382354736328,0.9977402687072754,460.0637512207031,102.724365234375,0.9937885403633118,428.1015930175781,103.74501037597656,0.9988875985145569,399.20166015625,105.5206069946289,0.9969964027404785,493.1527099609375,87.90706634521484,0.9465058445930481,438.319091796875,57.132938385009766,0.9943716526031494,363.7767028808594,77.83788299560547,0.9958615899085999,482.6589050292969,128.8106689453125,0.9866101145744324,435.3280334472656,140.63343811035156,0.9937359094619751,392.19384765625,137.28175354003906,0.996988832950592
557,519.3639526367188,80.10591125488281,0.9987723231315613,506.91656494140625,144.61720275878906,0.9980348944664001,482.5610656738281,104.57548522949219,0.9976080656051636,461.9520568847656,102.75614166259766,0.9908466935157776,429.5396423339844,103.9881591796875,0.9984386563301086,400.35205078125,106.55876159667969,0.9972984194755554,494.4168701171875,87.9161605834961,0.9066236615180969,438.3580017089844,57.157318115234375,0.993359386920929,364.1664733886719,77.99887084960938,0.9956106543540955,482.870361328125,129.13958740234375,0.9865326881408691,437.2891540527344,140.80747985839844,0.9923672080039978,392.4334716796875,137.28807067871094,0.9965412020683289
558,520.4686279296875,80.10591125488281,0.9983397722244263,506.91656494140625,145.4355926513672,0.9982635378837585,483.38238525390625,106.52641296386719,0.9980102181434631,463.48455810546875,104.41162109375,0.9927396178245544,430.75164794921875,104.65266418457031,0.998206377029419,401.4332275390625,106.72428894042969,0.9979560375213623,495.5223388671875,89.2965316772461,0.868959903717041,438.4954833984375,57.254459381103516,0.9936490654945374,364.4744567871094,78.12224578857422,0.9951412677764893,482.870361328125,129.61209106445312,0.9897805452346802,439.0241394042969,141.60675048828125,0.9927321076393127,392.441650390625,137.28807067871094,0.9965852499008179
559,521.5110473632812,80.10591125488281,0.9974333643913269,506.91656494140625,146.1792755126953,0.9982688426971436,483.9823303222656,107.18596649169922,0.9984570741653442,464.2664794921875,105.31063842773438,0.99538654088974,431.997802734375,105.24473571777344,0.9978771209716797,402.6519775390625,106.7429428100586,0.9985247254371643,498.3807373046875,90.09184265136719,0.912628173828125,438.4954833984375,57.254459381103516,0.9927944540977478,364.9950866699219,78.2171859741211,0.9943245053291321,482.6606140136719,129.716064453125,0.9896201491355896,441.28753662109375,141.7412872314453,0.9923863410949707,392.4629821777344,137.5859832763672,0.9966028928756714
560,521.5110473632812,78.3643569946289,0.9978844523429871,506.0942687988281,147.0321502685547,0.9984654188156128,484.1840515136719,107.40362548828125,0.9983900785446167,465.1419372558594,105.50812530517578,0.9953846335411072,433.26953125,105.24473571777344,0.9979398846626282,403.2861328125,106.86834716796875,0.9988086223602295,499.57513427734375,90.09184265136719,0.9295295476913452,438.4954833984375,57.254459381103516,0.9913412928581238,368.9398498535156,80.49703979492188,0.9960169196128845,482.6019287109375,129.716064453125,0.9890901446342468,450.4655456542969,142.7436065673828,0.9852295517921448,392.5310363769531,137.65065002441406,0.9965205192565918
561,521.5110473632812,78.3643569946289,0.9986332058906555,504.97991943359375,148.696533203125,0.9976354837417603,485.384521484375,107.51253509521484,0.9983235001564026,466.2633361816406,105.51744842529297,0.996492326259613,434.82525634765625,105.24473571777344,0.9980167150497437,404.3631896972656,106.83246612548828,0.9990284442901611,501.1520690917969,90.09184265136719,0.9464585781097412,438.48321533203125,57.36017990112305,0.9918176531791687,376.9918212890625,81.86346435546875,0.9949303269386292,481.495361328125,129.716064453125,0.9885271787643433,453.52191162109375,143.03736877441406,0.9845325350761414,392.5968322753906,137.65065002441406,0.9965606331825256
562,521.3886108398438,78.3643569946289,0.9984908103942871,504.838134765625,149.761962890625,0.9970265030860901,485.9608154296875,107.7996826171875,0.9986616373062134,466.97705078125,105.53388214111328,0.9973040819168091,436.1736145019531,105.15839385986328,0.9981716871261597,405.050048828125,106.99158477783203,0.9989548921585083,501.6581726074219,90.01445007324219,0.9615277051925659,438.0740661621094,57.36017990112305,0.9912448525428772,382.7926940917969,81.86346435546875,0.9961690306663513,481.3508605957031,128.99392700195312,0.9843915700912476,458.5555114746094,143.94082641601562,0.9672287702560425,392.6319580078125,137.65065002441406,0.9967352747917175
563,521.2258911132812,79.5501480102539,0.9985465407371521,504.838134765625,150.1364288330078,0.9964784979820251,487.2845153808594,108.12847137451172,0.9986690282821655,467.6493835449219,105.88134765625,0.9976166486740112,437.2818298339844,105.15839385986328,0.9984667301177979,407.0326232910156,106.99158477783203,0.9985901713371277,501.6581726074219,89.90543365478516,0.9681732058525085,438.0290222167969,57.16844177246094,0.9902759790420532,388.08953857421875,81.86346435546875,0.9968470931053162,481.00079345703125,127.86371612548828,0.9677011966705322,463.4985046386719,145.51080322265625,0.9722674489021301,392.678466796875,137.547119140625,0.9965553283691406
564,518.1138305664062,79.5501480102539,0.9988706707954407,504.6674499511719,151.0818634033203,0.9954255223274231,488.1398010253906,108.5081558227539,0.9988044500350952,468.2425231933594,106.57662963867188,0.998052716255188,438.4919738769531,105.15839385986328,0.9982535243034363,407.5973815917969,106.83246612548828,0.998389720916748,501.1520690917969,89.5713119506836,0.9683392643928528,437.88714599609375,57.10142517089844,0.9907405376434326,391.8502502441406,80.8190689086914,0.9933897256851196,480.24298095703125,127.07713317871094,0.9486068487167358,465.9480285644531,146.6189727783203,0.9790701866149902,392.78997802734375,137.35662841796875,0.9962574243545532
565,515.8349609375,79.5501480102539,0.9987781643867493,504.22314453125,151.8382568359375,0.9944108128547668,489.16571044921875,108.5816421508789,0.9985622763633728,469.1260070800781,107.04999542236328,0.9978122711181641,439.8951721191406,105.55464935302734,0.997771680355072,407.7789611816406,106.60262298583984,0.9984629154205322,498.74432373046875,88.84561157226562,0.9608733654022217,435.8712158203125,57.10208511352539,0.9937509894371033,397.7119140625,79.6076889038086,0.9943167567253113,480.1346740722656,126.61092376708984,0.9470174908638,466.74627685546875,147.102294921875,0.9845572710037231,392.78997802734375,137.23831176757812,0.9960811734199524
566,513.1439819335938,77.9144515991211,0.9980533123016357,504.0074768066406,153.01304626464844,0.9927724003791809,490.0368347167969,108.75680541992188,0.998407781124115,470.09259033203125,107.5144271850586,0.9976703524589539,440.08087158203125,105.75340270996094,0.9970487952232361,408.665771484375,106.1985855102539,0.9982445240020752,497.50946044921875,88.84561157226562,0.96058189868927,435.08612060546875,57.10208511352539,0.9958605170249939,402.458740234375,77.38204193115234,0.9980199337005615,479.7502136230469,126.44686126708984,0.9528905153274536,467.68682861328125,148.01380920410156,0.9855910539627075,392.78997802734375,137.09288024902344,0.9958998560905457
567,512.2506103515625,77.75897979736328,0.9973245859146118,504.0074768066406,153.4559326171875,0.9919577836990356,490.748046875,109.3855972290039,0.9981208443641663,471.243408203125,107.9417495727539,0.9974449872970581,440.846435546875,105.96405792236328,0.9963003396987915,410.1331787109375,105.48150634765625,0.9983762502670288,497.50946044921875,88.79917907714844,0.9659873247146606,434.9576416015625,56.77880859375,0.9973664879798889,407.17425537109375,76.07736206054688,0.9969220757484436,479.7502136230469,126.23088836669922,0.9584447145462036,467.76177978515625,148.15330505371094,0.9863195419311523,392.6554260253906,137.09036254882812,0.9955964684486389
568,511.7922058105469,77.62437438964844,0.9967505931854248,504.0074768066406,153.8206024169922,0.9911906719207764,491.3655700683594,109.3855972290039,0.9979606866836548,471.2816467285156,108.8302001953125,0.997844934463501,440.9545593261719,106.20732116699219,0.997204601764679,411.3728942871094,105.18783569335938,0.9984508752822876,497.50946044921875,88.79917907714844,0.9734399318695068,434.9576416015625,56.664306640625,0.9975780844688416,411.9266052246094,74.11918640136719,0.9944732785224915,479.7502136230469,126.23088836669922,0.9584379196166992,468.4146728515625,150.2343292236328,0.9877464771270752,392.65509033203125,137.03236389160156,0.9956232905387878
569,510.8948059082031,77.37985229492188,0.9954597353935242,505.2315368652344,155.19204711914062,0.9931846261024475,492.01904296875,109.3855972290039,0.9967225193977356,472.29180908203125,108.8302001953125,0.9981246590614319,442.6678466796875,106.92735290527344,0.9981364011764526,412.2480773925781,104.98194885253906,0.9984753727912903,498.09503173828125,88.79917907714844,0.9807410836219788,434.9576416015625,56.664306640625,0.9977643489837646,415.5325927734375,72.98644256591797,0.9931433200836182,476.96881103515625,124.59701538085938,0.9678028225898743,468.5076599121094,150.4332733154297,0.9887490272521973,392.5787048339844,136.92391967773438,0.9955574870109558
570,510.84954833984375,77.3095932006836,0.9940391778945923,506.2432861328125,156.29190063476562,0.9948657155036926,492.4771728515625,109.60327911376953,0.995571494102478,473.91064453125,108.8873519897461,0.9981294274330139,443.8332824707031,106.92735290527344,0.9980065226554871,413.46917724609375,104.47449493408203,0.9982485771179199,499.5379943847656,88.11068725585938,0.9882439374923706,436.85784912109375,56.306949615478516,0.9978587031364441,417.53326416015625,72.65636444091797,0.9897610545158386,475.7474670410156,124.54579162597656,0.9702456593513489,468.5701904296875,151.1304473876953,0.9900583624839783,392.5335693359375,136.89382934570312,0.9952864050865173
571,510.84954833984375,76.88923645019531,0.9939377307891846,507.33709716796875,156.29190063476562,0.995297372341156,494.1785888671875,109.55175018310547,0.9943002462387085,475.4368591308594,108.9019546508789,0.9980195760726929,443.9704284667969,106.99192810058594,0.997876763343811,414.7632751464844,104.47449493408203,0.9982214570045471,500.6666259765625,87.61770629882812,0.9897534847259521,436.8707275390625,55.93621063232422,0.9981185793876648,417.6669616699219,72.10576629638672,0.9913689494132996,475.7474670410156,124.54579162597656,0.9743232131004333,468.66839599609375,151.5416259765625,0.9913592338562012,392.5787048339844,136.89288330078125,0.9947808384895325
572,510.84954833984375,76.63480377197266,0.993981659412384,509.8250732421875,156.29190063476562,0.9956275224685669,495.1652526855469,109.55175018310547,0.9960256814956665,476.6360778808594,108.9019546508789,0.9983069896697998,444.60565185546875,106.94928741455078,0.9977431297302246,415.8965148925781,104.98194885253906,0.9975563287734985,501.55047607421875,87.61770629882812,0.988341748714447,436.9381408691406,55.830299377441406,0.998119056224823,419.91888427734375,72.09266662597656,0.9924651384353638,476.96881103515625,124.59701538085938,0.9733480215072632,469.1430358886719,151.69406127929688,0.9931701421737671,392.5787048339844,136.87533569335938,0.9946958422660828
573,511.36810302734375,75.3985366821289,0.9944915771484375,512.5689697265625,155.65248107910156,0.9963994026184082,496.7865295410156,109.55175018310547,0.9978491067886353,477.0833740234375,108.77658081054688,0.9978981018066406,445.0934143066406,106.92735290527344,0.9968133568763733,416.0608825683594,104.98194885253906,0.9968336224555969,502.6669921875,87.61770629882812,0.986730694770813,436.9634704589844,55.7631721496582,0.9978495836257935,420.16729736328125,71.28939056396484,0.9950685501098633,477.06396484375,124.90180206298828,0.9768224954605103,469.3512878417969,151.69406127929688,0.995546817779541,392.6750793457031,136.63270568847656,0.993385374546051
574,511.52081298828125,73.95060729980469,0.9961972236633301,513.3302612304688,155.5281219482422,0.9983092546463013,497.59564208984375,109.55175018310547,0.9984400868415833,477.49078369140625,108.99064636230469,0.9982002973556519,445.73492431640625,106.94928741455078,0.9958920478820801,416.6607971191406,105.0061264038086,0.9969725608825684,503.28228759765625,87.66300201416016,0.985933244228363,436.9634704589844,55.429386138916016,0.9980676770210266,420.6021728515625,70.60592651367188,0.9959523677825928,477.7613525390625,124.98965454101562,0.9775387644767761,469.37176513671875,151.69406127929688,0.9961888194084167,392.7569274902344,136.5675506591797,0.9935437440872192
575,512.3005981445312,70.31645202636719,0.9986559152603149,515.512939453125,155.50015258789062,0.997968852519989,498.21435546875,109.48057556152344,0.9986660480499268,478.20013427734375,108.99064636230469,0.9985085129737854,446.706787109375,106.94928741455078,0.9952936768531799,417.51416015625,105.15052032470703,0.9975054860115051,504.53656005859375,89.39033508300781,0.987468957901001,436.9830627441406,55.429386138916016,0.9979416728019714,420.65167236328125,70.55937957763672,0.9963948130607605,479.1888427734375,125.01565551757812,0.9772759079933167,469.37176513671875,151.47178649902344,0.9963324666023254,392.9882507324219,136.5675506591797,0.9933144450187683
576,512.8634643554688,69.43189239501953,0.9988757967948914,520.3870849609375,155.20364379882812,0.9974052309989929,499.05877685546875,109.39286041259766,0.9986332058906555,478.2985534667969,109.16983032226562,0.9985871315002441,447.4735107421875,106.82152557373047,0.9953493475914001,418.47198486328125,105.026611328125,0.9976643323898315,504.5763854980469,89.39033508300781,0.989057719707489,436.9381408691406,55.429386138916016,0.9980416297912598,420.9110412597656,70.42869567871094,0.9963780045509338,480.1370544433594,125.0506591796875,0.9670467972755432,469.3512878417969,151.39984130859375,0.996304988861084,393.08258056640625,136.5675506591797,0.9928593635559082
577,514.4619750976562,68.34925842285156,0.9989675283432007,520.53466796875,153.94586181640625,0.9967001080513,499.9723815917969,109.39286041259766,0.9988211989402771,479.0412902832031,109.25439453125,0.9988735318183899,448.47259521484375,106.77059936523438,0.9954793453216553,419.698974609375,105.0061264038086,0.9976240992546082,504.9640808105469,89.39033508300781,0.9876374006271362,436.9830627441406,55.448089599609375,0.9977319240570068,421.09515380859375,69.83659362792969,0.9971664547920227,482.52716064453125,125.4824447631836,0.9642595648765564,469.2225036621094,151.39984130859375,0.9959394931793213,393.0850524902344,136.5675506591797,0.992870032787323
578,516.7582397460938,67.28921508789062,0.9988508224487305,521.069091796875,151.27305603027344,0.9956770539283752,500.9054870605469,109.48057556152344,0.9987508058547974,479.48162841796875,109.3631820678711,0.9988178610801697,449.0692443847656,106.77059936523438,0.9959569573402405,420.2931213378906,105.0061264038086,0.9975162744522095,506.4054260253906,89.21983337402344,0.9881256818771362,436.9397277832031,55.586063385009766,0.9975928664207458,421.2659912109375,69.6061019897461,0.9969837069511414,482.7494201660156,125.6730728149414,0.9705890417098999,469.2225036621094,151.24977111816406,0.9953633546829224,393.11065673828125,136.66490173339844,0.9926272034645081
579,519.703369140625,66.53716278076172,0.997642457485199,523.841552734375,150.580322265625,0.9976376295089722,501.3440856933594,110.0380859375,0.9986446499824524,480.09930419921875,109.3642578125,0.9987965822219849,449.819091796875,106.67762756347656,0.9962957501411438,421.038330078125,104.53620147705078,0.9975550770759583,506.4054260253906,89.21983337402344,0.990022599697113,437.0,55.586063385009766,0.9977381229400635,421.2659912109375,69.3908462524414,0.9972475171089172,483.4842224121094,125.9127426147461,0.9726032614707947,469.1883239746094,151.24977111816406,0.9954432249069214,393.1343994140625,136.66650390625,0.9922658801078796
580,521.2147827148438,62.95375061035156,0.9967395663261414,526.1024780273438,150.4111328125,0.9983705878257751,502.1043395996094,110.0380859375,0.998393714427948,480.9993591308594,109.55288696289062,0.9987342953681946,450.6264343261719,106.67762756347656,0.9962728023529053,421.8554382324219,104.39989471435547,0.9976708292961121,506.4054260253906,89.21983337402344,0.9916015267372131,437.02587890625,55.66238021850586,0.9979768395423889,421.29095458984375,69.32430267333984,0.9971840977668762,485.6634216308594,127.494384765625,0.9644866585731506,469.0400085449219,151.24977111816406,0.995757520198822,393.1343994140625,136.779541015625,0.9923742413520813
581,522.3787231445312,62.95375061035156,0.9971877932548523,527.8529052734375,149.38864135742188,0.9992103576660156,502.54693603515625,110.0380859375,0.9981436729431152,481.2801818847656,109.55288696289062,0.9984675049781799,450.89544677734375,106.67762756347656,0.9964666366577148,422.72259521484375,104.07170867919922,0.9976140260696411,506.2062683105469,89.9534912109375,0.9891561269760132,437.02587890625,55.66238021850586,0.9980481863021851,421.3710632324219,69.02426147460938,0.9974910020828247,492.6022644042969,133.94827270507812,0.9773444533348083,469.0400085449219,150.86065673828125,0.9948469400405884,393.1364440917969,136.79473876953125,0.9923089742660522
582,524.1226806640625,62.95375061035156,0.9961668848991394,530.7972412109375,148.4622039794922,0.9995163679122925,502.66864013671875,110.11211395263672,0.9983609318733215,481.7004089355469,109.59585571289062,0.9985415935516357,451.81304931640625,106.91072845458984,0.9964243769645691,423.6956787109375,103.88260650634766,0.9971945285797119,506.2062683105469,89.9534912109375,0.9884932637214661,436.9998779296875,55.99490737915039,0.9974547028541565,421.3885498046875,68.96204376220703,0.9977446794509888,492.6022644042969,135.5679931640625,0.9764063954353333,469.0400085449219,150.86065673828125,0.994354248046875,393.1364440917969,136.80226135253906,0.9920212626457214
583,525.7969970703125,63.26950454711914,0.9960066676139832,532.99462890625,148.1040802001953,0.9992184638977051,503.31024169921875,110.11211395263672,0.9983336329460144,482.5683898925781,109.63549041748047,0.9985508322715759,452.7015380859375,107.4736328125,0.9961932897567749,424.2474670410156,103.01947021484375,0.9975676536560059,505.8639831542969,89.9534912109375,0.9921377301216125,437.100830078125,56.40016174316406,0.9961546063423157,421.6229553222656,68.7403793334961,0.9981622099876404,493.1661682128906,136.05906677246094,0.9823268055915833,469.0400085449219,150.86065673828125,0.9932975172996521,393.18902587890625,136.80226135253906,0.9916496276855469
584,528.4923706054688,68.14387512207031,0.9963558912277222,534.9781494140625,147.0435028076172,0.9982498288154602,504.00811767578125,110.29840087890625,0.9977620840072632,483.5896301269531,109.63549041748047,0.9981045722961426,453.5782470703125,107.75863647460938,0.9960235357284546,425.11529541015625,103.01947021484375,0.9983193278312683,505.8639831542969,89.29317474365234,0.9932026863098145,437.8311767578125,56.48128890991211,0.9959845542907715,422.4720764160156,68.6017837524414,0.9980883002281189,493.92315673828125,137.91253662109375,0.9915096759796143,469.1255187988281,153.1546173095703,0.9923492670059204,393.34130859375,136.80226135253906,0.9904946088790894
585,530.631103515625,68.86688232421875,0.9980199337005615,535.9719848632812,144.6768798828125,0.9956710338592529,506.06158447265625,110.43994903564453,0.9966294169425964,484.5874328613281,109.93492126464844,0.9965062737464905,454.48486328125,108.5001449584961,0.9958321452140808,425.53253173828125,103.01947021484375,0.9987204074859619,505.8639831542969,88.16236114501953,0.9938023090362549,438.7230529785156,56.89872360229492,0.9948728680610657,422.8110046386719,68.28382110595703,0.9982901215553284,495.15924072265625,138.9752197265625,0.9965986609458923,469.1255187988281,153.8311309814453,0.9919775128364563,393.3726501464844,136.3776092529297,0.9892205595970154
586,533.7522583007812,68.90744018554688,0.9987523555755615,538.5513916015625,144.29981994628906,0.996076762676239,506.5411682128906,110.79691314697266,0.9967530369758606,485.43511962890625,110.00990295410156,0.9953697323799133,454.8914489746094,108.95752716064453,0.9952280521392822,426.0683898925781,103.18981170654297,0.9988847374916077,505.8639831542969,88.04778289794922,0.9933413863182068,440.5642395019531,58.16007614135742,0.991858184337616,422.8110046386719,68.28382110595703,0.9985712766647339,496.5500183105469,139.64889526367188,0.9958627223968506,469.171875,153.98878479003906,0.9909077882766724,393.5848693847656,135.7919158935547,0.9880110621452332
587,535.4169921875,68.90744018554688,0.9982957243919373,539.267333984375,143.26417541503906,0.9964928030967712,506.63861083984375,110.79691314697266,0.9960370659828186,486.0509338378906,110.00990295410156,0.9962421655654907,456.0312194824219,109.11700439453125,0.9944499731063843,426.9716491699219,103.31072998046875,0.9989920258522034,505.8639831542969,87.81849670410156,0.992672860622406,447.5869140625,63.6735725402832,0.9905129671096802,423.17236328125,68.14628601074219,0.9989951252937317,499.34942626953125,139.64889526367188,0.9954871535301208,469.171875,153.98878479003906,0.9894450306892395,394.3453674316406,135.34423828125,0.9901958107948303
588,536.6071166992188,68.98511505126953,0.9978448152542114,541.1580810546875,142.46559143066406,0.9962564706802368,508.75689697265625,110.79691314697266,0.9964123368263245,487.5805969238281,110.00990295410156,0.997442364692688,456.2165832519531,109.39234924316406,0.996001660823822,427.7981262207031,103.69572448730469,0.9988784193992615,505.9052429199219,87.02310943603516,0.9902320504188538,454.3062438964844,66.05535888671875,0.9926156997680664,423.17236328125,68.1354751586914,0.9992328882217407,502.3226013183594,140.16769409179688,0.9918519854545593,469.1890869140625,154.04104614257812,0.9895743727684021,394.95562744140625,135.31057739257812,0.9891279339790344
589,536.6784057617188,69.84297180175781,0.9974356293678284,544.2357177734375,141.27902221679688,0.9973729848861694,509.79473876953125,110.65584564208984,0.9961512684822083,488.35174560546875,110.27123260498047,0.9965779185295105,457.362060546875,109.42558288574219,0.996585488319397,428.30743408203125,103.84691619873047,0.9986594915390015,505.9052429199219,86.28711700439453,0.9870439171791077,462.1077880859375,66.22163391113281,0.9929389953613281,423.4093933105469,68.1354751586914,0.9992819428443909,506.73040771484375,140.16769409179688,0.9721502661705017,469.34259033203125,153.98878479003906,0.9886681437492371,397.106201171875,134.68162536621094,0.9888231754302979
590,538.3280029296875,69.9692153930664,0.9973558187484741,545.73779296875,139.38394165039062,0.998058021068573,510.52471923828125,109.46553802490234,0.9962201714515686,488.6535339355469,110.5423355102539,0.994895875453949,458.7401123046875,109.42558288574219,0.9968470931053162,429.4912414550781,105.0962905883789,0.998241662979126,505.9052429199219,85.00886535644531,0.9893955588340759,465.1107177734375,66.22163391113281,0.9954570531845093,423.6858215332031,68.1354751586914,0.99931800365448,513.3738403320312,139.64889526367188,0.9842187762260437,469.42193603515625,153.97930908203125,0.9896321296691895,400.0895080566406,134.68162536621094,0.9902939796447754
591,539.584716796875,71.13104248046875,0.9961826205253601,547.7958984375,139.2357635498047,0.9989012479782104,511.6985778808594,109.41969299316406,0.9966312050819397,489.8812561035156,110.90860748291016,0.9951025247573853,460.2938232421875,109.74212646484375,0.9968295693397522,430.6424865722656,105.39784240722656,0.9976224303245544,504.90362548828125,84.86833953857422,0.9891042709350586,471.9566650390625,68.0320816040039,0.9868816137313843,423.6858215332031,68.08415222167969,0.9992839694023132,516.3060913085938,139.13824462890625,0.9907682538032532,469.5075988769531,153.95394897460938,0.9889394640922546,402.01568603515625,134.52606201171875,0.9903638958930969
592,541.0842895507812,71.72161865234375,0.995337963104248,548.8306274414062,137.01588439941406,0.9992256164550781,511.856201171875,109.41969299316406,0.9972180128097534,491.5681457519531,110.97677612304688,0.9944881796836853,461.3939208984375,109.77703857421875,0.9965187311172485,433.4560241699219,105.76581573486328,0.9975703358650208,503.5837097167969,84.49971008300781,0.9909760355949402,479.20782470703125,66.05535888671875,0.9837287068367004,423.4093933105469,68.08415222167969,0.9992916584014893,519.9471435546875,139.13824462890625,0.9914765954017639,469.5075988769531,153.8816375732422,0.9881635308265686,405.6648254394531,134.68162536621094,0.9928747415542603
593,543.2125854492188,73.11048126220703,0.9943639039993286,549.7630004882812,135.328857421875,0.9991751313209534,512.6025390625,109.35169982910156,0.9978312849998474,492.24725341796875,110.97677612304688,0.9945693612098694,462.72088623046875,109.8736343383789,0.9958427548408508,433.742431640625,107.1904296875,0.9981849789619446,503.45245361328125,83.7930679321289,0.9881515502929688,480.90802001953125,67.16748809814453,0.9935429096221924,423.3603210449219,68.0252685546875,0.9992498755455017,522.205078125,138.9409637451172,0.9905755519866943,469.5075988769531,153.8816375732422,0.9860471487045288,411.93316650390625,134.68923950195312,0.9919941425323486
594,544.5447998046875,74.6836166381836,0.9950318336486816,552.4610595703125,134.40203857421875,0.9979732632637024,514.2725219726562,109.35169982910156,0.9983097314834595,494.04669189453125,110.90860748291016,0.9951689839363098,463.4089050292969,110.07331848144531,0.9965631365776062,435.0714416503906,107.73448181152344,0.9984862208366394,503.45245361328125,83.10319519042969,0.9789295792579651,487.3755798339844,67.16748809814453,0.9899851083755493,423.0957336425781,67.97932434082031,0.9991917014122009,522.7806396484375,138.59156799316406,0.9913226366043091,469.1917419433594,153.8816375732422,0.9855836629867554,421.7314758300781,134.98973083496094,0.9947750568389893
595,545.6441650390625,74.6836166381836,0.9957383871078491,552.9844360351562,134.40203857421875,0.9980157613754272,515.1605834960938,109.35169982910156,0.998304009437561,494.71533203125,110.85933685302734,0.9953304529190063,464.27374267578125,110.18870544433594,0.9975034594535828,436.40179443359375,108.3387222290039,0.9984571933746338,503.45245361328125,82.66880798339844,0.9716275930404663,491.5259704589844,67.16748809814453,0.9816158413887024,422.606689453125,67.97932434082031,0.9992800354957581,522.8807373046875,136.97171020507812,0.9865569472312927,469.0742492675781,153.8358612060547,0.9837852716445923,431.2913513183594,138.55154418945312,0.9895875453948975
596,546.4755859375,75.12278747558594,0.9956657290458679,553.7981567382812,134.40203857421875,0.9980231523513794,515.9791259765625,109.35169982910156,0.9984918832778931,495.61993408203125,110.81011962890625,0.9963157773017883,465.7483825683594,110.38494873046875,0.9975770115852356,437.40673828125,109.22583770751953,0.9987517595291138,504.06231689453125,82.2558364868164,0.9805681109428406,495.9378662109375,67.16748809814453,0.9880582690238953,422.5302734375,68.07701110839844,0.9993464350700378,525.5986938476562,136.90274047851562,0.9847234487533569,469.0277404785156,153.69189453125,0.9843761920928955,435.95904541015625,140.53533935546875,0.9977908134460449
597,547.4175415039062,75.12278747558594,0.9959249496459961,555.0462646484375,135.1522216796875,0.9981476068496704,517.7462768554688,108.76210021972656,0.9984867572784424,497.1461181640625,110.38219451904297,0.9972710013389587,467.090576171875,110.38988494873047,0.9971886277198792,438.2846984863281,109.77210235595703,0.9985657334327698,504.3294982910156,81.28108215332031,0.9815434813499451,502.9265441894531,67.16748809814453,0.9931837916374207,422.49688720703125,67.97932434082031,0.999352753162384,531.04443359375,135.61920166015625,0.9891200065612793,468.6575012207031,153.52346801757812,0.980131208896637,441.4732666015625,140.6595458984375,0.9953997731208801
598,548.3353271484375,75.0175552368164,0.9958421587944031,556.44677734375,135.41676330566406,0.9983524084091187,518.532470703125,108.49976348876953,0.9987175464630127,497.6999206542969,110.38219451904297,0.9975717663764954,468.3608093261719,110.38988494873047,0.9973848462104797,440.32635498046875,109.77210235595703,0.9983008503913879,504.4469299316406,81.28091430664062,0.9802725911140442,505.2372741699219,65.7558822631836,0.9867624640464783,422.430419921875,68.07701110839844,0.9994218349456787,533.0487060546875,135.45114135742188,0.9929236173629761,468.4640197753906,151.3621368408203,0.9826903939247131,442.3848876953125,142.70095825195312,0.9960348010063171
599,548.8118896484375,74.66351318359375,0.9963679313659668,558.3504028320312,136.43405151367188,0.9986042380332947,519.6163940429688,108.02513122558594,0.9986255168914795,499.1180725097656,110.38219451904297,0.9979696869850159,470.3865661621094,110.38494873046875,0.9970325231552124,441.4531555175781,109.77210235595703,0.9978234767913818,505.0653991699219,81.28091430664062,0.9711318612098694,508.10693359375,63.67757034301758,0.9794508814811707,422.3327941894531,68.17135620117188,0.9994705319404602,535.6972045898438,131.75970458984375,0.9908753633499146,468.3477783203125,151.08192443847656,0.9868565201759338,442.5127868652344,144.24757385253906,0.9907258749008179
600,549.08740234375,74.56981658935547,0.9962949156761169,559.8853759765625,136.63795471191406,0.9993719458580017,521.3054809570312,107.5562515258789,0.9980880618095398,500.6018371582031,110.40765380859375,0.9978557229042053,470.9270935058594,110.15021514892578,0.9964975714683533,443.2449951171875,109.32328796386719,0.9979149699211121,505.0653991699219,81.28108215332031,0.9686630964279175,508.3670654296875,63.50389099121094,0.9823695421218872,422.2867736816406,68.14027404785156,0.99943608045578,538.8015747070312,128.910400390625,0.9615104794502258,468.3477783203125,150.52711486816406,0.9917506575584412,443.28857421875,145.19032287597656,0.9932945370674133
601,553.0654907226562,71.66810607910156,0.9962520003318787,560.34814453125,136.74700927734375,0.999371349811554,521.6731567382812,107.15055847167969,0.9976546764373779,501.71160888671875,110.6337661743164,0.9978266358375549,472.51416015625,110.09952545166016,0.9979243278503418,444.9537353515625,109.14542388916016,0.998296320438385,505.0653991699219,81.46532440185547,0.9626160860061646,509.3936767578125,62.183372497558594,0.9831576943397522,422.1162109375,68.14027404785156,0.9994303584098816,542.2527465820312,127.28268432617188,0.9640388488769531,468.388427734375,150.0853271484375,0.9948377013206482,445.1357727050781,145.80044555664062,0.9937414526939392
602,553.0654907226562,68.71073913574219,0.9970177412033081,560.8103637695312,136.74700927734375,0.999345600605011,521.8551025390625,106.23914337158203,0.9974984526634216,502.517822265625,110.65254211425781,0.9977893829345703,473.86798095703125,110.09952545166016,0.9983341097831726,445.8523254394531,108.91094207763672,0.9981125593185425,504.928466796875,82.3699951171875,0.9707297682762146,509.5296936035156,61.29402542114258,0.9838702082633972,422.04071044921875,68.14027404785156,0.9994288086891174,542.2527465820312,127.28268432617188,0.9778056144714355,468.4640197753906,149.78829956054688,0.9935957789421082,446.7215270996094,146.52040100097656,0.994621992111206
603,553.0654907226562,68.46775817871094,0.9976836442947388,561.0382690429688,136.74700927734375,0.9992824196815491,522.5895385742188,106.22584533691406,0.9977084398269653,503.8565979003906,110.65254211425781,0.9979013204574585,474.995849609375,110.06493377685547,0.9987629652023315,446.9958190917969,108.91094207763672,0.9980260729789734,504.928466796875,82.4906234741211,0.969241201877594,510.47540283203125,60.61534118652344,0.9861667156219482,421.8259582519531,67.79339599609375,0.9994994401931763,542.2527465820312,127.28268432617188,0.9778870940208435,468.8299255371094,149.42608642578125,0.9925717711448669,447.98248291015625,147.62254333496094,0.9949782490730286
604,551.6721801757812,68.46775817871094,0.997943103313446,561.0382690429688,136.46722412109375,0.9993322491645813,522.6353149414062,106.1201400756836,0.9976625442504883,504.659423828125,110.57254028320312,0.9979549646377563,475.78082275390625,110.01210021972656,0.9988219141960144,447.6867370605469,108.91094207763672,0.9979769587516785,504.928466796875,83.3609390258789,0.9607744216918945,510.5010070800781,60.61534118652344,0.985816240310669,421.67840576171875,67.77996063232422,0.9995095729827881,542.582275390625,129.9373016357422,0.9846982359886169,469.3687438964844,149.26962280273438,0.9930693507194519,448.0620422363281,147.76768493652344,0.9950921535491943
605,551.6721801757812,68.46775817871094,0.9980242252349854,561.0382690429688,136.1200408935547,0.9992998838424683,523.3746948242188,106.1201400756836,0.9977769255638123,505.2865295410156,110.57254028320312,0.9978474378585815,476.9067687988281,109.98506927490234,0.9988862872123718,448.9660949707031,108.91094207763672,0.9975183010101318,505.5488586425781,83.57062530517578,0.9692094922065735,510.5010070800781,60.61534118652344,0.9866979718208313,421.429443359375,67.66725158691406,0.9995303153991699,542.582275390625,129.9373016357422,0.98673415184021,469.45477294921875,149.1289520263672,0.9925744533538818,448.1443786621094,147.79127502441406,0.9956371188163757
606,551.6721801757812,68.46775817871094,0.9980613589286804,559.9260864257812,136.1200408935547,0.9983067512512207,524.3522338867188,106.1201400756836,0.9978998899459839,506.71826171875,110.4424819946289,0.9980721473693848,478.04229736328125,110.06493377685547,0.9989025592803955,449.3182373046875,110.8916244506836,0.9976683259010315,505.9259948730469,84.3475112915039,0.9689657688140869,510.5010070800781,60.856990814208984,0.9893811941146851,421.276123046875,67.53791046142578,0.999548614025116,542.582275390625,129.9373016357422,0.9851012229919434,469.9135437011719,148.95657348632812,0.9922221302986145,448.3393249511719,147.81846618652344,0.9966597557067871
607,553.2160034179688,67.37715911865234,0.9978877902030945,557.4071044921875,136.1200408935547,0.9962968230247498,525.44384765625,106.1201400756836,0.9978019595146179,507.4576416015625,110.2304458618164,0.9977043271064758,478.6132507324219,109.98506927490234,0.9986132383346558,449.6645202636719,111.29557037353516,0.9978412389755249,506.2975769042969,84.4592056274414,0.9691957235336304,510.165283203125,61.15800476074219,0.990327775478363,421.187255859375,67.48538970947266,0.9995323419570923,542.9320068359375,129.75376892089844,0.9793734550476074,469.9135437011719,148.95657348632812,0.9904201626777649,448.4645690917969,147.81846618652344,0.9969454407691956
608,553.3181762695312,67.37715911865234,0.9976751208305359,557.4071044921875,137.1604461669922,0.9967668056488037,526.6018676757812,105.98948669433594,0.9978951215744019,507.82958984375,110.19351959228516,0.9966071844100952,479.32916259765625,109.98506927490234,0.9982821941375732,450.0149230957031,111.6639633178711,0.9981009364128113,506.378173828125,85.27058410644531,0.9649680256843567,510.06024169921875,61.40046691894531,0.9915724992752075,421.16400146484375,67.4741439819336,0.9995347261428833,543.3467407226562,129.09690856933594,0.981938898563385,469.9135437011719,148.95657348632812,0.9930374026298523,448.5086364746094,147.8677520751953,0.9967131614685059
609,553.3181762695312,67.14862060546875,0.9973224997520447,557.3763427734375,138.0419158935547,0.9974977374076843,527.3446655273438,105.98948669433594,0.9977721571922302,507.846923828125,109.84210205078125,0.996620774269104,479.9254455566406,110.1685562133789,0.9985672235488892,450.01885986328125,112.534912109375,0.9978137016296387,506.7528991699219,85.89600372314453,0.962530791759491,510.06024169921875,61.70655059814453,0.9920796751976013,421.187255859375,67.4741439819336,0.9995514750480652,543.580322265625,129.09690856933594,0.9803351163864136,469.9135437011719,149.0008544921875,0.9932160973548889,448.54730224609375,147.81846618652344,0.9962133765220642
610,553.3181762695312,67.37715911865234,0.9981478452682495,557.3763427734375,138.13458251953125,0.9973516464233398,527.6923828125,105.98948669433594,0.9977946281433105,508.1766357421875,109.84043884277344,0.9966205358505249,480.482666015625,110.40241241455078,0.9988239407539368,450.3328857421875,113.04206085205078,0.9977332353591919,506.7716979980469,85.9722671508789,0.9619812369346619,510.06024169921875,61.73511505126953,0.9922343492507935,421.276123046875,67.48538970947266,0.9995480179786682,544.1622314453125,129.09690856933594,0.9812085628509521,469.9135437011719,149.26617431640625,0.9918083548545837,448.55810546875,147.7247314453125,0.9961934089660645
611,551.2528686523438,67.68665313720703,0.9987623691558838,557.3763427734375,138.44522094726562,0.9965977072715759,528.4659423828125,105.98948669433594,0.9984234571456909,508.8684997558594,109.84043884277344,0.9975282549858093,481.24456787109375,110.49380493164062,0.9991268515586853,452.6744079589844,113.2894058227539,0.9973137974739075,507.6008605957031,86.03044128417969,0.9706252217292786,510.2169494628906,61.93021774291992,0.9929859042167664,421.3454284667969,67.5119400024414,0.9995129108428955,544.5549926757812,129.2376708984375,0.9851418733596802,470.0619201660156,149.30392456054688,0.9918457865715027,448.55810546875,147.7247314453125,0.9969192743301392
612,548.067626953125,67.68665313720703,0.9990124702453613,557.4284057617188,138.37689208984375,0.9969981908798218,528.6041870117188,105.62726593017578,0.9983710646629333,509.2975158691406,109.84210205078125,0.9980646967887878,481.8951110839844,110.75997161865234,0.9992272853851318,453.37786865234375,113.2979965209961,0.997657299041748,507.6008605957031,86.17290496826172,0.9675764441490173,510.2169494628906,62.02397537231445,0.9940371513366699,421.4994201660156,67.95858764648438,0.9994357228279114,544.8124389648438,129.3772735595703,0.9809786081314087,472.0959777832031,150.63182067871094,0.99037766456604,448.639404296875,147.8677520751953,0.9974892139434814
613,544.7489624023438,67.14862060546875,0.9980143308639526,557.8877563476562,138.37689208984375,0.9970752000808716,529.59521484375,105.55714416503906,0.9984111785888672,510.2100524902344,109.84210205078125,0.9984754920005798,482.7882080078125,110.91532135009766,0.9993792772293091,453.8465576171875,113.49982452392578,0.9978017210960388,509.02783203125,86.38325500488281,0.9550655484199524,510.2169494628906,62.21749496459961,0.9945452213287354,421.6868896484375,68.69695281982422,0.9993212223052979,544.876220703125,129.55264282226562,0.9813380241394043,473.9873352050781,150.63182067871094,0.9928522706031799,448.639404296875,148.38873291015625,0.9975007176399231
614,541.0465698242188,65.9740219116211,0.9977263808250427,558.0406494140625,138.44522094726562,0.9967288970947266,530.0453491210938,104.9636459350586,0.9983758926391602,510.78326416015625,109.84043884277344,0.9984295964241028,483.3036804199219,111.0908432006836,0.9992596507072449,454.7614440917969,113.8394546508789,0.998085618019104,509.9628601074219,86.38325500488281,0.959924578666687,510.47259521484375,62.95747375488281,0.9949200749397278,421.9626770019531,69.63054656982422,0.9991819262504578,544.876220703125,129.56362915039062,0.9825803637504578,477.1331787109375,150.63182067871094,0.9952352643013,448.41070556640625,148.53350830078125,0.9975798726081848
615,541.0465698242188,65.39395141601562,0.9980097413063049,558.8279418945312,139.9881134033203,0.9973912239074707,530.5917358398438,104.77295684814453,0.9985389709472656,511.5333251953125,109.31343841552734,0.9988381266593933,484.4737854003906,111.1539535522461,0.9992223978042603,455.5205993652344,114.19242858886719,0.9978772401809692,511.0738525390625,86.38325500488281,0.9742255210876465,510.47259521484375,62.988033294677734,0.9955254197120667,422.467529296875,70.63594818115234,0.9988083839416504,544.940185546875,129.78482055664062,0.981389582157135,480.5943603515625,149.37850952148438,0.9954481720924377,448.41070556640625,149.2116241455078,0.9975560903549194
616,541.0465698242188,65.39395141601562,0.9982026815414429,560.1705322265625,141.96524047851562,0.9983208775520325,531.9417724609375,104.77295684814453,0.9986993074417114,512.8978271484375,109.31343841552734,0.9988505840301514,485.04400634765625,111.61478424072266,0.9988669157028198,455.7830505371094,114.19242858886719,0.997778594493866,517.4330444335938,86.2688217163086,0.9798589944839478,510.4246826171875,63.38887405395508,0.9954877495765686,424.4737548828125,72.82826232910156,0.9958224296569824,545.7196044921875,130.20120239257812,0.9810282588005066,486.9227294921875,149.37850952148438,0.9876344799995422,448.4998474121094,149.2116241455078,0.997448205947876
617,545.064208984375,65.39395141601562,0.9978681802749634,562.5595703125,142.1258544921875,0.9990211725234985,533.2936401367188,104.56804656982422,0.9990752935409546,514.4566040039062,108.85900115966797,0.9990444779396057,485.5525817871094,112.13131713867188,0.998874843120575,456.2024230957031,114.19242858886719,0.9974251985549927,521.327392578125,85.84444427490234,0.9823473691940308,510.4246826171875,63.399078369140625,0.9953237175941467,426.0114440917969,74.90139770507812,0.9950247406959534,547.2686157226562,131.04908752441406,0.977349579334259,496.3355407714844,149.07081604003906,0.9746115207672119,448.4998474121094,149.2116241455078,0.9977244734764099
618,545.461669921875,66.81378173828125,0.9980210065841675,564.5060424804688,142.5392608642578,0.999049961566925,534.7007446289062,104.21986389160156,0.9987731575965881,514.5404663085938,108.8450698852539,0.9987971782684326,486.3450622558594,112.13131713867188,0.9989659786224365,456.4745788574219,113.53385925292969,0.9973064661026001,521.6195678710938,84.2131118774414,0.9820329546928406,510.4246826171875,63.4843635559082,0.9937183856964111,428.6722717285156,77.2890853881836,0.9942865967750549,547.2686157226562,131.5029754638672,0.9815007448196411,502.7744140625,147.88787841796875,0.9787755012512207,448.5105285644531,149.1748809814453,0.9975256323814392
619,547.0278930664062,66.81378173828125,0.9987027645111084,566.804443359375,142.5392608642578,0.999058187007904,536.9251098632812,103.84070587158203,0.9985706806182861,515.1687622070312,108.85900115966797,0.9979310035705566,486.5738220214844,112.13131713867188,0.9987797141075134,456.6372985839844,113.24171447753906,0.9977201819419861,530.8531494140625,82.32671356201172,0.9578514099121094,508.2400817871094,63.850982666015625,0.9907643795013428,429.22821044921875,79.87274169921875,0.9958187937736511,546.8843994140625,131.8290557861328,0.983746349811554,506.2545166015625,147.88787841796875,0.9886304140090942,449.1446838378906,148.96923828125,0.9976029992103577
620,547.7380981445312,66.81378173828125,0.9988497495651245,568.7177124023438,142.8626708984375,0.9985268115997314,537.5515747070312,103.55548095703125,0.9981876015663147,515.7913818359375,108.92257690429688,0.9968309998512268,486.6423034667969,111.91897583007812,0.9988415837287903,458.06903076171875,113.139892578125,0.9977868795394897,534.2938232421875,79.93959045410156,0.9835561513900757,507.51239013671875,64.975341796875,0.9878221154212952,431.0347595214844,81.30758666992188,0.9966604709625244,547.007080078125,131.99131774902344,0.9813441038131714,511.03125,147.88787841796875,0.9789959192276001,449.1446838378906,148.78236389160156,0.9977222084999084
621,549.9639282226562,65.36626434326172,0.9991590976715088,569.977294921875,142.5392608642578,0.9970811009407043,537.8081665039062,103.39041137695312,0.9976898431777954,516.8741455078125,108.8694839477539,0.9950214624404907,488.0028991699219,111.4449691772461,0.9988340735435486,459.8648681640625,112.60808563232422,0.9977800250053406,538.8101196289062,78.98594665527344,0.9832785725593567,507.4684753417969,65.25434112548828,0.9880585074424744,435.3867492675781,83.48130798339844,0.9985100626945496,547.007080078125,132.9792938232422,0.9814613461494446,517.4664306640625,147.88787841796875,0.9740394353866577,449.1614685058594,148.6749267578125,0.9977173805236816
622,551.8408203125,65.22119903564453,0.9989620447158813,571.1078491210938,142.32789611816406,0.997591495513916,538.8207397460938,103.172119140625,0.9980510473251343,519.2432861328125,108.8694839477539,0.9946317672729492,489.2354736328125,110.76519775390625,0.9987514019012451,461.4295654296875,112.60808563232422,0.9977803826332092,539.9610595703125,78.49810791015625,0.9870548248291016,507.4684753417969,65.25434112548828,0.9884524941444397,439.5188903808594,83.66665649414062,0.9983035326004028,546.8843994140625,134.02352905273438,0.9881375432014465,519.2130126953125,147.88787841796875,0.9729581475257874,449.23944091796875,148.66574096679688,0.9975554347038269
623,553.4555053710938,64.94253540039062,0.9981210827827454,573.22900390625,140.51853942871094,0.995388388633728,540.825927734375,102.70775604248047,0.998071014881134,520.097412109375,108.8694839477539,0.9944093823432922,490.22283935546875,110.5397720336914,0.9984241724014282,462.4981994628906,112.60808563232422,0.9981726408004761,542.4395141601562,78.49810791015625,0.9857535362243652,507.1103515625,65.1550521850586,0.9886588454246521,444.53936767578125,83.66665649414062,0.9979832172393799,546.6622314453125,134.09608459472656,0.9930498600006104,524.527587890625,147.3829803466797,0.9604813456535339,449.23944091796875,148.65036010742188,0.9976097345352173
624,554.099609375,62.15187454223633,0.9980244636535645,574.89013671875,138.7478790283203,0.9975143671035767,543.1348876953125,102.60680389404297,0.9981738328933716,522.503173828125,108.3271713256836,0.9935717582702637,491.60797119140625,110.5397720336914,0.9978043437004089,463.5594177246094,112.86854553222656,0.998140811920166,543.3040161132812,78.49810791015625,0.980923056602478,507.4684753417969,65.1550521850586,0.9894702434539795,449.4631042480469,83.64501190185547,0.9979032278060913,546.6622314453125,134.09608459472656,0.9914885759353638,530.2815551757812,145.18429565429688,0.973076581954956,449.23944091796875,148.65036010742188,0.9976964592933655
625,554.2708740234375,61.69392013549805,0.9983699917793274,578.5126342773438,136.96124267578125,0.9990087151527405,543.7777709960938,100.23258209228516,0.9983720183372498,523.6993408203125,108.28886413574219,0.9933904409408569,493.05224609375,110.5397720336914,0.9973019361495972,463.7994689941406,114.5421371459961,0.9981868863105774,544.9904174804688,78.4620361328125,0.9748193621635437,507.4684753417969,64.94071197509766,0.9907969236373901,456.1099853515625,83.48130798339844,0.9983116388320923,545.0440673828125,134.02352905273438,0.9888249039649963,531.2305297851562,145.18429565429688,0.9563266038894653,449.3398742675781,148.1221923828125,0.997632622718811
626,555.099365234375,60.43868637084961,0.9983263611793518,579.7020263671875,135.52597045898438,0.9989957213401794,545.271240234375,100.1116943359375,0.9990788698196411,525.32373046875,107.79955291748047,0.9939449429512024,496.04864501953125,110.5397720336914,0.9949212670326233,465.0326232910156,115.41072082519531,0.9985890984535217,545.8118896484375,78.4620361328125,0.9816135168075562,507.4158935546875,64.49246215820312,0.9920171499252319,459.22076416015625,81.9638442993164,0.9990033507347107,544.8584594726562,134.13746643066406,0.9851731061935425,535.740966796875,145.18429565429688,0.941665768623352,449.3398742675781,147.96682739257812,0.997529923915863
627,556.470458984375,59.48215103149414,0.9980741739273071,581.74609375,133.87388610839844,0.9986338019371033,546.33544921875,99.6070327758789,0.9993689656257629,525.9592895507812,107.35155487060547,0.9940085411071777,496.8187561035156,110.78732299804688,0.9961383938789368,465.87335205078125,115.41072082519531,0.9988387227058411,549.6309814453125,77.55442810058594,0.9906613230705261,507.1103515625,64.48538208007812,0.9930058121681213,462.99908447265625,81.84024810791016,0.998091995716095,543.5897827148438,134.17794799804688,0.9764214158058167,542.7799682617188,145.18429565429688,0.9602137804031372,449.3398742675781,147.78126525878906,0.9975433349609375
628,558.6644287109375,59.05539321899414,0.9973969459533691,584.8870849609375,128.34634399414062,0.9961279034614563,547.6990356445312,99.52635955810547,0.9995476603507996,526.5274658203125,106.62467956542969,0.9950260519981384,498.35015869140625,110.89244079589844,0.996378481388092,467.0611877441406,115.41072082519531,0.9989595413208008,552.177490234375,76.36186981201172,0.9881267547607422,507.0642395019531,64.38347625732422,0.9938550591468811,466.2232360839844,81.4154052734375,0.9984429478645325,542.175048828125,134.01902770996094,0.9748653173446655,543.5625,145.20289611816406,0.9652537107467651,449.15191650390625,147.75794982910156,0.9973664879798889
629,559.9740600585938,58.71124267578125,0.9980059266090393,586.1451416015625,126.44176483154297,0.9948714971542358,549.617431640625,99.46466064453125,0.9996196031570435,529.0101318359375,106.62467956542969,0.9962801337242126,499.4048156738281,111.26293182373047,0.9954051971435547,469.39666748046875,115.3055419921875,0.9988238215446472,552.9661865234375,75.51200103759766,0.9796170592308044,506.6856384277344,63.987735748291016,0.9940149188041687,470.40179443359375,80.80294036865234,0.9981579184532166,542.175048828125,134.01902770996094,0.9745895266532898,544.5401000976562,145.30545043945312,0.9772782921791077,449.0008239746094,147.6322784423828,0.9974055886268616
630,561.7647705078125,58.205718994140625,0.9984336495399475,589.728271484375,125.54785919189453,0.9962056875228882,551.0930786132812,99.46466064453125,0.9995137453079224,530.5397338867188,106.5361557006836,0.9967203736305237,500.84039306640625,111.26293182373047,0.995790421962738,471.55572509765625,114.62701416015625,0.9983482360839844,553.5171508789062,74.45048522949219,0.9788355827331543,506.3172607421875,63.67352294921875,0.9946856498718262,473.4175720214844,78.8838119506836,0.9966398477554321,542.175048828125,133.39283752441406,0.9773009419441223,545.073974609375,145.3189697265625,0.9792196154594421,449.0008239746094,147.6322784423828,0.997427761554718
631,563.5481567382812,57.31440353393555,0.9983468055725098,593.4035034179688,124.50253295898438,0.9968204498291016,553.0896606445312,99.35238647460938,0.9992794394493103,532.0648193359375,106.62467956542969,0.9966536164283752,502.92059326171875,111.26293182373047,0.9939623475074768,471.8938293457031,113.52977752685547,0.9970396161079407,554.1311645507812,73.81558990478516,0.9811187982559204,506.3172607421875,63.67352294921875,0.9945895671844482,476.27142333984375,78.74748992919922,0.9972062706947327,542.353759765625,133.3824462890625,0.9775182604789734,545.5660400390625,145.48989868164062,0.9832110404968262,449.03570556640625,147.57899475097656,0.9972108006477356
632,565.0665283203125,55.402523040771484,0.9985734224319458,595.5382080078125,122.99018859863281,0.998171329498291,554.7091064453125,99.35238647460938,0.9989427924156189,533.52392578125,106.62467956542969,0.9966596364974976,503.5152587890625,110.85726928710938,0.9937534928321838,474.67822265625,113.2849349975586,0.9972869157791138,555.6691284179688,73.55786895751953,0.979361355304718,506.3172607421875,63.67352294921875,0.9936544895172119,477.0290222167969,78.01221466064453,0.9972698092460632,542.3845825195312,133.36376953125,0.9758692383766174,545.590576171875,145.55807495117188,0.9841390252113342,449.15191650390625,147.41836547851562,0.9971393346786499
633,566.2893676757812,54.92876052856445,0.9984776377677917,596.2327880859375,121.61845397949219,0.9987793564796448,554.7586059570312,99.35238647460938,0.9987353682518005,534.3192749023438,106.5361557006836,0.9956877827644348,504.5904541015625,110.85315704345703,0.9953989386558533,476.3460693359375,112.18231964111328,0.9982308745384216,556.338134765625,73.36128997802734,0.9843420386314392,506.7898864746094,64.80008697509766,0.9920209050178528,478.50506591796875,76.90850067138672,0.9976375102996826,542.5704956054688,133.0901336669922,0.977992594242096,546.168701171875,145.60450744628906,0.98549485206604,450.4944152832031,147.3002471923828,0.9969817996025085
634,567.1677856445312,54.91872024536133,0.9980195760726929,596.7755737304688,119.87560272216797,0.9986934065818787,556.5707397460938,99.58771514892578,0.9988184571266174,534.89453125,106.5361557006836,0.9949653744697571,506.4523620605469,110.73492431640625,0.9957466721534729,477.6454162597656,111.78765106201172,0.9981058835983276,556.857177734375,73.55786895751953,0.9880450367927551,506.7898864746094,64.80008697509766,0.9928345680236816,478.77264404296875,76.90850067138672,0.9977766871452332,543.5355834960938,132.96881103515625,0.9717319011688232,546.5196533203125,145.68283081054688,0.9904733300209045,450.5039367675781,147.18223571777344,0.9965137839317322
635,568.5377807617188,54.38290023803711,0.9967902302742004,598.8115844726562,118.04185485839844,0.9979718327522278,557.6286010742188,100.18785095214844,0.9987801909446716,535.6092529296875,106.63348388671875,0.9960094690322876,508.5696105957031,110.73492431640625,0.9953824877738953,478.8232116699219,111.78765106201172,0.9974671602249146,556.9050903320312,73.55786895751953,0.989572286605835,506.7898864746094,64.80008697509766,0.9925479292869568,479.2131042480469,76.89860534667969,0.9977491497993469,545.084716796875,127.02690887451172,0.9691813588142395,546.6386108398438,145.68923950195312,0.9930371642112732,450.99578857421875,147.05203247070312,0.9962273836135864
636,570.8475341796875,54.38290023803711,0.9981212019920349,600.178466796875,116.20958709716797,0.9971480965614319,559.1563110351562,100.18785095214844,0.9985437393188477,538.9761962890625,106.48712158203125,0.9964095950126648,510.2007751464844,110.76188659667969,0.9942240118980408,480.1587219238281,111.78765106201172,0.9960904717445374,557.3382568359375,73.58199310302734,0.9894139766693115,505.47198486328125,63.87995147705078,0.9928140044212341,479.2715759277344,76.84952545166016,0.9977571368217468,546.6843872070312,127.02690887451172,0.9438381791114807,547.9353637695312,145.68923950195312,0.9944955706596375,451.1368103027344,146.9385986328125,0.9960516095161438
637,573.592041015625,54.38290023803711,0.9981623291969299,601.0126953125,115.1709976196289,0.9960160851478577,560.1036987304688,100.18785095214844,0.9983304142951965,539.806640625,106.48712158203125,0.9965716600418091,511.521728515625,110.85315704345703,0.9951648712158203,481.0138244628906,113.97830200195312,0.9959149956703186,557.6613159179688,73.58199310302734,0.9888249039649963,505.2026062011719,63.87995147705078,0.9939045310020447,479.3523254394531,76.80193328857422,0.9979186654090881,549.7620239257812,127.02690887451172,0.9352449774742126,547.9353637695312,145.68923950195312,0.9957526922225952,451.488037109375,146.84535217285156,0.9956289529800415
638,576.4447631835938,57.95537567138672,0.9981212019920349,601.5821533203125,113.42884826660156,0.9958475232124329,560.71337890625,98.102294921875,0.9980691075325012,540.837158203125,106.48712158203125,0.9952229857444763,512.7858276367188,111.2137451171875,0.9950202703475952,482.7132873535156,114.02283477783203,0.996345579624176,558.0006713867188,73.58199310302734,0.9864152073860168,505.0889587402344,63.87995147705078,0.9939828515052795,479.78472900390625,76.69791412353516,0.9978402853012085,552.1782836914062,127.03887939453125,0.9338032007217407,547.9353637695312,145.8573455810547,0.9963487386703491,451.533447265625,146.84535217285156,0.995566189289093
639,578.9619750976562,57.95537567138672,0.9991078972816467,602.2138671875,113.42884826660156,0.9964738488197327,561.3460693359375,97.95121002197266,0.9980230331420898,540.9164428710938,105.73395538330078,0.9940074682235718,513.236328125,111.41844177246094,0.9950630068778992,483.89453125,114.31349182128906,0.9971449971199036,559.0905151367188,72.96424865722656,0.9845826625823975,504.9937744140625,63.87995147705078,0.9947395920753479,479.78472900390625,76.62421417236328,0.9977535605430603,556.6367797851562,128.31976318359375,0.9416089057922363,547.5595703125,146.04409790039062,0.9964081645011902,451.66461181640625,146.9002227783203,0.995108425617218
640,581.842041015625,57.95537567138672,0.9989884495735168,602.9440307617188,113.42884826660156,0.9964809417724609,562.4259643554688,97.91121673583984,0.9985265731811523,542.5233764648438,105.21094512939453,0.9944851994514465,513.5053100585938,111.41844177246094,0.9959891438484192,485.32342529296875,114.51152801513672,0.9974168539047241,559.5548095703125,72.54689025878906,0.9843780398368835,505.0889587402344,64.0826416015625,0.9929280877113342,479.78472900390625,76.47787475585938,0.9978163242340088,559.1895141601562,128.31976318359375,0.9494408369064331,547.427490234375,146.18844604492188,0.9964187145233154,452.8619079589844,146.6209716796875,0.9956443309783936
641,584.1101684570312,57.03780746459961,0.9984149932861328,605.0140991210938,114.07617950439453,0.9969260096549988,563.0984497070312,97.4981460571289,0.9987475872039795,543.3724365234375,104.83666229248047,0.9944252967834473,514.1807861328125,111.2137451171875,0.9967290163040161,486.0494384765625,114.51152801513672,0.9975560903549194,559.7578735351562,72.10415649414062,0.9857155680656433,505.0889587402344,64.4140396118164,0.9919100403785706,479.65325927734375,76.13385772705078,0.9978141784667969,562.0052490234375,128.31976318359375,0.9743307828903198,546.634521484375,146.18844604492188,0.9924030303955078,453.7822570800781,146.4659423828125,0.9958016276359558
642,585.0213012695312,56.1180305480957,0.9983766078948975,606.74365234375,114.24870300292969,0.9968090653419495,564.1737670898438,97.18384552001953,0.9991844296455383,544.694580078125,104.63078308105469,0.9957813024520874,515.0859985351562,111.36445617675781,0.9969737529754639,487.22918701171875,114.51152801513672,0.9972264170646667,559.7578735351562,72.10415649414062,0.985261857509613,509.97186279296875,66.52616882324219,0.9948520064353943,479.2739562988281,76.13385772705078,0.9980669617652893,564.0657348632812,127.41744232177734,0.9710209369659424,546.4732666015625,146.33590698242188,0.9924647808074951,455.0016784667969,145.9575958251953,0.9955068826675415
643,585.3665771484375,55.65096664428711,0.9980177879333496,608.8325805664062,117.28954315185547,0.9989410042762756,565.5114135742188,97.15267944335938,0.9992889165878296,545.9508666992188,104.63078308105469,0.9959757924079895,516.3673706054688,111.1780014038086,0.9957330822944641,488.7759704589844,114.19630432128906,0.9967278242111206,559.7578735351562,72.10415649414062,0.9850298762321472,513.7055053710938,66.52616882324219,0.9877745509147644,479.0904541015625,76.13385772705078,0.9977481961250305,565.8933715820312,124.17274475097656,0.9886215329170227,546.06005859375,146.47230529785156,0.9942463040351868,457.7508239746094,144.3289794921875,0.992702841758728
644,586.5770263671875,55.41151809692383,0.9966624975204468,610.6239013671875,117.66107940673828,0.9995362758636475,566.3350219726562,96.69093322753906,0.9988956451416016,546.8117065429688,104.25949096679688,0.9958425164222717,518.4241943359375,111.15713500976562,0.9946886301040649,489.2271423339844,111.20132446289062,0.9961686730384827,559.6328735351562,72.10415649414062,0.9882014393806458,519.0579833984375,66.52616882324219,0.986494779586792,478.8631896972656,76.20938873291016,0.997012734413147,570.1740112304688,124.09298706054688,0.9697591662406921,546.0592651367188,146.90875244140625,0.995215892791748,472.1500549316406,143.2577362060547,0.9967377781867981
645,586.9246826171875,53.56886291503906,0.9974451065063477,611.0198364257812,119.22364044189453,0.9994994401931763,569.048583984375,96.69093322753906,0.9979233741760254,547.7293090820312,104.12249755859375,0.9964685440063477,519.2855224609375,110.89451599121094,0.9954822063446045,490.72344970703125,111.20132446289062,0.9964816570281982,559.3190307617188,72.06893920898438,0.990400493144989,524.4952392578125,65.12751770019531,0.9698961973190308,478.8631896972656,76.69842529296875,0.9970561265945435,581.011962890625,122.47449493408203,0.9847803115844727,545.9938354492188,146.94508361816406,0.9950668811798096,480.7781066894531,142.51705932617188,0.9961230158805847
646,588.6911010742188,53.56886291503906,0.9976154565811157,611.9688720703125,120.58755493164062,0.9994496703147888,570.9437255859375,96.69093322753906,0.9962500929832458,548.7125244140625,103.30223083496094,0.9964476823806763,520.2232666015625,109.91801452636719,0.9977893829345703,491.7327575683594,111.20132446289062,0.9963281750679016,559.192138671875,72.13491821289062,0.9911290407180786,528.2063598632812,63.978878021240234,0.9905767440795898,479.04620361328125,76.73499298095703,0.9974589943885803,584.750244140625,120.13567352294922,0.981622040271759,545.7613525390625,146.9609832763672,0.994610071182251,493.0150451660156,142.51705932617188,0.992237389087677
647,590.7464599609375,53.56886291503906,0.9972267746925354,613.5252685546875,121.42994689941406,0.999301552772522,571.0180053710938,97.2954330444336,0.9953504800796509,550.8635864257812,103.28398132324219,0.9976561069488525,521.7606811523438,109.11756896972656,0.9984776377677917,493.7186584472656,111.71308898925781,0.9957379102706909,558.53857421875,72.74717712402344,0.9886414408683777,534.5765991210938,63.912506103515625,0.9741631150245667,478.8631896972656,76.76667785644531,0.9974902868270874,587.85791015625,119.60977935791016,0.971111536026001,545.685302734375,146.9609832763672,0.994117021560669,496.1860046386719,143.2577362060547,0.9967926144599915
648,592.5682983398438,53.153133392333984,0.9979591369628906,614.6292114257812,121.9312515258789,0.9991593360900879,572.3550415039062,97.2954330444336,0.9966714382171631,552.2982177734375,103.0869369506836,0.9984946250915527,523.3578491210938,108.82746124267578,0.9987890124320984,495.423095703125,111.97785949707031,0.9966122508049011,558.1234130859375,72.1851806640625,0.9844755530357361,541.6036987304688,62.5345344543457,0.9655994772911072,478.862060546875,76.88505554199219,0.9974013566970825,591.4788208007812,119.49152374267578,0.9650592803955078,545.5947265625,147.07525634765625,0.9946784973144531,498.1888732910156,143.89892578125,0.9936290383338928
649,594.2935791015625,53.153133392333984,0.998544454574585,614.9873657226562,121.9312515258789,0.9989873766899109,573.7274169921875,97.33885955810547,0.9966657757759094,553.8692016601562,102.85570526123047,0.9987934827804565,525.449951171875,108.43893432617188,0.9987149238586426,496.0185852050781,112.26883697509766,0.9976633787155151,555.0316162109375,72.1851806640625,0.9772615432739258,544.7058715820312,61.140480041503906,0.9945085644721985,478.6659240722656,77.10977172851562,0.9972298741340637,591.6530151367188,118.26533508300781,0.9764508008956909,545.5947265625,147.07525634765625,0.9944792985916138,507.2391662597656,144.75680541992188,0.9893428087234497
650,595.7402954101562,53.153133392333984,0.9984448552131653,615.0021362304688,121.9312515258789,0.9990276098251343,574.5869750976562,97.2954330444336,0.9961268305778503,555.3574829101562,102.64440155029297,0.9988516569137573,526.5091552734375,108.33349609375,0.9982274174690247,496.93231201171875,112.26883697509766,0.9984256029129028,555.0316162109375,73.21968078613281,0.9868543148040771,547.0615844726562,60.221073150634766,0.9943420886993408,478.6659240722656,77.3358383178711,0.9970390796661377,593.8502197265625,116.56090545654297,0.9764921069145203,545.48291015625,146.86158752441406,0.99470055103302,508.6710510253906,147.01068115234375,0.9901774525642395
651,596.8543090820312,51.917503356933594,0.9986461997032166,616.7843017578125,121.18167877197266,0.9983493089675903,576.0330200195312,96.99961853027344,0.9963249564170837,556.4918212890625,102.20144653320312,0.9985546469688416,526.7807006835938,108.07777404785156,0.9974651336669922,497.5609436035156,112.26883697509766,0.9989075660705566,555.0316162109375,73.40594482421875,0.9774995446205139,552.1575927734375,58.49314498901367,0.9972800016403198,478.6659240722656,77.35411071777344,0.9966164231300354,594.1039428710938,114.92888641357422,0.9758458137512207,545.323974609375,146.739990234375,0.9952918291091919,512.9136352539062,144.9253692626953,0.9938540458679199
652,597.92529296875,50.527854919433594,0.9983980059623718,616.7843017578125,121.18167877197266,0.998068630695343,576.090087890625,96.37897491455078,0.9961625337600708,557.8285522460938,101.89866638183594,0.9980177879333496,529.1617431640625,107.88333129882812,0.9981309771537781,499.54498291015625,111.79966735839844,0.9991312623023987,556.1629638671875,74.01229095458984,0.956014096736908,554.0421752929688,57.55604553222656,0.9949336647987366,478.59429931640625,77.49684143066406,0.995968222618103,595.2909545898438,113.46929168701172,0.9736331701278687,544.9699096679688,146.05941772460938,0.9948446750640869,518.0659790039062,144.9253692626953,0.9945354461669922
653,598.4223022460938,50.4046516418457,0.9983006119728088,616.7843017578125,121.18167877197266,0.9980358481407166,577.166748046875,96.05451965332031,0.9970259070396423,557.8840942382812,101.62541961669922,0.9968785047531128,530.7307739257812,107.56781005859375,0.9987958669662476,501.9964904785156,111.59716033935547,0.9989455342292786,556.2735595703125,80.96814727783203,0.9513046145439148,557.702392578125,54.56599807739258,0.9960924983024597,478.6952209472656,77.6169204711914,0.9955376386642456,599.2672729492188,111.91216278076172,0.9594044089317322,544.9699096679688,145.9830780029297,0.9954517483711243,522.3165283203125,144.9253692626953,0.9875755310058594
654,598.7075805664062,50.4046516418457,0.9980789422988892,616.7265625,121.8163833618164,0.997527539730072,578.7101440429688,95.72591400146484,0.9979453682899475,560.2655029296875,101.31851196289062,0.9974973797798157,533.0452270507812,107.56781005859375,0.9986658096313477,504.64276123046875,111.47459411621094,0.9980200529098511,557.01708984375,81.0823745727539,0.9361231327056885,557.7879638671875,54.48004150390625,0.9959250688552856,478.6952209472656,77.88671112060547,0.9956910014152527,604.0209350585938,111.36886596679688,0.9399086833000183,544.9699096679688,145.85008239746094,0.9934056997299194,522.6080932617188,144.91134643554688,0.9878848195075989
655,598.7075805664062,50.4046516418457,0.998026430606842,616.3206787109375,125.5954360961914,0.9972324967384338,580.8558959960938,95.64173126220703,0.9983034133911133,562.1458129882812,101.31851196289062,0.9974431991577148,535.0281982421875,107.47726440429688,0.9983834028244019,506.6116027832031,111.40261840820312,0.9975782036781311,558.935791015625,81.0823745727539,0.9348339438438416,557.8206787109375,54.341033935546875,0.996256947517395,478.59429931640625,78.0289535522461,0.9957350492477417,605.9473266601562,111.36886596679688,0.960407018661499,545.3729248046875,145.8468017578125,0.9934921860694885,522.7706909179688,144.91134643554688,0.9928410053253174
656,598.7075805664062,50.53935623168945,0.9977346658706665,616.3206787109375,126.5916519165039,0.9965284466743469,582.8466186523438,95.35393524169922,0.9981290698051453,563.8043212890625,101.31851196289062,0.9975468516349792,536.34765625,107.47726440429688,0.9976933598518372,508.2047424316406,111.18952941894531,0.9969223141670227,560.4620971679688,81.0823745727539,0.9248974323272705,557.8206787109375,54.15914535522461,0.9955968260765076,478.58575439453125,78.07484436035156,0.9957778453826904,606.0415649414062,111.20618438720703,0.9526508450508118,545.74560546875,145.8468017578125,0.9943453073501587,522.7706909179688,144.91134643554688,0.994453489780426
657,597.3831176757812,51.56015396118164,0.9983177185058594,616.3206787109375,127.02025604248047,0.996285080909729,583.6534423828125,95.06625366210938,0.9976682066917419,563.87646484375,101.82823181152344,0.9976615905761719,536.5492553710938,107.07833862304688,0.9976285099983215,509.6033020019531,111.18952941894531,0.996813952922821,560.7210693359375,80.86849212646484,0.907908022403717,557.8712768554688,54.12925338745117,0.9954872727394104,478.353271484375,78.07484436035156,0.9960582256317139,607.4501953125,111.20618438720703,0.9496947526931763,545.8826904296875,145.72080993652344,0.9943115711212158,523.0537109375,145.3717803955078,0.9961766004562378
658,597.3831176757812,51.84623718261719,0.9982460737228394,616.9132690429688,127.75509643554688,0.997076153755188,584.7652587890625,94.78352355957031,0.9974644184112549,565.1678466796875,101.82823181152344,0.9985513091087341,537.6284790039062,107.07833862304688,0.9980754852294922,510.7775573730469,111.18952941894531,0.996377170085907,561.453857421875,80.57441711425781,0.9264697432518005,557.9796142578125,54.12925338745117,0.9959807395935059,478.1396484375,78.07484436035156,0.995966911315918,607.9599609375,111.20618438720703,0.9539393782615662,546.306396484375,145.60531616210938,0.9941032528877258,523.2477416992188,145.38592529296875,0.9961082339286804
659,597.3504028320312,52.0706901550293,0.9984787106513977,617.4240112304688,127.84970092773438,0.9972289204597473,585.3157958984375,94.39535522460938,0.9970546960830688,565.6448364257812,101.82823181152344,0.9986640214920044,538.7704467773438,107.07833862304688,0.9981796741485596,511.1366271972656,112.14778900146484,0.9952130317687988,563.0711059570312,80.1375732421875,0.9379135966300964,557.9796142578125,54.12925338745117,0.9961068034172058,476.589111328125,77.83003234863281,0.9959781169891357,608.8436889648438,111.29851531982422,0.9662449359893799,546.3756713867188,145.5127716064453,0.9942733645439148,523.3049926757812,145.54698181152344,0.996573805809021
660,597.1668090820312,52.115234375,0.9986659288406372,618.5662841796875,128.4115753173828,0.9972522854804993,587.4864501953125,93.35398864746094,0.996614396572113,568.43017578125,101.65569305419922,0.9990183115005493,540.6967163085938,107.2094497680664,0.998420000076294,513.865966796875,112.50031280517578,0.9966171383857727,565.0074462890625,76.72138214111328,0.9652669429779053,558.2223510742188,54.64421463012695,0.9962014555931091,476.589111328125,77.83003234863281,0.9964069724082947,609.6050415039062,111.29851531982422,0.9624945521354675,546.5302734375,145.3114776611328,0.9946990013122559,523.5739135742188,145.8116455078125,0.9970243573188782
661,596.36669921875,54.336708068847656,0.9990830421447754,622.326171875,129.9318084716797,0.9980496168136597,589.2258911132812,93.35398864746094,0.995595395565033,570.2396850585938,101.6551513671875,0.9988539218902588,542.47021484375,107.27361297607422,0.9983772039413452,514.503662109375,112.62030029296875,0.997474730014801,567.8934326171875,76.24388122558594,0.954723596572876,558.2223510742188,55.125732421875,0.9955421090126038,476.57421875,77.83003234863281,0.9965242743492126,610.9279174804688,111.29851531982422,0.9720531702041626,546.5791625976562,144.68829345703125,0.9929214119911194,523.875244140625,145.8957061767578,0.9973024129867554
662,596.36669921875,54.336708068847656,0.9990589022636414,624.07373046875,130.27859497070312,0.9989583492279053,590.689208984375,93.13824462890625,0.9947541952133179,571.518798828125,101.44160461425781,0.9982945322990417,543.6201782226562,107.27361297607422,0.9976358413696289,515.34033203125,112.87053680419922,0.9980290532112122,572.2822875976562,75.9527816772461,0.9729682207107544,558.2223510742188,55.66607666015625,0.9934031367301941,476.589111328125,77.83003234863281,0.9967817068099976,610.9279174804688,111.41072082519531,0.9740061163902283,546.9519653320312,144.42269897460938,0.9920918941497803,523.8866577148438,146.10691833496094,0.997104823589325
663,596.36669921875,54.336708068847656,0.9991206526756287,625.8101196289062,130.5283966064453,0.9992413520812988,591.2107543945312,93.13824462890625,0.9928686022758484,572.6246337890625,101.39756774902344,0.9981942772865295,544.19580078125,107.36998748779297,0.9980535507202148,516.3494262695312,113.08362579345703,0.9983025789260864,573.3616943359375,74.49945831298828,0.987206220626831,557.4059448242188,55.79817581176758,0.9914283156394958,476.6676330566406,77.83003234863281,0.9965772032737732,610.9279174804688,111.64825439453125,0.9703326225280762,549.0055541992188,143.81365966796875,0.9866051077842712,523.9190673828125,146.4507293701172,0.9974175691604614
664,597.2850952148438,52.026798248291016,0.9988946318626404,627.2962646484375,130.62518310546875,0.9995481371879578,591.6994018554688,91.93669891357422,0.9940468072891235,573.1334228515625,100.29989624023438,0.9981194138526917,544.8174438476562,107.36998748779297,0.9983437061309814,516.6774291992188,113.10562133789062,0.9983289837837219,578.69189453125,72.61964416503906,0.9932941198348999,557.40478515625,55.87235641479492,0.9904420971870422,477.42779541015625,77.89598083496094,0.9962829947471619,610.5352783203125,111.78083801269531,0.9413156509399414,550.359619140625,143.81365966796875,0.9854425191879272,524.067626953125,146.50062561035156,0.9974424839019775
665,598.5865478515625,50.91006088256836,0.9987112283706665,627.4498901367188,131.13702392578125,0.9996191263198853,592.23583984375,91.78180694580078,0.995798647403717,573.6342163085938,99.56790924072266,0.9978796243667603,545.4972534179688,107.26937103271484,0.9986439347267151,517.3983764648438,113.40477752685547,0.9979683756828308,582.4854125976562,72.61964416503906,0.9874074459075928,556.8560180664062,55.91939163208008,0.9918385148048401,477.8787841796875,78.02664947509766,0.9968650937080383,610.5352783203125,111.78083801269531,0.9252995252609253,554.969970703125,143.2712860107422,0.9850849509239197,524.1769409179688,146.6725616455078,0.9970672726631165
666,600.8023071289062,49.51813888549805,0.9968728423118591,627.5933837890625,131.13702392578125,0.9996345043182373,592.9613647460938,91.78180694580078,0.9976091384887695,573.6598510742188,99.09268188476562,0.9971970319747925,546.7914428710938,107.03825378417969,0.9987745881080627,519.5545043945312,114.19224548339844,0.9979075193405151,588.9122314453125,72.37702941894531,0.9875800013542175,556.6768798828125,56.06639099121094,0.9930141568183899,478.74481201171875,80.25518798828125,0.9979987740516663,610.5352783203125,112.02168273925781,0.9191896915435791,560.7115478515625,142.43524169921875,0.9881900548934937,524.1769409179688,146.6725616455078,0.9963284134864807
667,603.3934936523438,47.7608642578125,0.9963079690933228,628.1533813476562,131.13702392578125,0.9996291399002075,593.6627807617188,91.78180694580078,0.9983022212982178,574.010986328125,97.86659240722656,0.9974632263183594,547.5974731445312,106.29963684082031,0.9988962411880493,520.3441162109375,114.20780944824219,0.9979314804077148,590.3234252929688,72.37702941894531,0.9839839935302734,557.010009765625,56.214271545410156,0.9920572638511658,480.2666320800781,81.95330047607422,0.9986194372177124,610.8165893554688,112.02168273925781,0.942125141620636,563.953857421875,139.55972290039062,0.9698581695556641,524.1769409179688,146.73780822753906,0.9963717460632324
668,603.5496826171875,47.7608642578125,0.9955230951309204,629.0142211914062,131.07289123535156,0.9994891881942749,594.2196044921875,92.12966918945312,0.998711109161377,575.1409301757812,97.40787506103516,0.997560977935791,548.1891479492188,106.19131469726562,0.9989610910415649,521.4220581054688,114.39100646972656,0.9979997277259827,591.8872680664062,73.44902038574219,0.9783161282539368,556.6768798828125,56.49766540527344,0.9915974736213684,482.10888671875,83.12086486816406,0.9987119436264038,611.0301513671875,112.02168273925781,0.947985827922821,571.6690063476562,138.54974365234375,0.9888984560966492,524.1769409179688,146.6725616455078,0.996374785900116
669,604.8079833984375,47.7608642578125,0.9958470463752747,629.8141479492188,130.0321044921875,0.9993915557861328,595.5750732421875,92.97308349609375,0.999129593372345,575.4315795898438,97.40787506103516,0.9981202483177185,549.7388305664062,105.97032165527344,0.9988266825675964,522.3448486328125,114.39100646972656,0.9963467717170715,591.9453735351562,73.44902038574219,0.9844464659690857,556.5305786132812,57.56203842163086,0.9904721975326538,484.2546691894531,83.46179962158203,0.9989243149757385,611.0301513671875,112.02168273925781,0.9302727580070496,572.3983154296875,138.5488739013672,0.9838998317718506,524.0286865234375,146.62208557128906,0.9962154030799866
670,607.7333374023438,48.8633918762207,0.9956833124160767,630.8292236328125,129.859619140625,0.9988420605659485,596.8252563476562,93.23848724365234,0.998842716217041,576.318603515625,97.39459991455078,0.9974623918533325,550.64453125,105.97032165527344,0.9989811778068542,522.9497680664062,114.39100646972656,0.9962953925132751,595.4359741210938,72.37702941894531,0.9895302653312683,556.5305786132812,57.61692810058594,0.9915703535079956,488.6890869140625,84.5989761352539,0.997861921787262,610.8165893554688,112.02168273925781,0.9113282561302185,583.3115234375,138.5488739013672,0.9783092737197876,524.0116577148438,146.60231018066406,0.99644535779953
671,609.5760498046875,49.43327713012695,0.9973115921020508,632.4336547851562,128.24200439453125,0.9985702037811279,599.197998046875,93.23848724365234,0.998132050037384,578.1088256835938,97.40787506103516,0.996492326259613,552.0346069335938,105.86942291259766,0.9988515377044678,524.0791015625,113.68043518066406,0.9967310428619385,598.5777587890625,73.44902038574219,0.9857574701309204,556.504150390625,57.99391555786133,0.9909364581108093,492.8958740234375,86.9522933959961,0.9956658482551575,610.8165893554688,111.8463134765625,0.9198406338691711,588.014404296875,138.5488739013672,0.9881877303123474,524.0286865234375,146.58810424804688,0.9965580105781555
672,611.3855590820312,49.43327713012695,0.9980417490005493,632.6624755859375,126.8407211303711,0.998389482498169,600.627685546875,93.23848724365234,0.9973216652870178,579.5848388671875,97.5031967163086,0.9949260950088501,552.5135498046875,105.84384155273438,0.9980727434158325,525.7996826171875,112.81021118164062,0.9973239898681641,601.3491821289062,73.44902038574219,0.9720472097396851,556.4132690429688,58.16951370239258,0.9922007918357849,502.49053955078125,86.9522933959961,0.9977387189865112,611.16748046875,112.109375,0.8877640962600708,593.2197265625,142.04315185546875,0.9833514094352722,524.236328125,146.5611572265625,0.9967284202575684
673,615.80859375,48.8633918762207,0.9967435598373413,633.362060546875,122.91289520263672,0.9973408579826355,601.638916015625,92.9893798828125,0.9960015416145325,580.4976806640625,98.13932800292969,0.9959607720375061,554.0382690429688,105.4138412475586,0.9982232451438904,526.9029541015625,112.42350769042969,0.9978813529014587,603.8976440429688,73.00492858886719,0.9764824509620667,556.474853515625,58.53217315673828,0.9935693740844727,505.4377136230469,86.9522933959961,0.9969350099563599,610.4957275390625,112.423583984375,0.8778817653656006,594.6107177734375,142.04315185546875,0.9842116236686707,524.2503662109375,146.5611572265625,0.9969884753227234
674,618.6056518554688,47.524864196777344,0.9966830611228943,633.9793701171875,120.75772094726562,0.9975250363349915,603.684814453125,91.60743713378906,0.9966187477111816,582.5172729492188,98.13932800292969,0.9968634843826294,554.4346313476562,105.38575744628906,0.9988038539886475,527.4874267578125,112.31423950195312,0.9983493089675903,605.5986938476562,73.00492858886719,0.973440945148468,556.3938598632812,58.595680236816406,0.9946218729019165,509.2433166503906,86.24390411376953,0.9968731999397278,610.4957275390625,112.50684356689453,0.909358561038971,595.4386596679688,142.04315185546875,0.9863253235816956,524.4955444335938,146.47601318359375,0.9973964691162109
675,620.1934814453125,47.524864196777344,0.9949626922607422,638.8887329101562,119.50741577148438,0.9979584217071533,605.8604125976562,91.30049896240234,0.9955461025238037,584.9258422851562,98.13932800292969,0.996630847454071,555.9100952148438,105.38575744628906,0.998348593711853,527.5303344726562,112.01560974121094,0.9988975524902344,609.4339599609375,73.00492858886719,0.9716222882270813,556.2176513671875,58.98616027832031,0.9953107237815857,514.979736328125,84.29661560058594,0.9976517558097839,611.4028930664062,112.423583984375,0.9056735038757324,597.211669921875,140.97909545898438,0.9915127158164978,524.7762451171875,146.4547576904297,0.9972007274627686
676,623.4920043945312,47.524864196777344,0.9953723549842834,638.9884033203125,119.50741577148438,0.9986826777458191,607.3507080078125,91.30049896240234,0.9953832030296326,587.0847778320312,97.78278350830078,0.9963687658309937,557.4052734375,105.38575744628906,0.9981181621551514,529.2433471679688,111.97206115722656,0.999316930770874,610.016845703125,72.55856323242188,0.9814717769622803,556.2058715820312,58.995086669921875,0.9960671067237854,520.573974609375,81.6409912109375,0.9958840012550354,611.8731079101562,112.423583984375,0.8732348084449768,600.0821533203125,140.97909545898438,0.9878173470497131,525.0462036132812,146.23638916015625,0.9970107078552246
677,624.7088623046875,49.03413009643555,0.9966366291046143,640.473388671875,119.50741577148438,0.9990284442901611,607.8385620117188,91.30049896240234,0.9964659214019775,589.1312866210938,97.4102554321289,0.9945211410522461,560.316162109375,105.61245727539062,0.9979745745658875,530.8379516601562,111.89506530761719,0.9994445443153381,613.7808837890625,71.08290100097656,0.9867832660675049,555.3753051757812,58.995086669921875,0.9964169263839722,523.867431640625,80.07469177246094,0.9943909049034119,611.8731079101562,111.81379699707031,0.9245127439498901,601.9849243164062,140.97909545898438,0.9835416674613953,525.1307983398438,146.0394287109375,0.9968936443328857
678,626.1580200195312,49.19087219238281,0.9975726008415222,641.302001953125,119.83202362060547,0.999051034450531,609.7175903320312,91.24034118652344,0.9980193376541138,590.1195678710938,96.04192352294922,0.9948792457580566,562.0557250976562,105.61245727539062,0.9984539747238159,532.0504150390625,111.75517272949219,0.999601423740387,616.3106079101562,70.41609954833984,0.9860075116157532,554.6570434570312,58.995086669921875,0.9961203932762146,528.8683471679688,79.28761291503906,0.9897712469100952,612.6347045898438,111.75700378417969,0.924424946308136,603.0578002929688,142.07742309570312,0.9851804971694946,525.2081909179688,145.85317993164062,0.99657142162323
679,629.3601684570312,49.19087219238281,0.9973474740982056,641.801025390625,119.83202362060547,0.99899822473526,610.9220581054688,91.41921997070312,0.9986975193023682,590.7526245117188,95.96369171142578,0.9964415431022644,563.6118774414062,105.61245727539062,0.9986634254455566,533.4910278320312,111.21614837646484,0.9995567202568054,618.5584106445312,69.308837890625,0.9907851219177246,554.3068237304688,58.060420989990234,0.9955790638923645,531.4099731445312,76.86800384521484,0.9970205426216125,613.4714965820312,111.74803924560547,0.9295713305473328,603.1614990234375,142.08277893066406,0.9869546294212341,525.4462890625,145.81759643554688,0.9963906407356262
680,633.449951171875,49.03413009643555,0.9950897693634033,643.773681640625,119.83202362060547,0.9989315867424011,611.9775390625,91.41921997070312,0.9986588954925537,591.8137817382812,95.75702667236328,0.9964158535003662,564.957275390625,105.42382049560547,0.9988094568252563,534.7957153320312,111.06060791015625,0.999369204044342,619.6348876953125,68.07549285888672,0.993259072303772,550.6416625976562,57.45266342163086,0.9964861869812012,534.1002807617188,76.07247924804688,0.9952013492584229,613.5480346679688,111.74803924560547,0.947904109954834,603.2807006835938,142.2893829345703,0.9857630729675293,525.4940795898438,145.7720947265625,0.9959433674812317
681,636.3802490234375,49.19087219238281,0.9973415732383728,647.2522583007812,119.66120910644531,0.99796462059021,614.278564453125,91.40303039550781,0.9987413287162781,593.4130859375,95.73890686035156,0.9967495203018188,566.668701171875,104.65081787109375,0.9988967180252075,536.6421508789062,110.81452178955078,0.998779833316803,619.6348876953125,65.61322784423828,0.9927504062652588,550.0676879882812,56.885459899902344,0.9952512979507446,534.2537231445312,75.55240631103516,0.9966487288475037,613.8388671875,111.74803924560547,0.9399651288986206,603.4075927734375,142.1384735107422,0.9866483807563782,525.6162719726562,145.7276611328125,0.9957098960876465
682,639.2008056640625,50.794578552246094,0.9977438449859619,650.6287841796875,117.78629302978516,0.9970499277114868,616.0849609375,91.40003967285156,0.9984825253486633,595.3257446289062,95.66128540039062,0.9962608218193054,566.7191772460938,104.33906555175781,0.9986623525619507,537.4559326171875,109.83011627197266,0.9985067248344421,619.6348876953125,65.21075439453125,0.9916424751281738,549.22021484375,56.80162811279297,0.996620774269104,534.80810546875,75.18801879882812,0.9946486353874207,614.092041015625,111.90980529785156,0.9388206005096436,603.4075927734375,142.1384735107422,0.9878258109092712,525.835205078125,145.72203063964844,0.9953150749206543
683,640.7709350585938,52.50564956665039,0.9985812902450562,655.0603637695312,117.78629302978516,0.9981158971786499,617.4280395507812,91.40003967285156,0.9977879524230957,596.9393310546875,95.59336853027344,0.994916558265686,567.7459106445312,102.96759033203125,0.9987395405769348,539.2026977539062,108.51040649414062,0.9986425042152405,618.0831298828125,65.11540222167969,0.9908413887023926,549.22021484375,56.64947509765625,0.9962349534034729,534.8927001953125,74.99847412109375,0.9948182702064514,614.1589965820312,111.90980529785156,0.9374815225601196,603.4103393554688,142.1653594970703,0.9892767667770386,526.2576904296875,145.60723876953125,0.9951481223106384
684,643.4915771484375,53.234901428222656,0.9993371367454529,657.8463745117188,117.78629302978516,0.9993497729301453,618.3502197265625,90.2436752319336,0.9976063966751099,598.24365234375,94.97763061523438,0.9942007064819336,568.3917846679688,102.76952362060547,0.9991471767425537,540.8168334960938,107.20309448242188,0.9987928867340088,618.0831298828125,65.09152221679688,0.9910316467285156,549.22021484375,56.640968322753906,0.9965904951095581,535.1360473632812,74.46257781982422,0.9950571060180664,614.1918334960938,111.90980529785156,0.9475356340408325,603.4075927734375,142.1653594970703,0.9887216091156006,526.275634765625,145.60723876953125,0.9945477843284607
685,646.1970825195312,53.234901428222656,0.9994226694107056,659.8533935546875,118.54407501220703,0.9994685053825378,620.1180419921875,89.98805236816406,0.9977471232414246,600.1821899414062,94.74657440185547,0.9953504800796509,569.4144287109375,102.52365112304688,0.9994210004806519,542.7001342773438,107.20309448242188,0.9986683130264282,618.0831298828125,64.55351257324219,0.9879062175750732,549.4246215820312,56.59039306640625,0.9960873126983643,535.7722778320312,74.3795394897461,0.994602382183075,615.8961181640625,111.68130493164062,0.9440546631813049,603.291015625,142.1384735107422,0.9901823401451111,526.275634765625,145.60723876953125,0.9940124154090881
686,649.2991943359375,53.234901428222656,0.9988228678703308,661.426025390625,119.2813720703125,0.9994524121284485,621.5101928710938,89.56455993652344,0.9979483485221863,601.5009155273438,94.26612854003906,0.9961040019989014,570.9650268554688,102.3406982421875,0.9994668364524841,544.3818359375,107.0176010131836,0.9982013702392578,619.42333984375,64.55351257324219,0.9839914441108704,549.6527099609375,56.20436096191406,0.9954327344894409,535.7811279296875,73.7070541381836,0.9954434633255005,615.9251708984375,111.68130493164062,0.9584685564041138,603.2822265625,142.1653594970703,0.990416407585144,526.2861938476562,145.5373992919922,0.99370276927948
687,650.5860595703125,51.5955924987793,0.9977097511291504,662.8096313476562,119.2813720703125,0.9993475079536438,623.4011840820312,89.32334899902344,0.9972467422485352,603.0333862304688,94.11640930175781,0.9954990744590759,573.0477294921875,102.17634582519531,0.9992623925209045,544.7523193359375,106.95968627929688,0.9986696243286133,620.73193359375,64.55339813232422,0.985183596611023,550.0043334960938,56.11079406738281,0.9950888752937317,535.8697509765625,73.7070541381836,0.9954814910888672,616.7402954101562,111.68130493164062,0.9535070657730103,603.2100830078125,142.24913024902344,0.9907008409500122,526.275634765625,145.5373992919922,0.9929209351539612
688,651.1456909179688,51.24056625366211,0.9968395233154297,663.8516845703125,119.2813720703125,0.9992006421089172,624.3174438476562,89.07466125488281,0.9969838261604309,603.5615234375,93.65190887451172,0.994858980178833,574.5946044921875,101.93052673339844,0.9989120960235596,545.7162475585938,106.72418975830078,0.998969554901123,620.9179077148438,64.5102767944336,0.9841440916061401,550.3495483398438,56.08063507080078,0.9944707155227661,535.7811279296875,73.7070541381836,0.995913565158844,616.9682006835938,112.37727355957031,0.9318177103996277,603.1170654296875,142.33937072753906,0.9922947883605957,526.275634765625,145.5373992919922,0.9927184581756592
689,651.1456909179688,50.7574348449707,0.9947965741157532,664.884765625,119.20672607421875,0.9988777041435242,625.271728515625,89.05067443847656,0.9980664849281311,604.4083862304688,93.44590759277344,0.9966212511062622,575.6776733398438,101.39301300048828,0.9982326030731201,546.6996459960938,106.51924133300781,0.9990610480308533,621.4395751953125,64.21985626220703,0.9863009452819824,553.072265625,56.08063507080078,0.9939299821853638,535.8697509765625,73.80423736572266,0.9960888624191284,618.684326171875,112.82237243652344,0.9200971126556396,603.0232543945312,142.9288787841797,0.9915645122528076,526.2861938476562,145.5373992919922,0.9915850162506104
690,651.8082275390625,50.03325271606445,0.9927613735198975,664.884765625,119.20672607421875,0.9987541437149048,626.0180053710938,88.55581665039062,0.9987614154815674,605.353759765625,93.14701080322266,0.9967764019966125,576.7188110351562,101.01707458496094,0.9982815980911255,547.8099975585938,106.41928100585938,0.9990500807762146,622.4020385742188,64.09973907470703,0.9832755923271179,553.7494506835938,56.08063507080078,0.9939881563186646,535.8704223632812,74.04450988769531,0.9969850182533264,621.4911499023438,112.82237243652344,0.9717170596122742,603.0232543945312,142.9679412841797,0.9911959171295166,526.568115234375,145.5373992919922,0.9904667735099792
691,651.895751953125,48.93815612792969,0.9933237433433533,664.884765625,119.20672607421875,0.9987066984176636,626.8947143554688,87.89321899414062,0.9989933371543884,606.3385620117188,92.98362731933594,0.9965069890022278,577.3922119140625,100.92205047607422,0.9989107847213745,548.8870239257812,106.04313659667969,0.9991419315338135,623.159423828125,63.87409210205078,0.9776932597160339,560.9916381835938,60.77718734741211,0.9946817755699158,535.9503173828125,74.0611572265625,0.9975988268852234,626.7050170898438,112.85850524902344,0.9856166839599609,602.8624877929688,143.3716583251953,0.9878737330436707,528.2869873046875,145.38182067871094,0.9910733103752136
692,651.91552734375,48.44085693359375,0.993969202041626,664.8570556640625,119.8362808227539,0.9988662004470825,628.0205078125,87.28170776367188,0.9992576241493225,608.0841064453125,92.98362731933594,0.9979557991027832,579.2393798828125,100.06012725830078,0.9992620348930359,550.7633666992188,105.85783386230469,0.9988918900489807,623.159423828125,63.793949127197266,0.9778069853782654,565.7799072265625,61.85584259033203,0.9960534572601318,535.8704223632812,74.22856903076172,0.9974015951156616,628.4415283203125,113.88618469238281,0.9839861392974854,602.7154541015625,143.3954620361328,0.9874681234359741,529.061767578125,145.07504272460938,0.9938702583312988
693,655.4486083984375,48.381404876708984,0.993280827999115,664.1713256835938,121.7039566040039,0.9990184307098389,630.2791137695312,86.7802734375,0.9993802309036255,610.6664428710938,92.98320007324219,0.9985143542289734,581.8943481445312,99.65686798095703,0.9993520379066467,553.116455078125,105.47066497802734,0.9982106685638428,623.159423828125,63.793949127197266,0.9773598313331604,573.6653442382812,61.85584259033203,0.9862160682678223,535.8704223632812,74.22856903076172,0.9976849555969238,634.5885620117188,113.88618469238281,0.9747733473777771,602.6420288085938,143.49632263183594,0.9880488514900208,529.2172241210938,145.07504272460938,0.9943587183952332
694,656.84375,48.44085693359375,0.996093213558197,663.7227783203125,121.86627960205078,0.9988056421279907,632.068115234375,86.7802734375,0.9990072846412659,611.9324951171875,92.98320007324219,0.9982677698135376,582.803955078125,99.40516662597656,0.9992715716362,553.5654296875,104.13215637207031,0.9977796673774719,622.41845703125,63.87409210205078,0.9788261651992798,579.7871704101562,60.77718734741211,0.9677005410194397,535.81689453125,74.22903442382812,0.9976832866668701,638.4747314453125,114.41852569580078,0.9801074266433716,602.6420288085938,143.56304931640625,0.9881927371025085,531.603515625,144.2509002685547,0.996912956237793
695,658.0935668945312,48.93815612792969,0.9972938895225525,663.2481689453125,122.74302673339844,0.9985498785972595,634.0283203125,86.7802734375,0.9985232949256897,613.6730346679688,93.01261138916016,0.9983185529708862,583.7651977539062,98.98921966552734,0.999300479888916,555.44775390625,103.72005462646484,0.9982341527938843,620.896240234375,63.91379165649414,0.9861342310905457,588.8735961914062,59.65993881225586,0.9854570031166077,535.81689453125,74.22903442382812,0.9973172545433044,641.7364501953125,117.04090881347656,0.9892087578773499,602.6420288085938,143.7588653564453,0.9879085421562195,545.6575927734375,137.28997802734375,0.9927980303764343
696,659.7130737304688,49.33662414550781,0.9982942938804626,662.0706176757812,124.0964584350586,0.9987170696258545,634.8594970703125,88.85206604003906,0.9975754618644714,613.9920043945312,93.66156005859375,0.998204231262207,584.3175048828125,98.48939514160156,0.9996028542518616,556.5833129882812,103.68920135498047,0.998176097869873,620.7786865234375,64.12676239013672,0.9872324466705322,595.1490478515625,58.735435485839844,0.9878318905830383,535.81689453125,74.22010803222656,0.9975687861442566,643.9622802734375,118.28221130371094,0.9913088083267212,602.6420288085938,143.8915557861328,0.987968921661377,554.7650756835938,136.0123748779297,0.9910197854042053
697,662.0328979492188,50.328765869140625,0.9982143640518188,662.0706176757812,127.35275268554688,0.9984788298606873,635.5283813476562,89.68142700195312,0.9961907863616943,616.47314453125,95.4015884399414,0.9977962970733643,585.968994140625,98.44558715820312,0.9996036887168884,557.8184204101562,103.62491607666016,0.9975402355194092,620.5345458984375,64.12676239013672,0.9899094104766846,600.037109375,58.101417541503906,0.9813395142555237,535.8244018554688,74.03089141845703,0.9972825050354004,646.3440551757812,119.8846206665039,0.9866693019866943,602.5068969726562,144.047607421875,0.9874905943870544,560.3436889648438,135.7837677001953,0.9894354343414307
698,665.0685424804688,50.86152648925781,0.9968560934066772,662.0706176757812,128.96453857421875,0.9988788962364197,636.4762573242188,89.98387145996094,0.9966699481010437,617.8863525390625,95.54219055175781,0.9979631900787354,587.531982421875,98.44558715820312,0.9993995428085327,559.3721923828125,103.62491607666016,0.9970201849937439,618.8312377929688,64.32373046875,0.9891889095306396,606.8675537109375,57.66766357421875,0.9588685631752014,535.9168090820312,73.93115997314453,0.9970533847808838,648.1627807617188,120.15596771240234,0.9823704957962036,602.2845458984375,144.047607421875,0.9859837889671326,566.061767578125,135.7837677001953,0.9925264120101929
699,665.6142578125,51.09294891357422,0.9955127835273743,663.2109375,130.8450927734375,0.998982846736908,636.4802856445312,91.22564697265625,0.9978029131889343,618.4666137695312,95.70413208007812,0.9978232383728027,588.4239501953125,98.44558715820312,0.9992774128913879,560.3953857421875,103.51007843017578,0.9981669187545776,617.4279174804688,64.32373046875,0.9816139936447144,613.0724487304688,55.22456359863281,0.9964262843132019,535.9666137695312,73.93115997314453,0.9970102310180664,649.6633911132812,120.15596771240234,0.9759147763252258,602.0255737304688,144.047607421875,0.9842897057533264,569.0798950195312,135.7837677001953,0.9891002774238586
700,665.6142578125,51.63983154296875,0.9966038465499878,664.0225830078125,133.19020080566406,0.9988864064216614,637.4874877929688,92.26519775390625,0.9981246590614319,619.1627197265625,95.7164306640625,0.9977810978889465,589.5054931640625,98.45417022705078,0.9990692734718323,561.5634765625,103.51007843017578,0.9984539747238159,617.4279174804688,65.87134552001953,0.9795913696289062,616.5682983398438,55.07721710205078,0.995712399482727,536.083984375,74.03089141845703,0.9969191551208496,651.2069702148438,120.15596771240234,0.9739452600479126,601.473388671875,143.83651733398438,0.9855251908302307,569.7083129882812,135.7837677001953,0.9917038679122925
701,665.0685424804688,52.32752227783203,0.9968697428703308,664.60498046875,134.3054962158203,0.9983171224594116,638.3244018554688,93.1285171508789,0.9982903599739075,619.3650512695312,95.8938217163086,0.9976012110710144,589.9314575195312,98.5244140625,0.9989147186279297,562.3781127929688,103.51007843017578,0.9987344145774841,617.4279174804688,67.78544616699219,0.9782554507255554,620.95947265625,51.48661422729492,0.99491286277771,536.1082153320312,74.16388702392578,0.9968855977058411,652.8700561523438,119.21893310546875,0.9717496037483215,601.473388671875,143.5345916748047,0.9878196716308594,574.6964721679688,136.48265075683594,0.9928552508354187
702,664.9260864257812,52.902061462402344,0.996678352355957,665.2695922851562,134.87811279296875,0.9978376030921936,639.8605346679688,93.24577331542969,0.9978894591331482,620.191162109375,95.95918273925781,0.9973912239074707,591.2000122070312,98.69219970703125,0.9992551207542419,563.8745727539062,103.82308959960938,0.9989398121833801,618.9383544921875,68.66632080078125,0.9692533016204834,621.8397827148438,50.86033248901367,0.9953286647796631,536.2417602539062,74.42632293701172,0.9970245957374573,654.3549194335938,119.21893310546875,0.9703299403190613,601.473388671875,143.30088806152344,0.9907684922218323,576.8436889648438,138.2296905517578,0.9913017153739929
703,663.675048828125,55.27602767944336,0.9975091218948364,666.1168212890625,136.18304443359375,0.9978094696998596,641.080322265625,94.11923217773438,0.9987719655036926,620.8984985351562,96.3197250366211,0.9961268305778503,592.6677856445312,99.58615112304688,0.9993913173675537,564.9089965820312,104.2641830444336,0.9989342093467712,619.1507568359375,70.515380859375,0.958209753036499,621.9518432617188,50.8017463684082,0.996081531047821,536.3369140625,74.42632293701172,0.9970710277557373,655.5030517578125,119.21893310546875,0.9669380187988281,601.9339599609375,142.82870483398438,0.9917751550674438,577.5452270507812,139.67333984375,0.9951830506324768
704,662.7311401367188,55.27602767944336,0.9982428550720215,666.7664184570312,136.39930725097656,0.9976167678833008,642.2835083007812,94.13953399658203,0.9989866614341736,622.090087890625,96.49092864990234,0.9962418079376221,593.9443359375,99.88644409179688,0.9994869232177734,566.6341552734375,104.27058410644531,0.9990002512931824,620.5037231445312,71.0508804321289,0.9548362493515015,622.3329467773438,50.67473602294922,0.9969396591186523,536.3369140625,74.42632293701172,0.9969452023506165,657.2684936523438,121.08196258544922,0.9698742032051086,602.2402954101562,142.75559997558594,0.9913552403450012,578.4912109375,139.75233459472656,0.996360719203949
705,662.7311401367188,55.27602767944336,0.998251736164093,668.3062744140625,136.77505493164062,0.9978880286216736,643.7443237304688,94.4901351928711,0.9990448355674744,623.4900512695312,98.19059753417969,0.9959509372711182,594.8638916015625,100.43939208984375,0.9994888305664062,568.6902465820312,104.27058410644531,0.9986773133277893,621.51806640625,71.49449157714844,0.934848964214325,622.6817016601562,49.9818115234375,0.9971707463264465,536.3369140625,74.21136474609375,0.9972952008247375,658.3081665039062,121.93780517578125,0.978729784488678,602.3674926757812,142.5983123779297,0.9922768473625183,578.9031982421875,140.14535522460938,0.9969542026519775
706,662.4931640625,54.416343688964844,0.9982705116271973,670.4489135742188,136.77505493164062,0.9987564086914062,645.4312744140625,94.4901351928711,0.999128520488739,624.8545532226562,98.19059753417969,0.9962552785873413,596.2982788085938,100.46864318847656,0.999530553817749,568.7214965820312,104.27058410644531,0.9980419874191284,622.717529296875,71.77284240722656,0.916770339012146,622.7100830078125,49.81657028198242,0.9976710677146912,536.033203125,74.05805969238281,0.99735426902771,660.248291015625,122.17291259765625,0.9841068983078003,602.40625,142.68283081054688,0.9921185970306396,579.1265869140625,140.20143127441406,0.9972654581069946
707,662.4931640625,52.12890625,0.9984734654426575,672.4708862304688,136.58436584472656,0.99940025806427,645.8216552734375,94.4901351928711,0.9991509914398193,625.4681396484375,98.19059753417969,0.9969973564147949,597.3795776367188,100.6265869140625,0.9995936751365662,569.4003295898438,103.52175903320312,0.9976925849914551,623.00048828125,71.88968658447266,0.9205144047737122,622.7394409179688,49.73097229003906,0.9979133009910583,535.7315673828125,74.00968933105469,0.9974002838134766,660.4503173828125,122.35458374023438,0.9842723608016968,602.5423583984375,142.68283081054688,0.9923338890075684,579.1265869140625,140.3987274169922,0.9974625110626221
708,662.4931640625,51.183162689208984,0.998120129108429,673.743896484375,136.58436584472656,0.9995294809341431,646.8006591796875,93.8468017578125,0.9990494847297668,626.9451904296875,97.9961929321289,0.9975280165672302,598.4030151367188,100.69879913330078,0.9995594620704651,570.00927734375,103.50114440917969,0.9980036616325378,623.2164306640625,72.07929992675781,0.9120804071426392,622.7803344726562,49.68663787841797,0.9976432919502258,534.9876708984375,73.94156646728516,0.9975656270980835,660.4503173828125,122.72494506835938,0.984327495098114,602.82275390625,142.66978454589844,0.9923160076141357,579.1315307617188,140.3987274169922,0.9979614019393921
709,662.4931640625,51.089637756347656,0.9977745413780212,674.5257568359375,136.26771545410156,0.9995737671852112,647.3236083984375,93.8468017578125,0.9986883997917175,627.4920043945312,97.9961929321289,0.99769526720047,599.2324829101562,100.91912078857422,0.9994248151779175,570.4789428710938,103.50114440917969,0.9981827735900879,624.0984497070312,73.87290954589844,0.8928569555282593,622.7803344726562,49.68663787841797,0.9975553154945374,534.9876708984375,73.94156646728516,0.9975394010543823,660.248291015625,122.96940612792969,0.9860780239105225,602.8739013671875,142.5983123779297,0.9923445582389832,579.491455078125,140.19235229492188,0.9981940388679504
710,662.4931640625,50.232635498046875,0.9983415603637695,675.3518676757812,136.26771545410156,0.9995551705360413,648.6914672851562,93.8468017578125,0.9979967474937439,628.4666137695312,97.9961929321289,0.9974631071090698,599.3302612304688,101.0445785522461,0.9992330074310303,571.2321166992188,103.52175903320312,0.9983343482017517,624.8146362304688,73.97647857666016,0.9284198880195618,622.9899291992188,49.68663787841797,0.9978906512260437,534.9876708984375,73.94156646728516,0.997271716594696,660.248291015625,123.1854248046875,0.9834606051445007,602.9284057617188,142.42462158203125,0.9921229481697083,579.491455078125,140.47442626953125,0.998102605342865
711,665.3287353515625,50.232635498046875,0.9956672191619873,676.3114013671875,135.911376953125,0.9994564652442932,650.1591186523438,93.8524398803711,0.996946394443512,629.8553466796875,98.3759765625,0.9985913634300232,600.0513305664062,101.37596130371094,0.9993244409561157,572.1721801757812,103.91649627685547,0.9984227418899536,626.9614868164062,73.97647857666016,0.9362990260124207,623.0800170898438,52.41175842285156,0.9982675313949585,535.491943359375,73.9599380493164,0.9968692660331726,660.4503173828125,123.85100555419922,0.9847254157066345,603.0366821289062,142.3739013671875,0.9925756454467773,579.491455078125,140.47442626953125,0.9982566237449646
712,669.04345703125,50.232635498046875,0.9963178634643555,677.2225952148438,135.92669677734375,0.9993360638618469,651.1866455078125,94.79747772216797,0.9968397617340088,631.0340576171875,98.82626342773438,0.9989234805107117,600.424072265625,101.4378433227539,0.9993984699249268,572.57763671875,104.0424575805664,0.9981776475906372,628.3992919921875,73.87290954589844,0.9387834072113037,623.5081176757812,53.04168701171875,0.9986262321472168,535.8351440429688,74.22806549072266,0.9965474009513855,660.68017578125,123.93350982666016,0.9840233325958252,603.0366821289062,142.0169219970703,0.9931950569152832,579.491455078125,140.47442626953125,0.9983739852905273
713,672.4959716796875,52.58816146850586,0.9971696734428406,678.6478271484375,136.26771545410156,0.9992383718490601,652.2525024414062,95.79610443115234,0.9963926672935486,632.54443359375,99.37491607666016,0.9992014765739441,601.23486328125,101.48936462402344,0.99945467710495,573.3175659179688,104.4190444946289,0.9976170659065247,632.571533203125,73.7508544921875,0.9429774880409241,624.0108642578125,53.04168701171875,0.9981946349143982,536.495361328125,74.5067367553711,0.9962575435638428,661.6937866210938,123.93350982666016,0.9812753796577454,603.52294921875,141.93128967285156,0.9930310845375061,579.3524169921875,140.6446533203125,0.9985008239746094
714,675.7141723632812,52.58816146850586,0.9979376792907715,680.922607421875,136.30372619628906,0.998293936252594,652.613037109375,96.93949127197266,0.9957401752471924,633.254150390625,99.84624481201172,0.9991137385368347,602.39306640625,101.5694808959961,0.9994266033172607,574.6857299804688,104.70185089111328,0.9969698786735535,634.7434692382812,72.86422729492188,0.9762160778045654,624.0108642578125,53.04168701171875,0.9971185922622681,537.2694091796875,75.01094818115234,0.9953252077102661,662.3696899414062,123.85100555419922,0.9812987446784973,606.8677978515625,140.87782287597656,0.9921687245368958,579.3524169921875,140.84393310546875,0.9984995126724243
715,679.7598876953125,52.58816146850586,0.9979835748672485,681.1519775390625,136.7975311279297,0.9973063468933105,654.38623046875,97.12076568603516,0.9961547255516052,634.639892578125,100.0453109741211,0.9988092184066772,603.370361328125,102.15503692626953,0.9993420243263245,576.3483276367188,105.40052032470703,0.9963654279708862,642.6649780273438,71.70177459716797,0.9916585087776184,624.0108642578125,51.8997917175293,0.9945835471153259,538.14697265625,75.56812286376953,0.9947669506072998,662.527587890625,123.85100555419922,0.9806135892868042,608.2073364257812,140.7513885498047,0.9924446940422058,579.3524169921875,141.10386657714844,0.9988143444061279
716,681.1251831054688,52.58816146850586,0.9945166707038879,682.913818359375,137.28622436523438,0.9972350001335144,654.68701171875,97.57073211669922,0.9962732791900635,636.7177124023438,100.720703125,0.998308539390564,604.4901733398438,102.1957015991211,0.9990566372871399,577.2542114257812,106.8782730102539,0.9973393082618713,642.8515625,71.70177459716797,0.9915304183959961,621.3305053710938,51.158119201660156,0.9941273927688599,538.34423828125,76.01554107666016,0.9949690699577332,662.86669921875,123.93350982666016,0.9823524355888367,612.353759765625,139.8672332763672,0.9913562536239624,579.285400390625,141.10386657714844,0.9987671375274658
717,682.4083862304688,52.58816146850586,0.9952423572540283,684.688720703125,137.52467346191406,0.9971517324447632,656.0040893554688,97.80416107177734,0.9979111552238464,638.2576904296875,100.720703125,0.9979821443557739,605.58984375,102.4212646484375,0.9987015724182129,578.06982421875,106.96754455566406,0.9980816841125488,649.4548950195312,71.70177459716797,0.9907640218734741,621.3305053710938,51.158119201660156,0.993645429611206,539.8927612304688,77.10846710205078,0.9950470924377441,663.2570190429688,124.37672424316406,0.9837427139282227,618.4842529296875,139.70982360839844,0.9931753277778625,579.24560546875,141.10386657714844,0.9984242916107178
718,682.8056030273438,54.07679748535156,0.9950639605522156,687.472412109375,137.56190490722656,0.9982203841209412,657.3501586914062,97.80648040771484,0.9987826943397522,638.3546142578125,100.78948974609375,0.9972938895225525,606.9268798828125,102.79776000976562,0.9989216327667236,579.096923828125,107.04222106933594,0.9985161423683167,653.8546142578125,73.19434356689453,0.9911913275718689,621.3305053710938,51.158119201660156,0.9936757683753967,540.8599243164062,78.13176727294922,0.9925456643104553,663.4072265625,124.37672424316406,0.9835329055786133,625.2808837890625,139.8672332763672,0.987514078617096,578.5607299804688,141.03262329101562,0.9982426166534424
719,684.3272094726562,55.172096252441406,0.9956858158111572,689.5615844726562,137.56190490722656,0.9991532564163208,659.0076904296875,98.2671890258789,0.9992808699607849,638.9246215820312,100.78948974609375,0.995612621307373,609.3945922851562,102.95443725585938,0.9992851614952087,580.1909790039062,107.04222106933594,0.9988024234771729,658.1470947265625,74.61876678466797,0.992725133895874,621.3822631835938,51.17466354370117,0.9947196245193481,550.0852661132812,79.49481964111328,0.9953468441963196,664.5756225585938,124.37672424316406,0.9795733690261841,629.4329833984375,140.7513885498047,0.986164391040802,578.2343139648438,140.8950653076172,0.9981145858764648
720,685.5184326171875,59.28923034667969,0.9937253594398499,691.7250366210938,137.56190490722656,0.9993708729743958,660.3756103515625,98.30741119384766,0.9995929598808289,639.03955078125,101.02771759033203,0.996213972568512,610.9495849609375,103.58637237548828,0.9993853569030762,581.1943359375,107.36286926269531,0.9989303946495056,663.150634765625,76.90362548828125,0.9941158294677734,621.3822631835938,51.21785354614258,0.9934473633766174,555.7921142578125,79.80221557617188,0.9953446984291077,665.3091430664062,124.57460021972656,0.9646003246307373,635.3017578125,139.9342041015625,0.9888806343078613,578.0580444335938,140.73484802246094,0.9979888200759888
721,689.0499877929688,61.61231231689453,0.9977781176567078,692.8482666015625,136.87538146972656,0.9993298053741455,661.466552734375,99.13912200927734,0.999651312828064,640.0800170898438,101.30465698242188,0.9959942102432251,612.3930053710938,104.58723449707031,0.9992055296897888,582.9526977539062,108.13925170898438,0.9986690282821655,663.837890625,77.20381927490234,0.9902992248535156,621.3822631835938,51.57278823852539,0.9931622743606567,564.2306518554688,80.36817932128906,0.9976730942726135,665.3401489257812,124.57460021972656,0.9653883576393127,638.3306274414062,141.3184814453125,0.9867033958435059,578.0580444335938,140.79722595214844,0.9979786276817322
722,690.468017578125,63.396697998046875,0.9987919926643372,694.1461181640625,135.3044891357422,0.9992257356643677,663.3631591796875,99.56537628173828,0.9995251893997192,641.7787475585938,101.49637603759766,0.9955121874809265,614.2454833984375,105.5809097290039,0.9988197684288025,584.3775024414062,108.24356079101562,0.9981622099876404,668.0172729492188,79.42768859863281,0.9844916462898254,621.3070678710938,51.63721466064453,0.9933446645736694,567.4552001953125,81.10960388183594,0.9953299760818481,665.3401489257812,124.57460021972656,0.9736856818199158,638.3939819335938,141.3184814453125,0.9875857830047607,578.0580444335938,140.8950653076172,0.9978095889091492
723,692.862060546875,64.01754760742188,0.9989652633666992,695.7228393554688,133.80108642578125,0.9988088607788086,663.430908203125,100.78836059570312,0.9989816546440125,644.4362182617188,102.98919677734375,0.9935992956161499,616.3482666015625,105.81316375732422,0.9981133937835693,585.1161499023438,108.26927185058594,0.9980029463768005,673.018798828125,80.65576171875,0.9694333076477051,621.2117309570312,51.78223419189453,0.9942863583564758,572.0589599609375,81.10960388183594,0.9970690608024597,665.3091430664062,125.34717559814453,0.9727646708488464,641.670166015625,141.3184814453125,0.9883837103843689,578.0580444335938,140.8950653076172,0.9976919889450073
724,695.1539916992188,64.68132019042969,0.9986739158630371,697.345703125,132.13754272460938,0.9972792267799377,665.9066162109375,101.38157653808594,0.9990980625152588,645.6907958984375,103.44459533691406,0.9943578839302063,616.815185546875,105.94207763671875,0.9970056414604187,586.0353393554688,108.26927185058594,0.9984765648841858,673.5516967773438,82.39832305908203,0.963793933391571,621.068603515625,52.19441223144531,0.9941714406013489,577.4680786132812,80.85697174072266,0.9961297512054443,664.9926147460938,126.07530975341797,0.9708686470985413,644.6852416992188,141.3184814453125,0.9923986792564392,577.8036499023438,140.98019409179688,0.9975742697715759
725,696.7343139648438,64.68132019042969,0.9981176853179932,698.716064453125,129.3182830810547,0.9970552921295166,667.3086547851562,101.38157653808594,0.9990229606628418,647.2573852539062,103.78103637695312,0.9940900206565857,617.9393310546875,106.2061538696289,0.9967585206031799,587.1717529296875,108.43531799316406,0.998742401599884,674.68212890625,82.68993377685547,0.9694886207580566,620.7996215820312,52.19441223144531,0.993337869644165,580.1109619140625,80.52497863769531,0.9966663718223572,664.9926147460938,127.33744049072266,0.9692398309707642,652.2496337890625,142.82919311523438,0.9911652207374573,577.8036499023438,140.98019409179688,0.9975889921188354
726,697.3866577148438,64.68132019042969,0.9977248311042786,700.2578125,129.3182830810547,0.9961211085319519,669.0807495117188,101.38157653808594,0.9989204406738281,648.6251831054688,103.78103637695312,0.995512068271637,618.3040771484375,106.35930633544922,0.9976261258125305,588.9027709960938,108.43531799316406,0.9989546537399292,677.8524780273438,82.7279281616211,0.9836575388908386,620.623291015625,52.19441223144531,0.9945142269134521,587.2003784179688,80.52497863769531,0.9930141568183899,664.9926147460938,127.52925872802734,0.9773358106613159,653.99560546875,143.642333984375,0.9914773106575012,577.8003540039062,140.98916625976562,0.9975025057792664
727,698.6669921875,64.04077911376953,0.9968017339706421,703.036865234375,129.3182830810547,0.9963478446006775,670.16748046875,100.78490447998047,0.9988008737564087,650.8502807617188,103.78103637695312,0.9956228137016296,619.6937255859375,106.6298599243164,0.9980428218841553,590.299560546875,108.493896484375,0.9989110231399536,680.5640869140625,82.7279281616211,0.981984555721283,620.623291015625,51.48685073852539,0.9922095537185669,592.3414916992188,79.74414825439453,0.985346794128418,665.0535278320312,127.52925872802734,0.9746450185775757,656.7368774414062,145.56443786621094,0.9898084998130798,577.8003540039062,141.06678771972656,0.997477114200592
728,701.4723510742188,64.04077911376953,0.9984574317932129,705.008544921875,131.23268127441406,0.9988368153572083,671.8659057617188,100.78490447998047,0.9993547797203064,652.7381591796875,102.3465347290039,0.9948334693908691,621.9979248046875,106.6298599243164,0.997497022151947,591.751953125,108.49549865722656,0.9985060691833496,680.6572265625,82.68993377685547,0.9756600260734558,620.544189453125,50.56830596923828,0.9949437975883484,594.838623046875,77.82017517089844,0.9962353110313416,665.0870971679688,127.51380920410156,0.9608586430549622,657.2406616210938,145.56443786621094,0.9916028380393982,577.8003540039062,141.07716369628906,0.9973955154418945
729,703.6848754882812,64.04077911376953,0.9989965558052063,707.6221923828125,133.7720489501953,0.9994255304336548,673.383544921875,100.78490447998047,0.9994739890098572,654.2603759765625,101.75090026855469,0.9967290163040161,624.4404907226562,106.6298599243164,0.9962714910507202,593.1073608398438,108.49549865722656,0.9987608194351196,681.9383544921875,82.22274017333984,0.9705961346626282,620.4501342773438,50.09471893310547,0.9951243996620178,596.0113525390625,75.61321258544922,0.997722327709198,665.5084228515625,127.51380920410156,0.9648845791816711,657.2406616210938,145.56443786621094,0.9942588806152344,577.8214721679688,140.98916625976562,0.9975594282150269
730,704.5350341796875,67.78167724609375,0.9991405010223389,708.4915771484375,135.544189453125,0.9994093179702759,674.4908447265625,100.78490447998047,0.9995042085647583,655.5147094726562,101.73628234863281,0.9967748522758484,625.4970092773438,106.50721740722656,0.9968771934509277,593.9180908203125,108.49549865722656,0.9989469647407532,683.3208618164062,81.23373413085938,0.9822324514389038,620.3286743164062,49.97029113769531,0.9956609606742859,596.4986572265625,74.76271057128906,0.9978837370872498,666.1781005859375,126.99920654296875,0.9585418701171875,657.230712890625,145.39752197265625,0.995501697063446,578.0172119140625,140.98916625976562,0.9976696372032166
731,706.4517822265625,67.78167724609375,0.9994414448738098,708.8148193359375,136.20338439941406,0.9992737174034119,675.5617065429688,100.78490447998047,0.999488115310669,656.0670776367188,101.42839813232422,0.9972643852233887,626.2122192382812,105.85541534423828,0.9971023201942444,594.9758911132812,108.40984344482422,0.999018669128418,683.535400390625,80.76358032226562,0.9905360341072083,620.3286743164062,49.62572479248047,0.9950652718544006,596.77490234375,74.63297271728516,0.9977505803108215,666.326904296875,126.2640380859375,0.9654129147529602,657.230712890625,145.2684326171875,0.995863676071167,578.1173706054688,141.10682678222656,0.9975771307945251
732,707.06689453125,67.78167724609375,0.9994052648544312,709.8972778320312,136.20338439941406,0.9991484880447388,677.0621337890625,100.55860900878906,0.9995587468147278,657.369140625,100.88953399658203,0.9972832202911377,627.4755249023438,105.8148193359375,0.9974046349525452,595.938720703125,107.80386352539062,0.999077320098877,684.1491088867188,80.6681900024414,0.986967146396637,620.1326293945312,49.62267303466797,0.9961000680923462,596.8065795898438,74.2316665649414,0.9980862140655518,668.0361328125,125.88829040527344,0.9630641937255859,657.154052734375,145.2684326171875,0.9956121444702148,578.1173706054688,141.10682678222656,0.9977026581764221
733,708.7920532226562,67.3151626586914,0.999487042427063,711.1297607421875,136.20338439941406,0.99887615442276,678.61767578125,100.2460708618164,0.999476969242096,658.1737060546875,100.88953399658203,0.9967656135559082,628.727294921875,105.8148193359375,0.9974182844161987,597.3080444335938,107.66017150878906,0.9989708662033081,685.246337890625,80.36945343017578,0.9844881296157837,620.1326293945312,49.62267303466797,0.9958978295326233,596.9910278320312,74.17848205566406,0.9980825185775757,669.2604370117188,124.9488525390625,0.9611878991127014,657.154052734375,145.2684326171875,0.9957499504089355,578.1173706054688,141.10682678222656,0.9975927472114563
734,710.5155029296875,66.75235748291016,0.9993129968643188,712.2262573242188,136.1146697998047,0.9982682466506958,680.4343872070312,100.2460708618164,0.9992103576660156,659.1637573242188,100.88953399658203,0.9965271353721619,630.32861328125,105.8148193359375,0.9967081546783447,599.093994140625,107.36779022216797,0.998699426651001,686.94384765625,80.11022186279297,0.9756922721862793,620.3286743164062,49.62572479248047,0.9960450530052185,597.0549926757812,74.12667846679688,0.9981305003166199,670.1000366210938,124.9488525390625,0.9587790369987488,657.154052734375,145.49620056152344,0.9960683584213257,577.7205200195312,141.3553924560547,0.9973358511924744
735,712.5184326171875,66.4892807006836,0.9987336993217468,714.468505859375,134.64947509765625,0.9976377487182617,681.2996215820312,100.2460708618164,0.9984872341156006,661.33349609375,100.95735168457031,0.9940766096115112,631.7815551757812,105.88885498046875,0.9962182641029358,600.8802490234375,106.74105834960938,0.9972712397575378,688.9467163085938,79.98001861572266,0.9654276967048645,620.6637573242188,49.9725341796875,0.9965002536773682,597.0549926757812,74.05717468261719,0.9981328845024109,671.3675537109375,124.9488525390625,0.9598098993301392,657.50439453125,146.77734375,0.9960248470306396,577.7205200195312,141.3824920654297,0.9971438050270081
736,714.326416015625,65.6244125366211,0.9976034760475159,716.4987182617188,134.4882049560547,0.9980816841125488,683.6314697265625,101.63967895507812,0.9986937642097473,663.1828002929688,103.54010009765625,0.9938323497772217,632.1087646484375,105.95820617675781,0.9956804513931274,602.5738525390625,106.46815490722656,0.997707724571228,689.3959350585938,79.98001861572266,0.9635980725288391,620.790283203125,50.33928298950195,0.9967009425163269,597.0549926757812,73.88529205322266,0.9982155561447144,671.468505859375,125.40670776367188,0.9598212242126465,658.3645629882812,147.25936889648438,0.9966069459915161,577.6978149414062,141.3824920654297,0.996740996837616
737,715.1851806640625,65.43872833251953,0.9972144961357117,717.0711669921875,134.24281311035156,0.9979386925697327,684.8755493164062,102.29032897949219,0.9987460374832153,663.469970703125,104.19915008544922,0.9932918548583984,633.1309204101562,106.02298736572266,0.9967239499092102,604.1400756835938,106.31509399414062,0.9983742237091064,689.4852905273438,79.98001861572266,0.9700257182121277,620.9589233398438,50.587913513183594,0.9965487122535706,596.9774780273438,73.73999786376953,0.9983454942703247,671.468505859375,125.40670776367188,0.9612568616867065,658.3645629882812,147.28817749023438,0.9965447783470154,577.6978149414062,141.3824920654297,0.996636152267456
738,715.1851806640625,63.02046585083008,0.9970791339874268,717.4332275390625,134.14369201660156,0.9979982972145081,685.8081665039062,102.29121398925781,0.9988755583763123,664.2081909179688,104.49945831298828,0.9944065809249878,633.8711547851562,106.02298736572266,0.997298538684845,604.94580078125,106.28719329833984,0.9985436201095581,689.4852905273438,79.98001861572266,0.9723161458969116,621.2060546875,51.07669448852539,0.9968652129173279,596.7979736328125,73.65619659423828,0.9983420372009277,671.6888427734375,125.48992156982422,0.9616512656211853,658.4861450195312,147.87925720214844,0.9965645670890808,577.7797241210938,141.25765991210938,0.9965729713439941
739,715.1851806640625,62.406280517578125,0.996781587600708,717.6350708007812,133.38330078125,0.9982461929321289,686.8500366210938,102.29121398925781,0.9988489151000977,665.1720581054688,104.59000396728516,0.9955969452857971,635.4158325195312,106.1375732421875,0.9973616003990173,606.0304565429688,106.20244598388672,0.9985992312431335,690.0573120117188,79.98001861572266,0.9744418263435364,622.8226928710938,52.083457946777344,0.9966390132904053,596.4545288085938,73.56007385253906,0.9984820485115051,671.974609375,125.74285888671875,0.9723566174507141,659.0895385742188,148.13739013671875,0.9965781569480896,577.8085327148438,140.95083618164062,0.9957135915756226
740,714.200439453125,62.135963439941406,0.9974713325500488,717.6871337890625,132.1553497314453,0.9982466697692871,687.3087768554688,102.29032897949219,0.9985650181770325,665.777587890625,104.79286193847656,0.9962926506996155,635.439697265625,106.25272369384766,0.9974161386489868,606.8565063476562,106.20244598388672,0.9987733960151672,690.0573120117188,80.11067962646484,0.977020263671875,624.9362182617188,56.17134475708008,0.9949308037757874,596.0249633789062,73.56007385253906,0.9985260367393494,672.8273315429688,125.69258117675781,0.9785764813423157,659.0895385742188,148.16502380371094,0.9967547059059143,578.4125366210938,140.4830780029297,0.9953279495239258
741,713.6055908203125,61.17687225341797,0.9973517656326294,717.8562622070312,131.43008422851562,0.9982243180274963,687.4927978515625,100.46035766601562,0.9986660480499268,666.416748046875,104.79286193847656,0.9969406127929688,636.8314208984375,106.25272369384766,0.9976038336753845,607.7412109375,106.20244598388672,0.9989689588546753,687.2848510742188,80.22169494628906,0.9795306921005249,625.2955932617188,57.33526611328125,0.9956451654434204,596.0249633789062,73.46720886230469,0.9986768364906311,675.5848999023438,125.69258117675781,0.981332540512085,658.9571533203125,148.48875427246094,0.9956443309783936,579.9401245117188,139.38172912597656,0.9947277903556824
742,712.2418212890625,60.82411575317383,0.9979355335235596,717.8562622070312,131.34800720214844,0.9981855750083923,688.1591186523438,100.34603881835938,0.9989991784095764,667.0306396484375,104.79286193847656,0.9965842962265015,637.162841796875,106.1375732421875,0.997733473777771,608.2221069335938,106.32133483886719,0.9989423155784607,687.228515625,80.22169494628906,0.9782838821411133,628.609619140625,59.997859954833984,0.9955737590789795,596.0249633789062,73.46720886230469,0.9985320568084717,679.5143432617188,125.74285888671875,0.9706534147262573,658.9571533203125,148.4917449951172,0.9952656030654907,581.9102172851562,138.54490661621094,0.9926211833953857
743,711.0089111328125,60.2088508605957,0.9983325600624084,717.6871337890625,131.31893920898438,0.997998058795929,688.1643676757812,99.57968139648438,0.9991590976715088,667.6097412109375,104.52995300292969,0.9960869550704956,637.51904296875,106.11815643310547,0.9980589747428894,609.0781860351562,106.44026947021484,0.9987778067588806,687.228515625,80.06600189208984,0.9768239855766296,635.7288818359375,61.783851623535156,0.9902760982513428,596.1126708984375,73.46720886230469,0.998316764831543,686.642822265625,127.955810546875,0.9773704409599304,658.8709716796875,148.55166625976562,0.9943938255310059,585.078369140625,137.12416076660156,0.9897674918174744
744,709.6100463867188,59.58687210083008,0.9982833862304688,717.2304077148438,131.34800720214844,0.9977193474769592,688.3488159179688,99.07325744628906,0.9993138313293457,668.3074951171875,104.44860076904297,0.995895266532898,638.0861206054688,106.11815643310547,0.9980419874191284,609.216796875,107.2095947265625,0.9984961748123169,687.228515625,80.06600189208984,0.9759603142738342,641.4385375976562,61.954647064208984,0.994644045829773,596.1126708984375,73.45645141601562,0.998364269733429,687.2672729492188,127.955810546875,0.9934646487236023,658.8523559570312,148.68759155273438,0.993229866027832,589.758056640625,137.12416076660156,0.9923297762870789
745,709.6100463867188,59.58687210083008,0.9982209801673889,714.2496948242188,131.34800720214844,0.9981250166893005,688.98583984375,99.07325744628906,0.9994298815727234,669.2949829101562,104.44860076904297,0.996068000793457,639.3114624023438,106.11815643310547,0.9972848892211914,610.2986450195312,108.22431182861328,0.9988110065460205,687.8136596679688,79.15888214111328,0.9796575903892517,647.660400390625,62.493385314941406,0.9919004440307617,596.1126708984375,73.40745544433594,0.9984227418899536,692.5466918945312,127.955810546875,0.9929720759391785,658.5987548828125,148.94606018066406,0.9928898811340332,604.0474853515625,137.12416076660156,0.9959055185317993
746,709.6100463867188,59.58687210083008,0.9983271956443787,712.9440307617188,134.37570190429688,0.9980562925338745,689.0394897460938,99.07325744628906,0.9991315007209778,669.4002075195312,104.38653564453125,0.9957499504089355,640.5436401367188,106.37533569335938,0.9980922341346741,611.1213989257812,108.63349914550781,0.998916506767273,688.2756958007812,78.83499908447266,0.9833805561065674,653.1435546875,62.38459014892578,0.9895496368408203,596.102783203125,73.32042694091797,0.9984276294708252,697.06982421875,127.73358917236328,0.9889141917228699,658.5379028320312,149.02578735351562,0.9913825392723083,609.7179565429688,137.42771911621094,0.9952253103256226
747,710.0234375,59.70563507080078,0.9985906481742859,712.9440307617188,136.82077026367188,0.997753918170929,690.931640625,99.61428833007812,0.9993651509284973,670.9369506835938,104.2659683227539,0.9938435554504395,642.3919677734375,106.91180419921875,0.9986082911491394,612.4058837890625,108.8409194946289,0.998875081539154,688.5188598632812,78.83499908447266,0.9765419960021973,658.4676513671875,62.38459014892578,0.9946048855781555,596.102783203125,73.32042694091797,0.9984992742538452,699.1709594726562,127.29053497314453,0.984312891960144,657.86279296875,149.02578735351562,0.9920632243156433,613.2874145507812,140.4611053466797,0.9978669285774231
748,711.6804809570312,60.149906158447266,0.9988347887992859,712.9440307617188,137.68199157714844,0.9977301955223083,693.0073852539062,99.83219146728516,0.9994603991508484,671.4047241210938,104.1639175415039,0.9954509139060974,644.10888671875,107.03971862792969,0.9986000657081604,613.2875366210938,108.8409194946289,0.998782217502594,688.2756958007812,79.15888214111328,0.9727504849433899,664.4603271484375,62.84779739379883,0.9894911050796509,596.0849609375,73.29440307617188,0.9986094236373901,701.548095703125,126.7345199584961,0.9733336567878723,657.429931640625,149.02578735351562,0.9912033081054688,619.9902954101562,140.8130645751953,0.9930233955383301
749,711.9722900390625,60.149906158447266,0.9988553524017334,713.8543701171875,138.66055297851562,0.9971945285797119,695.1688842773438,100.20782470703125,0.9994295239448547,673.1732788085938,104.1639175415039,0.9968488812446594,644.9392700195312,107.21310424804688,0.9983797073364258,615.5331420898438,108.92050170898438,0.9977484345436096,688.2756958007812,79.42107391357422,0.9689908623695374,668.6727905273438,62.84779739379883,0.9727856516838074,596.0849609375,73.1285400390625,0.9986128807067871,705.0790405273438,125.9284439086914,0.9640461206436157,657.18896484375,148.76547241210938,0.9917226433753967,625.8746337890625,141.55679321289062,0.9974072575569153
750,711.9722900390625,60.149906158447266,0.9987255930900574,715.3434448242188,139.9755859375,0.99732506275177,696.699951171875,100.31816864013672,0.9993844032287598,674.9328002929688,104.1639175415039,0.9974212646484375,646.7421875,107.21310424804688,0.9976838827133179,617.9130249023438,109.20440673828125,0.996849000453949,685.9676513671875,79.68846893310547,0.9696741104125977,673.9853515625,62.38459014892578,0.989463210105896,596.102783203125,73.1285400390625,0.9987180233001709,705.7752075195312,125.84529113769531,0.9595760703086853,657.0195922851562,148.17689514160156,0.9933417439460754,626.200439453125,144.27377319335938,0.9962356686592102
751,711.9722900390625,59.685977935791016,0.9981694221496582,716.0224609375,141.92083740234375,0.99643874168396,697.8179931640625,100.42061614990234,0.9992146492004395,676.2719116210938,104.39702606201172,0.9973084926605225,648.1558227539062,107.49314880371094,0.9982031583786011,619.4921875,109.20440673828125,0.9976805448532104,685.9676513671875,79.94985961914062,0.9809846878051758,680.0159912109375,61.74751663208008,0.9870265126228333,596.204833984375,73.1285400390625,0.9986425042152405,710.2853393554688,125.9284439086914,0.9642483592033386,656.9067993164062,148.17689514160156,0.9932483434677124,634.080810546875,144.27377319335938,0.9881597757339478
752,711.2230834960938,59.1223030090332,0.9974512457847595,716.719482421875,143.14932250976562,0.9944349527359009,699.31689453125,100.69364929199219,0.9989907145500183,677.460693359375,104.76656341552734,0.9970796704292297,649.670166015625,107.58132934570312,0.9985430240631104,621.5433959960938,109.53626251220703,0.9978604912757874,685.9676513671875,80.14269256591797,0.9849175810813904,683.9127197265625,58.81580352783203,0.9748831391334534,596.09619140625,73.23902893066406,0.9985816478729248,713.6222534179688,125.9284439086914,0.954020082950592,656.4442749023438,148.13369750976562,0.9948021173477173,634.5909423828125,144.27377319335938,0.971535325050354
753,711.2230834960938,57.26771545410156,0.9965534210205078,719.4486694335938,143.7584991455078,0.9960721731185913,699.7781982421875,100.84514617919922,0.9983116388320923,680.1243896484375,105.48173522949219,0.9972187280654907,651.2930908203125,107.42002868652344,0.9987364411354065,622.6253662109375,109.697021484375,0.997465968132019,685.4100952148438,80.64598083496094,0.9857601523399353,687.1844482421875,58.390647888183594,0.9673489332199097,596.204833984375,73.25564575195312,0.9984555244445801,717.4935302734375,126.18711853027344,0.9541856646537781,656.1082763671875,148.13369750976562,0.9948447942733765,636.1383056640625,144.27377319335938,0.9774528741836548
754,711.2230834960938,56.771453857421875,0.9949548840522766,720.1257934570312,145.24087524414062,0.996981680393219,700.9229125976562,102.19819641113281,0.9982749223709106,681.7008666992188,105.50960540771484,0.9972977042198181,652.3634643554688,107.58132934570312,0.9988095760345459,624.2355346679688,109.71694946289062,0.9969460368156433,685.4100952148438,81.53092956542969,0.9868385195732117,688.0068359375,58.390647888183594,0.9740079045295715,596.2617797851562,73.31147003173828,0.9984993934631348,717.5838012695312,126.87785339355469,0.9631891846656799,656.0662231445312,148.17718505859375,0.995172917842865,636.6884155273438,144.44691467285156,0.976446270942688
755,714.4102172851562,56.771453857421875,0.9962724447250366,720.622802734375,147.47509765625,0.9988141059875488,701.118408203125,102.48959350585938,0.9982895255088806,683.1080322265625,105.86000061035156,0.9975681900978088,653.346923828125,107.58708953857422,0.9990140199661255,624.4863891601562,110.53107452392578,0.9976505637168884,685.4100952148438,81.96024322509766,0.9885565042495728,688.5995483398438,58.390647888183594,0.9804790616035461,596.3464965820312,73.44322204589844,0.9985697269439697,718.0040893554688,126.90890502929688,0.9440644383430481,655.834228515625,148.2185516357422,0.9947896003723145,637.2525024414062,144.44691467285156,0.9830462336540222
756,718.2210693359375,56.771453857421875,0.9963040351867676,720.9450073242188,148.7059326171875,0.9986448884010315,702.0862426757812,103.13336944580078,0.998221218585968,684.3726806640625,105.8935546875,0.9969183206558228,654.3892211914062,107.69609069824219,0.9989545345306396,625.1244506835938,110.73270416259766,0.997967541217804,685.225341796875,82.59949493408203,0.9886160492897034,688.5995483398438,58.22997283935547,0.9863137006759644,596.3590087890625,73.50128936767578,0.9986118078231812,720.035888671875,126.90890502929688,0.9489802718162537,655.783447265625,148.23663330078125,0.995023250579834,637.6395263671875,145.31329345703125,0.9868097305297852
757,720.1235961914062,60.59889602661133,0.997863233089447,721.4387817382812,148.72447204589844,0.9981710910797119,702.9208374023438,103.13336944580078,0.9978389143943787,684.4866333007812,105.8935546875,0.9965232610702515,655.023193359375,107.69757080078125,0.9988467693328857,625.5719604492188,110.76910400390625,0.9982287287712097,685.225341796875,82.6850357055664,0.9828382730484009,688.5995483398438,58.08775329589844,0.9887205958366394,596.3780517578125,73.50128936767578,0.9986416697502136,721.2432250976562,127.07467651367188,0.9671385884284973,655.783447265625,148.23663330078125,0.9950563907623291,638.0760498046875,145.3446807861328,0.9864612221717834
758,723.3574829101562,60.59889602661133,0.998978853225708,723.152587890625,150.0127716064453,0.9986948370933533,703.9715576171875,103.13336944580078,0.9976204037666321,685.2380981445312,105.8935546875,0.9972347617149353,655.2301635742188,107.80355834960938,0.9984602928161621,626.1539916992188,110.85121154785156,0.9984819293022156,685.1927490234375,83.00518798828125,0.9811450839042664,689.310302734375,57.91987228393555,0.9894922971725464,596.3780517578125,73.5389175415039,0.9987483024597168,722.5492553710938,127.07523345947266,0.9702851176261902,655.80419921875,148.2185516357422,0.9956555366516113,638.2374877929688,145.45266723632812,0.9877198338508606
759,725.4480590820312,60.805179595947266,0.999255359172821,724.487060546875,150.0127716064453,0.9983654618263245,705.5181274414062,101.3876953125,0.9970418810844421,685.3688354492188,105.87670135498047,0.9973841309547424,655.9064331054688,108.49299621582031,0.9978994131088257,627.3612670898438,110.94182586669922,0.9986250400543213,685.1927490234375,83.00518798828125,0.9746666550636292,688.719482421875,57.91030502319336,0.991679847240448,596.3780517578125,73.55357360839844,0.9986705780029297,723.7012939453125,127.1817855834961,0.9613016843795776,655.80419921875,147.98756408691406,0.9963136315345764,638.3909301757812,145.58905029296875,0.9886019825935364
760,728.9180297851562,60.62822723388672,0.9983096122741699,727.1486206054688,150.03013610839844,0.9974251985549927,706.5888671875,101.3876953125,0.9963359832763672,685.5653686523438,105.40288543701172,0.9971405267715454,656.12841796875,108.63675689697266,0.9982345104217529,628.109130859375,111.24299621582031,0.998684823513031,685.1927490234375,83.09341430664062,0.9709141254425049,688.1376342773438,57.91030502319336,0.990317702293396,596.3780517578125,73.55357360839844,0.9986660480499268,723.9351806640625,127.56156158447266,0.9671531915664673,656.219482421875,147.471435546875,0.9962204098701477,638.9440307617188,145.7837371826172,0.9872515201568604
761,731.1640014648438,60.805179595947266,0.9958309531211853,728.9221801757812,150.0127716064453,0.997350811958313,707.6104736328125,101.3876953125,0.9971946477890015,686.326416015625,105.06452941894531,0.9971290230751038,656.8219604492188,108.6419906616211,0.998206615447998,629.1373901367188,111.24299621582031,0.9986440539360046,686.112060546875,83.09341430664062,0.9633103609085083,688.1376342773438,57.91030502319336,0.9909889101982117,596.3780517578125,73.55572509765625,0.9986734390258789,723.9351806640625,128.0449981689453,0.9429753422737122,656.3380126953125,147.3525848388672,0.9964333772659302,639.184326171875,145.92481994628906,0.9885135293006897
762,732.4927368164062,60.985660552978516,0.9953813552856445,729.8899536132812,149.9094696044922,0.9975957274436951,708.989990234375,101.56961822509766,0.9979233145713806,687.2890625,104.88738250732422,0.9963548183441162,657.6090698242188,108.6419906616211,0.9982439279556274,630.2105712890625,111.24299621582031,0.9984312653541565,688.3842163085938,82.82040405273438,0.9556632041931152,688.1376342773438,58.48756408691406,0.9926565289497375,596.4754638671875,73.575439453125,0.9986585378646851,723.9481201171875,128.07923889160156,0.9389336705207825,656.9315795898438,147.28976440429688,0.9962903261184692,639.3519897460938,146.01693725585938,0.9862632751464844
763,734.1489868164062,62.603233337402344,0.9959874749183655,731.2229614257812,148.8590545654297,0.9975778460502625,710.0718994140625,101.56961822509766,0.998204231262207,688.0326538085938,104.84699249267578,0.9963759779930115,658.3187255859375,108.6419906616211,0.9982026815414429,630.8258056640625,111.07310485839844,0.9981929659843445,691.589599609375,82.0835189819336,0.9779791235923767,688.0330200195312,58.48756408691406,0.9931706190109253,596.4754638671875,73.67566680908203,0.9986263513565063,723.9351806640625,128.1165313720703,0.9479219913482666,657.7916259765625,146.84080505371094,0.995749831199646,639.3519897460938,146.0878448486328,0.9905250668525696
764,736.4227905273438,62.881351470947266,0.9977733492851257,733.397705078125,148.70236206054688,0.9982163310050964,711.3318481445312,101.60697174072266,0.9981012940406799,689.4216918945312,104.45309448242188,0.9954447746276855,659.4811401367188,108.47592163085938,0.9982060194015503,631.7609252929688,110.64566802978516,0.9981557726860046,696.81689453125,80.91117858886719,0.9728358387947083,686.7928466796875,58.48756408691406,0.9937630295753479,596.6096801757812,73.97701263427734,0.9985309839248657,723.6754760742188,128.33432006835938,0.9524701833724976,659.96875,146.45823669433594,0.996250331401825,639.3519897460938,146.30841064453125,0.9904288053512573
765,738.6771850585938,63.20231246948242,0.998768150806427,735.512939453125,144.6588897705078,0.9983426332473755,712.6139526367188,101.56961822509766,0.9982492923736572,690.2513427734375,104.45309448242188,0.9959808588027954,660.5906372070312,108.34609985351562,0.9981192946434021,632.468017578125,109.5549545288086,0.9974491000175476,698.84130859375,77.22544860839844,0.9759949445724487,686.6304931640625,58.30636215209961,0.994652509689331,596.7459106445312,74.00419616699219,0.9985484480857849,723.091552734375,128.33432006835938,0.961497962474823,664.8312377929688,145.20858764648438,0.9912493228912354,639.1810913085938,147.33627319335938,0.9923938512802124
766,740.5432739257812,64.3235855102539,0.9990271329879761,739.3200073242188,142.140380859375,0.9990133047103882,713.1903076171875,101.56961822509766,0.9986334443092346,691.2410888671875,104.4124984741211,0.995398223400116,661.9830322265625,108.29605865478516,0.9974666833877563,633.5535278320312,109.5549545288086,0.9975977540016174,700.5960693359375,77.22544860839844,0.9850764870643616,686.573974609375,58.260074615478516,0.9943445920944214,597.8079223632812,74.41067504882812,0.9983285069465637,722.9791870117188,128.35580444335938,0.9593741297721863,670.4666748046875,143.86813354492188,0.976870059967041,639.1217041015625,149.54840087890625,0.9939385652542114
767,742.45849609375,65.11234283447266,0.9991012811660767,741.9577026367188,140.39903259277344,0.9991959929466248,713.4210205078125,101.60697174072266,0.9984374642372131,692.0439453125,104.36663818359375,0.9940031170845032,663.0479736328125,108.12492370605469,0.9972516894340515,634.4241943359375,109.5549545288086,0.9977776408195496,705.9497680664062,77.22544860839844,0.9922025203704834,686.583984375,58.228633880615234,0.9915910959243774,598.30908203125,75.14920043945312,0.9983982443809509,722.9791870117188,128.33432006835938,0.9722142815589905,674.3855590820312,143.59280395507812,0.9882338047027588,638.4242553710938,149.71560668945312,0.9928640127182007
768,744.5457763671875,65.11234283447266,0.9991598129272461,744.5111083984375,139.8058319091797,0.9989714622497559,714.3804321289062,102.38677215576172,0.9981106519699097,694.2645874023438,104.25257873535156,0.9923067688941956,663.2702026367188,107.571044921875,0.9974046349525452,635.572509765625,110.20025634765625,0.9980732202529907,710.8633422851562,78.37885284423828,0.988129198551178,686.583984375,57.848758697509766,0.9894408583641052,599.842529296875,76.36104583740234,0.998111367225647,722.9791870117188,128.3313751220703,0.9734984636306763,678.734619140625,143.59280395507812,0.9697743058204651,638.4242553710938,149.71560668945312,0.9932215213775635
769,745.6231689453125,65.11234283447266,0.9989124536514282,745.673583984375,138.71917724609375,0.9959567189216614,715.002685546875,102.38677215576172,0.9985149502754211,695.0594482421875,104.25257873535156,0.9940683841705322,664.5130615234375,107.51123809814453,0.9980126619338989,636.9089965820312,110.66040802001953,0.9978172779083252,715.4026489257812,78.37885284423828,0.9882255792617798,686.583984375,57.848758697509766,0.9905843734741211,600.757080078125,77.07582092285156,0.9971152544021606,722.7178955078125,128.0030975341797,0.9810398817062378,684.3279418945312,143.86813354492188,0.9859458804130554,638.3594360351562,149.71560668945312,0.9931700229644775
770,745.8666381835938,64.8711166381836,0.9981291890144348,748.8765258789062,138.65467834472656,0.9966853260993958,716.5690307617188,102.38677215576172,0.9982494115829468,695.9181518554688,104.25257873535156,0.9945191740989685,665.7915649414062,107.19490051269531,0.9985007047653198,637.906982421875,110.81877899169922,0.9976945519447327,720.5470581054688,78.48399353027344,0.9832279682159424,686.687255859375,57.848758697509766,0.9906371235847473,600.9864501953125,77.43978881835938,0.9955638647079468,722.5344848632812,127.74031066894531,0.9830917716026306,690.4476318359375,145.4344940185547,0.9793341159820557,638.2303466796875,149.60707092285156,0.9930198788642883
771,746.4200439453125,63.603065490722656,0.997492790222168,752.3336181640625,138.17701721191406,0.9990212917327881,717.959716796875,100.91545104980469,0.9980142116546631,697.2683715820312,104.25257873535156,0.9939872026443481,667.4318237304688,107.19490051269531,0.9987970590591431,639.56396484375,110.90660095214844,0.9977329969406128,723.9682006835938,78.774169921875,0.9892745614051819,686.9188842773438,58.46318435668945,0.9905897378921509,603.1762084960938,77.9975357055664,0.9956523776054382,721.15234375,127.39555358886719,0.9808213710784912,695.7808837890625,145.4344940185547,0.9831739068031311,637.998779296875,149.60707092285156,0.9944413304328918
772,748.2754516601562,63.603065490722656,0.998153030872345,754.032470703125,135.17315673828125,0.9989957213401794,719.439697265625,100.62598419189453,0.9991482496261597,699.3626708984375,104.25257873535156,0.994320273399353,669.3443603515625,107.19490051269531,0.9987769722938538,640.9979248046875,111.14979553222656,0.9977489113807678,728.0166015625,79.22537231445312,0.9901577830314636,686.9188842773438,58.65338897705078,0.9909522533416748,604.671142578125,78.0150146484375,0.9935085773468018,719.1837158203125,127.32121276855469,0.9836942553520203,697.4470825195312,145.4344940185547,0.983376681804657,638.3594360351562,149.60707092285156,0.9946355223655701
773,750.2410278320312,63.603065490722656,0.9980987906455994,756.9967651367188,133.52345275878906,0.9989405274391174,721.1920776367188,100.62598419189453,0.9995321035385132,700.754638671875,104.55842590332031,0.9930534958839417,671.0072021484375,107.3035659790039,0.9977816939353943,641.1813354492188,111.34880065917969,0.9988011121749878,730.8072509765625,81.16326141357422,0.9893553853034973,686.9188842773438,58.80302047729492,0.9911496639251709,607.1181640625,80.27967834472656,0.9910139441490173,718.701416015625,127.32121276855469,0.9783931970596313,699.9761962890625,142.93772888183594,0.975575864315033,638.3594360351562,150.10617065429688,0.99481600522995
774,751.96875,64.47274780273438,0.9959587454795837,758.8189086914062,132.82022094726562,0.9986005425453186,722.9661254882812,100.62598419189453,0.9995526671409607,702.725830078125,104.55842590332031,0.995203971862793,672.5556030273438,107.64917755126953,0.9962247610092163,641.7660522460938,111.94849395751953,0.9992386102676392,732.6575317382812,81.98001861572266,0.9854333996772766,686.6290283203125,59.2917366027832,0.9919580221176147,624.7272338867188,80.61083984375,0.9953972697257996,718.2537231445312,127.32121276855469,0.9827690720558167,701.6524047851562,142.505615234375,0.9833193421363831,638.7254638671875,150.29249572753906,0.99457848072052
775,753.2933349609375,64.52046203613281,0.996493399143219,760.1951904296875,130.40371704101562,0.9967734217643738,724.8901977539062,100.83795166015625,0.999574601650238,704.7210083007812,104.55842590332031,0.9958635568618774,672.7604370117188,108.70039367675781,0.9972405433654785,643.0943603515625,111.9993667602539,0.9994712471961975,733.9111328125,83.32085418701172,0.9751391410827637,686.6290283203125,59.753936767578125,0.9903789758682251,631.047119140625,81.08185577392578,0.9954860806465149,718.1079711914062,127.39555358886719,0.9865913987159729,708.808837890625,142.505615234375,0.9736661314964294,639.4866943359375,150.50625610351562,0.9958499670028687
776,753.9682006835938,64.52046203613281,0.9971729516983032,760.3353881835938,126.84461975097656,0.9955171942710876,726.73046875,101.2710952758789,0.9994580149650574,706.7413330078125,105.08795928955078,0.996458113193512,675.2383422851562,108.70039367675781,0.9963893890380859,645.0973510742188,112.7435531616211,0.9995947480201721,733.9957885742188,83.71202087402344,0.9750702977180481,686.6158447265625,60.459205627441406,0.9901500940322876,639.1642456054688,81.08185577392578,0.9957292675971985,717.4398803710938,127.28890228271484,0.9833402037620544,712.4547729492188,142.93772888183594,0.9820063710212708,639.94189453125,150.53318786621094,0.9967155456542969
777,756.51416015625,64.47274780273438,0.9979922771453857,761.4343872070312,126.65353393554688,0.9941239953041077,728.2301635742188,102.90755462646484,0.9991645812988281,709.0298461914062,105.7120590209961,0.99662184715271,678.0093994140625,108.70039367675781,0.9962116479873657,648.0958251953125,112.77822875976562,0.9989650249481201,736.2849731445312,83.71202087402344,0.9761525392532349,686.6158447265625,60.87565231323242,0.9917184114456177,642.4842529296875,81.24066925048828,0.9969161748886108,716.4698486328125,127.28890228271484,0.9863344430923462,715.9969482421875,143.5604248046875,0.989837646484375,640.3092041015625,150.68406677246094,0.9967347979545593
778,758.283935546875,63.96392822265625,0.9982728958129883,762.05419921875,124.89324188232422,0.993303120136261,731.0039672851562,103.03055572509766,0.9991497993469238,711.5435180664062,105.7120590209961,0.9959075450897217,680.494873046875,108.0866470336914,0.9971177577972412,650.0707397460938,112.95372009277344,0.9989540576934814,737.2753295898438,83.71202087402344,0.9744983911514282,686.7055053710938,61.075103759765625,0.993301272392273,646.2950439453125,81.24066925048828,0.9904574155807495,716.4698486328125,127.03402709960938,0.9840477108955383,717.7726440429688,144.71493530273438,0.9947716593742371,640.4339599609375,150.68406677246094,0.996529757976532
779,760.2794799804688,63.36398696899414,0.9974870681762695,762.80712890625,124.89324188232422,0.9928284287452698,733.187255859375,103.03055572509766,0.9990680813789368,713.5285034179688,105.89514923095703,0.9961231350898743,683.2286376953125,108.0866470336914,0.9984427094459534,652.676025390625,113.10877990722656,0.9986536502838135,740.2845458984375,82.83184814453125,0.9920847415924072,687.0652465820312,61.075103759765625,0.9937531352043152,653.4183349609375,81.24066925048828,0.9833399057388306,716.4698486328125,126.33841705322266,0.9805489182472229,719.328369140625,144.77442932128906,0.9962860345840454,640.4339599609375,150.68406677246094,0.9964627623558044
780,761.7437744140625,63.011192321777344,0.9960035681724548,765.6823120117188,124.89324188232422,0.9936216473579407,735.3627319335938,103.03055572509766,0.998537540435791,715.4287109375,105.7120590209961,0.9968048334121704,685.4785766601562,108.02468872070312,0.998623251914978,655.294677734375,112.95372009277344,0.9981316924095154,743.7422485351562,82.056884765625,0.9937061667442322,687.078857421875,61.075103759765625,0.9944297671318054,658.9685668945312,80.85147857666016,0.9873219132423401,717.238525390625,126.20228576660156,0.980087399482727,719.328369140625,145.1182861328125,0.9968574047088623,640.4339599609375,150.5400848388672,0.9961532950401306
781,762.7769775390625,61.22003936767578,0.9964130520820618,771.9495239257812,126.77957153320312,0.9968098998069763,735.9789428710938,101.85792541503906,0.9991408586502075,717.830322265625,105.63648986816406,0.9966763257980347,686.4940185546875,108.02468872070312,0.9980906844139099,656.0350952148438,112.95372009277344,0.9984073042869568,746.3897705078125,81.26456451416016,0.9934659600257874,687.3125610351562,60.881771087646484,0.9946327209472656,660.6968383789062,80.08557891845703,0.9921981692314148,718.5001220703125,125.83149719238281,0.9746399521827698,719.328369140625,145.57823181152344,0.9971211552619934,640.0715942382812,150.5400848388672,0.9962679743766785
782,763.2969360351562,61.22003936767578,0.9962992072105408,774.8997802734375,128.09230041503906,0.9978668093681335,737.8235473632812,101.75083923339844,0.9993658661842346,718.6365356445312,104.95972442626953,0.9965670108795166,688.0684204101562,108.02468872070312,0.9973809123039246,657.5452880859375,112.18257904052734,0.9990925788879395,748.1426391601562,81.01359558105469,0.9929236173629761,687.3125610351562,60.881771087646484,0.9950666427612305,662.2236938476562,78.48921966552734,0.9964893460273743,719.4248657226562,125.40557861328125,0.9706771969795227,718.9105834960938,145.72018432617188,0.9975239634513855,640.0145263671875,150.43814086914062,0.9959800243377686
783,763.51953125,61.22003936767578,0.9962762594223022,776.80908203125,128.09230041503906,0.9971669316291809,739.0740356445312,101.68305206298828,0.9994358420372009,718.8869018554688,102.7645034790039,0.9970667958259583,688.1258544921875,108.11924743652344,0.9977733492851257,658.826171875,112.16616821289062,0.9991703033447266,748.2042846679688,80.95738220214844,0.993441104888916,687.3125610351562,60.881771087646484,0.9952465891838074,662.3140258789062,77.89071655273438,0.9975595474243164,721.6180419921875,125.32848358154297,0.9745073318481445,718.7877807617188,145.77308654785156,0.9975473284721375,639.5192260742188,150.37086486816406,0.9956386685371399
784,764.1444702148438,61.37028884887695,0.9969635605812073,777.5307006835938,128.09230041503906,0.9969632029533386,740.1242065429688,101.54586791992188,0.9994310736656189,721.1400146484375,102.7645034790039,0.9966760873794556,689.3826904296875,108.1739730834961,0.9976270794868469,660.2678833007812,111.34683227539062,0.9992716908454895,750.3394775390625,80.41632080078125,0.9920835494995117,687.2774047851562,60.926429748535156,0.9953675270080566,662.7613525390625,77.16720581054688,0.9976412057876587,724.3956909179688,125.32848358154297,0.9698226451873779,718.6104125976562,145.77308654785156,0.9979022741317749,639.5192260742188,147.40606689453125,0.9955339431762695
785,764.1444702148438,61.37028884887695,0.9971838593482971,777.5586547851562,130.06874084472656,0.9957916736602783,742.0281982421875,101.54586791992188,0.9995397329330444,722.740478515625,104.27914428710938,0.9971339702606201,691.1985473632812,108.26605224609375,0.9970945119857788,662.327880859375,110.96124267578125,0.9989953637123108,750.3613891601562,79.41149139404297,0.9925515651702881,687.2774047851562,60.99655532836914,0.9955442547798157,663.579833984375,76.27522277832031,0.9975259900093079,727.5250244140625,125.32848358154297,0.9527519941329956,718.55419921875,145.77308654785156,0.9979896545410156,639.9273071289062,147.39605712890625,0.9951609969139099
786,765.0645141601562,61.37028884887695,0.9964904189109802,779.5545043945312,130.06874084472656,0.9959672689437866,743.340087890625,101.54586791992188,0.999535083770752,724.015380859375,104.27914428710938,0.9969595670700073,692.748046875,109.18766784667969,0.9969915151596069,664.5121459960938,110.47490692138672,0.9987106323242188,750.4275512695312,78.83847045898438,0.9945270419120789,687.2774047851562,61.053077697753906,0.9952837824821472,665.0817260742188,74.86809539794922,0.997333288192749,733.5517578125,126.24993133544922,0.9754527807235718,717.876708984375,146.38265991210938,0.9974961876869202,640.0145263671875,147.29730224609375,0.994807779788971
787,766.7418823242188,61.307220458984375,0.9969719648361206,784.2872924804688,130.06874084472656,0.9979427456855774,745.4784545898438,102.57173156738281,0.9991143345832825,725.5142822265625,105.81717681884766,0.9973735809326172,694.23388671875,109.62007904052734,0.9961200952529907,665.04736328125,110.03093719482422,0.9981220364570618,750.4275512695312,78.53156280517578,0.9926614761352539,687.3958740234375,61.28245544433594,0.9953208565711975,665.8443603515625,74.50048065185547,0.9970690608024597,733.9502563476562,126.24993133544922,0.9722706079483032,717.7716064453125,147.4191131591797,0.9973129630088806,640.0430908203125,147.29730224609375,0.9943956136703491
788,766.7418823242188,60.85417175292969,0.9978142976760864,786.0447998046875,131.15481567382812,0.9989489912986755,746.3787841796875,103.25851440429688,0.9989092350006104,726.6984252929688,106.50798797607422,0.9972593784332275,694.6041870117188,109.62340545654297,0.9963345527648926,666.097412109375,110.03093719482422,0.9983910918235779,750.4275512695312,78.4249038696289,0.9931128621101379,687.4299926757812,61.590797424316406,0.9949657320976257,665.8443603515625,74.50048065185547,0.9969921112060547,736.0272216796875,126.24993133544922,0.9859312772750854,717.3017578125,147.9737091064453,0.9959744811058044,640.139404296875,147.29730224609375,0.9933727979660034
789,766.7418823242188,60.62527847290039,0.9969643950462341,787.6005249023438,131.53782653808594,0.9991511106491089,747.2647094726562,103.25851440429688,0.9991544485092163,727.0880126953125,106.50798797607422,0.9956687688827515,696.0936889648438,109.62340545654297,0.9978300929069519,668.1836547851562,110.03093719482422,0.9987854361534119,750.4275512695312,78.4249038696289,0.9952477812767029,687.4563598632812,62.52629470825195,0.9928653240203857,665.8443603515625,74.50048065185547,0.9971868395805359,737.80322265625,126.70372772216797,0.9852074384689331,717.2738037109375,148.3512725830078,0.9955167174339294,640.442138671875,147.29730224609375,0.991771399974823
790,766.540283203125,60.62527847290039,0.9957764744758606,787.6005249023438,131.9141845703125,0.9993714690208435,749.1975708007812,103.36044311523438,0.9992151260375977,728.878173828125,106.68370056152344,0.9953161478042603,697.6738891601562,109.62007904052734,0.9982840418815613,669.46533203125,110.43338012695312,0.9987202882766724,750.2125854492188,78.4249038696289,0.9943532943725586,687.92529296875,64.04106140136719,0.9951266050338745,665.5164184570312,74.9818344116211,0.9978607296943665,741.16796875,126.70372772216797,0.9863161444664001,717.2127075195312,148.76683044433594,0.9952687621116638,640.6603393554688,147.95542907714844,0.9919363260269165
791,766.540283203125,58.587467193603516,0.993977427482605,787.6005249023438,132.74534606933594,0.999416708946228,750.6668701171875,103.25851440429688,0.9989182949066162,729.39599609375,106.71847534179688,0.9962223768234253,699.7352294921875,109.5925521850586,0.998594343662262,671.5635375976562,110.51210021972656,0.9987316727638245,750.1969604492188,78.4249038696289,0.9943265318870544,692.1385498046875,69.39803314208984,0.9967317581176758,665.5164184570312,75.33312225341797,0.998054027557373,747.7826538085938,126.70372772216797,0.9666392207145691,717.2127075195312,148.76683044433594,0.9951093792915344,640.800048828125,147.95542907714844,0.9928775429725647
792,766.540283203125,58.17314147949219,0.9941828846931458,788.0610961914062,134.12278747558594,0.9993849992752075,751.5123291015625,102.78564453125,0.9986180067062378,730.4878540039062,106.50798797607422,0.9955240488052368,701.4180297851562,109.55479431152344,0.9987146854400635,672.1525268554688,111.21651458740234,0.9983178377151489,750.1969604492188,78.38195037841797,0.9937212467193604,698.563720703125,69.39803314208984,0.9918444752693176,665.5164184570312,75.33312225341797,0.9979032278060913,755.6974487304688,126.70372772216797,0.981313943862915,717.2127075195312,148.76683044433594,0.9947559833526611,643.5075073242188,147.95542907714844,0.9940940737724304
793,767.4483032226562,56.47283935546875,0.9953237175941467,787.7694091796875,138.17140197753906,0.9988490343093872,752.5953979492188,101.36013793945312,0.9983224272727966,732.3551025390625,106.28446960449219,0.9941699504852295,703.63671875,109.50963592529297,0.9976110458374023,673.541259765625,111.79026794433594,0.9986236095428467,747.16943359375,78.43843078613281,0.9963055849075317,708.0030517578125,69.39803314208984,0.9884157180786133,665.4541625976562,75.66886901855469,0.9972314238548279,759.8321533203125,127.22032928466797,0.9812549352645874,717.2366333007812,148.1791229248047,0.9948996901512146,651.4395141601562,147.09156799316406,0.9857324957847595
794,769.3350830078125,55.34797286987305,0.9972566962242126,787.5594482421875,139.80014038085938,0.9982448816299438,752.8148193359375,100.45809936523438,0.9980250597000122,732.7501220703125,104.75811004638672,0.9943382143974304,703.9232788085938,109.50963592529297,0.9977352619171143,674.76025390625,112.39198303222656,0.9989866614341736,746.4034423828125,78.43843078613281,0.9956169128417969,712.823486328125,68.427978515625,0.9654582738876343,665.4541625976562,76.26152038574219,0.997316300868988,764.3484497070312,127.22032928466797,0.9800906777381897,717.6113891601562,147.6192169189453,0.9951823353767395,655.4423217773438,146.79408264160156,0.9923656582832336
795,771.2117309570312,55.10219955444336,0.9974779486656189,786.8541870117188,139.9172821044922,0.9985526204109192,754.1742553710938,100.45809936523438,0.9983188509941101,734.0588989257812,104.490478515625,0.9965546131134033,705.6220092773438,109.50963592529297,0.9984526634216309,675.774169921875,112.77420043945312,0.9990432858467102,746.0460815429688,79.57008361816406,0.9897549748420715,719.2147216796875,67.56748962402344,0.9928511381149292,665.4686889648438,76.35855865478516,0.9974485039710999,766.5274658203125,125.68710327148438,0.964725911617279,717.6113891601562,147.00941467285156,0.9960330128669739,663.39013671875,145.33697509765625,0.9943968057632446
796,773.2297973632812,55.10151290893555,0.9979402422904968,786.8541870117188,140.82391357421875,0.9986799359321594,756.2095336914062,100.45809936523438,0.9984681010246277,736.1149291992188,104.490478515625,0.9970329999923706,707.9666748046875,109.42867279052734,0.9983136653900146,677.0880126953125,112.77420043945312,0.9987552165985107,746.0335083007812,80.3443832397461,0.9879217743873596,726.11865234375,65.6436538696289,0.9894117712974548,665.398193359375,76.38558197021484,0.9973880648612976,770.6989135742188,125.68710327148438,0.9747275710105896,717.6113891601562,146.75770568847656,0.9962812066078186,671.7111206054688,145.33697509765625,0.9956879019737244
797,775.3369140625,54.711265563964844,0.9975157976150513,782.46435546875,141.47552490234375,0.9966452717781067,758.866943359375,100.65664672851562,0.9985535740852356,738.1649169921875,104.490478515625,0.9979629516601562,709.870361328125,109.38370513916016,0.9980778694152832,679.3718872070312,112.77420043945312,0.9974919557571411,745.2805786132812,80.69276428222656,0.9894888997077942,730.5349731445312,65.60956573486328,0.9796687960624695,665.398193359375,76.4361343383789,0.9971875548362732,770.7247924804688,126.31119537353516,0.975925862789154,717.6012573242188,146.6280059814453,0.9963924288749695,678.764892578125,145.33697509765625,0.9942797422409058
798,777.3223266601562,54.63539123535156,0.9952192902565002,782.46435546875,144.49134826660156,0.9953479170799255,761.3544311523438,100.69178009033203,0.9983320832252502,740.2593383789062,105.00434875488281,0.9975702166557312,710.4996337890625,109.11469268798828,0.997847318649292,681.6005859375,111.79490661621094,0.9964770674705505,745.2805786132812,80.92349243164062,0.9890724420547485,735.1630249023438,63.133056640625,0.9882376790046692,665.4273681640625,76.41761016845703,0.9973129630088806,773.4578857421875,126.31119537353516,0.9700208306312561,717.6012573242188,146.33848571777344,0.9966294169425964,682.6885375976562,145.33697509765625,0.9861278533935547
799,778.475341796875,54.63539123535156,0.996498703956604,782.46435546875,144.49134826660156,0.9966380596160889,761.8447875976562,100.76497650146484,0.9980438947677612,742.562744140625,105.95954132080078,0.9969674944877625,712.6423950195312,108.81021881103516,0.99874347448349,683.9088134765625,111.09577941894531,0.9973312616348267,744.8978881835938,81.40534973144531,0.9864016175270081,742.1001586914062,61.578392028808594,0.9967183470726013,665.4466552734375,76.38558197021484,0.9975042939186096,777.04638671875,127.28990936279297,0.9623766541481018,717.5289916992188,146.17654418945312,0.997454822063446,687.7176513671875,145.80856323242188,0.9939613938331604
800,782.0949096679688,54.711265563964844,0.9967922568321228,787.3477783203125,144.49134826660156,0.9990124702453613,763.7632446289062,101.6583480834961,0.9977114200592041,744.6649780273438,105.95954132080078,0.997575581073761,714.5115966796875,108.44412231445312,0.9990158081054688,685.5328979492188,110.61358642578125,0.9977104663848877,745.2288208007812,81.40534973144531,0.9843822121620178,746.1493530273438,59.43405532836914,0.9928674697875977,665.4466552734375,76.38558197021484,0.9973416924476624,778.7169799804688,127.28990936279297,0.9565243124961853,716.9376831054688,145.97218322753906,0.9977684020996094,692.44091796875,145.80856323242188,0.994408130645752
801,783.4423217773438,59.39392852783203,0.9965356588363647,789.7845458984375,144.08843994140625,0.9986832737922668,764.8596801757812,102.49454498291016,0.9983057975769043,747.3995971679688,105.95954132080078,0.9977027773857117,716.6664428710938,108.08647155761719,0.9990645051002502,687.5433959960938,110.31444549560547,0.9971488118171692,745.2805786132812,82.94932556152344,0.9697253108024597,751.5270385742188,56.771820068359375,0.9935349225997925,665.7184448242188,76.41761016845703,0.9968194961547852,784.0990600585938,127.28990936279297,0.9732059240341187,716.9766845703125,145.7906951904297,0.9972027540206909,697.9959106445312,145.80856323242188,0.985444962978363
802,785.0916748046875,60.770599365234375,0.997638463973999,791.1282958984375,144.08843994140625,0.9974321722984314,767.311279296875,102.49454498291016,0.9979389309883118,747.8568115234375,104.92845153808594,0.9970605969429016,718.5498046875,107.95223236083984,0.9988582134246826,688.35546875,110.15740203857422,0.9978452920913696,745.5205078125,82.94932556152344,0.9763056039810181,751.5270385742188,56.74617385864258,0.9936390519142151,665.8327026367188,76.41761016845703,0.9967665672302246,785.8834228515625,125.49188232421875,0.9669937491416931,716.9766845703125,145.76174926757812,0.9968863129615784,698.841552734375,144.8675994873047,0.9833190441131592
803,791.8434448242188,60.85243606567383,0.9972777962684631,791.1282958984375,144.08843994140625,0.9954944849014282,769.2828369140625,102.49454498291016,0.9963772892951965,749.2714233398438,104.29828643798828,0.997319757938385,719.3309326171875,107.5445327758789,0.9986547231674194,689.2411499023438,109.97400665283203,0.9984124898910522,745.5205078125,82.94932556152344,0.9804660677909851,751.5270385742188,56.16013717651367,0.9938393235206604,666.2069702148438,76.67648315429688,0.996751070022583,788.8154907226562,125.25759887695312,0.9761697053909302,716.9766845703125,145.7570037841797,0.9968330264091492,698.8482055664062,144.47662353515625,0.9870337247848511
804,793.83984375,61.6335334777832,0.9936815500259399,791.1282958984375,145.61880493164062,0.9961450099945068,773.0095825195312,101.05223083496094,0.9975695013999939,750.8826293945312,104.29828643798828,0.9976781010627747,721.4246826171875,107.3860855102539,0.9990869760513306,690.25146484375,109.97400665283203,0.9987200498580933,747.0347900390625,82.12316131591797,0.970146656036377,751.3997192382812,55.6815071105957,0.995466947555542,666.2069702148438,76.67648315429688,0.99676114320755,790.383544921875,125.1479263305664,0.969578742980957,717.6296997070312,145.57681274414062,0.9966889023780823,698.9816284179688,144.47662353515625,0.9898834824562073
805,798.0736083984375,63.546600341796875,0.9958989024162292,791.1282958984375,148.8965606689453,0.9930930137634277,774.5999145507812,101.05223083496094,0.9976021647453308,751.989501953125,104.29828643798828,0.9972766041755676,722.8922729492188,107.5445327758789,0.999153733253479,691.9771118164062,109.77449035644531,0.9987605810165405,747.72314453125,82.10661315917969,0.9569464325904846,750.986328125,55.670372009277344,0.9938953518867493,666.2069702148438,76.67648315429688,0.9965662360191345,792.8493041992188,125.0944595336914,0.967606246471405,717.6671142578125,145.5373077392578,0.9960020184516907,698.9816284179688,144.47662353515625,0.9902556538581848
806,800.9903564453125,66.08588409423828,0.9973583817481995,791.0687866210938,149.63352966308594,0.9892371296882629,776.4013671875,101.05223083496094,0.9975054860115051,753.7005615234375,104.33831024169922,0.9969026446342468,724.2734375,107.5445327758789,0.9991248250007629,694.3711547851562,109.76445007324219,0.9983518123626709,750.7586669921875,82.10295867919922,0.9301730990409851,750.03173828125,55.670372009277344,0.9932311773300171,665.7257690429688,76.00079345703125,0.9965227842330933,794.929931640625,123.20853424072266,0.9726158976554871,717.6671142578125,145.31202697753906,0.9941065311431885,699.4899291992188,144.9400177001953,0.993518054485321
807,806.5556030273438,67.09246826171875,0.9989765882492065,791.0687866210938,150.21080017089844,0.9880608320236206,776.6244506835938,102.87432098388672,0.9977372884750366,755.3491821289062,104.94799041748047,0.9962335228919983,726.0393676757812,107.62369537353516,0.9988352656364441,696.3719482421875,109.76445007324219,0.9975919723510742,751.9449462890625,82.10295867919922,0.8971160054206848,749.7295532226562,55.670372009277344,0.9922094345092773,665.7257690429688,76.00079345703125,0.99665367603302,795.2127685546875,123.20853424072266,0.9691776633262634,717.6296997070312,144.9816131591797,0.9925518035888672,699.8336791992188,145.05657958984375,0.9943925738334656
808,808.0671997070312,68.42839050292969,0.9986314177513123,791.2243041992188,150.38136291503906,0.9869259595870972,777.341552734375,103.78134155273438,0.9981912970542908,756.6284790039062,105.71907043457031,0.9959520101547241,726.9514770507812,107.72480010986328,0.9980877041816711,698.001953125,109.77449035644531,0.9975184202194214,752.5315551757812,82.12316131591797,0.8722385764122009,749.7295532226562,55.78875732421875,0.9903850555419922,665.63427734375,76.00079345703125,0.996697187423706,795.3201293945312,123.20853424072266,0.9664686918258667,717.6671142578125,144.9816131591797,0.9946809411048889,699.8336791992188,145.29104614257812,0.9930294156074524
809,808.2944946289062,69.59801483154297,0.9978798627853394,791.3956298828125,150.673583984375,0.9848372340202332,777.7272338867188,103.87406158447266,0.9983718991279602,757.4107055664062,106.05094146728516,0.9957095384597778,727.4692993164062,108.1185531616211,0.9976599216461182,699.3604736328125,110.28123474121094,0.9974258542060852,753.573486328125,82.25435638427734,0.9002774357795715,749.7295532226562,56.065269470214844,0.9901522994041443,665.5797729492188,76.19457244873047,0.9970507621765137,796.1568603515625,123.70960998535156,0.9710918664932251,717.6671142578125,144.9816131591797,0.9919022917747498,699.8336791992188,145.5089111328125,0.9936663508415222
810,808.4869384765625,70.63584899902344,0.9973106384277344,792.581298828125,151.14300537109375,0.9858685731887817,777.9122924804688,104.17881774902344,0.9982049465179443,758.1203002929688,106.67085266113281,0.9957642555236816,727.5531005859375,108.21914672851562,0.997702419757843,700.1651000976562,111.3968505859375,0.9969772100448608,753.6395874023438,82.25435638427734,0.9541670083999634,750.0319213867188,56.217010498046875,0.9924430251121521,665.5797729492188,76.2195816040039,0.996768593788147,797.159423828125,124.02194213867188,0.97386634349823,717.791015625,145.38662719726562,0.9928300976753235,699.873046875,145.88304138183594,0.9943747520446777
811,808.648193359375,70.64603424072266,0.9973413348197937,793.306640625,151.85475158691406,0.9909917116165161,778.123046875,104.30976867675781,0.9979674220085144,758.5341186523438,106.67271423339844,0.994200587272644,729.0458374023438,108.72252655029297,0.9981234669685364,701.3760986328125,111.9598388671875,0.9968861937522888,756.0130004882812,82.5997314453125,0.9712308049201965,750.5521850585938,56.319915771484375,0.992926299571991,665.730224609375,76.2195816040039,0.9968100190162659,797.8633422851562,124.2720718383789,0.9732275009155273,718.30126953125,145.38662719726562,0.9941278696060181,699.7555541992188,146.1229705810547,0.994510293006897
812,808.648193359375,70.97122955322266,0.9980601668357849,793.306640625,152.54591369628906,0.9924147725105286,778.5615844726562,104.48806762695312,0.9967729449272156,759.3085327148438,107.05321502685547,0.9935732483863831,730.2771606445312,109.14240264892578,0.9982861876487732,702.2540283203125,112.81864166259766,0.9967154264450073,758.2094116210938,82.5997314453125,0.9755586981773376,750.5521850585938,56.319915771484375,0.9939733147621155,665.730224609375,76.21150970458984,0.9970176219940186,797.9861450195312,124.56553649902344,0.9650304317474365,718.3848266601562,145.38662719726562,0.9915505647659302,699.7555541992188,146.2294921875,0.9947813153266907
813,809.1942749023438,71.2240982055664,0.9971091151237488,793.306640625,153.16896057128906,0.9919102787971497,779.9024047851562,104.73271942138672,0.9960246086120605,761.5215454101562,108.49861907958984,0.9945051074028015,731.6340942382812,109.14240264892578,0.9982024431228638,702.56982421875,112.87799835205078,0.9961323738098145,760.671875,82.25435638427734,0.9762453436851501,750.5521850585938,56.319915771484375,0.992504358291626,665.730224609375,76.2210922241211,0.9968089461326599,798.8837280273438,125.4642562866211,0.960331916809082,718.3848266601562,145.3148193359375,0.9894276261329651,699.8367919921875,146.2294921875,0.9956135749816895
814,809.7432861328125,72.1202163696289,0.9925386309623718,793.1761474609375,153.521728515625,0.9888659119606018,780.9890747070312,105.0125732421875,0.9952288866043091,763.2593383789062,108.68832397460938,0.9941005110740662,732.65283203125,109.14240264892578,0.998288094997406,702.77099609375,112.87799835205078,0.9959172606468201,762.2337036132812,82.50017547607422,0.9627929329872131,750.4509887695312,56.156883239746094,0.9922974705696106,665.730224609375,76.26556396484375,0.9967257976531982,799.4181518554688,125.9157485961914,0.9574719667434692,718.3848266601562,145.2279510498047,0.9899098873138428,699.8367919921875,146.2294921875,0.9956870675086975
815,810.2351684570312,76.43124389648438,0.9913183450698853,793.0671997070312,153.5476837158203,0.9792070388793945,781.2146606445312,105.23835754394531,0.9964362382888794,764.104248046875,108.68832397460938,0.9941864013671875,733.0345458984375,109.1551513671875,0.9982916712760925,703.3426513671875,112.87799835205078,0.9966837763786316,763.239990234375,82.50017547607422,0.958006739616394,750.16552734375,55.75490188598633,0.9926289319992065,666.2447509765625,76.3449478149414,0.9968454241752625,799.4441528320312,126.11647033691406,0.9645547270774841,718.4308471679688,145.1133575439453,0.9899925589561462,699.7409057617188,145.93667602539062,0.9959262609481812
816,817.6603393554688,77.39348602294922,0.9961491823196411,791.9107055664062,155.63392639160156,0.9828956127166748,782.2715454101562,105.70005798339844,0.9976250529289246,764.1045532226562,108.69783782958984,0.9950984120368958,733.4019775390625,109.17219543457031,0.9982903599739075,703.9177856445312,112.68317413330078,0.9968900084495544,767.9083251953125,82.50017547607422,0.9645485281944275,749.388427734375,55.446475982666016,0.9920458793640137,665.8447875976562,76.7034912109375,0.9970815777778625,799.6409301757812,126.3741226196289,0.9625658988952637,720.8069458007812,145.1133575439453,0.995998740196228,699.5841064453125,145.87838745117188,0.9969820380210876
817,818.84814453125,77.39348602294922,0.9966346621513367,791.9107055664062,155.7090301513672,0.987467348575592,783.3946533203125,106.10731506347656,0.9980636239051819,764.94482421875,108.83616638183594,0.9966014623641968,734.2440185546875,109.26347351074219,0.9983661770820618,704.0693359375,112.68317413330078,0.9968074560165405,772.1166381835938,82.50017547607422,0.9783720374107361,749.3343505859375,55.446475982666016,0.9936810731887817,665.8447875976562,76.79690551757812,0.9965959191322327,799.6409301757812,126.98538208007812,0.9580700993537903,725.476806640625,145.1133575439453,0.9972385168075562,699.5519409179688,145.84197998046875,0.9970309734344482
818,819.93798828125,77.39348602294922,0.9967505931854248,792.4322509765625,156.0163116455078,0.9891567230224609,783.9071044921875,106.61599731445312,0.9986456036567688,764.98193359375,108.99356079101562,0.9970920085906982,734.5464477539062,109.32984161376953,0.9984960556030273,704.4361572265625,112.68317413330078,0.9964095950126648,775.4733276367188,82.70755767822266,0.9779154062271118,749.1970825195312,55.446475982666016,0.9926987290382385,666.156494140625,77.60035705566406,0.9968740940093994,799.4441528320312,127.80763244628906,0.9564732313156128,728.1307983398438,146.0028076171875,0.995364785194397,699.4249877929688,145.84197998046875,0.9966039657592773
819,820.3009033203125,76.76251220703125,0.9960659146308899,792.4322509765625,155.7090301513672,0.9904863238334656,784.17529296875,107.7187728881836,0.9988829493522644,765.02783203125,109.13280487060547,0.9972043633460999,734.78173828125,109.47501373291016,0.9986039996147156,704.572265625,112.91781616210938,0.9967992305755615,775.5938110351562,82.74027252197266,0.9768150448799133,749.1970825195312,56.50220489501953,0.9890908598899841,666.2447509765625,77.8591079711914,0.9964273571968079,799.335693359375,128.8357696533203,0.945950448513031,734.8012084960938,146.2440948486328,0.9938275218009949,699.315673828125,145.84197998046875,0.9961966276168823
820,821.388916015625,76.7278060913086,0.9971434473991394,792.5965576171875,155.63392639160156,0.9925272464752197,784.636474609375,107.92658233642578,0.9987132549285889,765.1721801757812,109.17638397216797,0.9971135854721069,735.2635498046875,109.86712646484375,0.9985645413398743,704.572265625,113.38695526123047,0.9969063401222229,780.7488403320312,83.47677612304688,0.9842855334281921,749.1970825195312,56.663734436035156,0.9883769154548645,666.9358520507812,78.32942962646484,0.9973205924034119,799.335693359375,130.0493621826172,0.9417631030082703,738.4224853515625,146.6456756591797,0.9951221346855164,699.1532592773438,146.062744140625,0.9959161877632141
821,823.8871459960938,76.18480682373047,0.9944341778755188,792.5965576171875,155.6032257080078,0.9917638301849365,785.05078125,108.31204223632812,0.9988395571708679,765.1721801757812,109.78286743164062,0.9969499707221985,735.564208984375,110.46561431884766,0.9980199337005615,704.9110107421875,113.48603820800781,0.9971632361412048,781.3754272460938,83.47677612304688,0.9849183559417725,749.8275146484375,57.0139045715332,0.9880236387252808,668.9214477539062,78.95762634277344,0.9978426694869995,799.335693359375,130.5188446044922,0.941650927066803,742.7378540039062,153.22402954101562,0.9859490394592285,699.1148071289062,146.1597137451172,0.9954087138175964
822,825.1172485351562,71.8900375366211,0.9958707690238953,792.693359375,154.2637481689453,0.9850760102272034,785.0728759765625,108.81503295898438,0.9990084767341614,765.2066650390625,109.8465576171875,0.9970198273658752,736.0941772460938,110.69579315185547,0.9976321458816528,705.4555053710938,113.80858612060547,0.9977858066558838,781.610595703125,83.0119400024414,0.9880375862121582,749.8380126953125,57.12862777709961,0.9879111051559448,669.9696655273438,80.62327575683594,0.9981017708778381,799.7086791992188,130.76052856445312,0.9445552825927734,745.2423095703125,157.334716796875,0.9875503182411194,699.0791015625,146.20433044433594,0.9954238533973694
823,826.1554565429688,71.70264434814453,0.9957078695297241,792.5965576171875,153.55987548828125,0.9673194885253906,785.3013305664062,108.8608627319336,0.9990400671958923,765.219482421875,109.9279556274414,0.9970442652702332,736.1543579101562,110.70909881591797,0.9979279041290283,705.7229614257812,113.9952392578125,0.9984217882156372,782.5148315429688,83.09190368652344,0.989232063293457,750.013916015625,57.30742263793945,0.9877635836601257,670.7449340820312,82.67933654785156,0.9984281063079834,799.9291381835938,130.76052856445312,0.9597185254096985,746.5635375976562,157.334716796875,0.9892753958702087,698.9810791015625,146.21372985839844,0.9955664277076721
824,827.4140014648438,71.8900375366211,0.9940012097358704,792.0448608398438,152.78231811523438,0.9279465675354004,785.3232421875,108.96526336669922,0.9991769194602966,765.3304443359375,110.03738403320312,0.9972635507583618,736.4871826171875,110.92688751220703,0.9978784322738647,705.7548217773438,113.9952392578125,0.9985733032226562,783.8614501953125,83.09190368652344,0.9891932606697083,750.0848999023438,57.369468688964844,0.9889290928840637,670.8931274414062,83.20157623291016,0.9983630776405334,800.19287109375,130.5188446044922,0.9622940421104431,748.0922241210938,157.334716796875,0.9895691275596619,698.5414428710938,146.37673950195312,0.9959927797317505
825,827.4140014648438,71.8900375366211,0.9960755705833435,791.8946533203125,151.38856506347656,0.9235106110572815,785.3232421875,109.3377685546875,0.999152421951294,765.2691650390625,110.35752868652344,0.9974108338356018,736.9095458984375,111.13554382324219,0.9977526068687439,705.7552490234375,113.9952392578125,0.9985812902450562,784.6421508789062,83.09190368652344,0.9901610612869263,750.1144409179688,57.385337829589844,0.9879339933395386,670.8931274414062,83.20157623291016,0.9983839988708496,800.2071533203125,130.19117736816406,0.9668631553649902,749.1785888671875,156.0898895263672,0.9908403754234314,698.3663940429688,146.4517059326172,0.9960220456123352
826,826.1554565429688,72.38282775878906,0.9937328696250916,791.8946533203125,149.20346069335938,0.9168094992637634,785.3232421875,109.49561309814453,0.9992056488990784,765.340576171875,110.40275573730469,0.9975879192352295,736.9108276367188,111.17621612548828,0.9978179931640625,705.775634765625,113.9952392578125,0.9985072016716003,784.6421508789062,83.24076843261719,0.9900081157684326,750.1144409179688,57.385337829589844,0.9879855513572693,670.7449340820312,82.67933654785156,0.9984363913536072,800.2334594726562,129.99778747558594,0.9662044048309326,749.1785888671875,155.8689422607422,0.990006685256958,698.3284301757812,146.4517059326172,0.9959969520568848
827,822.5394287109375,79.5268325805664,0.9977049231529236,791.7332153320312,147.85293579101562,0.927501380443573,785.3682250976562,109.66812896728516,0.9992572665214539,765.3497924804688,110.42514038085938,0.9977245926856995,736.9146728515625,111.19673919677734,0.9979719519615173,705.8604736328125,113.87432098388672,0.9984481334686279,784.6421508789062,83.64051818847656,0.9892955422401428,750.1431884765625,57.369468688964844,0.9882639646530151,670.6989135742188,82.4668960571289,0.9982811212539673,800.25048828125,129.99755859375,0.9703769683837891,749.1785888671875,155.8689422607422,0.9904505610466003,698.10400390625,146.37673950195312,0.9959225654602051
828,822.472412109375,80.86576080322266,0.9990215301513672,791.5588989257812,147.85293579101562,0.9210665225982666,785.3682250976562,109.78028106689453,0.9993473887443542,765.36474609375,110.44125366210938,0.9980015158653259,736.9108276367188,111.28779602050781,0.9978052973747253,705.8993530273438,113.86455535888672,0.9983501434326172,784.6421508789062,83.72525024414062,0.9889957904815674,750.177978515625,57.21881103515625,0.9869210720062256,670.2855224609375,81.99324798583984,0.9984651803970337,800.2334594726562,129.95199584960938,0.9716591238975525,748.42919921875,155.8689422607422,0.9916717410087585,697.8292236328125,146.33489990234375,0.9954994320869446
829,822.472412109375,82.13304138183594,0.9992110729217529,791.882080078125,147.81405639648438,0.8961594700813293,785.3767700195312,109.87393188476562,0.9993367791175842,765.36474609375,110.68965911865234,0.9978348612785339,736.9095458984375,111.35491943359375,0.9976344108581543,705.8604736328125,113.84425354003906,0.9983110427856445,784.806884765625,83.72525024414062,0.9893388152122498,750.1431884765625,57.21881103515625,0.9877666234970093,670.278076171875,79.60661315917969,0.998019814491272,800.2334594726562,129.90054321289062,0.9694580435752869,747.189208984375,157.53045654296875,0.9900948405265808,697.8292236328125,146.24667358398438,0.9954749941825867
830,822.472412109375,83.15029907226562,0.99934321641922,791.882080078125,147.63267517089844,0.8467698693275452,785.494873046875,110.00421142578125,0.9993066787719727,765.36474609375,110.72600555419922,0.997711181640625,736.9363403320312,111.40374755859375,0.9975957274436951,705.8604736328125,113.81477355957031,0.9982390403747559,784.806884765625,83.72525024414062,0.9895106554031372,750.1431884765625,57.201229095458984,0.9885330200195312,670.0185546875,79.49796295166016,0.997766375541687,799.6281127929688,129.7616424560547,0.9670026898384094,747.189208984375,159.54556274414062,0.9851537942886353,697.8292236328125,146.13255310058594,0.9953578114509583
831,822.472412109375,85.33132934570312,0.9991414546966553,791.882080078125,145.7389373779297,0.5030980110168457,785.5173950195312,110.02344512939453,0.9992440938949585,765.2628784179688,110.75565338134766,0.9977654218673706,736.7586059570312,111.4041976928711,0.9975975155830383,705.8784790039062,113.67906188964844,0.9981535077095032,785.0098266601562,83.72525024414062,0.9899917244911194,750.1431884765625,57.201229095458984,0.9891355037689209,669.9614868164062,79.0744857788086,0.9977110624313354,799.0877685546875,128.00021362304688,0.9816473126411438,747.189208984375,159.7097625732422,0.9839274287223816,698.068359375,146.13255310058594,0.9953687191009521
832,822.2871704101562,86.8515396118164,0.9984397292137146,801.7465209960938,132.9412078857422,0.4617612659931183,785.7537841796875,110.27296447753906,0.9992874264717102,765.1864013671875,110.7560043334961,0.9982134103775024,736.7586059570312,111.4041976928711,0.9969950914382935,705.9180297851562,113.5359115600586,0.9979405999183655,785.614013671875,83.72525024414062,0.9884090423583984,750.1373291015625,57.36883544921875,0.9881998300552368,669.9614868164062,78.9642105102539,0.9977160692214966,798.9408569335938,128.00021362304688,0.9683591723442078,747.6132202148438,159.76405334472656,0.9818159341812134,698.1368408203125,146.1197509765625,0.9951730370521545
833,822.0364379882812,87.7868881225586,0.9978141784667969,802.3274536132812,132.65740966796875,0.45685678720474243,785.7537841796875,110.75975036621094,0.9992088675498962,765.1371459960938,110.84435272216797,0.9980140924453735,736.7586059570312,111.35491943359375,0.9970007538795471,705.9461669921875,113.45320129394531,0.9978126287460327,786.2763061523438,84.15857696533203,0.9865646362304688,750.0904541015625,57.395469665527344,0.9874465465545654,669.8484497070312,78.9642105102539,0.9977368116378784,798.4710693359375,128.00021362304688,0.965030312538147,748.335693359375,159.8383026123047,0.9820863008499146,698.1368408203125,146.1105194091797,0.9951295852661133
834,821.9039916992188,88.26089477539062,0.9978134632110596,802.3274536132812,132.4706268310547,0.5947678089141846,785.7537841796875,111.01007080078125,0.9991432428359985,764.8060302734375,110.84435272216797,0.9978075623512268,736.7312622070312,111.3408432006836,0.9971068501472473,706.0028076171875,113.24164581298828,0.9978258013725281,787.2059936523438,85.421875,0.9879265427589417,749.961181640625,57.70556640625,0.9873338937759399,669.8484497070312,78.9642105102539,0.9978844523429871,798.3995971679688,128.1548309326172,0.9615614414215088,748.582275390625,159.8383026123047,0.9827405214309692,698.1368408203125,146.03903198242188,0.9952386617660522
835,819.7196044921875,88.26089477539062,0.9976375102996826,802.3274536132812,132.4706268310547,0.7024528980255127,785.7114868164062,111.20745849609375,0.999056875705719,764.8060302734375,110.90142059326172,0.9979786276817322,736.6890869140625,111.3408432006836,0.997256338596344,706.0211791992188,113.22906494140625,0.9977138042449951,789.8591918945312,86.27506256103516,0.991657555103302,749.9459228515625,57.81743621826172,0.9856776595115662,669.8484497070312,79.04562377929688,0.9979275465011597,797.8685913085938,128.1548309326172,0.9582337141036987,748.9205322265625,159.8383026123047,0.9824283719062805,698.0067749023438,146.03903198242188,0.9951840043067932
836,816.1910400390625,88.26089477539062,0.998049259185791,802.2777709960938,132.4706268310547,0.7985965013504028,785.7114868164062,111.20745849609375,0.9991253018379211,764.8060302734375,110.95247650146484,0.9982060194015503,736.6890869140625,111.20642852783203,0.9973382353782654,706.1067504882812,113.21700286865234,0.9980682730674744,793.3050537109375,88.04081726074219,0.9936769604682922,749.6405639648438,57.82548904418945,0.9851998090744019,670.2679443359375,79.58480072021484,0.997938334941864,796.8206787109375,128.1548309326172,0.959160566329956,749.8078002929688,159.7032012939453,0.9846329689025879,697.8761596679688,146.03903198242188,0.9949018955230713
837,813.6748046875,84.50057983398438,0.9984812140464783,769.6499633789062,160.61643981933594,0.8666543960571289,785.7114868164062,111.5106430053711,0.9990391731262207,765.0289916992188,111.67760467529297,0.9977953433990479,736.6890869140625,108.2966079711914,0.9977766871452332,706.1067504882812,113.21700286865234,0.9981083869934082,793.741943359375,89.67536163330078,0.991513192653656,749.3140258789062,58.207130432128906,0.9773116707801819,670.4605712890625,81.19527435302734,0.9983295798301697,796.286376953125,128.1548309326172,0.9573387503623962,750.9052124023438,159.7032012939453,0.9865925908088684,697.7076416015625,145.99954223632812,0.9954673051834106
838,813.4984130859375,84.50057983398438,0.9986178874969482,769.386962890625,161.36587524414062,0.9314667582511902,786.3218383789062,111.5106430053711,0.9993540644645691,765.2778930664062,112.36048889160156,0.9976512789726257,736.7312622070312,108.6906967163086,0.9983591437339783,706.2732543945312,113.24164581298828,0.9982556700706482,794.0137939453125,89.91832733154297,0.9915302991867065,749.2168579101562,58.470245361328125,0.9787687659263611,670.8695068359375,82.41123962402344,0.9985896944999695,796.0064086914062,128.1548309326172,0.9492707848548889,752.6041259765625,159.7032012939453,0.9827804565429688,697.7076416015625,145.99954223632812,0.9955546259880066
839,813.4984130859375,84.50057983398438,0.9985907673835754,769.386962890625,162.24600219726562,0.9082556962966919,787.1942138671875,111.99726104736328,0.9996447563171387,765.9524536132812,113.22293853759766,0.9980693459510803,736.8775024414062,108.6906967163086,0.9986298084259033,706.4306030273438,113.34716796875,0.998239278793335,794.0872802734375,93.4299545288086,0.9890252947807312,748.9598388671875,58.49992752075195,0.9772213697433472,671.24853515625,83.02892303466797,0.9986334443092346,795.1910400390625,128.68760681152344,0.9127686023712158,752.6041259765625,159.87637329101562,0.9772059917449951,697.7076416015625,145.99432373046875,0.9955755472183228
840,813.4984130859375,86.00508117675781,0.9970757961273193,769.386962890625,162.24600219726562,0.8942750692367554,787.41455078125,113.14447784423828,0.9997950196266174,766.4446411132812,113.9560317993164,0.9985861778259277,737.4163818359375,108.6906967163086,0.9986925721168518,706.6751708984375,113.34716796875,0.9984379410743713,794.0872802734375,93.859375,0.9913813471794128,748.7766723632812,58.69459533691406,0.9746100306510925,676.3302612304688,83.02892303466797,0.9992376565933228,792.6723022460938,128.84410095214844,0.755546510219574,752.6041259765625,160.5562286376953,0.9746345281600952,697.9992065429688,145.8562469482422,0.9955626726150513
841,818.2018432617188,88.37232971191406,0.9989705085754395,772.1632690429688,162.7626953125,0.8025357723236084,788.106201171875,114.7714614868164,0.9998078942298889,767.344970703125,115.06529235839844,0.9987670183181763,737.912353515625,109.4260482788086,0.9986442923545837,706.6751708984375,113.34716796875,0.998473584651947,794.9488525390625,95.33931732177734,0.9895085096359253,748.7752685546875,58.928619384765625,0.9707820415496826,680.722412109375,82.41123962402344,0.9985955357551575,790.8131103515625,129.30860900878906,0.6726020574569702,751.5211791992188,161.39663696289062,0.980251133441925,698.1532592773438,145.8191375732422,0.9952049255371094
842,820.14208984375,88.72320556640625,0.9983922839164734,781.1124877929688,163.04727172851562,0.9279952049255371,789.4711303710938,116.31077575683594,0.999757707118988,768.3095092773438,115.92487335205078,0.9990574717521667,739.5398559570312,110.41532897949219,0.9989668130874634,707.6236572265625,113.34716796875,0.9986892342567444,796.6380615234375,97.51519012451172,0.9894146919250488,748.6571655273438,59.02870559692383,0.9725735187530518,683.7613525390625,81.93974304199219,0.9972326159477234,789.74365234375,130.65399169921875,0.5913501977920532,751.5211791992188,161.43824768066406,0.9799939393997192,698.1995239257812,145.71377563476562,0.995230495929718
843,821.8389282226562,88.72320556640625,0.9977189898490906,784.767822265625,163.2086639404297,0.9852243661880493,791.017822265625,116.98248291015625,0.9995545744895935,769.1710815429688,116.47562408447266,0.9992250204086304,740.6597290039062,111.33169555664062,0.9988943934440613,707.8760375976562,113.28472137451172,0.9987292885780334,798.3074951171875,99.62611389160156,0.9903910160064697,748.62109375,59.04339599609375,0.970115065574646,685.9684448242188,81.43132019042969,0.9954000115394592,789.1871948242188,131.56402587890625,0.7086342573165894,751.5211791992188,161.78883361816406,0.9876890182495117,698.2081298828125,145.71377563476562,0.9954174757003784
844,825.0732421875,88.37232971191406,0.9961115717887878,788.2127685546875,165.97181701660156,0.9757698178291321,792.65087890625,117.45780944824219,0.9992870688438416,769.6530151367188,116.4984130859375,0.9989066123962402,741.8167114257812,111.86949920654297,0.9990190267562866,708.7317504882812,113.09454345703125,0.998941957950592,800.3041381835938,99.71824645996094,0.9859864711761475,748.5205688476562,59.260963439941406,0.9748780131340027,693.4102172851562,80.54109954833984,0.9946845173835754,788.2179565429688,131.56402587890625,0.6737365126609802,752.1607055664062,162.03457641601562,0.9871583580970764,698.2830810546875,145.44346618652344,0.9952666759490967
845,826.9041137695312,88.37232971191406,0.9964221715927124,794.1929931640625,166.84664916992188,0.9608966708183289,793.1893310546875,118.84820556640625,0.9988625049591064,771.2953491210938,117.62640380859375,0.9986397624015808,741.9064331054688,112.80693054199219,0.9987503290176392,710.3832397460938,113.28472137451172,0.9991042017936707,801.0234985351562,99.71824645996094,0.9804630875587463,748.4486694335938,59.48457717895508,0.9780125021934509,710.7537231445312,80.37911987304688,0.9947190284729004,786.115966796875,131.2586669921875,0.5949277877807617,752.1801147460938,162.35084533691406,0.9927496910095215,698.2830810546875,145.4395751953125,0.995376706123352
846,830.1206665039062,89.2029800415039,0.996722400188446,798.302001953125,167.17103576660156,0.9929807186126709,794.099365234375,119.40322875976562,0.9986628293991089,772.6349487304688,118.04979705810547,0.9985905289649963,743.0328979492188,113.63105773925781,0.9980803728103638,711.5047607421875,113.09454345703125,0.9989650249481201,801.8201904296875,99.71824645996094,0.9864800572395325,748.3303833007812,59.54484939575195,0.9831720590591431,715.7918701171875,79.46023559570312,0.9911782145500183,786.115966796875,131.2586669921875,0.6610304117202759,752.44384765625,162.4102325439453,0.9946302175521851,698.705078125,145.18490600585938,0.9955368041992188
847,832.1226196289062,89.2029800415039,0.9980186223983765,801.8396606445312,167.17103576660156,0.9973884224891663,794.453125,121.03580474853516,0.9984769225120544,773.4990234375,118.6280288696289,0.9982218146324158,743.0508422851562,114.15087890625,0.9976174235343933,712.9273681640625,112.75726318359375,0.9982324242591858,804.7301025390625,98.99945068359375,0.9931146502494812,748.1598510742188,59.54484939575195,0.9770839810371399,720.1511840820312,78.49595642089844,0.9824726581573486,785.2064208984375,131.2586669921875,0.6904662251472473,752.4310913085938,162.4102325439453,0.9942148327827454,699.0789794921875,145.1649932861328,0.9957107305526733
848,833.2448120117188,89.58544921875,0.9982506632804871,805.2815551757812,167.17103576660156,0.9973132014274597,795.23974609375,121.4592514038086,0.997526228427887,774.2388305664062,118.6280288696289,0.9976346492767334,744.1973876953125,114.53996276855469,0.9983118772506714,713.1034545898438,112.69889831542969,0.9981077909469604,806.7183227539062,97.55755615234375,0.9941404461860657,748.029296875,59.48457717895508,0.9831637740135193,722.2163696289062,76.43994140625,0.9932251572608948,785.2064208984375,131.2586669921875,0.8057064414024353,752.4310913085938,162.4102325439453,0.9944004416465759,699.3881225585938,145.15658569335938,0.9959926009178162
849,834.6134033203125,89.63538360595703,0.9983358979225159,809.2037963867188,166.51214599609375,0.994271993637085,795.6116333007812,121.4592514038086,0.9973992109298706,775.1393432617188,118.6280288696289,0.997097373008728,744.1973876953125,114.60601806640625,0.9988741278648376,714.486328125,112.49405670166016,0.9982514977455139,807.5471801757812,96.71986389160156,0.9925692677497864,748.029296875,59.48457717895508,0.9813598394393921,724.1482543945312,75.564453125,0.9957820177078247,786.0607299804688,131.2586669921875,0.8834787011146545,752.4310913085938,162.36952209472656,0.9933512806892395,699.61083984375,145.15658569335938,0.9959470629692078
850,834.7852783203125,89.63538360595703,0.9984973669052124,809.8297729492188,161.61566162109375,0.9945077300071716,796.7376708984375,121.4592514038086,0.9976678490638733,776.011474609375,118.43985748291016,0.9976320266723633,745.131591796875,114.60601806640625,0.9990538954734802,715.5948486328125,112.26459503173828,0.9983983635902405,808.3256225585938,96.69457244873047,0.9909660816192627,748.029296875,59.54484939575195,0.9845002889633179,724.4423828125,73.75090026855469,0.9966949224472046,786.0607299804688,131.28611755371094,0.9143950343132019,752.4310913085938,162.27377319335938,0.9937921166419983,699.7171020507812,145.1561279296875,0.9958797693252563
851,835.451904296875,90.44078826904297,0.9985159039497375,812.8243408203125,160.3435516357422,0.9949156045913696,797.4378662109375,121.3479995727539,0.9979876279830933,776.02099609375,118.0754623413086,0.9978280663490295,745.7645263671875,114.53996276855469,0.9990847110748291,716.2847290039062,112.09107971191406,0.9986404776573181,808.4973754882812,96.34481811523438,0.9869965314865112,748.029296875,59.39915466308594,0.9887682795524597,728.2219848632812,73.59609985351562,0.9942179918289185,787.034423828125,131.28611755371094,0.9303288459777832,752.4310913085938,162.2270965576172,0.9941847920417786,699.8199462890625,145.1024627685547,0.995815098285675
852,835.8008422851562,90.44078826904297,0.9986990690231323,817.0086059570312,159.52008056640625,0.9964150190353394,798.2411499023438,121.3479995727539,0.99801105260849,777.0055541992188,117.98796081542969,0.9980775117874146,746.9163208007812,114.32421875,0.9992254972457886,717.1896362304688,112.08954620361328,0.998582124710083,809.4612426757812,96.19403839111328,0.9878364205360413,748.029296875,59.465450286865234,0.9889665246009827,728.51416015625,73.44105529785156,0.9936771988868713,788.8252563476562,131.18272399902344,0.9479487538337708,752.5132446289062,161.9987335205078,0.9934258460998535,699.8523559570312,145.0058135986328,0.9953804016113281
853,835.889892578125,90.44078826904297,0.9987730383872986,821.537841796875,159.4489288330078,0.9980533123016357,799.394287109375,121.3479995727539,0.9979411959648132,778.019775390625,117.93061828613281,0.9984303116798401,747.9683837890625,114.1859359741211,0.9993236064910889,717.8670043945312,111.8529052734375,0.998405396938324,810.680419921875,96.10414123535156,0.9880053400993347,747.802001953125,59.465450286865234,0.988353431224823,728.8199462890625,73.2744369506836,0.9934645295143127,788.8381958007812,131.1532440185547,0.9458522200584412,752.57080078125,161.9987335205078,0.9927679300308228,700.0738525390625,145.0058135986328,0.9953956007957458
854,837.1036376953125,91.25732421875,0.9987502098083496,822.9197998046875,157.7384490966797,0.9984970092773438,800.419921875,121.3479995727539,0.9977769255638123,779.292724609375,117.7042007446289,0.9981855750083923,748.96435546875,114.17240905761719,0.9991869330406189,718.9185180664062,111.67621612548828,0.9984840750694275,810.9794311523438,96.08639526367188,0.9898332357406616,747.802001953125,59.465450286865234,0.9901184439659119,728.983642578125,73.20999908447266,0.9921954870223999,788.9114379882812,131.18272399902344,0.9523752927780151,752.5906372070312,161.9987335205078,0.9929829835891724,700.1757202148438,145.0058135986328,0.9952378273010254
855,837.484619140625,93.6531753540039,0.9988799691200256,824.3875732421875,156.1089324951172,0.997654139995575,801.2686157226562,121.3479995727539,0.9977933168411255,780.3455810546875,117.6502685546875,0.998163640499115,749.8688354492188,114.01740264892578,0.9990240335464478,719.6670532226562,111.5130386352539,0.9985173344612122,811.4575805664062,95.79058074951172,0.9909255504608154,748.0995483398438,59.429962158203125,0.9903833270072937,729.1484375,73.15812683105469,0.9928464293479919,789.1260375976562,131.18272399902344,0.9604288339614868,752.6343994140625,162.32078552246094,0.9931799173355103,700.2282104492188,145.0058135986328,0.9952570796012878
856,838.0260009765625,95.26206970214844,0.998719334602356,826.6708984375,155.57191467285156,0.9915526509284973,801.6446533203125,119.59693908691406,0.9980888962745667,781.4508666992188,116.7306137084961,0.9983367919921875,751.2175903320312,113.97378540039062,0.9988163709640503,720.3599243164062,111.19339752197266,0.9982786178588867,811.5853881835938,95.63743591308594,0.9914584755897522,748.0995483398438,59.429962158203125,0.9914743900299072,729.1484375,73.03138732910156,0.9930371642112732,789.8319702148438,131.57626342773438,0.9595099687576294,752.5989379882812,162.5203399658203,0.9928794503211975,700.298095703125,144.9892120361328,0.9951731562614441
857,838.2060546875,96.35398864746094,0.9988296627998352,826.75927734375,155.57191467285156,0.9929798245429993,802.331298828125,119.58795166015625,0.9983561635017395,781.8451538085938,116.6915512084961,0.998557984828949,751.9815673828125,112.68147277832031,0.9987260699272156,720.480224609375,110.8127212524414,0.998490571975708,812.0924682617188,95.08509063720703,0.9902421832084656,748.1182250976562,59.40271759033203,0.9925671815872192,729.1205444335938,72.76576232910156,0.993415117263794,790.3583984375,131.92933654785156,0.9638020396232605,752.6343994140625,162.61277770996094,0.9916499853134155,700.298095703125,144.89608764648438,0.9951306581497192
858,839.5006103515625,97.57770538330078,0.9988993406295776,832.2322998046875,155.57191467285156,0.9961269497871399,802.9500732421875,119.58712768554688,0.9982365369796753,782.4713134765625,116.6915512084961,0.9986132383346558,752.4608154296875,112.68147277832031,0.9989290833473206,720.8181762695312,110.8127212524414,0.9985380172729492,812.9307250976562,94.44220733642578,0.98869788646698,748.1279907226562,59.40271759033203,0.9922000765800476,729.1205444335938,72.67922973632812,0.9933783411979675,791.2814331054688,131.92933654785156,0.9665796160697937,752.6343994140625,162.888671875,0.9918501973152161,700.357177734375,144.88816833496094,0.9949737787246704
859,840.2806396484375,99.18004608154297,0.9990419745445251,833.2640991210938,156.94729614257812,0.9978765249252319,803.64453125,119.38154602050781,0.9984511137008667,782.677734375,116.6915512084961,0.9987635612487793,752.8688354492188,112.68147277832031,0.9989823698997498,721.455810546875,110.8127212524414,0.9987338185310364,812.9346923828125,93.87667846679688,0.9877486824989319,748.2189331054688,59.34446334838867,0.9922091960906982,729.010498046875,72.57772064208984,0.9938490986824036,791.4556884765625,131.92933654785156,0.9643442630767822,752.6242065429688,162.90582275390625,0.9919243454933167,700.357177734375,144.79452514648438,0.9947564601898193
860,840.5870361328125,100.02482604980469,0.9980814456939697,833.3265380859375,157.578369140625,0.9978705644607544,803.906982421875,119.02603149414062,0.998457670211792,782.7723999023438,116.6915512084961,0.9988124370574951,752.9966430664062,112.72624206542969,0.9989835619926453,721.6442260742188,110.85114288330078,0.9987922310829163,813.6543579101562,93.58158874511719,0.987902045249939,748.2189331054688,59.234947204589844,0.9924619793891907,728.9638061523438,72.56055450439453,0.9938263297080994,792.3922729492188,131.9447021484375,0.9648860096931458,752.5989379882812,162.9853973388672,0.9921042919158936,700.357177734375,144.7624969482422,0.9945046305656433
861,840.70166015625,100.56576538085938,0.99797123670578,833.5761108398438,157.578369140625,0.9978016018867493,804.4228515625,118.55130004882812,0.9985041618347168,782.9093017578125,116.59717559814453,0.9987574815750122,753.116455078125,112.72624206542969,0.9988839030265808,721.7884521484375,111.17684936523438,0.9989038705825806,813.683349609375,93.02635192871094,0.9861018657684326,748.5321044921875,59.10173797607422,0.992741048336029,728.7340698242188,72.39663696289062,0.9948506951332092,793.6065673828125,131.93093872070312,0.9621409773826599,752.5814208984375,163.04127502441406,0.991565465927124,700.000244140625,144.7078094482422,0.9944526553153992
862,840.74609375,102.03533172607422,0.9974722266197205,833.908935546875,157.578369140625,0.9978821873664856,804.8179321289062,118.05914306640625,0.9987053871154785,782.9803466796875,116.59717559814453,0.9987732768058777,753.1517944335938,112.72624206542969,0.9987953901290894,721.8203125,111.1983642578125,0.9988743662834167,814.064697265625,92.77667236328125,0.9856679439544678,748.6199340820312,59.00129318237305,0.9926561117172241,728.6331787109375,72.39663696289062,0.9952357411384583,793.8944091796875,131.93093872070312,0.961365818977356,752.5648803710938,163.0797119140625,0.9909366965293884,700.000244140625,144.70542907714844,0.9942203760147095
863,840.74609375,102.03533172607422,0.9960743188858032,833.908935546875,157.20285034179688,0.9979670643806458,805.2916259765625,117.69744110107422,0.9988468885421753,783.183349609375,116.45775604248047,0.998802900314331,753.1526489257812,112.71210479736328,0.9987516403198242,722.0028076171875,111.2925796508789,0.9989223480224609,814.1878051757812,92.68168640136719,0.9831436276435852,748.6199340820312,59.00129318237305,0.993122398853302,728.6331787109375,72.38732147216797,0.9954023361206055,794.443603515625,131.93093872070312,0.9555769562721252,752.5648803710938,163.1925048828125,0.9909583330154419,699.9635009765625,144.70542907714844,0.9942595958709717
864,842.2940063476562,102.23766326904297,0.9961205124855042,833.908935546875,156.49566650390625,0.9974959492683411,805.7841186523438,117.13716888427734,0.9989194869995117,783.2030029296875,116.09201049804688,0.998826801776886,753.2267456054688,112.71210479736328,0.9986602067947388,722.0706787109375,111.32050323486328,0.9989217519760132,814.2730102539062,92.68168640136719,0.98155677318573,748.5999145507812,59.00129318237305,0.99334716796875,728.6331787109375,72.38732147216797,0.995011568069458,794.5419921875,131.68397521972656,0.9515654444694519,752.5814208984375,163.19338989257812,0.9908711314201355,699.928955078125,144.70542907714844,0.9942476749420166
865,843.6160278320312,102.23766326904297,0.9966166615486145,833.5950927734375,155.08863830566406,0.9957118034362793,805.9148559570312,117.0638427734375,0.9989571571350098,783.2030029296875,116.07130432128906,0.9988920092582703,753.3182373046875,112.71210479736328,0.9986742734909058,722.214111328125,111.32050323486328,0.9989123344421387,814.5104370117188,92.7051010131836,0.9822831749916077,748.6199340820312,59.101558685302734,0.9933441877365112,728.6331787109375,72.38732147216797,0.9948269724845886,794.5419921875,131.35231018066406,0.9523860812187195,752.6630249023438,163.20310974121094,0.9909291863441467,699.9635009765625,144.6796875,0.9942051768302917
866,844.1065673828125,102.23766326904297,0.9965772032737732,830.8748779296875,153.41880798339844,0.9951632022857666,805.9308471679688,116.99974060058594,0.9989936947822571,783.2030029296875,115.94625854492188,0.9989757537841797,753.4219970703125,112.74203491210938,0.9987356066703796,722.3220825195312,111.34312438964844,0.9988988637924194,814.5104370117188,92.59903717041016,0.9801034927368164,748.622314453125,59.21128845214844,0.9933335185050964,728.6670532226562,72.38976287841797,0.9949493408203125,794.5419921875,131.29977416992188,0.9476504325866699,752.69384765625,163.22384643554688,0.9910669922828674,699.9708251953125,144.6796875,0.9942256808280945
867,844.837646484375,101.35785675048828,0.997553288936615,830.6712646484375,151.47198486328125,0.9959861636161804,805.9308471679688,116.70885467529297,0.9990409016609192,783.1763916015625,115.93893432617188,0.9989797472953796,753.4219970703125,112.74613189697266,0.9987311959266663,722.3455200195312,111.34312438964844,0.9989266991615295,814.359375,92.62276458740234,0.9798310399055481,748.622314453125,59.437503814697266,0.9936866164207458,728.6773681640625,72.38732147216797,0.9955126643180847,794.2142333984375,130.56382751464844,0.9472479224205017,752.7601318359375,163.22384643554688,0.9909960627555847,699.9708251953125,144.66531372070312,0.9941835999488831
868,846.06787109375,100.07272338867188,0.9978857636451721,830.5365600585938,150.16310119628906,0.9963296055793762,805.9148559570312,116.70885467529297,0.999101996421814,783.07666015625,115.93893432617188,0.9989591836929321,753.4219970703125,112.75581359863281,0.9987583160400391,722.3455200195312,111.34312438964844,0.9988975524902344,814.359375,92.69937896728516,0.9813199043273926,748.7443237304688,59.44520950317383,0.9938746094703674,728.6773681640625,72.3370361328125,0.9949244260787964,793.7883911132812,130.2548828125,0.9420709013938904,752.7775268554688,163.22384643554688,0.9905383586883545,700.0830078125,144.66531372070312,0.9941745400428772
869,846.5791625976562,98.43529510498047,0.9983581900596619,830.3953247070312,149.31202697753906,0.995690643787384,805.7451782226562,116.70885467529297,0.9991130232810974,782.886962890625,115.89921569824219,0.9989219903945923,753.40380859375,112.76449584960938,0.9988116025924683,722.3370361328125,111.34756469726562,0.9988922476768494,814.3346557617188,92.69937896728516,0.9822981357574463,748.87939453125,59.484378814697266,0.993718147277832,728.6657104492188,72.38976287841797,0.9949517250061035,793.7883911132812,130.2548828125,0.9261655211448669,752.7775268554688,163.14773559570312,0.9904324412345886,700.0830078125,144.66531372070312,0.9941054582595825
870,847.555908203125,97.0556869506836,0.9985082745552063,828.9097290039062,149.31202697753906,0.9948388934135437,805.4699096679688,117.12984466552734,0.999112069606781,782.8561401367188,115.8948974609375,0.9989089965820312,753.38671875,112.76924896240234,0.9988505840301514,722.3370361328125,111.35356140136719,0.9988765120506287,813.9027709960938,92.69937896728516,0.9863485097885132,748.87939453125,59.4942741394043,0.993470311164856,728.6657104492188,72.33074951171875,0.9952124357223511,793.7883911132812,130.2548828125,0.9270232915878296,752.7775268554688,163.1222686767578,0.9908169507980347,700.0996704101562,144.73023986816406,0.9941148161888123
871,848.0863647460938,96.64705657958984,0.9976505637168884,826.4002075195312,149.31202697753906,0.9908514618873596,805.3662109375,117.20064544677734,0.9991718530654907,782.8561401367188,115.89921569824219,0.9989068508148193,753.38671875,112.76924896240234,0.998908281326294,722.3460693359375,111.35358428955078,0.9988885521888733,813.7661743164062,92.70469665527344,0.9879127144813538,748.87939453125,59.4942741394043,0.9936301112174988,728.6657104492188,72.33074951171875,0.9956411123275757,793.7883911132812,130.12506103515625,0.9237509965896606,752.8142700195312,163.0149383544922,0.9911124110221863,700.0996704101562,144.78138732910156,0.9943034648895264
872,848.1920166015625,96.64705657958984,0.9971534013748169,823.0151977539062,152.73350524902344,0.9941266775131226,805.1984252929688,117.35114288330078,0.9990249872207642,782.8561401367188,116.05815124511719,0.998837411403656,753.40380859375,112.76924896240234,0.9988529682159424,722.3485107421875,111.35358428955078,0.9988817572593689,813.34521484375,92.85452270507812,0.9867038726806641,748.87939453125,59.684322357177734,0.994179368019104,728.6657104492188,72.4049301147461,0.9956596493721008,793.520751953125,130.75022888183594,0.9439772963523865,752.7550659179688,162.91683959960938,0.9908555746078491,700.0484008789062,144.85284423828125,0.9941387176513672
873,848.2465209960938,96.64705657958984,0.9970775842666626,816.6200561523438,152.9947967529297,0.9862857460975647,805.09814453125,118.11182403564453,0.9987952709197998,782.9420776367188,116.05815124511719,0.9987462759017944,753.5817260742188,112.86602020263672,0.9988300204277039,722.367431640625,111.35356140136719,0.9988666772842407,813.2239990234375,92.96087646484375,0.9894802570343018,748.9093627929688,59.684322357177734,0.9932965636253357,728.8505859375,72.69384765625,0.9944925308227539,792.9092407226562,130.9840087890625,0.9263251423835754,752.7457275390625,162.88629150390625,0.9895831346511841,700.03369140625,144.90382385253906,0.9942570328712463
874,848.2465209960938,96.64705657958984,0.9963361024856567,812.555419921875,153.16294860839844,0.9563852548599243,804.8497314453125,118.39341735839844,0.9988376498222351,783.172607421875,116.24435424804688,0.9987452030181885,753.6762084960938,112.99332427978516,0.9988947510719299,722.3938598632812,111.33585357666016,0.9988293051719666,812.68115234375,93.54469299316406,0.9896929860115051,749.0278930664062,59.70440673828125,0.9932327270507812,728.9417114257812,72.69384765625,0.994697093963623,792.7559814453125,130.9840087890625,0.9027294516563416,752.65185546875,162.86622619628906,0.9894472360610962,700.03369140625,144.91162109375,0.9940240979194641
875,848.2465209960938,93.16327667236328,0.9960940480232239,805.8240356445312,157.26783752441406,0.9390234351158142,804.5302124023438,119.39314270019531,0.9986022114753723,783.2770385742188,117.2727279663086,0.9988853335380554,753.9578247070312,112.99332427978516,0.9989280104637146,722.58203125,111.10260009765625,0.9989744424819946,812.3113403320312,93.66584777832031,0.9939371347427368,749.2162475585938,59.86639404296875,0.9933045506477356,728.9737548828125,72.83626556396484,0.9951594471931458,792.7559814453125,133.27195739746094,0.8905506730079651,752.5697631835938,162.77767944335938,0.9894492626190186,700.03369140625,144.91162109375,0.9939209222793579
876,848.1920166015625,93.16327667236328,0.9961113333702087,800.4386596679688,157.40565490722656,0.9049656391143799,804.2173461914062,120.45348358154297,0.9983087778091431,783.7872314453125,117.87730407714844,0.9989540576934814,754.624755859375,112.94041442871094,0.9989761114120483,723.356201171875,110.9089126586914,0.9990710020065308,812.3113403320312,94.27592468261719,0.9956908822059631,749.5186767578125,59.87710952758789,0.9936590790748596,729.2586059570312,72.83856201171875,0.9949407577514648,792.9092407226562,136.0882568359375,0.8469646573066711,752.4342041015625,162.77767944335938,0.9886577725410461,700.07421875,144.91162109375,0.9938927888870239
877,848.1051635742188,93.16327667236328,0.9969117045402527,799.2915649414062,158.83639526367188,0.8133756518363953,804.2173461914062,120.98365020751953,0.9982613921165466,784.325439453125,118.17852020263672,0.9988975524902344,755.23193359375,112.94041442871094,0.9987925291061401,723.9951171875,110.71764373779297,0.9991716146469116,812.3113403320312,94.54480743408203,0.9959267973899841,750.2879028320312,60.14617919921875,0.9936287999153137,729.6826782226562,72.98403930664062,0.9945449829101562,795.3885498046875,139.6561737060547,0.8963985443115234,752.4342041015625,162.86622619628906,0.9885433912277222,700.1082153320312,144.9116973876953,0.9934285283088684
878,846.6009521484375,94.91635131835938,0.9984377026557922,798.8856811523438,159.40408325195312,0.7839723825454712,804.5302124023438,121.13399505615234,0.9988056421279907,784.7454223632812,118.45018005371094,0.9986671209335327,755.6128540039062,112.99332427978516,0.9986770749092102,724.5451049804688,110.66557312011719,0.9992218017578125,812.5750122070312,94.65426635742188,0.9961611032485962,752.2987670898438,63.62743377685547,0.9966320395469666,729.801513671875,73.9119644165039,0.9960665106773376,796.4635009765625,140.6029510498047,0.9249549508094788,752.4342041015625,163.1038360595703,0.9878115057945251,700.2643432617188,144.9116973876953,0.9930567741394043
879,845.8402099609375,97.06132507324219,0.9985824823379517,798.8558959960938,159.93649291992188,0.7833085656166077,804.7892456054688,121.78874969482422,0.9990159273147583,784.9088134765625,119.30791473388672,0.9984525442123413,756.3255004882812,113.17884826660156,0.9986549615859985,725.355712890625,110.40058135986328,0.9992583394050598,813.67529296875,94.65426635742188,0.9956358075141907,755.4673461914062,65.17054748535156,0.9950633645057678,729.9382934570312,74.0537338256836,0.9959850311279297,796.7333374023438,143.13931274414062,0.9342082142829895,752.4248657226562,163.1038360595703,0.9882619976997375,700.378173828125,144.93824768066406,0.99294513463974
880,845.0164794921875,98.087646484375,0.998084545135498,798.0394897460938,160.63584899902344,0.6914563775062561,805.1026000976562,122.04259490966797,0.9990962743759155,785.1265258789062,119.59790802001953,0.9984951019287109,756.9771728515625,113.18767547607422,0.998734176158905,726.4471435546875,109.94722747802734,0.9993391633033752,813.67529296875,94.65426635742188,0.9952244758605957,760.1668701171875,69.33930969238281,0.996788501739502,729.9382934570312,74.0537338256836,0.9961599111557007,798.0469970703125,143.58314514160156,0.9310526847839355,752.4248657226562,163.1038360595703,0.9884616136550903,700.5797729492188,144.94424438476562,0.9919082522392273
881,843.4668579101562,99.19446563720703,0.9981861710548401,797.490234375,163.6137237548828,0.7560310363769531,805.640625,122.61698913574219,0.9992383718490601,785.392822265625,120.11412811279297,0.9984177350997925,757.6592407226562,113.47332000732422,0.9988102912902832,727.3298950195312,109.49617767333984,0.999297022819519,813.67529296875,94.10073852539062,0.9933381080627441,767.7575073242188,69.72338104248047,0.9945361614227295,729.98681640625,74.0537338256836,0.9954989552497864,798.6129150390625,144.15673828125,0.9441618323326111,752.171142578125,162.84173583984375,0.9877499938011169,700.6660766601562,144.94424438476562,0.9912033081054688
882,842.7057495117188,99.99510955810547,0.9976551532745361,797.2744140625,165.37759399414062,0.8796027898788452,806.5518798828125,123.10955810546875,0.9991468191146851,786.0062255859375,120.1152572631836,0.9984447360038757,758.8704223632812,113.55238342285156,0.9986274242401123,727.9891357421875,109.41279602050781,0.9989987015724182,813.6084594726562,93.93656921386719,0.9911842942237854,772.8594360351562,73.90929412841797,0.9918016791343689,729.98681640625,73.87810516357422,0.9961367249488831,798.7640380859375,144.25587463378906,0.943423867225647,752.0057983398438,162.57357788085938,0.988062858581543,700.8351440429688,144.9227752685547,0.9906923174858093
883,842.507080078125,100.8107681274414,0.9969852566719055,797.27197265625,168.0249481201172,0.8654033541679382,807.0052490234375,123.72198486328125,0.99913090467453,786.8763427734375,120.6520767211914,0.9986315369606018,758.8704223632812,114.1022720336914,0.9981927275657654,729.0877685546875,109.30277252197266,0.9988251328468323,813.0501098632812,93.93656921386719,0.9905387163162231,775.519287109375,74.0506362915039,0.9866108894348145,729.98681640625,73.72428894042969,0.995512068271637,799.236328125,145.58047485351562,0.9449797868728638,751.7489624023438,162.51022338867188,0.9871975183486938,700.8489379882812,144.9227752685547,0.9900946021080017
884,842.1004638671875,101.07807159423828,0.9969642758369446,796.6884765625,169.76177978515625,0.765055775642395,808.2069091796875,124.37794494628906,0.999040424823761,788.1143798828125,121.32271575927734,0.9984238147735596,759.0371704101562,114.12805938720703,0.9974647760391235,729.4812622070312,109.054931640625,0.9985623955726624,812.9701538085938,93.93656921386719,0.9921655654907227,782.4700317382812,74.27403259277344,0.9861120581626892,730.0004272460938,73.5782241821289,0.9956979751586914,799.2279663085938,145.96881103515625,0.9293553829193115,751.3538818359375,162.2974853515625,0.9867227673530579,700.8489379882812,144.91127014160156,0.9896422028541565
885,841.5314331054688,101.07807159423828,0.995913565158844,796.6884765625,172.31878662109375,0.7096932530403137,808.8502807617188,124.98979187011719,0.9990296363830566,788.8412475585938,121.73553466796875,0.9984993934631348,759.8480834960938,114.5494384765625,0.9977176189422607,729.9186401367188,109.054931640625,0.9983458518981934,812.0240478515625,94.92589569091797,0.9882873892784119,785.7535400390625,78.99517059326172,0.9879481196403503,730.099365234375,72.40180969238281,0.9961127638816833,799.2998046875,146.65158081054688,0.9145922660827637,750.9927978515625,161.6610870361328,0.9845784902572632,700.890625,144.6382598876953,0.9898137450218201
886,841.5314331054688,101.07807159423828,0.9963124394416809,797.2744140625,174.55738830566406,0.7283966541290283,809.3892822265625,125.81427001953125,0.9987697005271912,789.621337890625,122.37751770019531,0.9979233741760254,760.2686157226562,114.67791748046875,0.9982988238334656,730.9498291015625,109.2409896850586,0.9983556866645813,811.08349609375,95.37583923339844,0.9893373250961304,793.0213623046875,80.14299774169922,0.9556311964988708,730.0004272460938,72.40180969238281,0.9965698719024658,799.4666748046875,147.21852111816406,0.8864083886146545,750.9927978515625,161.2028045654297,0.9846556186676025,701.1619873046875,144.6382598876953,0.9888767600059509
887,841.5314331054688,100.8065185546875,0.9969218373298645,797.726806640625,177.78155517578125,0.7569888234138489,810.2562255859375,125.96487426757812,0.998387336730957,790.3544311523438,122.57123565673828,0.9975760579109192,760.2686157226562,114.67791748046875,0.9986264705657959,732.127685546875,109.2409896850586,0.9984378218650818,808.9735107421875,95.37583923339844,0.9884278178215027,797.07666015625,82.35842895507812,0.9793031811714172,729.988525390625,72.40180969238281,0.9962879419326782,804.080810546875,150.81881713867188,0.8877620100975037,750.9927978515625,160.8021697998047,0.9844971895217896,702.6253662109375,144.6382598876953,0.9869203567504883
888,842.74560546875,99.93032836914062,0.9975720047950745,801.535888671875,178.25526428222656,0.9404072165489197,810.596923828125,126.73189544677734,0.9976589679718018,791.0238037109375,123.43203735351562,0.9970229268074036,761.2429809570312,115.43184661865234,0.9986473917961121,733.0936279296875,109.67942810058594,0.9985185265541077,808.28466796875,95.83650207519531,0.9867959022521973,803.676025390625,84.04254913330078,0.9935737252235413,729.988525390625,73.01807403564453,0.996845543384552,804.3318481445312,150.8462677001953,0.8354797959327698,751.0565185546875,160.57423400878906,0.9880356192588806,702.8921508789062,144.6382598876953,0.9831991791725159
889,845.5562133789062,99.22858428955078,0.9982677698135376,801.7755126953125,178.25526428222656,0.9448912143707275,811.6116943359375,127.02045440673828,0.9969933032989502,792.8535766601562,123.98833465576172,0.9962019324302673,761.9112548828125,116.18862915039062,0.9985867738723755,734.1519165039062,109.78128814697266,0.9986943602561951,808.28466796875,95.5297622680664,0.9867267608642578,806.0684204101562,84.3127212524414,0.9917433857917786,729.858154296875,73.04182434082031,0.9968323111534119,811.6210327148438,155.01446533203125,0.7935122847557068,751.217041015625,160.5254669189453,0.9893458485603333,705.9031982421875,145.8063201904297,0.9929265379905701
890,848.7073974609375,98.7582778930664,0.9978516101837158,804.8008422851562,178.25526428222656,0.9529743194580078,811.7894287109375,127.95637512207031,0.9978833794593811,793.805908203125,124.21863555908203,0.9960136413574219,762.9095458984375,117.01087188720703,0.9980297684669495,734.9765625,110.37731170654297,0.9984219074249268,808.28466796875,95.5297622680664,0.9904370903968811,807.9151000976562,84.3127212524414,0.9700139760971069,729.74462890625,73.04182434082031,0.9970006346702576,811.7528686523438,158.66799926757812,0.7906073331832886,751.7201538085938,160.23353576660156,0.987051248550415,715.2142333984375,146.7754364013672,0.9924295544624329
891,851.4863891601562,97.80795288085938,0.9988012313842773,807.123779296875,178.25526428222656,0.9160847067832947,812.5657958984375,128.19859313964844,0.9977971315383911,795.125732421875,124.38081359863281,0.996469259262085,763.83984375,117.30150604248047,0.997927188873291,735.6079711914062,110.81583404541016,0.9975714087486267,808.3469848632812,95.68544006347656,0.9899911880493164,810.1737060546875,84.3127212524414,0.9596142172813416,729.4434814453125,73.04182434082031,0.9967561364173889,812.194580078125,158.72113037109375,0.8602776527404785,751.7324829101562,160.2321014404297,0.9844650626182556,721.5360107421875,147.41522216796875,0.9952137470245361
892,852.6796875,97.62865447998047,0.9989134073257446,809.6080932617188,177.67784118652344,0.8952340483665466,813.1575927734375,128.19859313964844,0.9976309537887573,795.9063720703125,124.38081359863281,0.9962348341941833,765.4194946289062,117.47748565673828,0.9981219172477722,736.4622802734375,111.39229583740234,0.9966962337493896,809.0823974609375,95.86153411865234,0.9869092106819153,811.034423828125,83.86026763916016,0.9639090299606323,729.0567016601562,73.01807403564453,0.996971607208252,812.2135620117188,158.845703125,0.896783709526062,752.130615234375,160.1929931640625,0.9857751131057739,724.6288452148438,148.39608764648438,0.9935717582702637
893,852.8114013671875,97.80795288085938,0.998744010925293,814.1668090820312,174.7853546142578,0.96674644947052,813.4022216796875,128.23995971679688,0.997300922870636,796.6902465820312,124.2880630493164,0.9964512586593628,767.68359375,117.50448608398438,0.9983081817626953,737.6376342773438,112.37013244628906,0.9973624348640442,809.0823974609375,96.19380950927734,0.9843840599060059,812.268798828125,83.75040435791016,0.9704360365867615,729.03125,73.00149536132812,0.9966344237327576,813.5889892578125,158.89491271972656,0.9458146691322327,752.20166015625,159.07179260253906,0.9884732365608215,733.1109008789062,149.1766357421875,0.9890705347061157
894,854.6444702148438,97.80795288085938,0.9986323714256287,818.5285034179688,174.36236572265625,0.9886569380760193,813.8168334960938,128.19859313964844,0.9965577721595764,797.25927734375,124.2880630493164,0.9968467354774475,768.5494995117188,117.55249786376953,0.9984545707702637,738.256591796875,112.79220581054688,0.9976699948310852,809.0823974609375,96.34288024902344,0.9856495261192322,812.9879150390625,83.75040435791016,0.9723173975944519,729.02490234375,73.00149536132812,0.9968852400779724,814.157958984375,159.17327880859375,0.9445573091506958,752.20166015625,158.92483520507812,0.9877095222473145,735.89013671875,151.73426818847656,0.9862226843833923
895,855.5894165039062,97.90435791015625,0.9983502626419067,824.1094360351562,174.36236572265625,0.9927149415016174,814.8502807617188,127.85585021972656,0.9951725602149963,798.5032958984375,124.2880630493164,0.9966726303100586,769.9461059570312,117.60596466064453,0.9987043142318726,739.0140991210938,113.0274887084961,0.9981209635734558,809.0823974609375,97.43476867675781,0.9840914607048035,813.0838012695312,83.73188018798828,0.9786785244941711,728.9014892578125,73.06089782714844,0.9969018697738647,817.46533203125,159.74168395996094,0.9361376762390137,752.20166015625,158.92483520507812,0.9870514869689941,736.758056640625,153.96649169921875,0.9826982617378235
896,856.711669921875,98.31165313720703,0.9977167844772339,824.4998779296875,174.7853546142578,0.9931011199951172,815.2928466796875,127.77340698242188,0.9954297542572021,798.5330200195312,124.2880630493164,0.996112048625946,770.9971923828125,117.60596466064453,0.9987506866455078,740.3650512695312,113.33566284179688,0.9982750415802002,809.0823974609375,97.43476867675781,0.9794995188713074,813.3008422851562,83.60191345214844,0.9793844223022461,728.9014892578125,73.09415435791016,0.9967988729476929,818.3876953125,159.74168395996094,0.9186180830001831,752.985107421875,158.69815063476562,0.987636387348175,736.8099365234375,153.96649169921875,0.9848561882972717
897,857.5589599609375,98.31165313720703,0.996616780757904,827.3178100585938,177.0409698486328,0.9948786497116089,816.3494873046875,127.77340698242188,0.9966456294059753,799.4371337890625,124.34674835205078,0.9959580302238464,771.9197998046875,117.77703857421875,0.9986429810523987,740.8734130859375,113.43553161621094,0.998450517654419,809.09619140625,97.43476867675781,0.975253164768219,813.4524536132812,83.27503967285156,0.9853447079658508,728.985595703125,73.09415435791016,0.996454119682312,819.1000366210938,161.88735961914062,0.9075518846511841,753.9970092773438,158.47291564941406,0.9909318685531616,737.7034912109375,153.96649169921875,0.9891982674598694
898,858.1680297851562,98.31165313720703,0.9957436919212341,830.1058959960938,177.0409698486328,0.9918327331542969,818.2677612304688,127.77340698242188,0.9981855750083923,800.3372192382812,124.43021392822266,0.9975672960281372,772.8016967773438,117.91366577148438,0.9986380934715271,741.7764892578125,113.87122344970703,0.9985201954841614,810.0624389648438,97.31245422363281,0.9696140289306641,814.3087768554688,83.16901397705078,0.9847359657287598,728.9014892578125,73.09415435791016,0.9962142109870911,819.701416015625,162.07095336914062,0.9241589307785034,754.2513427734375,158.47291564941406,0.9887079000473022,737.89013671875,153.65695190429688,0.9879524111747742
899,858.4282836914062,97.17427825927734,0.9950361847877502,833.1380615234375,177.0409698486328,0.9970568418502808,819.8489379882812,128.4445343017578,0.9985787868499756,801.7103881835938,124.4929428100586,0.9976242184638977,773.6507568359375,118.31172180175781,0.9984346032142639,742.6414184570312,114.27301025390625,0.99834144115448,810.203857421875,95.1272964477539,0.9652113914489746,814.3740844726562,82.84878540039062,0.9844696521759033,728.9014892578125,73.04216766357422,0.9963681697845459,819.8359985351562,162.59799194335938,0.927985429763794,754.6974487304688,158.087646484375,0.9859333634376526,737.9712524414062,153.65695190429688,0.9909277558326721
900,858.6688842773438,97.17427825927734,0.9968333840370178,835.8154296875,176.5301055908203,0.9963119626045227,821.37158203125,128.83070373535156,0.9988150596618652,803.0347900390625,124.80525970458984,0.9978150129318237,774.692626953125,118.47171020507812,0.998242974281311,743.8491821289062,114.27301025390625,0.9980126619338989,810.5070190429688,95.1272964477539,0.9610190987586975,814.939453125,82.75430297851562,0.9862896800041199,728.8150634765625,72.90589904785156,0.996817946434021,819.8907470703125,162.59799194335938,0.9481801986694336,754.87939453125,158.08424377441406,0.9856764078140259,737.983154296875,153.602783203125,0.9893810749053955
901,858.75439453125,97.17427825927734,0.9975144863128662,839.0603637695312,175.3408203125,0.9962193369865417,823.8236694335938,128.92926025390625,0.9985162615776062,804.2305297851562,124.8088150024414,0.9974778294563293,775.5944213867188,119.03762817382812,0.9979811310768127,744.7967529296875,114.27301025390625,0.9974763989448547,810.940673828125,95.1272964477539,0.9645690321922302,815.31591796875,82.51111602783203,0.9851685762405396,728.6341552734375,72.59769439697266,0.9970592260360718,819.8359985351562,162.33091735839844,0.954124391078949,755.1134033203125,157.8613739013672,0.9810605049133301,738.1846923828125,153.602783203125,0.99210125207901
902,860.0327758789062,97.5935287475586,0.9978815913200378,842.378662109375,174.41397094726562,0.995222270488739,825.1118774414062,129.3837890625,0.9983202815055847,805.4210815429688,125.4917221069336,0.9967645406723022,776.4450073242188,119.43375396728516,0.9974627494812012,744.9984741210938,113.94977569580078,0.9977954626083374,811.2498168945312,95.15010833740234,0.9584704637527466,815.4442138671875,82.41847229003906,0.9874847531318665,728.6215209960938,72.43096923828125,0.997215986251831,819.8359985351562,162.33091735839844,0.9730979204177856,756.7081298828125,157.7372283935547,0.984245240688324,738.5858764648438,153.65695190429688,0.9923163652420044
903,860.3385620117188,99.24505615234375,0.9973469972610474,842.4205322265625,173.62567138671875,0.9972008466720581,825.1118774414062,130.057373046875,0.9979469180107117,806.0086669921875,126.01655578613281,0.9957758784294128,776.95556640625,119.83995056152344,0.996863842010498,745.234375,113.94977569580078,0.9980706572532654,811.2506713867188,95.40961456298828,0.9509508013725281,815.6994018554688,82.41847229003906,0.9884012937545776,728.4590454101562,72.36612701416016,0.9970712661743164,819.7269287109375,162.20700073242188,0.977944016456604,756.7081298828125,157.7372283935547,0.9836714863777161,738.5968627929688,153.77407836914062,0.9930566549301147
904,860.418212890625,100.35348510742188,0.9966276288032532,845.365234375,173.62567138671875,0.997287392616272,825.1118774414062,130.70526123046875,0.9979019165039062,806.4199829101562,126.55477905273438,0.9952549934387207,777.1710205078125,120.20419311523438,0.9963929057121277,745.7169189453125,113.94977569580078,0.998309850692749,811.9801635742188,96.36888122558594,0.9517270922660828,815.7503051757812,82.41847229003906,0.990702748298645,728.1788940429688,72.34661865234375,0.9973841309547424,819.1134033203125,161.4291534423828,0.9775390625,756.7081298828125,157.7372283935547,0.9806023836135864,738.5968627929688,153.77407836914062,0.99346524477005
905,860.418212890625,100.87799835205078,0.9960481524467468,847.65087890625,173.62567138671875,0.99681156873703,824.9351196289062,131.32684326171875,0.9979769587516785,807.0636596679688,127.03386688232422,0.9948064684867859,778.0231323242188,120.50560760498047,0.9962478280067444,746.2314453125,114.40018463134766,0.9984867572784424,811.9801635742188,96.75654602050781,0.9460955262184143,815.88671875,82.65641021728516,0.9909191131591797,728.1264038085938,72.16814422607422,0.997610330581665,818.9447021484375,160.76504516601562,0.9754410982131958,756.278564453125,157.7400665283203,0.9807147979736328,738.5968627929688,153.77407836914062,0.9934369921684265
906,860.418212890625,102.12875366210938,0.9949793219566345,847.818115234375,173.68406677246094,0.9967871904373169,824.9351196289062,131.91513061523438,0.9982975125312805,807.333740234375,127.14094543457031,0.9937682151794434,778.0231323242188,120.93147277832031,0.9959738850593567,746.568359375,115.03429412841797,0.9986094236373901,811.47802734375,96.97142791748047,0.9480080008506775,815.7503051757812,82.65641021728516,0.9916953444480896,727.9760131835938,72.1617202758789,0.9979015588760376,818.7758178710938,160.75799560546875,0.9803974628448486,756.278564453125,157.7400665283203,0.9807246923446655,738.4639892578125,153.77407836914062,0.9939927458763123
907,861.4910888671875,107.87240600585938,0.993563175201416,847.968017578125,173.68406677246094,0.9967342615127563,824.9351196289062,132.13941955566406,0.9981814622879028,807.333740234375,127.28036499023438,0.9943488240242004,778.0447998046875,121.31360626220703,0.995897650718689,746.5923461914062,115.12548828125,0.9987284541130066,811.7135620117188,97.34111785888672,0.9561471939086914,815.6994018554688,82.65641021728516,0.9905975461006165,727.9760131835938,72.1617202758789,0.9979338645935059,818.7758178710938,160.42738342285156,0.980445921421051,756.278564453125,157.7400665283203,0.9807419776916504,737.7916259765625,153.5413818359375,0.9932222366333008
908,861.5900268554688,108.28197479248047,0.9950008988380432,848.2647705078125,173.8150177001953,0.9967592358589172,825.2427368164062,132.51251220703125,0.998384952545166,807.333740234375,127.38706970214844,0.9939199686050415,778.0447998046875,121.31360626220703,0.9956459403038025,746.9755859375,115.64183044433594,0.9986827969551086,811.7135620117188,97.6086654663086,0.9549430012702942,815.4122314453125,82.56484985351562,0.990111768245697,727.9760131835938,72.16814422607422,0.9979477524757385,818.4879150390625,159.92178344726562,0.9776321649551392,758.3206787109375,157.30105590820312,0.9835108518600464,737.0840454101562,153.24925231933594,0.9943493008613586
909,863.5927124023438,110.39218139648438,0.9964912533760071,849.3773193359375,173.8947296142578,0.997119665145874,825.39892578125,132.60797119140625,0.9981390237808228,807.333740234375,127.65833282470703,0.9944248199462891,777.8363647460938,121.31360626220703,0.9955525994300842,747.406005859375,115.73930358886719,0.998894989490509,811.7135620117188,97.6086654663086,0.9532141089439392,815.4122314453125,82.56157684326172,0.9889864921569824,728.5130004882812,72.20243072509766,0.9975405931472778,818.4879150390625,159.23008728027344,0.975614070892334,760.8040771484375,157.30105590820312,0.9936424493789673,735.5437622070312,153.00311279296875,0.9941628575325012
910,863.9179077148438,112.35012817382812,0.9969624876976013,850.4760131835938,174.59652709960938,0.9975258708000183,825.5433349609375,133.0064697265625,0.9979948997497559,808.8499145507812,128.04469299316406,0.9939751029014587,777.6553955078125,121.58912658691406,0.995029628276825,747.5372924804688,115.86592864990234,0.998819887638092,812.8202514648438,97.76531982421875,0.9562946557998657,815.4122314453125,82.56157684326172,0.9877158999443054,728.5130004882812,72.20243072509766,0.9975239634513855,818.4879150390625,159.23008728027344,0.9766613841056824,762.6549072265625,157.30105590820312,0.9955856800079346,735.1957397460938,152.7529754638672,0.994544267654419
911,864.4615478515625,114.33240509033203,0.9960442781448364,850.7604370117188,176.22775268554688,0.9981252551078796,825.985107421875,133.149658203125,0.9977978467941284,809.016845703125,128.5449676513672,0.994321346282959,777.6553955078125,121.58912658691406,0.9956908822059631,747.8662719726562,115.86592864990234,0.998955249786377,815.23974609375,97.8032455444336,0.9623538851737976,815.4122314453125,82.56484985351562,0.9886055588722229,728.6552124023438,72.20243072509766,0.9974926710128784,818.6514892578125,159.23008728027344,0.9793949723243713,764.0833129882812,157.37342834472656,0.9945873022079468,734.6156005859375,151.09915161132812,0.9957028031349182
912,867.1343383789062,114.33240509033203,0.9972223043441772,850.7604370117188,177.86126708984375,0.9987454414367676,826.3280639648438,134.0166778564453,0.9971715807914734,809.22021484375,129.4500274658203,0.9952608942985535,777.6553955078125,121.58912658691406,0.9962104558944702,748.1613159179688,115.86592864990234,0.9990133047103882,818.2676391601562,98.07258605957031,0.9438278675079346,815.4974365234375,82.75233459472656,0.9902732968330383,728.6552124023438,72.18949890136719,0.9976279139518738,819.0689697265625,159.78717041015625,0.9843432903289795,767.8578491210938,157.80210876464844,0.9824703335762024,734.2457275390625,151.09915161132812,0.9948287606239319
913,870.6605224609375,114.33240509033203,0.9966104626655579,850.7604370117188,179.07666015625,0.9991374015808105,826.6673583984375,134.77474975585938,0.9967085123062134,809.2845458984375,130.0787353515625,0.9959737658500671,777.726806640625,121.81303405761719,0.9966616630554199,748.7171020507812,115.86592864990234,0.9990813732147217,822.1686401367188,99.97307586669922,0.9402884840965271,815.505859375,83.32598876953125,0.9922903180122375,728.6077270507812,72.10604858398438,0.9972987771034241,819.6234741210938,161.00909423828125,0.9886521697044373,770.9420166015625,158.7804718017578,0.9853132367134094,733.989501953125,151.0788116455078,0.994040310382843
914,870.9632568359375,113.23150634765625,0.9971856474876404,849.9249877929688,179.07666015625,0.9989942908287048,827.0611572265625,135.01202392578125,0.9969605803489685,809.8712768554688,130.44390869140625,0.9963439106941223,777.7921752929688,122.38414764404297,0.9967840909957886,748.8281860351562,115.86592864990234,0.9990071654319763,825.0174560546875,102.380615234375,0.9335213303565979,815.4974365234375,83.47197723388672,0.9935013651847839,728.6604614257812,72.10604858398438,0.9973823428153992,819.8176879882812,161.26841735839844,0.9910229444503784,775.0821533203125,160.11729431152344,0.9923694133758545,733.7808837890625,151.0788116455078,0.9934325218200684
915,871.5864868164062,112.20579528808594,0.997810423374176,849.4580078125,179.07666015625,0.9988815188407898,827.4337768554688,135.51316833496094,0.9966331124305725,810.574462890625,131.56764221191406,0.9974855184555054,779.0435791015625,122.5763168334961,0.9969176054000854,750.0192260742188,116.4150619506836,0.9989084005355835,827.5153198242188,103.48916625976562,0.965146005153656,815.2138671875,83.47197723388672,0.993113100528717,728.7478637695312,72.11089324951172,0.9975622892379761,819.8189086914062,161.8308563232422,0.9931569695472717,780.5313110351562,162.51022338867188,0.9908772110939026,733.7427978515625,151.12210083007812,0.9937613606452942
916,872.2060546875,111.6998519897461,0.9982050657272339,849.4075317382812,177.75460815429688,0.9984462857246399,828.6121215820312,136.25546264648438,0.9958123564720154,811.3671264648438,132.93267822265625,0.9981232285499573,779.6566772460938,122.77903747558594,0.9970638155937195,750.4766845703125,116.43597412109375,0.9989399313926697,830.1979370117188,105.55846405029297,0.9746641516685486,814.8313598632812,83.32598876953125,0.990572988986969,728.8426513671875,72.11089324951172,0.9973426461219788,819.9440307617188,162.29812622070312,0.9939206838607788,784.0769653320312,163.02613830566406,0.9906986355781555,733.6640014648438,151.31210327148438,0.9945015907287598
917,872.4317016601562,111.6998519897461,0.9981902241706848,848.8662109375,176.9715118408203,0.9980759620666504,829.024169921875,136.9419708251953,0.9945652484893799,811.8082275390625,132.9346923828125,0.9982113838195801,780.0208740234375,122.98043060302734,0.9971768856048584,751.3897094726562,116.94176483154297,0.9986276626586914,832.4823608398438,106.33567810058594,0.9724563956260681,814.4949340820312,82.47634887695312,0.9919751286506653,728.8834228515625,72.21383666992188,0.9967721104621887,819.8189086914062,162.29812622070312,0.9954174757003784,785.7067260742188,164.8470001220703,0.9792599678039551,733.652587890625,151.4477996826172,0.9949381351470947
918,872.4317016601562,111.6998519897461,0.9983327984809875,848.602294921875,172.8708953857422,0.9958806037902832,829.3007202148438,136.9773712158203,0.9954061508178711,811.9024658203125,133.02296447753906,0.9979789853096008,780.2115478515625,123.09001159667969,0.9970484375953674,751.8234252929688,117.2989501953125,0.9984825253486633,832.4918212890625,108.83808135986328,0.9816377758979797,814.09521484375,82.47634887695312,0.9924813508987427,729.9203491210938,72.89724731445312,0.9956870675086975,819.8176879882812,162.29812622070312,0.9954900145530701,788.2952270507812,168.97129821777344,0.9751587510108948,733.652587890625,151.51622009277344,0.9950152039527893
919,872.4317016601562,112.71580505371094,0.9983657002449036,848.4133911132812,170.43505859375,0.9949530959129333,829.4102783203125,136.9773712158203,0.9958668947219849,812.048828125,133.0414581298828,0.997951090335846,780.6715698242188,123.48593139648438,0.9968296885490417,752.7876586914062,117.85391235351562,0.9983702301979065,840.6060791015625,109.58821105957031,0.9908497333526611,814.0797119140625,82.47634887695312,0.9921028017997742,731.01904296875,73.71646118164062,0.9955995082855225,819.5802612304688,161.86463928222656,0.9937242865562439,789.553466796875,168.97129821777344,0.9767438173294067,733.6640014648438,151.72702026367188,0.9947528839111328
920,871.3765258789062,112.71580505371094,0.9988980293273926,847.3079833984375,168.66632080078125,0.9967209696769714,829.5225830078125,136.9773712158203,0.9958823919296265,812.154541015625,133.0414581298828,0.9974647760391235,780.9158935546875,123.97999572753906,0.9975385665893555,753.0765380859375,118.18339538574219,0.9981599450111389,844.9608154296875,110.78489685058594,0.9937352538108826,813.7647094726562,82.70638275146484,0.9924700260162354,732.2031860351562,74.69668579101562,0.9963375329971313,819.5802612304688,161.85899353027344,0.9897444844245911,791.6256103515625,168.97129821777344,0.9694380164146423,733.6779174804688,151.72702026367188,0.9950501322746277
921,869.758544921875,112.71580505371094,0.9989939332008362,847.3079833984375,168.66632080078125,0.9977868795394897,831.2230834960938,136.86044311523438,0.995349109172821,813.2985229492188,133.18255615234375,0.9967374205589294,781.8215942382812,124.37516021728516,0.9979559183120728,753.2329711914062,118.88878631591797,0.9979597330093384,845.20703125,112.54342651367188,0.9925294518470764,813.7647094726562,82.85687255859375,0.9928968548774719,732.7125854492188,75.8104019165039,0.9961466789245605,819.5802612304688,161.8355712890625,0.9799233078956604,796.0564575195312,168.97129821777344,0.9842028617858887,733.7493896484375,151.72702026367188,0.994512677192688
922,869.7241821289062,112.46520233154297,0.998957633972168,846.6450805664062,168.66632080078125,0.9973976612091064,831.2990112304688,136.86044311523438,0.9962234497070312,814.1531982421875,133.25425720214844,0.9967256784439087,782.5718383789062,124.37516021728516,0.9978355765342712,753.347900390625,119.46783447265625,0.9979019165039062,846.4581909179688,114.53137969970703,0.9912952184677124,813.677490234375,83.1291275024414,0.992537796497345,733.6152954101562,76.57878112792969,0.9958270192146301,821.3245849609375,161.8355712890625,0.9750704169273376,798.8901977539062,168.97129821777344,0.9851422905921936,733.8218994140625,151.7704315185547,0.99456387758255
923,869.0297241210938,111.15277862548828,0.9987615346908569,846.5866088867188,168.72280883789062,0.9943552017211914,831.8324584960938,136.86044311523438,0.9968442916870117,814.8248901367188,133.47720336914062,0.9964895844459534,783.245849609375,124.37516021728516,0.997306227684021,753.4214477539062,119.64988708496094,0.9970656037330627,847.2362670898438,117.09876251220703,0.987006425857544,813.607421875,83.52237701416016,0.9923437237739563,734.3995971679688,77.15808868408203,0.9947317838668823,822.1434326171875,161.8355712890625,0.958407998085022,806.086669921875,171.39004516601562,0.9914275407791138,733.8536987304688,151.74534606933594,0.9947407841682434
924,867.6583251953125,108.95154571533203,0.9984630346298218,840.5866088867188,169.61024475097656,0.9914757013320923,832.1018676757812,138.47079467773438,0.997581958770752,814.8908081054688,133.5315704345703,0.9971700310707092,784.8836669921875,124.91183471679688,0.9965907335281372,754.4298706054688,119.7352523803711,0.9974300265312195,847.2362670898438,119.88709259033203,0.9811410903930664,813.677490234375,83.96863555908203,0.9930048584938049,736.3958129882812,79.70005798339844,0.9950227737426758,826.2686767578125,162.81173706054688,0.9343142509460449,806.5352783203125,173.6567840576172,0.9886478781700134,733.8536987304688,151.67945861816406,0.9945382475852966
925,862.8652954101562,103.41254425048828,0.9948678016662598,837.7928466796875,172.8855743408203,0.9945238828659058,833.1401977539062,139.16464233398438,0.9986605644226074,815.7581787109375,134.28985595703125,0.9979447722434998,786.913818359375,125.1296615600586,0.9975796341896057,756.0032958984375,119.87274932861328,0.9978318810462952,847.2362670898438,121.18321228027344,0.9771197438240051,813.8043212890625,83.96863555908203,0.9936554431915283,740.4051513671875,82.93936157226562,0.998586893081665,826.2686767578125,163.55453491210938,0.9371052384376526,808.1343383789062,173.87515258789062,0.9894264936447144,733.9091186523438,151.66909790039062,0.9951174259185791
926,861.965087890625,102.05667114257812,0.9965037107467651,835.2440185546875,176.80686950683594,0.9961209893226624,834.4312133789062,139.9745330810547,0.9987932443618774,816.3765869140625,134.80987548828125,0.9983519315719604,787.921875,125.1296615600586,0.9979402422904968,757.0781860351562,120.13480377197266,0.9979568719863892,847.2362670898438,121.93775939941406,0.9670791625976562,813.7825927734375,83.96863555908203,0.9940523505210876,746.4457397460938,84.75145721435547,0.9980119466781616,826.2686767578125,164.59652709960938,0.8922625184059143,808.906005859375,174.3385772705078,0.9906938672065735,734.0011596679688,151.4336700439453,0.9953816533088684
927,861.965087890625,101.73773956298828,0.9964099526405334,835.2440185546875,181.1243133544922,0.9980795383453369,835.9138793945312,141.11671447753906,0.9991843104362488,818.1428833007812,135.76206970214844,0.9985633492469788,789.9912719726562,126.02046966552734,0.9981849789619446,758.2341918945312,120.13987731933594,0.9983080625534058,846.62548828125,122.23365783691406,0.9703584313392639,813.8336181640625,83.96863555908203,0.9950820207595825,752.4255981445312,84.75145721435547,0.995843231678009,822.756103515625,164.59652709960938,0.875036358833313,808.9495239257812,174.4360809326172,0.9929215312004089,734.0369873046875,151.4032440185547,0.9956628680229187
928,861.965087890625,101.62991333007812,0.9965766072273254,835.2440185546875,183.35264587402344,0.9973040819168091,836.9671020507812,141.5657501220703,0.9992979764938354,818.442626953125,136.5371856689453,0.9987735152244568,791.2901611328125,127.30677795410156,0.9981617331504822,759.41943359375,120.13987731933594,0.9976968169212341,846.62548828125,123.03294372558594,0.9635311365127563,813.8350830078125,83.83357238769531,0.9955440163612366,758.2233276367188,84.75145721435547,0.9961574673652649,822.2723388671875,164.59652709960938,0.8740689754486084,809.1151733398438,175.0780487060547,0.9927977919578552,734.0487060546875,151.30291748046875,0.9952818751335144
929,862.3505859375,101.62991333007812,0.9957923889160156,839.7811279296875,188.10398864746094,0.9914689064025879,837.859375,142.70248413085938,0.9993566870689392,819.4561157226562,137.1336212158203,0.9990094900131226,791.3134765625,128.7540283203125,0.9976784586906433,760.4085083007812,121.01151275634766,0.9971362352371216,847.560791015625,123.08531188964844,0.9695737957954407,813.8350830078125,83.83357238769531,0.996002733707428,759.8662719726562,85.42984008789062,0.9968710541725159,819.797119140625,163.49754333496094,0.8997718691825867,809.1151733398438,175.26278686523438,0.9936665892601013,734.4669799804688,151.30291748046875,0.9949530959129333
930,863.3502197265625,101.56340789794922,0.9956399202346802,842.4798583984375,189.73236083984375,0.9878860712051392,839.2593994140625,143.58132934570312,0.9991949200630188,821.046142578125,137.4805908203125,0.998976469039917,792.8289184570312,129.21055603027344,0.9981654286384583,761.6441040039062,121.18668365478516,0.9975591897964478,847.862548828125,123.08531188964844,0.9719862937927246,813.7825927734375,83.98814392089844,0.9963808655738831,760.8321533203125,85.4841537475586,0.9960882663726807,819.3545532226562,163.02127075195312,0.9004672765731812,809.1151733398438,175.54530334472656,0.9945623278617859,734.5734252929688,151.4032440185547,0.994793713092804
931,866.0986328125,100.7867431640625,0.9979848861694336,842.7255249023438,189.92442321777344,0.9894165396690369,840.016357421875,143.58132934570312,0.9990218877792358,822.0294799804688,137.7841033935547,0.9987472295761108,792.9287719726562,129.21055603027344,0.9984967708587646,762.7247924804688,121.52886962890625,0.9975814819335938,847.862548828125,122.45691680908203,0.9748400449752808,813.5685424804688,84.07606506347656,0.9965721368789673,765.9505615234375,85.57091522216797,0.996236264705658,819.3545532226562,162.7259979248047,0.8976744413375854,809.0298461914062,175.54530334472656,0.9955279231071472,734.73291015625,151.4702606201172,0.9937937259674072
932,866.2083740234375,99.83431243896484,0.9981143474578857,843.5203247070312,190.89295959472656,0.9901145696640015,840.5978393554688,143.58132934570312,0.9987816214561462,822.8719482421875,137.81961059570312,0.99846351146698,794.7415771484375,129.26358032226562,0.9987927675247192,764.34619140625,121.78812408447266,0.9980375170707703,849.10791015625,122.45691680908203,0.977627694606781,813.4407348632812,84.07606506347656,0.9968029260635376,768.4802856445312,87.0323486328125,0.9923340082168579,819.3545532226562,162.32472229003906,0.8934234976768494,808.9573974609375,175.54530334472656,0.9958612322807312,734.8386840820312,151.4702606201172,0.9928023219108582
933,866.9422607421875,98.71875762939453,0.9973427653312683,847.5562744140625,190.89295959472656,0.9890282154083252,841.3225708007812,142.72076416015625,0.9986348748207092,823.5769653320312,137.85391235351562,0.9981352090835571,796.0902709960938,129.38760375976562,0.9990235567092896,765.4334106445312,121.78973388671875,0.9978492259979248,849.24560546875,122.138671875,0.9808120727539062,812.9161376953125,84.54845428466797,0.9967907071113586,774.860595703125,88.94537353515625,0.996006190776825,821.1375122070312,162.32472229003906,0.8938065767288208,808.9573974609375,174.9689178466797,0.9961177110671997,735.1521606445312,151.4702606201172,0.9920142292976379
934,866.9776000976562,98.6548843383789,0.9966278672218323,848.129638671875,190.89295959472656,0.9957677125930786,842.8327026367188,142.61460876464844,0.9973528385162354,824.7398071289062,138.14337158203125,0.997014045715332,797.2346801757812,129.26358032226562,0.9990206956863403,766.7119140625,122.00445556640625,0.997890055179596,849.9295654296875,121.47216796875,0.9848100543022156,812.9161376953125,84.88080596923828,0.996935248374939,776.5872802734375,89.06888580322266,0.9951574206352234,822.683349609375,162.32472229003906,0.9003797173500061,808.9573974609375,174.9689178466797,0.9957102537155151,735.710205078125,151.2436065673828,0.9907063841819763
935,866.9422607421875,97.0177993774414,0.9979003667831421,855.072998046875,190.00408935546875,0.9962802529335022,843.4157104492188,141.28280639648438,0.9948135614395142,826.4866333007812,138.45962524414062,0.9974876642227173,798.49853515625,129.17225646972656,0.9988676309585571,767.6717529296875,122.10684967041016,0.9980598092079163,852.9379272460938,121.36481475830078,0.9891369342803955,812.6102905273438,84.97547912597656,0.9963198900222778,778.285888671875,89.28172302246094,0.9963709115982056,825.1300048828125,162.6727752685547,0.9249175190925598,808.9249877929688,174.92457580566406,0.9951617121696472,735.7258911132812,151.1820526123047,0.9906842708587646
936,867.03466796875,95.62013244628906,0.9984198808670044,856.7523803710938,189.36727905273438,0.992815375328064,845.0604248046875,141.28280639648438,0.9938387274742126,828.165283203125,138.45962524414062,0.9978741407394409,799.578857421875,129.1055908203125,0.9989774227142334,768.5896606445312,122.49385833740234,0.9981405735015869,853.9781494140625,121.326171875,0.9928889274597168,812.5923461914062,84.99134063720703,0.9951537847518921,779.7341918945312,89.28172302246094,0.9966498017311096,827.0494995117188,163.16830444335938,0.9243023991584778,808.9205322265625,174.92457580566406,0.9944226145744324,736.154541015625,150.9992218017578,0.9895869493484497
937,867.03466796875,95.62013244628906,0.9987583160400391,860.7151489257812,188.66241455078125,0.9953421354293823,846.8796997070312,141.28280639648438,0.9934813976287842,829.3203735351562,138.4622039794922,0.9980185031890869,800.4486694335938,129.1055908203125,0.9990736246109009,769.36767578125,123.22815704345703,0.998343825340271,855.3973388671875,121.07447814941406,0.9926336407661438,812.51806640625,85.28426361083984,0.9960381984710693,779.9078979492188,89.09991455078125,0.9969099164009094,827.0494995117188,163.16830444335938,0.9398671984672546,807.754150390625,174.99977111816406,0.9946978092193604,736.422119140625,150.9992218017578,0.9883639812469482
938,868.372314453125,95.27327728271484,0.9988659620285034,863.343994140625,184.70431518554688,0.9961057305335999,848.1799926757812,141.28280639648438,0.9966351389884949,831.3759765625,138.45962524414062,0.9980442523956299,801.6949462890625,129.1055908203125,0.998957633972168,770.3980102539062,123.8202896118164,0.9987971782684326,856.1090087890625,120.94868469238281,0.9923166036605835,812.33447265625,85.4410629272461,0.9957214593887329,779.9078979492188,89.24574279785156,0.9969030022621155,827.8115844726562,164.29934692382812,0.9477171897888184,807.6873779296875,175.10472106933594,0.9942641854286194,736.7183227539062,150.9992218017578,0.9877501130104065
939,870.9967651367188,95.16410827636719,0.9984620809555054,865.4551391601562,184.0355682373047,0.9986999034881592,848.5853271484375,141.28280639648438,0.9973970651626587,831.5301513671875,138.2821502685547,0.997646152973175,802.54541015625,129.97442626953125,0.9987841248512268,771.1527099609375,124.30282592773438,0.9989475607872009,856.21875,120.93746948242188,0.992432713508606,812.3275146484375,85.6400375366211,0.9959477782249451,779.9078979492188,89.09991455078125,0.9970767498016357,829.4075927734375,164.84841918945312,0.9532063603401184,807.619384765625,175.2451171875,0.9936209321022034,736.7183227539062,151.10055541992188,0.987095832824707
940,871.6077880859375,94.9023666381836,0.9983794689178467,867.046630859375,183.8555908203125,0.9987888932228088,849.7095336914062,141.1487579345703,0.9982189536094666,832.2349853515625,138.27139282226562,0.9981702566146851,803.2042236328125,130.79029846191406,0.9986816048622131,772.0130615234375,124.8122787475586,0.9990854263305664,857.1864624023438,120.88140869140625,0.9919142723083496,812.1990966796875,85.72508239746094,0.9960541725158691,779.2982177734375,88.98839569091797,0.9970721006393433,830.4482421875,165.0386505126953,0.9785570502281189,807.061767578125,175.28753662109375,0.9912715554237366,736.7183227539062,151.1156463623047,0.9864856004714966
941,872.7547607421875,94.9023666381836,0.9978219270706177,869.843994140625,183.65484619140625,0.9979292154312134,850.5317993164062,140.9071502685547,0.9984252452850342,832.2593994140625,138.27139282226562,0.9983102083206177,804.1039428710938,131.1591796875,0.9985865354537964,772.7012939453125,125.40177154541016,0.999086856842041,859.1981201171875,120.27908325195312,0.9935259819030762,812.1843872070312,86.12322998046875,0.996285080909729,778.7132568359375,88.9326400756836,0.9971323013305664,833.6123657226562,165.1416015625,0.9879118204116821,805.8842163085938,175.34852600097656,0.9896350502967834,736.3972778320312,152.3329315185547,0.9864888787269592
942,873.3928833007812,94.57879638671875,0.9971463084220886,871.6990356445312,180.67645263671875,0.9976828098297119,851.3043823242188,140.4921875,0.9988139867782593,832.7261352539062,138.0496368408203,0.9984009861946106,804.6911010742188,131.1622314453125,0.9988025426864624,773.2565307617188,126.05067443847656,0.999030351638794,859.752197265625,120.04654693603516,0.992487907409668,811.9346313476562,86.16649627685547,0.9963002800941467,778.5993041992188,88.92607879638672,0.9970548152923584,837.6797485351562,165.1416015625,0.9851498603820801,805.4859008789062,175.4700164794922,0.9869135022163391,736.29541015625,152.3411865234375,0.9855765700340271
943,873.8638305664062,94.45804595947266,0.9966676831245422,872.5877685546875,175.07643127441406,0.9949237704277039,852.6964721679688,139.3349609375,0.9988237023353577,833.3291015625,137.67919921875,0.9984728693962097,805.351806640625,131.1737060546875,0.9986603260040283,773.8602294921875,126.38550567626953,0.9989989399909973,860.43115234375,119.60502624511719,0.9929545521736145,811.8568725585938,86.16649627685547,0.9966433048248291,778.5993041992188,88.84872436523438,0.9971866011619568,840.6785888671875,165.1416015625,0.9695554375648499,805.4859008789062,175.94439697265625,0.9846226572990417,736.0994262695312,152.44857788085938,0.9867375493049622
944,874.1871337890625,94.27794647216797,0.9961878657341003,876.376220703125,174.4176025390625,0.9946517944335938,853.5599365234375,137.0167999267578,0.9987381100654602,834.2061157226562,136.74208068847656,0.9978062510490417,806.6146240234375,131.2009735107422,0.9987548589706421,774.6632080078125,126.67877960205078,0.9987132549285889,860.9959716796875,119.58850860595703,0.9905161261558533,811.8568725585938,86.16649627685547,0.996469259262085,778.56201171875,88.64582061767578,0.9973447918891907,840.7012329101562,164.15838623046875,0.9797357320785522,805.4859008789062,175.97096252441406,0.9852369427680969,736.2006225585938,152.44857788085938,0.9857397675514221
945,874.2633666992188,94.09823608398438,0.9955918192863464,878.7791137695312,173.51927185058594,0.9911079406738281,853.9478149414062,135.98207092285156,0.9992485642433167,834.9765625,136.43020629882812,0.9981030225753784,807.5240478515625,131.252685546875,0.9985307455062866,775.600341796875,126.67877960205078,0.9986841082572937,861.863525390625,119.34674072265625,0.988301694393158,811.8568725585938,86.09427642822266,0.996880054473877,778.5341796875,88.63739776611328,0.9973325729370117,844.2676391601562,163.5501251220703,0.9805629253387451,805.8015747070312,176.00096130371094,0.9836342334747314,736.2576293945312,152.44857788085938,0.9829906225204468
946,874.3328857421875,94.09823608398438,0.9949989318847656,880.7549438476562,172.2074737548828,0.9934048056602478,854.7937622070312,135.80894470214844,0.9993152618408203,835.6039428710938,136.31712341308594,0.9978848099708557,808.0051879882812,131.252685546875,0.9984419941902161,776.4436645507812,126.67877960205078,0.9984135627746582,862.07080078125,119.02244567871094,0.9882735013961792,812.38525390625,85.91792297363281,0.9971291422843933,778.56201171875,88.49254608154297,0.9975842237472534,845.8663330078125,163.1035614013672,0.9861962795257568,806.1337890625,176.12362670898438,0.9830716252326965,736.2576293945312,152.38336181640625,0.9832919239997864
947,874.3328857421875,94.09823608398438,0.9954293966293335,881.2108764648438,170.38856506347656,0.9956613183021545,855.6055297851562,135.7255096435547,0.9993159770965576,836.1024169921875,136.31712341308594,0.997911274433136,808.5759887695312,131.252685546875,0.998181939125061,776.7908935546875,126.62626647949219,0.998345136642456,862.07080078125,119.02244567871094,0.9869542717933655,812.4762573242188,85.91792297363281,0.9973552227020264,778.5916137695312,88.47600555419922,0.9975836277008057,846.5574340820312,163.1035614013672,0.9944964051246643,806.2501220703125,176.04769897460938,0.9846492409706116,736.2576293945312,152.38336181640625,0.983228862285614
948,874.5747680664062,94.45048522949219,0.994597315788269,881.5726928710938,168.8477783203125,0.9973852038383484,855.99853515625,135.39266967773438,0.9993171691894531,836.3528442382812,136.31712341308594,0.9977801442146301,809.1325073242188,131.25070190429688,0.9980790615081787,777.046142578125,126.2663803100586,0.9979149699211121,862.709228515625,118.93873596191406,0.9827269315719604,812.4762573242188,85.91792297363281,0.9974998831748962,778.5916137695312,88.17945861816406,0.9977801442146301,848.9217529296875,163.1035614013672,0.9952934384346008,806.43994140625,176.04769897460938,0.9843443036079407,736.500244140625,152.38336181640625,0.984497606754303
949,874.904296875,94.5003890991211,0.994419276714325,881.5726928710938,166.88087463378906,0.9980033040046692,856.4696044921875,135.03663635253906,0.9992941617965698,836.3580932617188,136.31712341308594,0.9971741437911987,809.1325073242188,131.25070190429688,0.9979259967803955,777.5399169921875,125.85200500488281,0.9982540011405945,862.709228515625,118.93873596191406,0.9812532067298889,812.61962890625,86.40190124511719,0.9973078966140747,778.6365356445312,88.1686782836914,0.9977301955223083,853.3960571289062,162.47467041015625,0.9915286302566528,806.5269775390625,176.0527801513672,0.9843534827232361,737.1892700195312,152.52017211914062,0.9848212599754333
950,875.227294921875,94.78068542480469,0.9947397112846375,881.992431640625,166.53182983398438,0.9979776740074158,857.08837890625,134.9339141845703,0.9993009567260742,837.0172729492188,136.23855590820312,0.9969383478164673,809.1325073242188,131.25070190429688,0.9976580142974854,778.07958984375,125.79492950439453,0.998460054397583,862.633056640625,119.11031341552734,0.9782126545906067,812.4762573242188,86.5892562866211,0.997453510761261,778.6365356445312,88.16022491455078,0.9978026747703552,853.3960571289062,161.2659912109375,0.992464542388916,806.574951171875,176.0527801513672,0.9831647276878357,737.80712890625,152.84487915039062,0.9815368056297302
951,875.3411254882812,94.81299591064453,0.9948177933692932,882.2438354492188,166.1936492919922,0.998170018196106,857.6728515625,134.9339141845703,0.9992675185203552,837.8489990234375,135.15396118164062,0.9972092509269714,806.918701171875,131.67897033691406,0.9977176189422607,778.5249633789062,125.79492950439453,0.9985781908035278,859.7432861328125,119.19603729248047,0.9772968292236328,812.6356811523438,86.79590606689453,0.9973477125167847,778.6365356445312,88.13444519042969,0.9976217150688171,853.3960571289062,160.57774353027344,0.9906834363937378,806.574951171875,176.0527801513672,0.9822447896003723,740.4718017578125,152.8551483154297,0.9785196185112
952,876.132568359375,94.8232650756836,0.9940097332000732,882.357421875,165.62892150878906,0.9981337189674377,857.9226684570312,135.00221252441406,0.999220609664917,838.076171875,135.11953735351562,0.997452437877655,806.918701171875,131.7467803955078,0.9981495141983032,778.693359375,125.85200500488281,0.9984069466590881,859.6246948242188,119.67288208007812,0.9739291071891785,812.7781372070312,86.8080062866211,0.9974772334098816,778.5186157226562,88.13444519042969,0.9976795315742493,854.3018188476562,160.0341033935547,0.9877763986587524,806.6448974609375,176.0527801513672,0.9822880029678345,742.9815063476562,153.07162475585938,0.9762406945228577
953,876.4513549804688,94.8675765991211,0.9935922026634216,882.4254760742188,164.74176025390625,0.9979144930839539,857.9226684570312,135.03663635253906,0.999204695224762,838.3042602539062,135.07301330566406,0.9976048469543457,806.918701171875,131.84898376464844,0.9983102083206177,779.013427734375,126.2066650390625,0.998619556427002,859.5520629882812,119.67288208007812,0.979842483997345,812.9762573242188,87.05059051513672,0.9975855350494385,778.4768676757812,88.13444519042969,0.9974396228790283,854.3018188476562,160.0341033935547,0.9872462749481201,806.7535400390625,176.0527801513672,0.9839019179344177,743.8113403320312,153.60316467285156,0.9798723459243774
954,878.3238525390625,97.75167846679688,0.993333637714386,882.8076171875,164.67807006835938,0.9979856014251709,858.099365234375,135.09852600097656,0.9991859793663025,838.3423461914062,135.07301330566406,0.9977689981460571,807.391845703125,131.8656463623047,0.9986186027526855,779.013427734375,126.53668212890625,0.9986751675605774,859.334716796875,119.67288208007812,0.9812255501747131,813.1048583984375,87.25881958007812,0.9974265694618225,778.4656372070312,88.1025161743164,0.9971862435340881,854.3018188476562,160.0341033935547,0.9838150143623352,806.810302734375,176.00611877441406,0.9852226376533508,746.4315795898438,153.6239471435547,0.9805727005004883
955,878.5718994140625,97.75167846679688,0.994061291217804,883.5335693359375,164.54742431640625,0.9978840947151184,858.1602172851562,135.09852600097656,0.9991003274917603,838.3925170898438,135.10292053222656,0.9975958466529846,807.5782470703125,131.94601440429688,0.998775064945221,779.0242309570312,126.69427490234375,0.9985942244529724,859.5332641601562,119.34610748291016,0.982954204082489,813.1048583984375,87.25881958007812,0.9972881078720093,778.4656372070312,88.13444519042969,0.9973959922790527,858.5654296875,160.5178680419922,0.9792796969413757,806.9614868164062,175.78927612304688,0.9854051470756531,749.5156860351562,154.97679138183594,0.9844298362731934
956,879.3953857421875,97.75167846679688,0.9943530559539795,885.2953491210938,164.15731811523438,0.9979350566864014,858.1602172851562,135.13723754882812,0.9988453388214111,838.5980834960938,135.11953735351562,0.9975420236587524,807.9842529296875,132.02928161621094,0.9989033937454224,779.0635986328125,126.85231018066406,0.9986613988876343,859.427001953125,118.69061279296875,0.9847486615180969,813.1048583984375,87.25881958007812,0.9974328875541687,778.382080078125,88.18424987792969,0.9974742531776428,860.804443359375,160.6116943359375,0.9775487780570984,807.0814819335938,175.7807159423828,0.9843005537986755,751.1818237304688,157.88966369628906,0.9892405867576599
957,880.307373046875,97.88493347167969,0.9945713877677917,886.4808349609375,163.18710327148438,0.9976477026939392,857.9229125976562,135.17877197265625,0.9988391995429993,838.77978515625,135.1758575439453,0.9975595474243164,808.4005737304688,132.1709747314453,0.9989799857139587,779.5203247070312,126.939208984375,0.9989606142044067,859.427001953125,118.38871765136719,0.9849936962127686,812.9851684570312,87.19689178466797,0.997641921043396,778.382080078125,88.29478454589844,0.997250497341156,862.3156127929688,160.7625732421875,0.9795197248458862,807.114501953125,175.53280639648438,0.9854705333709717,752.6943359375,159.6870574951172,0.9938129186630249
958,881.5250244140625,97.71510314941406,0.9963321089744568,887.9658203125,163.18710327148438,0.9970135688781738,858.3115234375,135.690673828125,0.9985119700431824,839.0736083984375,135.22836303710938,0.997443675994873,808.8400268554688,132.23976135253906,0.9990450739860535,779.8504028320312,127.33209991455078,0.9988929629325867,859.5332641601562,118.13786315917969,0.9828402996063232,812.9851684570312,87.14866638183594,0.9974890947341919,778.382080078125,88.29478454589844,0.9972508549690247,862.3773193359375,160.7625732421875,0.9801636338233948,807.114501953125,175.3376007080078,0.9856137633323669,753.3236083984375,160.47117614746094,0.9945594668388367
959,884.4163208007812,97.6676025390625,0.9985439777374268,888.9854736328125,163.18710327148438,0.9966075420379639,858.3115234375,136.03765869140625,0.9984266757965088,839.5864868164062,135.35830688476562,0.9974291920661926,809.2691650390625,132.408447265625,0.9991602897644043,780.3287353515625,127.3346176147461,0.9988627433776855,860.3001708984375,117.27828979492188,0.9803662896156311,812.9851684570312,87.07156372070312,0.9977452158927917,778.382080078125,88.29478454589844,0.9973233342170715,863.6620483398438,160.8614044189453,0.9803562164306641,807.114501953125,175.25885009765625,0.9855782389640808,754.7886352539062,160.573974609375,0.9958600401878357
960,886.8988647460938,97.6676025390625,0.9976640939712524,889.6514282226562,163.3914794921875,0.9967963099479675,858.322998046875,136.03765869140625,0.9983890056610107,839.9066162109375,135.52426147460938,0.9972981810569763,809.633056640625,132.45892333984375,0.9991496801376343,780.7417602539062,127.3693618774414,0.9988715052604675,860.6134643554688,117.27471923828125,0.9800265431404114,813.3143310546875,87.07156372070312,0.9974623918533325,778.3423461914062,88.29478454589844,0.9973151087760925,864.7144165039062,161.32278442382812,0.9818543195724487,807.1510009765625,175.14051818847656,0.9870951771736145,756.9840698242188,160.573974609375,0.9965548515319824
961,887.5275268554688,97.12203979492188,0.99752277135849,890.6048583984375,165.2299346923828,0.9970357418060303,858.5342407226562,136.03765869140625,0.9982826709747314,840.2572631835938,135.52426147460938,0.9973381161689758,809.7723999023438,132.51776123046875,0.9991558790206909,780.8538208007812,127.38290405273438,0.9987426400184631,860.6331176757812,117.27471923828125,0.9792928695678711,813.4700317382812,86.98712158203125,0.9976690411567688,778.4010009765625,88.27850341796875,0.9973360896110535,864.7144165039062,161.59146118164062,0.9832559823989868,807.12451171875,175.0304718017578,0.9860251545906067,757.86669921875,160.47117614746094,0.9960631728172302
962,887.5728759765625,95.55757904052734,0.9962288737297058,891.12109375,165.5296630859375,0.9971784353256226,858.8545532226562,136.0221405029297,0.9982935786247253,840.6983032226562,135.52426147460938,0.9975308775901794,810.1113891601562,132.5546417236328,0.9991956353187561,781.1803588867188,127.38890838623047,0.9985976815223694,860.8753051757812,117.27001190185547,0.980832040309906,813.4700317382812,86.80961608886719,0.9977056384086609,778.4010009765625,88.26799011230469,0.9971725344657898,864.7144165039062,161.59146118164062,0.9836892485618591,807.12451171875,174.89041137695312,0.9863292574882507,759.4165649414062,160.09353637695312,0.9952446818351746
963,887.5836181640625,94.72241973876953,0.995482325553894,892.286376953125,165.77635192871094,0.9971538782119751,858.962158203125,136.0221405029297,0.9982654452323914,840.8616333007812,135.32984924316406,0.9975758194923401,810.3612670898438,132.5958709716797,0.999183714389801,781.2327270507812,127.48815155029297,0.9985937476158142,861.2265014648438,117.27001190185547,0.9813128709793091,813.5687255859375,86.80961608886719,0.9976425766944885,778.4010009765625,88.26799011230469,0.9972531199455261,864.0117797851562,161.59146118164062,0.9838666915893555,807.12451171875,174.82200622558594,0.9860481023788452,760.0237426757812,159.88937377929688,0.993302583694458
964,888.8162841796875,94.67852020263672,0.9966559410095215,893.7369384765625,165.8585205078125,0.9972370862960815,859.008544921875,136.0221405029297,0.9982386827468872,840.9876098632812,135.3070068359375,0.9975710511207581,810.3702392578125,132.5994110107422,0.9992376565933228,781.2327270507812,127.50760650634766,0.998596727848053,861.3209228515625,117.27471923828125,0.9796417951583862,813.5687255859375,86.80957794189453,0.9976698756217957,778.4087524414062,88.30596160888672,0.9973738193511963,863.9262084960938,161.31431579589844,0.9856215119361877,807.12451171875,174.81045532226562,0.984779953956604,760.5242309570312,159.88937377929688,0.9950150847434998
965,889.415283203125,94.67852020263672,0.9967441558837891,895.2908325195312,166.61297607421875,0.9976714253425598,859.0411987304688,136.0273895263672,0.9981708526611328,840.9876098632812,135.3037567138672,0.9974064230918884,810.3702392578125,132.5994110107422,0.9992570281028748,781.2327270507812,127.5685043334961,0.9986288547515869,861.3209228515625,117.1336669921875,0.9801046848297119,813.4295043945312,86.80957794189453,0.9976759552955627,778.6283569335938,88.30596160888672,0.9972773194313049,863.4735717773438,161.27786254882812,0.9852145314216614,807.12451171875,174.7786407470703,0.9868167042732239,760.7974243164062,159.88937377929688,0.9939448237419128
966,889.415283203125,94.72047424316406,0.9966912269592285,895.7576293945312,166.84683227539062,0.9978625178337097,859.079833984375,136.0273895263672,0.9982352256774902,840.9945068359375,135.2703399658203,0.9974384307861328,810.3702392578125,132.5958709716797,0.999226450920105,781.2000122070312,127.58290100097656,0.9986724853515625,861.2265014648438,117.1336669921875,0.9783379435539246,813.4295043945312,86.80957794189453,0.9976677298545837,778.6734619140625,88.40271759033203,0.9972223043441772,863.3325805664062,161.09214782714844,0.9838946461677551,807.019287109375,174.7449951171875,0.9865092635154724,760.7974243164062,160.12698364257812,0.9940062761306763
967,889.415283203125,94.72047424316406,0.9967362284660339,897.0216674804688,167.02235412597656,0.9987069368362427,859.1826782226562,136.10189819335938,0.998202919960022,840.9945068359375,135.3037567138672,0.9973852038383484,810.356689453125,132.5994110107422,0.9991963505744934,781.1714477539062,127.75578308105469,0.9985972046852112,861.1842651367188,117.1336669921875,0.9792298674583435,813.419189453125,86.80957794189453,0.9975854158401489,778.6734619140625,88.41200256347656,0.997212827205658,863.162353515625,161.06097412109375,0.9833710193634033,806.997802734375,174.81045532226562,0.9851958751678467,761.3154907226562,160.2765350341797,0.9926487803459167
968,888.8478393554688,94.72047424316406,0.9965498447418213,898.3143310546875,166.84683227539062,0.9990816116333008,859.2418212890625,136.09266662597656,0.9981253743171692,840.9492797851562,135.3037567138672,0.9974562525749207,810.3550415039062,132.64010620117188,0.999154806137085,781.0253295898438,127.7979507446289,0.998565137386322,861.1842651367188,117.1336669921875,0.9804750084877014,813.1710815429688,86.80957794189453,0.9976291060447693,778.6283569335938,88.41741180419922,0.9970569610595703,862.8831787109375,160.9868927001953,0.9829355478286743,806.9768676757812,174.81045532226562,0.9858028888702393,761.6448364257812,160.57595825195312,0.9911386370658875
969,888.6357421875,95.02726745605469,0.9960529804229736,899.2221069335938,166.84683227539062,0.9992483258247375,859.3380737304688,136.09266662597656,0.9983604550361633,840.9492797851562,135.33462524414062,0.9972749352455139,810.2316284179688,132.9888916015625,0.9990653395652771,781.0171508789062,127.92271423339844,0.9986293315887451,861.1842651367188,116.97103881835938,0.9800785779953003,812.8799438476562,86.77339172363281,0.9977739453315735,778.6426391601562,88.47127532958984,0.9970736503601074,861.8026733398438,160.24464416503906,0.9748411178588867,806.9557495117188,174.8800506591797,0.9850082397460938,761.8543701171875,160.59521484375,0.9913881421089172
970,888.5266723632812,96.5367202758789,0.9966421127319336,899.6126098632812,166.50465393066406,0.9992443323135376,859.4674682617188,136.09266662597656,0.9983680844306946,841.0228881835938,135.33462524414062,0.9973424077033997,810.2316284179688,132.9888916015625,0.9990912675857544,781.015625,127.96566772460938,0.9985811710357666,861.3373413085938,116.95849609375,0.9808298349380493,812.5631713867188,86.7686996459961,0.9977547526359558,778.6426391601562,88.50399780273438,0.9971287846565247,861.68212890625,160.17019653320312,0.9756537079811096,806.9557495117188,174.8800506591797,0.9843233227729797,761.8543701171875,160.6045379638672,0.9902215003967285
971,888.4132080078125,96.5367202758789,0.9968870282173157,900.5418701171875,165.57554626464844,0.9992327690124512,859.7698974609375,136.09266662597656,0.9984174966812134,841.0480346679688,135.33462524414062,0.997423529624939,810.2316284179688,132.9888916015625,0.9990642666816711,781.0171508789062,127.98188018798828,0.9985861778259277,861.4614868164062,116.95849609375,0.9824612736701965,812.5631713867188,86.65840911865234,0.9978066086769104,778.6426391601562,88.58824157714844,0.9969214200973511,861.68212890625,160.1649169921875,0.974580705165863,806.9557495117188,174.8800506591797,0.9841793179512024,761.8643188476562,160.59521484375,0.9912183880805969
972,888.4132080078125,96.5367202758789,0.9969348907470703,901.14990234375,164.68348693847656,0.9991466999053955,859.9549560546875,135.93267822265625,0.9984638690948486,841.1183471679688,135.22373962402344,0.997612714767456,810.283203125,133.0267791748047,0.9991198182106018,781.0171508789062,128.24127197265625,0.9983953833580017,861.5368041992188,116.95849609375,0.9813294410705566,812.5631713867188,86.58536529541016,0.9979318380355835,778.7449340820312,88.70378875732422,0.9968145489692688,861.68212890625,160.1649169921875,0.9750721454620361,807.039306640625,174.67431640625,0.9829632043838501,762.129638671875,160.57595825195312,0.9921219348907471
973,888.5266723632812,95.7580337524414,0.9956159591674805,901.6346435546875,163.50634765625,0.9988579750061035,859.9999389648438,135.92068481445312,0.9983172416687012,841.1536254882812,135.17152404785156,0.997435986995697,810.4136352539062,133.0267791748047,0.9991376399993896,781.055419921875,128.24127197265625,0.9984252452850342,861.5401000976562,116.91100311279297,0.9825692176818848,812.5830078125,86.58536529541016,0.9978686571121216,778.7449340820312,88.70378875732422,0.9967793822288513,862.2156982421875,160.15560913085938,0.9754378199577332,807.039306640625,174.67431640625,0.9835761189460754,762.0599365234375,160.74951171875,0.9900972843170166
974,889.22216796875,95.07763671875,0.9961192607879639,902.00390625,162.33981323242188,0.9981718063354492,860.1109008789062,135.6165008544922,0.9984425902366638,841.2385864257812,135.1650848388672,0.9975554347038269,810.510986328125,133.03976440429688,0.9991387128829956,781.055419921875,128.2428436279297,0.9983231425285339,861.5433959960938,116.91100311279297,0.9813814163208008,812.744140625,86.58536529541016,0.9976750016212463,778.7449340820312,88.75691223144531,0.9967490434646606,862.5020751953125,160.04270935058594,0.9776421785354614,807.039306640625,174.57080078125,0.9835204482078552,762.4074096679688,160.74951171875,0.9919211864471436
975,889.6273803710938,94.68170928955078,0.9958550333976746,902.7911987304688,161.64892578125,0.9978734254837036,860.4384155273438,135.49884033203125,0.998257577419281,841.4785766601562,135.1650848388672,0.9976444840431213,810.6436767578125,133.1553192138672,0.9991070628166199,781.2102661132812,128.55455017089844,0.9982689619064331,861.6484375,116.95314025878906,0.9830990433692932,812.7700805664062,86.73087310791016,0.9977966547012329,778.37548828125,88.83235168457031,0.9969398975372314,862.5020751953125,160.15560913085938,0.97705078125,807.0302124023438,174.47988891601562,0.9844349026679993,762.554443359375,160.74951171875,0.9919890761375427
976,889.6273803710938,94.67304992675781,0.9958599209785461,903.4110107421875,159.83248901367188,0.998346209526062,860.9026489257812,135.460205078125,0.998267650604248,842.052490234375,135.1650848388672,0.9977326393127441,811.21484375,133.28195190429688,0.9991790652275085,781.2102661132812,128.6265869140625,0.998488187789917,861.7400512695312,116.95314025878906,0.9820064902305603,812.89013671875,86.78581237792969,0.9978424310684204,778.37548828125,88.8388442993164,0.996651828289032,863.0654296875,160.25503540039062,0.9749159812927246,807.0140380859375,174.4483184814453,0.9833304286003113,763.2083740234375,160.76560974121094,0.9932976365089417
977,889.6273803710938,94.56950378417969,0.9956070780754089,903.5725708007812,158.27682495117188,0.9981289505958557,861.3392944335938,135.07164001464844,0.9983235001564026,842.3612060546875,135.58056640625,0.9979314804077148,811.65625,133.48587036132812,0.9991835951805115,781.3552856445312,129.07412719726562,0.9986475110054016,861.7703857421875,117.10738372802734,0.9784823060035706,812.89013671875,86.80803680419922,0.9977700710296631,778.37548828125,88.86621856689453,0.9966216087341309,863.6210327148438,160.6840362548828,0.9767762422561646,806.8004760742188,174.4300994873047,0.9852939248085022,763.8880615234375,161.3317108154297,0.9946078062057495
978,889.5822143554688,94.44475555419922,0.995732843875885,903.5725708007812,158.27682495117188,0.9968084692955017,861.9932861328125,134.922119140625,0.9981572031974792,843.2568969726562,135.71588134765625,0.9977871179580688,812.5294189453125,133.80580139160156,0.9991639852523804,782.0806274414062,129.86322021484375,0.9988947510719299,862.40380859375,117.15325927734375,0.9766309261322021,812.89013671875,86.80803680419922,0.9976440072059631,778.399169921875,88.89598083496094,0.9964327812194824,864.1588745117188,160.6840362548828,0.9822554588317871,806.71533203125,174.2873077392578,0.9858453273773193,764.6574096679688,161.81951904296875,0.9956890940666199
979,889.5565795898438,94.44475555419922,0.9956222176551819,903.5109252929688,158.27682495117188,0.9970102310180664,862.3377075195312,132.00796508789062,0.9988290667533875,843.5408935546875,135.7597198486328,0.9977606534957886,813.6063842773438,133.80580139160156,0.9991409778594971,783.1834106445312,130.25025939941406,0.9987861514091492,862.40380859375,117.40418243408203,0.9666820764541626,813.0040283203125,86.8963851928711,0.9974821209907532,778.4107055664062,88.94476318359375,0.9966501593589783,866.7560424804688,160.6840362548828,0.9870055913925171,806.6891479492188,174.2829132080078,0.9854147434234619,765.4418334960938,162.08120727539062,0.9958068132400513
980,888.0902099609375,94.37278747558594,0.9944419264793396,903.5109252929688,158.83642578125,0.9979331493377686,863.3099975585938,132.00796508789062,0.9992421865463257,844.4927368164062,135.7597198486328,0.9975070357322693,814.6072387695312,133.80580139160156,0.9987632036209106,784.3716430664062,131.68499755859375,0.9981887936592102,862.40380859375,118.02243041992188,0.9596378207206726,813.0150756835938,86.98216247558594,0.9973627924919128,779.97802734375,88.94476318359375,0.9965541362762451,871.1165161132812,160.11392211914062,0.9883967041969299,806.6891479492188,174.05677795410156,0.9836839437484741,768.2740478515625,162.4564971923828,0.9921740293502808
981,886.9187622070312,94.29432678222656,0.9975492358207703,902.6656494140625,161.61212158203125,0.9969210624694824,864.0748901367188,132.00796508789062,0.9992074370384216,845.1433715820312,135.71588134765625,0.9975155591964722,817.1351928710938,133.91464233398438,0.9988844990730286,785.82373046875,132.13739013671875,0.9987149238586426,861.8048706054688,118.35751342773438,0.9655194878578186,814.9151000976562,87.74652862548828,0.9953140020370483,779.97802734375,88.89598083496094,0.9967405200004578,875.07763671875,158.36073303222656,0.9838972091674805,806.655029296875,173.84718322753906,0.9862111806869507,772.5755615234375,164.1171417236328,0.9948527216911316
982,882.7538452148438,93.81637573242188,0.9977889060974121,902.6656494140625,162.284423828125,0.9977378845214844,864.0753784179688,132.00796508789062,0.9992390871047974,845.9500732421875,135.71224975585938,0.9979653358459473,818.3054809570312,133.59085083007812,0.9990411400794983,786.9592895507812,132.16053771972656,0.9989436268806458,861.0867309570312,118.35751342773438,0.9762173295021057,817.72607421875,87.90131378173828,0.9976703524589539,779.6802978515625,88.83464813232422,0.996550440788269,875.324951171875,157.26513671875,0.9830437302589417,806.6891479492188,173.72544860839844,0.9892277717590332,774.1179809570312,166.32054138183594,0.9925803542137146
983,880.8038940429688,88.20242309570312,0.9963788390159607,902.6656494140625,162.284423828125,0.9974890947341919,865.7752075195312,132.00796508789062,0.9991825222969055,846.5721435546875,133.9771270751953,0.9977572560310364,819.6943969726562,133.54452514648438,0.9992722868919373,788.68115234375,132.30445861816406,0.9990641474723816,860.963623046875,118.35751342773438,0.9791514873504639,820.4334106445312,87.90131378173828,0.9935927987098694,779.6802978515625,88.83464813232422,0.996498703956604,876.1603393554688,155.98931884765625,0.9836450815200806,806.8515625,173.3594207763672,0.9932733774185181,780.0213623046875,167.3527374267578,0.9889060258865356
984,879.7889404296875,82.23993682861328,0.9955364465713501,904.236328125,162.284423828125,0.9963430762290955,867.5072021484375,130.77940368652344,0.9986932873725891,847.1890258789062,132.90945434570312,0.9983104467391968,821.0147094726562,133.50453186035156,0.9994463324546814,790.069580078125,132.4224853515625,0.9990227222442627,860.5728149414062,117.04935455322266,0.9793015718460083,826.0338134765625,87.90131378173828,0.9895638823509216,779.5363159179688,88.83464813232422,0.9961656332015991,879.2428588867188,155.98239135742188,0.9909412264823914,807.6311645507812,173.3594207763672,0.9925550818443298,792.2687377929688,167.78575134277344,0.9812628626823425
985,878.9495239257812,80.5716781616211,0.9952297210693359,905.2086791992188,157.2383575439453,0.997490644454956,868.9208374023438,130.27972412109375,0.9984551668167114,848.3265380859375,132.46444702148438,0.9986485838890076,822.6629028320312,133.50453186035156,0.9993242025375366,791.3316040039062,132.30445861816406,0.9989016056060791,860.3922729492188,116.76879119873047,0.981490969657898,832.0559692382812,85.75454711914062,0.9823289513587952,779.503173828125,88.75979614257812,0.9960907101631165,882.5910034179688,154.7608642578125,0.9909389019012451,808.6934204101562,172.68771362304688,0.9885776042938232,797.3600463867188,168.90830993652344,0.9642121195793152
986,878.208740234375,79.03971862792969,0.9950852990150452,906.7666625976562,156.0782928466797,0.996726393699646,870.0695190429688,130.27972412109375,0.9975221753120422,850.0366821289062,131.5817108154297,0.9985637068748474,823.8519897460938,133.50453186035156,0.9990422129631042,792.5411987304688,132.30445861816406,0.9986099004745483,860.3324584960938,116.03679656982422,0.9821027517318726,835.5780029296875,83.26974487304688,0.9877741932868958,779.5363159179688,88.84123992919922,0.9961368441581726,885.5399780273438,154.2083740234375,0.9894327521324158,810.3479614257812,172.68771362304688,0.9852398633956909,798.5913696289062,173.13356018066406,0.981346845626831
987,877.1475830078125,78.47257232666016,0.9937068819999695,909.0786743164062,154.6258544921875,0.9970130920410156,870.1355590820312,129.76687622070312,0.9972614049911499,851.0391845703125,131.32696533203125,0.9983577132225037,823.8519897460938,133.3033447265625,0.9991218447685242,793.9601440429688,132.57054138183594,0.9979298114776611,860.3324584960938,115.44752502441406,0.9780060052871704,838.34326171875,81.28373718261719,0.9848693609237671,779.5363159179688,88.84123992919922,0.996122419834137,887.1534423828125,153.21812438964844,0.9896760582923889,810.3479614257812,172.4490966796875,0.9614306092262268,801.862548828125,173.710693359375,0.9925877451896667
988,877.0791625976562,70.57088470458984,0.9935436248779297,910.618408203125,152.7501220703125,0.996607780456543,870.9244995117188,129.66844177246094,0.9967725872993469,851.3923950195312,131.3160858154297,0.9980556964874268,824.2499389648438,133.3033447265625,0.9990460276603699,794.5242309570312,132.6062469482422,0.9981814622879028,860.2871704101562,114.7708969116211,0.9802257418632507,841.8204345703125,80.74140930175781,0.982848584651947,779.5452880859375,88.84123992919922,0.9964267611503601,888.41064453125,153.21812438964844,0.9911536574363708,810.8541870117188,172.1986083984375,0.9058676362037659,803.4244384765625,175.4044189453125,0.9941549897193909
989,875.9602661132812,69.57882690429688,0.9956566095352173,911.7642822265625,152.15138244628906,0.9981237053871155,871.442626953125,129.66844177246094,0.99678635597229,852.2210693359375,131.1495819091797,0.9979224801063538,825.0491943359375,132.2813720703125,0.9991395473480225,795.4034423828125,132.6062469482422,0.9983129501342773,860.1021118164062,114.32093048095703,0.971401572227478,842.6795654296875,79.3192138671875,0.9889541864395142,779.5452880859375,88.83675384521484,0.9963445067405701,890.3692626953125,152.335205078125,0.9912540316581726,810.8541870117188,171.94337463378906,0.892909049987793,803.4244384765625,175.4044189453125,0.9945039749145508
990,875.39306640625,69.54715728759766,0.9959944486618042,912.6580810546875,150.06077575683594,0.9986956715583801,871.7030029296875,129.66844177246094,0.9965072274208069,852.6590576171875,131.1495819091797,0.9973745346069336,825.0491943359375,132.27249145507812,0.999183714389801,795.984130859375,132.74746704101562,0.9983872175216675,859.9920043945312,113.9151611328125,0.9666428565979004,843.3701782226562,77.95677185058594,0.9867135286331177,779.5452880859375,88.83675384521484,0.9964428544044495,890.5250854492188,152.33311462402344,0.9902876615524292,810.8541870117188,171.6749267578125,0.88521808385849,803.4244384765625,175.4044189453125,0.9951249957084656
991,875.39306640625,69.16315460205078,0.9955686926841736,912.7289428710938,149.09666442871094,0.998725950717926,872.1757202148438,129.07025146484375,0.9968233108520508,853.254638671875,131.1495819091797,0.9973350167274475,825.0491943359375,132.27249145507812,0.9993569254875183,796.5859985351562,132.78103637695312,0.9982953667640686,859.9920043945312,113.59493255615234,0.9644116759300232,843.3966064453125,77.94091033935547,0.9874997735023499,779.0797729492188,88.60061645507812,0.9962992072105408,890.5250854492188,152.1294708251953,0.9901912212371826,810.7581787109375,171.27272033691406,0.8727603554725647,803.3312377929688,175.27999877929688,0.9958244562149048
992,875.39306640625,69.14933776855469,0.9958568215370178,913.993408203125,147.89889526367188,0.9983059167861938,872.67041015625,128.35313415527344,0.9964816570281982,855.0962524414062,131.5646209716797,0.9973100423812866,825.589599609375,132.2813720703125,0.9994244575500488,797.2715454101562,133.01341247558594,0.9982377290725708,859.9539794921875,113.46014404296875,0.9603434801101685,843.754638671875,77.48701477050781,0.9864323735237122,779.0797729492188,88.58576965332031,0.9963563680648804,890.5250854492188,151.48989868164062,0.988403856754303,810.7581787109375,170.92579650878906,0.8653889298439026,803.3312377929688,175.27999877929688,0.9960067868232727
993,875.843017578125,67.91507720947266,0.9972482323646545,915.40478515625,145.28628540039062,0.9966815114021301,872.78515625,127.71605682373047,0.9968283772468567,855.5255126953125,131.5646209716797,0.9973733425140381,826.3857421875,132.63946533203125,0.9994369149208069,798.4205932617188,133.29669189453125,0.9983503818511963,859.7843017578125,113.2093734741211,0.948852002620697,843.754638671875,77.20439147949219,0.9858047366142273,779.0670776367188,88.58576965332031,0.9964162111282349,888.473388671875,150.78025817871094,0.9894579648971558,810.7581787109375,170.8792724609375,0.8411164879798889,803.3312377929688,175.27999877929688,0.9961844086647034
994,876.0825805664062,67.83295440673828,0.9971092343330383,918.2562255859375,142.40101623535156,0.9935488104820251,872.7964477539062,126.94363403320312,0.9969882369041443,855.8225708007812,131.5646209716797,0.997583270072937,827.2271728515625,132.77720642089844,0.9994495511054993,799.0604248046875,133.6364288330078,0.9982843995094299,859.7843017578125,113.00170135498047,0.9517530798912048,844.1162109375,77.20439147949219,0.9845239520072937,779.0797729492188,88.58879089355469,0.9964576363563538,888.473388671875,150.78025817871094,0.9910372495651245,811.2980346679688,170.8082733154297,0.8356113433837891,803.28759765625,175.3844451904297,0.9966883063316345
995,876.1090087890625,67.83295440673828,0.9967643022537231,922.6438598632812,141.27886962890625,0.9893396496772766,873.5911865234375,125.06538391113281,0.9966198205947876,856.26025390625,131.56118774414062,0.9978415966033936,827.8643798828125,132.85809326171875,0.9994532465934753,799.2923583984375,134.08474731445312,0.9978995323181152,855.0709838867188,112.89171600341797,0.9346323013305664,844.275634765625,77.20439147949219,0.9854350090026855,779.095458984375,88.60061645507812,0.9963517189025879,888.473388671875,150.78025817871094,0.9930878281593323,811.5031127929688,170.78878784179688,0.8235068321228027,803.3524169921875,175.5359344482422,0.9967984557151794
996,876.8591918945312,67.87902069091797,0.99689781665802,922.6438598632812,139.02105712890625,0.9905926585197449,873.8397216796875,124.91486358642578,0.9966216087341309,856.6043090820312,131.24131774902344,0.997607946395874,828.1213989257812,133.18002319335938,0.9993520379066467,799.625244140625,136.4203338623047,0.9974371194839478,855.0709838867188,112.34062194824219,0.9270276427268982,844.3711547851562,77.571044921875,0.9871355891227722,779.095458984375,88.69359588623047,0.996405839920044,888.2594604492188,150.0845184326172,0.991485059261322,812.066162109375,170.68238830566406,0.8082054257392883,803.4766845703125,175.5359344482422,0.9965037107467651
997,878.0928344726562,67.87902069091797,0.9968100190162659,923.386962890625,137.09640502929688,0.9898698925971985,873.9173583984375,124.50567626953125,0.9969238638877869,856.7501220703125,130.76065063476562,0.997840404510498,828.770263671875,133.47671508789062,0.9993076324462891,799.8081665039062,136.86602783203125,0.9976717829704285,855.0709838867188,111.86610412597656,0.9324743151664734,844.48974609375,77.58531951904297,0.987899124622345,779.0670776367188,88.73990631103516,0.9964704513549805,889.3572387695312,150.45094299316406,0.9912838935852051,814.7557983398438,170.68238830566406,0.8697465658187866,803.522705078125,175.3844451904297,0.9966869950294495
998,878.0928344726562,69.1315689086914,0.9959499835968018,923.2179565429688,136.88734436035156,0.9922900795936584,874.4143676757812,124.0533676147461,0.9969292283058167,857.2575073242188,130.51449584960938,0.9976068735122681,828.9675903320312,134.2092742919922,0.9990972280502319,800.14892578125,137.75645446777344,0.9975166320800781,855.5401611328125,111.3417739868164,0.932711660861969,844.6901245117188,77.60408782958984,0.9888153672218323,779.0558471679688,88.84510803222656,0.9963852167129517,889.3572387695312,150.45094299316406,0.9916497468948364,817.9934692382812,170.78878784179688,0.9592418074607849,803.6691284179688,175.2682342529297,0.9972146153450012
999,878.3426513671875,72.91654205322266,0.9969955682754517,923.2179565429688,136.88734436035156,0.9923282265663147,874.768798828125,123.8061294555664,0.9966853260993958,857.438232421875,130.3191375732422,0.9977311491966248,830.740478515625,134.91946411132812,0.9989669322967529,800.4005126953125,137.9726104736328,0.9979654550552368,855.5401611328125,110.83857727050781,0.9286938905715942,844.6901245117188,77.62162780761719,0.9876002073287964,778.9894409179688,88.96525573730469,0.996183454990387,887.8104248046875,149.82542419433594,0.9912206530570984,822.635498046875,171.56321716308594,0.9787235260009766,804.2948608398438,174.8702850341797,0.9973940849304199
1000,878.9740600585938,73.66593933105469,0.9963043928146362,923.59521484375,136.88734436035156,0.9932536482810974,875.3348388671875,123.4000473022461,0.9967380166053772,858.2086791992188,130.0628662109375,0.9973164200782776,831.8075561523438,135.67681884765625,0.9989494681358337,800.9093627929688,138.34268188476562,0.9983214735984802,855.5401611328125,110.4029312133789,0.9243263006210327,844.6901245117188,77.80790710449219,0.9872236251831055,778.875244140625,88.98248291015625,0.996218740940094,887.8104248046875,149.27818298339844,0.9923385381698608,822.94970703125,173.87794494628906,0.9867410063743591,804.3778686523438,174.58731079101562,0.997404158115387
1001,879.021240234375,73.66593933105469,0.9975097179412842,923.59521484375,137.0157012939453,0.9939915537834167,875.5957641601562,122.69866943359375,0.9973353743553162,858.6328125,129.3134307861328,0.997149646282196,832.3790893554688,135.67681884765625,0.9991501569747925,801.6544189453125,138.68899536132812,0.998723566532135,855.406982421875,109.54979705810547,0.9199119210243225,844.597900390625,77.8494873046875,0.9880286455154419,778.8600463867188,89.00535583496094,0.9962379932403564,888.450439453125,148.9742431640625,0.9918799996376038,824.7471313476562,173.87794494628906,0.9917839765548706,805.3058471679688,174.58731079101562,0.9976919889450073
1002,879.0363159179688,73.66593933105469,0.9972598552703857,923.2179565429688,137.0157012939453,0.9945831894874573,875.999755859375,122.48042297363281,0.9975444674491882,859.1639404296875,129.287841796875,0.9966176152229309,833.0626831054688,135.67681884765625,0.9991855025291443,802.4417724609375,138.760498046875,0.9986429810523987,855.406982421875,109.52938079833984,0.9233489036560059,844.597900390625,78.23409271240234,0.9889348149299622,778.79052734375,89.03079986572266,0.996304988861084,888.450439453125,148.45590209960938,0.992638349533081,827.2401733398438,173.87794494628906,0.992209792137146,805.3058471679688,174.58731079101562,0.9980417490005493
1003,880.4752197265625,72.87217712402344,0.998038113117218,922.972900390625,137.0157012939453,0.994239091873169,876.8407592773438,121.99989318847656,0.9972352385520935,860.2225341796875,129.25357055664062,0.9961217045783997,834.1185913085938,135.52769470214844,0.999243974685669,803.0498046875,138.760498046875,0.9988946318626404,855.406982421875,108.89383697509766,0.918404757976532,844.597900390625,78.23409271240234,0.9876090288162231,778.7736206054688,89.03079986572266,0.9963213205337524,888.841552734375,148.25999450683594,0.9928591251373291,833.9886474609375,171.59571838378906,0.9951514005661011,805.3058471679688,174.70751953125,0.9983515739440918
1004,882.321533203125,72.4356689453125,0.9978829026222229,922.1849365234375,133.69418334960938,0.9934669137001038,878.1777954101562,121.83805847167969,0.9967519044876099,861.1658325195312,128.85134887695312,0.9955102205276489,835.3609008789062,135.4895477294922,0.9992953538894653,803.608642578125,138.760498046875,0.9989736080169678,856.2327270507812,108.89383697509766,0.9089869856834412,844.59326171875,78.4598617553711,0.9885247349739075,778.7424926757812,89.03079986572266,0.9962835907936096,888.9887084960938,148.25543212890625,0.9929327964782715,837.5921630859375,171.158203125,0.9919902682304382,804.8982543945312,174.70751953125,0.9984101057052612
1005,884.3596801757812,72.4356689453125,0.9978413581848145,922.1849365234375,130.56088256835938,0.987828254699707,879.5458984375,121.4386215209961,0.9964445233345032,862.2286376953125,128.3772430419922,0.995048463344574,836.2361450195312,135.4895477294922,0.999256432056427,804.38916015625,138.79090881347656,0.9990457892417908,856.674560546875,108.89383697509766,0.8681313395500183,844.5363159179688,78.4284896850586,0.989359974861145,778.6633911132812,88.9961166381836,0.9967768788337708,889.3933715820312,147.90501403808594,0.9913695454597473,839.8051147460938,171.0797882080078,0.9869913458824158,804.893798828125,175.03399658203125,0.9982621073722839
1006,887.1055297851562,72.4356689453125,0.9966801404953003,921.8777465820312,128.53280639648438,0.9896496534347534,880.1521606445312,121.27322387695312,0.9976664781570435,862.7451782226562,128.33575439453125,0.9953516721725464,836.9462890625,135.4895477294922,0.999206006526947,804.7966918945312,138.82571411132812,0.9990304708480835,861.6633911132812,108.93064880371094,0.8709408640861511,844.2589721679688,78.52812957763672,0.9912609457969666,778.5404663085938,88.8659896850586,0.9967465400695801,889.6087646484375,147.85548400878906,0.9899792671203613,845.6723022460938,168.94712829589844,0.9861701726913452,804.5230712890625,175.24668884277344,0.9980973601341248
1007,891.2417602539062,76.06352996826172,0.9931015968322754,921.820068359375,126.82849884033203,0.9868150949478149,880.9721069335938,121.2361068725586,0.9980092644691467,863.7449951171875,128.2056884765625,0.9966272711753845,837.6771240234375,135.4895477294922,0.9991506338119507,805.0634765625,138.85610961914062,0.9988126754760742,863.1243286132812,108.93064880371094,0.9098010659217834,843.8602905273438,78.75800323486328,0.9910513162612915,778.5404663085938,88.8659896850586,0.9965752959251404,890.1431274414062,147.7422637939453,0.9887582063674927,851.459716796875,168.27410888671875,0.9889103174209595,804.5230712890625,175.52066040039062,0.9977082014083862
1008,892.6585693359375,76.06352996826172,0.9948039650917053,921.8777465820312,123.67623138427734,0.9773895144462585,881.1822509765625,121.10140228271484,0.998314380645752,863.956787109375,127.92305755615234,0.9974180459976196,838.169677734375,135.12417602539062,0.99916672706604,805.7177734375,138.88360595703125,0.9988234639167786,863.8873291015625,108.93064880371094,0.9466814994812012,843.8602905273438,79.03657531738281,0.9928324222564697,778.6633911132812,88.8687744140625,0.99678635597229,891.020751953125,147.08839416503906,0.9896789789199829,856.0814208984375,168.16685485839844,0.9763163924217224,804.5230712890625,175.54693603515625,0.9974192380905151
1009,894.7985229492188,76.06352996826172,0.9958633184432983,922.2180786132812,120.51844787597656,0.9771840572357178,881.8692016601562,121.05176544189453,0.9986298084259033,864.3135375976562,127.6502914428711,0.9978654980659485,838.5150146484375,134.74844360351562,0.9991317391395569,806.0809936523438,138.9464569091797,0.9986867308616638,865.247802734375,107.67620849609375,0.9624974727630615,843.8444213867188,79.12647247314453,0.9933423399925232,778.7319946289062,88.9961166381836,0.9967873096466064,891.4373779296875,147.04824829101562,0.9896062016487122,861.6275024414062,165.83123779296875,0.9896344542503357,804.6444091796875,175.65390014648438,0.9977213740348816
1010,895.0643310546875,75.80510711669922,0.9952372312545776,922.6339721679688,120.47915649414062,0.9804189801216125,882.3517456054688,120.04418182373047,0.9988620281219482,865.0245971679688,126.79058837890625,0.9981710910797119,839.080078125,134.43016052246094,0.9989675283432007,806.5741577148438,139.07870483398438,0.9985120892524719,866.2590942382812,106.47235107421875,0.970984160900116,843.7575073242188,79.38548278808594,0.9933105707168579,778.73974609375,89.163818359375,0.996283233165741,891.6567993164062,147.04824829101562,0.9881759881973267,863.5933227539062,165.83123779296875,0.9650730490684509,804.8031616210938,175.78939819335938,0.9978098273277283
1011,895.7998046875,74.31209564208984,0.9954153299331665,924.1028442382812,120.47915649414062,0.9839427471160889,883.1084594726562,119.51898193359375,0.9989818930625916,866.3643188476562,126.33441162109375,0.9982064962387085,839.6419067382812,134.37014770507812,0.9986647367477417,807.2357177734375,139.265869140625,0.9982374906539917,868.3689575195312,104.49359130859375,0.973220944404602,843.7575073242188,79.57606506347656,0.99327552318573,779.305908203125,89.60879516601562,0.9954029321670532,891.9911499023438,146.82589721679688,0.9881906509399414,868.504638671875,162.78787231445312,0.9839257001876831,804.8702392578125,175.78939819335938,0.9976449608802795
1012,897.2661743164062,73.12071990966797,0.997718870639801,926.314208984375,120.47915649414062,0.9821980595588684,883.5777587890625,119.09223937988281,0.9989027976989746,867.04150390625,126.10914611816406,0.998076319694519,840.354248046875,134.3600616455078,0.9983634352684021,807.8984985351562,139.73818969726562,0.9980048537254333,873.363525390625,104.26917266845703,0.981486976146698,843.583984375,79.62454223632812,0.9921072125434875,779.4979248046875,91.82017517089844,0.9951468110084534,892.2862548828125,146.66554260253906,0.9878302216529846,869.9288940429688,162.7197723388672,0.9788171648979187,805.039794921875,175.82077026367188,0.9975183010101318
1013,897.4784545898438,71.99644470214844,0.9982911944389343,927.8096313476562,120.60787200927734,0.9795156121253967,885.0391845703125,118.8115463256836,0.9989055395126343,867.28466796875,125.29449462890625,0.9980201721191406,840.4078979492188,133.966064453125,0.9984061121940613,808.3974609375,140.2828826904297,0.9974479675292969,874.2649536132812,101.11504364013672,0.988959789276123,843.51025390625,79.91773986816406,0.9910009503364563,779.4979248046875,94.19261169433594,0.9943637847900391,892.385986328125,146.66554260253906,0.9850367903709412,871.7739868164062,161.23831176757812,0.9722394943237305,805.0792846679688,175.87362670898438,0.9973762035369873
1014,897.619873046875,70.84358978271484,0.9986351132392883,927.9097290039062,123.43608856201172,0.987849771976471,885.3027954101562,117.94746398925781,0.999133288860321,867.9985961914062,124.88004302978516,0.9976462721824646,840.4078979492188,133.84750366210938,0.9980151653289795,808.830810546875,140.65489196777344,0.996788501739502,874.919921875,99.35894775390625,0.990472674369812,842.5817260742188,79.91773986816406,0.9887641668319702,779.4979248046875,94.83000183105469,0.9952471852302551,892.385986328125,146.66554260253906,0.9809762239456177,873.0017700195312,160.2425079345703,0.9636009931564331,805.1090087890625,175.87362670898438,0.9972549080848694
1015,897.7300415039062,70.02685546875,0.9986658096313477,930.649658203125,123.78797149658203,0.9928667545318604,885.9688110351562,117.078125,0.9992807507514954,868.1793212890625,124.1921157836914,0.99772709608078,840.4078979492188,133.37669372558594,0.9980035424232483,809.4235229492188,140.65489196777344,0.9970993995666504,875.75732421875,97.02467346191406,0.9863072037696838,842.5817260742188,79.91773986816406,0.989554762840271,779.4821166992188,95.62042236328125,0.9960933327674866,892.385986328125,146.2003936767578,0.977064311504364,879.7604370117188,160.12020874023438,0.9831109046936035,805.3692016601562,175.8486328125,0.9975388050079346
1016,898.4335327148438,69.068603515625,0.9989628791809082,934.1851196289062,124.355712890625,0.9963425993919373,886.7520141601562,116.27111053466797,0.9992966651916504,868.8485717773438,123.53264617919922,0.9970337152481079,839.5341186523438,131.93605041503906,0.9978471994400024,810.634033203125,140.65489196777344,0.99745112657547,875.8645629882812,94.63926696777344,0.9846811294555664,842.5817260742188,78.95582580566406,0.9898244738578796,779.4821166992188,97.02071380615234,0.9968953132629395,892.2229614257812,145.6532745361328,0.9733720421791077,884.3455810546875,159.75576782226562,0.9783428311347961,805.6188354492188,175.8486328125,0.9976084232330322
1017,899.1654663085938,68.63379669189453,0.9990204572677612,935.5985717773438,125.46903991699219,0.9967495203018188,888.155029296875,114.65399932861328,0.9992177486419678,869.4163818359375,123.21389770507812,0.996426522731781,839.5341186523438,131.56275939941406,0.9982796907424927,811.43701171875,140.5769500732422,0.9973636269569397,878.3051147460938,93.45365142822266,0.9777665138244629,842.6930541992188,78.78706359863281,0.9870626330375671,779.4821166992188,97.07256317138672,0.9971747398376465,892.1863403320312,145.62071228027344,0.9683692455291748,885.6047973632812,159.75576782226562,0.9678130745887756,805.705078125,175.69139099121094,0.997697651386261
1018,899.6201171875,68.29296112060547,0.998992383480072,937.1719360351562,125.50032043457031,0.9958868622779846,888.7905883789062,113.97492218017578,0.9990463852882385,870.1978759765625,122.6491928100586,0.9955751895904541,839.5341186523438,131.4305419921875,0.998146653175354,812.0092163085938,140.5002899169922,0.9971941709518433,880.0728759765625,93.45365142822266,0.980609118938446,842.8297119140625,78.58682250976562,0.9899346232414246,780.2208862304688,97.11017608642578,0.9970532655715942,891.1934814453125,145.62071228027344,0.9664033055305481,886.03759765625,156.76231384277344,0.9741086959838867,805.8343505859375,175.53965759277344,0.9976578950881958
1019,899.7088623046875,68.23031616210938,0.9991200566291809,937.8759155273438,125.58358764648438,0.9957830905914307,889.638671875,113.3010482788086,0.9988155364990234,870.6691284179688,122.28569030761719,0.9950006604194641,840.3984375,130.7781524658203,0.9984889030456543,812.84130859375,140.1157989501953,0.9975480437278748,880.24169921875,92.48805236816406,0.9882383942604065,842.95361328125,78.4381332397461,0.9917016625404358,781.6776733398438,98.0887680053711,0.9966149926185608,890.4209594726562,145.6532745361328,0.9664466381072998,886.38916015625,156.38162231445312,0.9775310158729553,805.917724609375,175.4114990234375,0.9977995753288269
1020,901.7578125,68.23031616210938,0.9988413453102112,937.938720703125,125.73561096191406,0.9940693378448486,890.6873168945312,113.3010482788086,0.9984288811683655,871.0068359375,121.8929443359375,0.9939071536064148,841.1546630859375,130.13999938964844,0.9985442161560059,814.2042236328125,139.4454803466797,0.9977376461029053,881.8135986328125,92.34685516357422,0.99025958776474,843.2993774414062,78.43240356445312,0.991047203540802,783.1555786132812,99.94498443603516,0.9962968230247498,890.2647705078125,146.00743103027344,0.9603904485702515,886.7725219726562,156.29934692382812,0.9770182371139526,806.06884765625,175.2041015625,0.997797966003418
1021,903.9197998046875,64.45626831054688,0.9981973767280579,938.6300048828125,125.73561096191406,0.9923239946365356,891.675537109375,113.3010482788086,0.9965305924415588,871.4935302734375,121.15470886230469,0.9939321875572205,842.63232421875,129.83734130859375,0.9985236525535583,815.0033569335938,138.72776794433594,0.9980074763298035,885.2456665039062,92.09667205810547,0.9941628575325012,843.7716674804688,78.43240356445312,0.9905932545661926,788.6004028320312,102.22755432128906,0.998087465763092,888.6161499023438,146.00743103027344,0.9610258340835571,886.8909912109375,155.8526611328125,0.9854314923286438,806.121826171875,175.13140869140625,0.997865617275238
1022,907.5347290039062,64.45626831054688,0.9982882142066956,939.3460693359375,126.14466857910156,0.9933910369873047,892.149169921875,114.67427062988281,0.9970425963401794,872.6696166992188,120.71257781982422,0.9957985281944275,844.2213134765625,129.02471923828125,0.9978840947151184,815.8799438476562,138.43191528320312,0.9980288147926331,886.8026123046875,91.33901977539062,0.9925152659416199,843.7716674804688,78.4381332397461,0.9923850297927856,790.0791015625,102.22755432128906,0.9966901540756226,888.6161499023438,146.00743103027344,0.9606919884681702,886.9743041992188,155.8526611328125,0.991424560546875,806.1622924804688,175.03041076660156,0.9978723526000977
1023,909.4661254882812,64.45626831054688,0.9982323050498962,941.7547607421875,127.49845886230469,0.9937745332717896,893.8184814453125,114.67427062988281,0.996538519859314,873.5653686523438,120.44401550292969,0.9964253306388855,845.47705078125,128.97976684570312,0.9970306158065796,816.8711547851562,138.10743713378906,0.9986648559570312,888.8943481445312,91.11347961425781,0.9916054010391235,843.7716674804688,79.06114196777344,0.992974042892456,794.8446044921875,102.22755432128906,0.9947415590286255,888.6161499023438,146.00743103027344,0.9620634317398071,887.3341674804688,155.8526611328125,0.992255449295044,806.1622924804688,175.03041076660156,0.9977923631668091
1024,911.3948974609375,69.46424102783203,0.9985548853874207,942.5298461914062,129.83148193359375,0.996977686882019,895.8831787109375,114.67427062988281,0.9963834285736084,876.0081787109375,119.83894348144531,0.9968495965003967,848.2142944335938,128.88946533203125,0.9958129525184631,818.0792236328125,137.54669189453125,0.9988875985145569,891.2943725585938,90.2889633178711,0.9812263250350952,843.1598510742188,79.34243774414062,0.9935592412948608,800.2406616210938,101.63197326660156,0.9954569339752197,889.287109375,146.0294952392578,0.9445165991783142,887.526611328125,156.98439025878906,0.994716227054596,806.121826171875,175.03041076660156,0.9977201819419861
1025,913.43408203125,69.46424102783203,0.9988962411880493,942.7738647460938,131.364501953125,0.99782395362854,898.23876953125,113.35081481933594,0.9960480332374573,877.8433837890625,119.18933868408203,0.9959934949874878,849.4769897460938,128.4377899169922,0.9961349964141846,818.9129028320312,137.47549438476562,0.999262273311615,894.5038452148438,90.2889633178711,0.982153594493866,842.3201293945312,79.35055541992188,0.9922703504562378,805.3689575195312,101.49040222167969,0.9976212382316589,891.2565307617188,146.1578369140625,0.9459967017173767,887.7909545898438,157.9326934814453,0.9938560128211975,806.0889892578125,175.09996032714844,0.9974831938743591
1026,914.9465942382812,69.46424102783203,0.9991325736045837,942.80908203125,133.14402770996094,0.9975988268852234,899.3427734375,113.2383041381836,0.9979432225227356,878.577392578125,118.14189147949219,0.9952855706214905,850.5838012695312,128.1318359375,0.9959229230880737,820.3583984375,136.60694885253906,0.9993909597396851,895.1849975585938,90.2889633178711,0.9917383790016174,841.6217041015625,79.51287841796875,0.991584062576294,807.6087036132812,100.74755096435547,0.9973467588424683,892.1668090820312,146.1578369140625,0.947222888469696,888.08935546875,159.08004760742188,0.993407130241394,805.8071899414062,175.09996032714844,0.997414231300354
1027,916.9930419921875,69.46424102783203,0.999113142490387,942.80908203125,135.3788299560547,0.9976569414138794,900.0807495117188,113.22923278808594,0.9986101388931274,879.2084350585938,118.12012481689453,0.9959259033203125,850.73779296875,128.1318359375,0.9965375661849976,821.4890747070312,136.14756774902344,0.999398946762085,897.5349731445312,90.30857849121094,0.9928567409515381,841.1070556640625,79.65240478515625,0.9919185042381287,808.2345581054688,99.57942962646484,0.997526228427887,894.0014038085938,146.1578369140625,0.9561296105384827,888.1411743164062,159.14862060546875,0.9924843907356262,805.73779296875,175.09996032714844,0.9974128603935242
1028,918.4939575195312,69.24239349365234,0.998855471611023,943.692626953125,135.8544158935547,0.9981288313865662,900.7191772460938,113.05628967285156,0.9987720847129822,880.0508422851562,117.99844360351562,0.9952443242073059,852.6387939453125,127.59239959716797,0.9963750243186951,822.23974609375,135.3232421875,0.9993316531181335,897.5349731445312,90.30857849121094,0.9955787062644958,840.4102783203125,79.62519073486328,0.9931648373603821,808.6702880859375,98.57691955566406,0.9955684542655945,894.5504760742188,145.87606811523438,0.9525564312934875,888.6448974609375,159.3772735595703,0.9927963614463806,805.5198364257812,174.87704467773438,0.9970921277999878
1029,920.5711669921875,69.24239349365234,0.9980812072753906,943.7329711914062,136.39285278320312,0.9984462857246399,901.6663208007812,112.9574966430664,0.9990755319595337,880.980224609375,117.89371490478516,0.9954099059104919,852.7346801757812,127.88770294189453,0.9963884353637695,823.11376953125,134.94183349609375,0.9990525841712952,897.5436401367188,90.30857849121094,0.9960631728172302,840.0153198242188,79.5843734741211,0.9905862212181091,816.0826416015625,97.70137023925781,0.9914178848266602,895.6314697265625,145.17514038085938,0.9531031847000122,888.6605834960938,159.59642028808594,0.9932912588119507,805.4661254882812,174.6492462158203,0.9975420236587524
1030,921.1014404296875,70.23951721191406,0.997688889503479,943.7329711914062,137.6703643798828,0.9980146884918213,902.664794921875,112.92866516113281,0.9990259408950806,881.62060546875,117.8021240234375,0.9954113364219666,854.4269409179688,127.88770294189453,0.9960600733757019,823.98486328125,134.6590118408203,0.9987323880195618,897.5349731445312,90.19065856933594,0.9954197406768799,839.9209594726562,79.62519073486328,0.9912604689598083,818.1857299804688,97.70137023925781,0.9934031367301941,895.8558959960938,144.7109832763672,0.9537010788917542,888.6605834960938,159.78880310058594,0.994040310382843,805.4661254882812,174.5207977294922,0.9974116683006287
1031,923.47607421875,70.31612396240234,0.9976486563682556,943.7329711914062,139.7218780517578,0.9960317015647888,903.9625854492188,112.5282211303711,0.9990977048873901,882.6424560546875,117.58422088623047,0.995759904384613,855.5662231445312,128.1195526123047,0.9957528114318848,824.047119140625,133.29747009277344,0.9986029267311096,897.3684692382812,89.87757873535156,0.9954146146774292,839.9209594726562,79.65240478515625,0.9918076395988464,818.4102783203125,97.75067901611328,0.9945095181465149,896.454833984375,144.14007568359375,0.9600787162780762,888.6448974609375,159.94979858398438,0.9942951798439026,805.4661254882812,174.50018310546875,0.9971998929977417
1032,924.7466430664062,70.69225311279297,0.9976771473884583,941.8228149414062,141.18484497070312,0.9951128363609314,904.1528930664062,112.5282211303711,0.9991121888160706,883.228759765625,117.58422088623047,0.9957887530326843,855.5662231445312,127.88770294189453,0.9958347082138062,824.7183837890625,133.29747009277344,0.9988033771514893,896.8035888671875,89.87757873535156,0.9951174259185791,839.9209594726562,79.83265686035156,0.9905676245689392,819.8217163085938,97.75067901611328,0.9953991770744324,896.697265625,143.89553833007812,0.9626093506813049,888.6448974609375,159.970703125,0.9947847723960876,805.6856689453125,174.50018310546875,0.9970570802688599
1033,925.6200561523438,71.184814453125,0.997384250164032,941.8228149414062,142.38671875,0.995084822177887,904.823974609375,112.5282211303711,0.9990332126617432,884.0353393554688,117.58422088623047,0.9958789348602295,855.8076171875,127.88770294189453,0.9948709011077881,825.3346557617188,133.29747009277344,0.9989035129547119,896.7021484375,89.87757873535156,0.9947212934494019,840.919189453125,79.8551025390625,0.9900169968605042,819.8794555664062,98.06521606445312,0.9957308173179626,896.697265625,143.11135864257812,0.960169792175293,888.6233520507812,159.99456787109375,0.9950228929519653,805.9154663085938,174.2030792236328,0.9969180822372437
1034,926.0904541015625,72.12979125976562,0.9967082738876343,941.6337890625,142.96957397460938,0.9947157502174377,905.6823120117188,112.69393920898438,0.998847246170044,884.8612060546875,117.68360137939453,0.9954896569252014,856.4025268554688,126.4717025756836,0.9940896034240723,826.2159423828125,133.33932495117188,0.9988366961479187,896.6410522460938,90.2874526977539,0.9939216375350952,840.919189453125,79.98524475097656,0.992007851600647,819.8794555664062,98.49557495117188,0.9959816932678223,896.697265625,142.1615753173828,0.9570170044898987,888.5492553710938,160.12942504882812,0.9960535764694214,805.9404907226562,174.0361785888672,0.9967514276504517
1035,926.887451171875,72.2467041015625,0.9963557720184326,941.6337890625,145.7291259765625,0.9962989687919617,906.4141845703125,113.18233489990234,0.9983733892440796,886.1133422851562,118.07810974121094,0.9961262345314026,856.634521484375,126.4717025756836,0.9952462315559387,826.9275512695312,133.3487548828125,0.998837411403656,896.2147827148438,90.88980865478516,0.9931715726852417,840.919189453125,80.18268585205078,0.9916176199913025,819.8794555664062,98.59606170654297,0.9965625405311584,896.6390380859375,140.65740966796875,0.9580032825469971,888.1292114257812,160.26083374023438,0.9960656762123108,806.0230712890625,173.95648193359375,0.9966374635696411
1036,927.6361694335938,77.27887725830078,0.9961053729057312,941.8948364257812,145.8037567138672,0.9959975481033325,906.93798828125,113.18233489990234,0.9976918697357178,886.9249267578125,118.17476654052734,0.9966796636581421,856.634521484375,126.4717025756836,0.9958546161651611,827.5955200195312,133.38232421875,0.9987576007843018,896.2147827148438,91.0408706665039,0.9928834438323975,840.919189453125,80.19322204589844,0.991534948348999,819.3120727539062,98.60430908203125,0.9969797730445862,896.6390380859375,140.65740966796875,0.9486728310585022,887.7029418945312,160.26974487304688,0.9959381818771362,806.0272216796875,173.79319763183594,0.9965267777442932
1037,929.5782470703125,77.30276489257812,0.9979159235954285,942.1341552734375,145.8037567138672,0.9973576664924622,907.248291015625,113.18233489990234,0.9968137145042419,887.8528442382812,118.17476654052734,0.9968870282173157,858.1112670898438,126.89869689941406,0.9967531561851501,828.759033203125,133.41531372070312,0.9988629817962646,896.2147827148438,91.09229278564453,0.9931060671806335,840.8117065429688,80.8895263671875,0.9919337034225464,819.1180419921875,98.60430908203125,0.9972905516624451,896.6390380859375,140.31185913085938,0.9420263171195984,886.5872802734375,160.60154724121094,0.9967464208602905,806.4515380859375,173.4068603515625,0.996307373046875
1038,929.8779296875,77.30276489257812,0.9980910420417786,942.44091796875,145.85263061523438,0.9976320266723633,907.9227905273438,112.94009399414062,0.9967727065086365,889.0654907226562,118.07810974121094,0.9970833659172058,859.4370727539062,126.89869689941406,0.9972068667411804,830.8526611328125,133.46865844726562,0.9986708164215088,896.3689575195312,91.09229278564453,0.9912956953048706,840.8023071289062,80.91324615478516,0.9915236234664917,819.1180419921875,98.59606170654297,0.9976565837860107,902.0750732421875,140.65740966796875,0.952358603477478,886.0266723632812,160.63186645507812,0.9968320727348328,807.2496337890625,173.37814331054688,0.9959644079208374
1039,930.209228515625,77.30276489257812,0.9981330037117004,943.2598876953125,145.92410278320312,0.9979191422462463,908.5065307617188,112.71865844726562,0.9968580007553101,890.1461791992188,118.17476654052734,0.9974851608276367,860.6550903320312,126.89869689941406,0.9968359470367432,831.1976318359375,134.9045867919922,0.9987004995346069,896.3689575195312,91.09229278564453,0.9912155866622925,840.8117065429688,80.93971252441406,0.991203784942627,819.3120727539062,98.58789825439453,0.9978811144828796,905.9632568359375,140.31185913085938,0.9344940185546875,885.8057250976562,160.66778564453125,0.9964830875396729,807.450927734375,173.15286254882812,0.9949290752410889
1040,931.3726806640625,75.91239166259766,0.998313307762146,945.43359375,145.85263061523438,0.9986264705657959,909.5104370117188,112.67793273925781,0.9961734414100647,890.8334350585938,117.95659637451172,0.9968054294586182,861.8963012695312,127.07391357421875,0.9955915808677673,832.480712890625,134.9045867919922,0.9990299940109253,896.3689575195312,91.09229278564453,0.9896525740623474,841.0118408203125,81.3235855102539,0.9900261163711548,819.3627319335938,98.48582458496094,0.9981642365455627,910.2030029296875,140.6957244873047,0.917123556137085,884.9696044921875,160.66778564453125,0.995938777923584,808.6213989257812,173.0043182373047,0.9936453104019165
1041,933.3814086914062,74.415771484375,0.9982193112373352,947.4721069335938,145.75241088867188,0.9989562034606934,910.9369506835938,112.4547348022461,0.996552586555481,892.11572265625,117.95659637451172,0.9967398047447205,863.1056518554688,126.9325180053711,0.9943898320198059,833.4606323242188,134.9045867919922,0.9992222785949707,896.3689575195312,91.69599151611328,0.9882321953773499,843.0253295898438,82.7466049194336,0.9908584952354431,819.3890380859375,98.20344543457031,0.9985646605491638,911.03466796875,140.48780822753906,0.9626446962356567,884.9678344726562,160.66778564453125,0.9961243271827698,810.4201049804688,172.4711456298828,0.9881502389907837
1042,934.7061157226562,72.5548095703125,0.9983291029930115,949.0726318359375,145.50306701660156,0.9986894726753235,912.0285034179688,112.36433410644531,0.9975879192352295,893.755126953125,117.955322265625,0.9945756196975708,864.380126953125,126.70252227783203,0.9945477843284607,834.5697631835938,134.63352966308594,0.9992380142211914,896.1246948242188,91.69599151611328,0.9888084530830383,848.14794921875,86.4921875,0.9942069053649902,819.4251098632812,98.14506530761719,0.9988099336624146,913.6534423828125,140.48780822753906,0.972603976726532,884.711181640625,160.55722045898438,0.9944288730621338,813.9960327148438,171.3410186767578,0.9781762957572937
1043,936.8870239257812,66.81051635742188,0.997067391872406,950.7103271484375,143.9531707763672,0.9977666139602661,912.805419921875,112.06095886230469,0.9972130656242371,893.92431640625,117.955322265625,0.993813157081604,865.2373657226562,126.70252227783203,0.9962809681892395,836.3154907226562,133.85552978515625,0.9992907047271729,895.9778442382812,91.69599151611328,0.988820493221283,855.3442993164062,86.4921875,0.9885529279708862,819.4251098632812,97.6021957397461,0.9985608458518982,920.8474731445312,138.87767028808594,0.9662078619003296,884.711181640625,160.19017028808594,0.9941486120223999,822.2813720703125,168.99278259277344,0.9932936429977417
1044,938.5152587890625,66.7718276977539,0.9978089928627014,952.6336059570312,141.30677795410156,0.9978395700454712,913.2294921875,112.02520751953125,0.9971632361412048,893.9693603515625,116.16027069091797,0.991193950176239,866.42822265625,126.30304718017578,0.9967902302742004,837.2837524414062,133.7967987060547,0.9991539716720581,895.9483032226562,91.43072509765625,0.9897733330726624,861.6596069335938,86.4921875,0.9857595562934875,819.4251098632812,97.27257537841797,0.9985470175743103,925.8116455078125,138.34495544433594,0.9590314626693726,884.6082763671875,160.19017028808594,0.9931729435920715,831.281494140625,168.99278259277344,0.991148829460144
1045,939.826904296875,66.72433471679688,0.9979397654533386,952.7711181640625,139.67884826660156,0.997238278388977,914.8048706054688,111.74641418457031,0.9972883462905884,894.5044555664062,116.11444091796875,0.9916601777076721,867.6089477539062,126.28557586669922,0.996265709400177,838.7774047851562,133.262451171875,0.998939573764801,895.196044921875,89.78687286376953,0.9919556379318237,866.2721557617188,84.62248992919922,0.9950258135795593,819.4251098632812,97.149169921875,0.9985746145248413,927.203125,138.34495544433594,0.9776402711868286,884.6082763671875,160.19017028808594,0.9937347769737244,833.8524169921875,168.99278259277344,0.9937781095504761
1046,941.1098022460938,66.0445556640625,0.9978877902030945,953.8579711914062,138.13177490234375,0.9963400363922119,915.6150512695312,111.74641418457031,0.9982972741127014,895.5393676757812,115.67587280273438,0.9948425889015198,869.0919189453125,126.13092041015625,0.9962420463562012,839.53466796875,133.0164337158203,0.9988406300544739,895.196044921875,89.5199203491211,0.9930996894836426,872.5494384765625,84.22846221923828,0.9839099645614624,819.6569213867188,97.149169921875,0.9987323880195618,928.400146484375,138.34495544433594,0.9827409386634827,884.6082763671875,160.1581573486328,0.9953407049179077,835.3883666992188,168.99278259277344,0.9965173006057739
1047,941.9987182617188,64.85543060302734,0.9974779486656189,954.2730712890625,138.0796661376953,0.9959993362426758,915.8452758789062,111.74641418457031,0.9985141158103943,895.8124389648438,115.42170715332031,0.9946638345718384,869.5952758789062,125.76447296142578,0.9966753721237183,840.2077026367188,132.55465698242188,0.9987257122993469,895.196044921875,89.5199203491211,0.9932582378387451,877.8845825195312,81.79485321044922,0.9721092581748962,819.8092651367188,97.149169921875,0.9987384676933289,929.538818359375,138.2385711669922,0.9911574125289917,884.6228637695312,160.1581573486328,0.9958661794662476,837.5368041992188,168.99278259277344,0.9958760142326355
1048,943.2565307617188,64.30107879638672,0.9973194003105164,956.3701171875,137.89576721191406,0.997261643409729,916.7603759765625,111.58409881591797,0.9987357258796692,896.93798828125,115.42170715332031,0.9955635070800781,870.3695678710938,125.26632690429688,0.9973254203796387,841.1085205078125,132.30722045898438,0.9981828331947327,896.6277465820312,89.5199203491211,0.9922974705696106,884.6235961914062,76.1961669921875,0.9937426447868347,819.8768920898438,97.149169921875,0.9988592863082886,934.022705078125,137.19203186035156,0.9935935139656067,884.6228637695312,160.1581573486328,0.9962349534034729,841.1488037109375,167.89805603027344,0.995187520980835
1049,943.4038696289062,63.94784164428711,0.997077226638794,957.9343872070312,136.43008422851562,0.9973955154418945,917.3935546875,111.38074493408203,0.9989941716194153,897.8076782226562,115.30999755859375,0.9966844916343689,870.8790283203125,124.60792541503906,0.9973005652427673,841.4972534179688,129.79258728027344,0.9972113966941833,897.2239990234375,90.03550720214844,0.9901875853538513,887.045166015625,74.85701751708984,0.9899915456771851,819.8873291015625,97.149169921875,0.9989432692527771,936.8213500976562,137.19203186035156,0.9901226162910461,885.0448608398438,159.74708557128906,0.996049702167511,845.001220703125,163.88978576660156,0.9956651329994202
1050,943.6157836914062,63.94784164428711,0.9961636066436768,958.8285522460938,135.93907165527344,0.9978176355361938,918.4553833007812,111.21063232421875,0.9989815354347229,899.0969848632812,115.30999755859375,0.9969779253005981,871.5994262695312,124.26586151123047,0.9969748258590698,842.796875,129.0417938232422,0.9975402355194092,897.3815307617188,90.27479553222656,0.9880716800689697,887.7539672851562,74.55552673339844,0.9862306714057922,819.9580078125,97.09532165527344,0.998981773853302,939.1315307617188,135.857421875,0.9885163307189941,885.0700073242188,159.45677185058594,0.9951935410499573,848.2620849609375,162.85777282714844,0.9953826069831848
1051,943.75439453125,63.94784164428711,0.9957316517829895,960.4041748046875,134.60891723632812,0.9983928799629211,919.7681884765625,111.16364288330078,0.9987245202064514,900.8601684570312,115.55191802978516,0.9963650703430176,871.841064453125,122.82347869873047,0.9976320266723633,844.9679565429688,128.410400390625,0.9977353811264038,897.452392578125,90.27479553222656,0.9856712222099304,893.38427734375,74.55552673339844,0.9836525917053223,819.9814453125,96.9696044921875,0.9990065693855286,940.184326171875,132.73622131347656,0.9868437647819519,885.1453247070312,159.45677185058594,0.9943086504936218,853.3901977539062,162.7686004638672,0.9944685697555542
1052,944.1588745117188,67.27933502197266,0.9972156286239624,962.41748046875,133.42779541015625,0.9993865489959717,921.289794921875,110.23985290527344,0.9982609152793884,902.7971801757812,116.02468872070312,0.9974632263183594,873.6021728515625,122.80162048339844,0.9984751343727112,846.157958984375,128.410400390625,0.9980260729789734,897.875,90.27479553222656,0.9791175127029419,895.3743286132812,74.55552673339844,0.9858858585357666,820.342529296875,96.79071044921875,0.9991039633750916,942.6239624023438,130.0703125,0.9832178354263306,885.5465698242188,159.45526123046875,0.995790958404541,853.3901977539062,161.676513671875,0.989059329032898
1053,945.5635986328125,67.27933502197266,0.9979189038276672,963.3148803710938,132.2567901611328,0.9994563460350037,922.1204223632812,108.12177276611328,0.9987674951553345,903.6939697265625,116.02468872070312,0.9979109168052673,874.3086547851562,122.32550811767578,0.9987394213676453,847.4703979492188,128.410400390625,0.9980307221412659,899.4283447265625,90.99716186523438,0.967333972454071,895.3743286132812,73.82202911376953,0.9876585602760315,820.9078979492188,96.79071044921875,0.9991641044616699,944.5147094726562,128.28431701660156,0.9842809438705444,885.9422607421875,159.45526123046875,0.9966862797737122,853.3901977539062,160.34584045410156,0.9716031551361084
1054,946.9681396484375,67.27933502197266,0.9983853101730347,963.75830078125,130.65489196777344,0.9991993308067322,923.2221069335938,106.97515106201172,0.998992383480072,904.864013671875,116.02468872070312,0.9973946809768677,875.850341796875,122.12611389160156,0.9988529682159424,848.3759765625,128.60269165039062,0.9988138675689697,899.4315185546875,90.99716186523438,0.9691050052642822,895.3743286132812,72.13448333740234,0.9920535087585449,820.9078979492188,96.82168579101562,0.9991707801818848,946.3143310546875,126.18614959716797,0.9773851037025452,885.9718017578125,159.3975830078125,0.9971964359283447,855.7300415039062,160.34584045410156,0.9262869954109192
1055,949.3998413085938,66.61009979248047,0.998134195804596,963.8080444335938,127.71748352050781,0.9964500665664673,924.0172119140625,106.9738998413086,0.998900294303894,906.0575561523438,115.1181640625,0.9972187280654907,877.18603515625,122.015869140625,0.9985945820808411,849.8847045898438,128.61903381347656,0.9990168809890747,899.830078125,90.99716186523438,0.9562331438064575,894.5712280273438,71.33709716796875,0.994358479976654,820.992431640625,96.84098052978516,0.9991329312324524,946.3143310546875,125.66956329345703,0.9845272302627563,885.9718017578125,159.4773712158203,0.9971998929977417,855.9569702148438,160.34584045410156,0.9603488445281982
1056,949.3998413085938,66.61009979248047,0.9977084398269653,966.5301513671875,124.52302551269531,0.9967575669288635,925.444091796875,106.5386734008789,0.998367965221405,907.46044921875,114.34941864013672,0.9963494539260864,880.5833129882812,121.90319061279297,0.9987897276878357,851.1862182617188,128.741943359375,0.9994879961013794,899.9664306640625,91.33201599121094,0.9521150588989258,894.5712280273438,70.57312774658203,0.9958077669143677,821.1484985351562,96.84098052978516,0.9991567134857178,946.3717041015625,125.30492401123047,0.9903014898300171,885.9422607421875,159.5341033935547,0.9967368245124817,871.2437133789062,160.7196807861328,0.9557647705078125
1057,949.3998413085938,66.61009979248047,0.9975159168243408,968.412109375,123.09215545654297,0.9966731071472168,926.5743408203125,106.19229888916016,0.9981482028961182,908.543701171875,113.75157165527344,0.9951392412185669,881.4436645507812,121.54861450195312,0.9990511536598206,852.2088012695312,128.8819122314453,0.9994750618934631,901.25732421875,91.33201599121094,0.9501615762710571,894.5712280273438,70.57312774658203,0.9950377345085144,821.2017211914062,96.92317962646484,0.9991680383682251,947.9078369140625,125.22152709960938,0.9898822903633118,885.8893432617188,159.8135223388672,0.9960150122642517,872.3560180664062,161.80581665039062,0.9621040225028992
1058,948.4417724609375,67.80760955810547,0.9980394244194031,968.4674682617188,121.54951477050781,0.9946818947792053,926.968505859375,104.65372467041016,0.9974260926246643,909.55615234375,113.22701263427734,0.9936414361000061,882.5830688476562,121.53986358642578,0.9991779923439026,853.5274047851562,129.0025177001953,0.9994045495986938,902.5415649414062,91.33201599121094,0.9396607279777527,894.6937255859375,70.4172592163086,0.9959949254989624,821.2421875,96.93402099609375,0.9991094470024109,948.6925048828125,125.04312133789062,0.9912015199661255,885.5825805664062,160.02749633789062,0.9945652484893799,873.1140747070312,162.6000518798828,0.9698246717453003
1059,946.8779296875,67.80760955810547,0.9981247782707214,968.8524169921875,121.2542953491211,0.9940859079360962,928.3615112304688,104.17119598388672,0.9974459409713745,910.5994873046875,113.16603088378906,0.9949997663497925,883.4845581054688,121.53986358642578,0.9992403984069824,854.2977294921875,129.0025177001953,0.9993820190429688,904.5192260742188,91.1580810546875,0.9326184988021851,894.81103515625,70.4172592163086,0.9954293966293335,821.2960205078125,96.93402099609375,0.9990780353546143,949.4635009765625,124.95464324951172,0.9909536838531494,884.9010620117188,160.02749633789062,0.9917324781417847,873.1140747070312,164.3651885986328,0.9828867316246033
1060,946.0863037109375,67.80760955810547,0.998110294342041,969.3123779296875,120.60202026367188,0.9951092600822449,929.6857299804688,103.8938980102539,0.9976121187210083,911.7744140625,113.00167846679688,0.9966279864311218,884.4257202148438,121.46405029296875,0.9993906021118164,855.942626953125,129.49209594726562,0.999081015586853,905.2162475585938,91.04824829101562,0.9361607432365417,894.8651123046875,70.20967102050781,0.9952349066734314,821.3978271484375,96.95401763916016,0.9990988969802856,949.7554931640625,125.04312133789062,0.9907712936401367,884.3826904296875,160.02749633789062,0.9898185133934021,873.4996948242188,165.0784912109375,0.9851685762405396
1061,946.0863037109375,65.26939392089844,0.9984816908836365,969.3123779296875,119.37629699707031,0.9953574538230896,931.0106201171875,103.58512115478516,0.997248113155365,912.7911376953125,113.00167846679688,0.9966052770614624,885.5594482421875,121.53986358642578,0.9993797540664673,857.4512939453125,129.9829559326172,0.9986274242401123,905.2169189453125,90.22984313964844,0.9363691210746765,895.2332763671875,70.4172592163086,0.997177243232727,821.5010986328125,96.97180938720703,0.9990391731262207,950.158935546875,125.04312133789062,0.9903049468994141,883.9921264648438,160.04782104492188,0.9862059950828552,873.4996948242188,165.823974609375,0.9913552403450012
1062,946.0863037109375,63.311283111572266,0.9984074234962463,971.2069702148438,119.37629699707031,0.9955228567123413,932.107421875,103.45599365234375,0.9970205426216125,913.772216796875,112.8919448852539,0.9967895150184631,886.5317993164062,121.33902740478516,0.999275267124176,858.881591796875,129.9829559326172,0.9976531863212585,905.5078125,90.22984313964844,0.9201980233192444,895.4371948242188,70.33971405029297,0.9976480603218079,821.746826171875,97.00433349609375,0.9989948868751526,950.520751953125,125.1241455078125,0.9901842474937439,883.5847778320312,159.97799682617188,0.9829991459846497,873.1134033203125,166.02197265625,0.9915475249290466
1063,947.5225219726562,60.19387435913086,0.9976404905319214,974.6427001953125,119.37629699707031,0.9946871995925903,933.3602905273438,103.34829711914062,0.9962028861045837,915.14111328125,112.75489807128906,0.9964157342910767,887.1976318359375,121.29147338867188,0.9987975358963013,860.0742797851562,129.9829559326172,0.9976814985275269,905.5614013671875,89.96788024902344,0.9280460476875305,895.708984375,70.06420135498047,0.9980341792106628,821.7772827148438,97.09717559814453,0.998969554901123,951.843505859375,125.29458618164062,0.9885164499282837,883.5847778320312,159.94180297851562,0.9835994243621826,873.1134033203125,166.02197265625,0.9937717318534851
1064,949.4940795898438,59.03346252441406,0.9965406060218811,977.6131591796875,121.92496490478516,0.9973268508911133,935.94287109375,103.34829711914062,0.9952771663665771,917.0397338867188,112.68738555908203,0.9954982995986938,887.9122924804688,120.33272552490234,0.9983673691749573,861.8920288085938,129.79168701171875,0.9977203011512756,909.8533935546875,89.13544464111328,0.9611914157867432,895.782470703125,70.18757629394531,0.9982837438583374,822.3240356445312,97.09717559814453,0.9988958835601807,953.5679321289062,125.29458618164062,0.9869040250778198,883.5847778320312,159.8280487060547,0.9795962572097778,873.4446411132812,166.02197265625,0.9941131472587585
1065,952.9686889648438,56.82188034057617,0.9961961507797241,982.9435424804688,123.07383728027344,0.9981048107147217,936.5098876953125,103.45599365234375,0.9957549571990967,920.0042724609375,112.52781677246094,0.9910440444946289,888.6133422851562,120.29273223876953,0.9983741044998169,863.212646484375,129.79168701171875,0.9970743656158447,912.4786376953125,87.98321533203125,0.9711490869522095,896.1781616210938,70.33971405029297,0.9987097978591919,823.0233764648438,97.09717559814453,0.9988402724266052,953.9282836914062,125.1241455078125,0.9862604737281799,884.2727661132812,159.50633239746094,0.9797041416168213,873.0460815429688,166.0222930908203,0.9939001798629761
1066,953.2891235351562,56.81572341918945,0.9959891438484192,983.8722534179688,125.29132843017578,0.9984425902366638,937.4892578125,103.53372955322266,0.996756374835968,921.49755859375,112.36112213134766,0.9936510920524597,889.738037109375,120.29273223876953,0.9987784028053284,863.4468383789062,129.79168701171875,0.9974477291107178,915.8073120117188,87.98321533203125,0.9762660264968872,896.2977905273438,70.33971405029297,0.9987554550170898,823.103271484375,97.19828796386719,0.9987378716468811,954.0890502929688,125.1241455078125,0.9853782653808594,884.810546875,158.56393432617188,0.9590305685997009,873.0460815429688,166.0222930908203,0.994025707244873
1067,953.6198120117188,56.624168395996094,0.9946362376213074,985.296142578125,125.29132843017578,0.9978304505348206,938.9971313476562,104.10425567626953,0.9972047209739685,922.1458740234375,112.14427947998047,0.9953517913818359,890.369873046875,120.20909118652344,0.9990941286087036,863.8245239257812,129.8806915283203,0.9978780746459961,918.5947875976562,87.173828125,0.9651826620101929,896.2977905273438,71.1047592163086,0.9984557628631592,823.9989013671875,97.76502990722656,0.9983400106430054,954.0890502929688,125.29458618164062,0.9858618974685669,895.2636108398438,155.00872802734375,0.9138567447662354,873.0460815429688,167.30545043945312,0.9964771866798401
1068,954.2161254882812,54.26203155517578,0.995126485824585,985.5664672851562,125.85355377197266,0.9973239898681641,940.4295043945312,104.14730834960938,0.9976052045822144,922.647216796875,112.11885070800781,0.9943509101867676,891.3539428710938,120.20909118652344,0.9992367029190063,865.3184204101562,130.011474609375,0.9987285733222961,924.5387573242188,86.19020080566406,0.9674698710441589,896.2977905273438,71.34339141845703,0.9979715943336487,824.0384521484375,98.1568374633789,0.9980073571205139,954.06787109375,125.38360595703125,0.9891254901885986,899.7105712890625,155.00872802734375,0.94268798828125,872.80224609375,167.30545043945312,0.9964390397071838
1069,954.6018676757812,54.26203155517578,0.9960783123970032,986.4246826171875,126.28374481201172,0.9963580965995789,942.870849609375,104.14730834960938,0.9978273510932922,923.3065795898438,111.0514907836914,0.9944251775741577,892.6779174804688,119.83821868896484,0.9993453621864319,865.9660034179688,130.011474609375,0.9989920258522034,927.7127075195312,85.6126708984375,0.9878273606300354,896.2977905273438,71.84565734863281,0.9983718991279602,824.7112426757812,99.02681732177734,0.9977194666862488,954.03759765625,125.6302490234375,0.9893630146980286,906.71142578125,155.00872802734375,0.9285709857940674,872.80224609375,167.30545043945312,0.9963950514793396
1070,955.9705200195312,54.26203155517578,0.9955551028251648,987.4074096679688,126.3255386352539,0.9970576763153076,944.095703125,104.10425567626953,0.9973914623260498,924.203857421875,110.20011901855469,0.9937136769294739,894.3118896484375,119.69136047363281,0.9991683959960938,867.0753173828125,130.02981567382812,0.9990131855010986,930.7078857421875,85.43856048583984,0.993180513381958,896.5883178710938,71.87025451660156,0.9977157115936279,826.0744018554688,101.7356948852539,0.9968788623809814,954.03759765625,126.3738784790039,0.990664005279541,912.6876220703125,155.00872802734375,0.9902741312980652,872.80224609375,167.29383850097656,0.9966496825218201
1071,957.9169921875,55.553016662597656,0.9939779043197632,988.3137817382812,126.28374481201172,0.9970195889472961,944.132080078125,102.92987060546875,0.9977973699569702,925.114501953125,109.78059387207031,0.9955297112464905,895.9678344726562,119.59486389160156,0.9990082383155823,868.128173828125,130.011474609375,0.9990357160568237,936.5298461914062,84.9823989868164,0.991659939289093,896.7823486328125,71.87025451660156,0.9977859258651733,826.74609375,101.7356948852539,0.9967269897460938,953.7783813476562,126.6257095336914,0.9918204545974731,914.9567260742188,155.00872802734375,0.9749448895454407,873.740234375,166.47897338867188,0.9961716532707214
1072,959.0391845703125,56.13172912597656,0.9912877678871155,988.4556274414062,126.58065032958984,0.9969704151153564,945.1669311523438,102.7921142578125,0.9986306428909302,926.504638671875,109.37735748291016,0.996026873588562,897.512451171875,119.5447769165039,0.9992140531539917,868.9486083984375,129.99769592285156,0.9989638328552246,940.724365234375,82.84772491455078,0.9876751899719238,897.3418579101562,72.44087982177734,0.9968686699867249,827.1129150390625,101.95367431640625,0.996508777141571,953.7783813476562,126.6571044921875,0.9913707971572876,921.8782348632812,152.655029296875,0.893139123916626,873.8621826171875,165.97911071777344,0.9961256384849548
1073,959.7516479492188,60.08024215698242,0.9954313039779663,989.5943603515625,126.71299743652344,0.99680495262146,946.6567993164062,102.7921142578125,0.9992425441741943,927.7031860351562,109.37735748291016,0.9961758852005005,899.1145629882812,119.5447769165039,0.9993461966514587,870.5905151367188,129.80816650390625,0.9986009001731873,946.327392578125,82.73896026611328,0.9879209995269775,897.5545043945312,72.47960662841797,0.9968963861465454,828.5977783203125,101.95367431640625,0.9962376356124878,953.7783813476562,127.4094009399414,0.9902921319007874,926.6759033203125,152.655029296875,0.961163341999054,873.9950561523438,165.7702178955078,0.9964774250984192
1074,961.5696411132812,60.6105842590332,0.9969180822372437,992.8253784179688,126.95046997070312,0.9965062141418457,948.3515014648438,102.7921142578125,0.9994122982025146,928.5235595703125,109.37735748291016,0.9959398508071899,900.7476806640625,119.59486389160156,0.9991963505744934,872.3953247070312,129.58372497558594,0.9985173344612122,947.4046020507812,82.26667022705078,0.992965817451477,897.5819091796875,72.70161437988281,0.9972923398017883,834.5279541015625,101.7865219116211,0.9968273043632507,954.5416259765625,127.43812561035156,0.988976240158081,934.6152954101562,149.34548950195312,0.9685027599334717,874.2124633789062,165.75619506835938,0.9966852068901062
1075,962.8388061523438,60.807838439941406,0.9972676038742065,994.873046875,127.14949798583984,0.9979730248451233,949.7711181640625,103.239990234375,0.9992460012435913,929.5979614257812,109.74633026123047,0.995736837387085,902.560302734375,119.45903778076172,0.9988332390785217,873.9193725585938,129.3612823486328,0.9985295534133911,954.123779296875,82.13040924072266,0.9927917718887329,897.590576171875,73.67586517333984,0.996107280254364,842.0209350585938,101.37982940673828,0.9957631826400757,955.0325317382812,127.86966705322266,0.9867110848426819,936.2021484375,149.34548950195312,0.9822377562522888,874.2124633789062,165.75619506835938,0.9961071610450745
1076,965.1383666992188,60.6105842590332,0.9974809288978577,996.478759765625,127.84205627441406,0.9986226558685303,950.9332885742188,103.25320434570312,0.9990850687026978,931.2041625976562,109.74633026123047,0.9934631586074829,903.8389282226562,119.45903778076172,0.9981545805931091,876.2075805664062,129.2034912109375,0.9988285899162292,956.2017211914062,82.00968933105469,0.9921714067459106,897.590576171875,74.12635040283203,0.995639443397522,851.5634765625,100.60221099853516,0.9977754950523376,955.74609375,127.94367980957031,0.9853011965751648,937.1441040039062,150.2986602783203,0.9851310849189758,874.0030517578125,165.75619506835938,0.9965960383415222
1077,968.8492431640625,60.08024215698242,0.9976603984832764,997.7769775390625,128.29115295410156,0.9988173842430115,951.6582641601562,103.25320434570312,0.9987003803253174,933.1576538085938,109.74633026123047,0.9926241636276245,904.9432983398438,119.20356750488281,0.9971356391906738,877.4759521484375,129.2034912109375,0.9985800981521606,956.497802734375,81.95123291015625,0.987043559551239,897.590576171875,74.12635040283203,0.9950300455093384,854.9813842773438,98.01856994628906,0.9971572160720825,957.4616088867188,128.6643829345703,0.9835178852081299,938.43408203125,150.2986602783203,0.9879917502403259,874.0030517578125,165.56475830078125,0.9968497157096863
1078,968.9375,59.65355682373047,0.9955138564109802,998.0623168945312,129.79103088378906,0.9988969564437866,953.0035400390625,103.25320434570312,0.9988570213317871,934.7012329101562,109.61790466308594,0.9881525635719299,906.0736083984375,119.15707397460938,0.9980804920196533,879.3339233398438,129.2034912109375,0.9990383386611938,957.7527465820312,81.95123291015625,0.9899265766143799,897.423828125,74.12635040283203,0.9956369996070862,861.3645629882812,95.62826538085938,0.9930697083473206,957.4616088867188,129.0345001220703,0.9782398343086243,943.3931884765625,150.2986602783203,0.9889306426048279,873.918701171875,165.49188232421875,0.9964648485183716
1079,970.7352905273438,59.56617736816406,0.9952995777130127,998.0623168945312,131.39549255371094,0.9990574717521667,954.7398071289062,102.89983367919922,0.999087929725647,935.9910278320312,109.17401885986328,0.984231173992157,908.3120727539062,119.10050964355469,0.9977814555168152,881.1710205078125,128.91905212402344,0.9995181560516357,958.8795776367188,81.65589141845703,0.992720901966095,896.763671875,73.95162963867188,0.9957565665245056,866.4993286132812,95.23257446289062,0.9969672560691833,957.6343383789062,129.34100341796875,0.9683950543403625,944.5112915039062,151.2984619140625,0.9902157783508301,873.3844604492188,165.31178283691406,0.997246265411377
1080,971.909912109375,59.56617736816406,0.9946895837783813,998.0623168945312,132.16017150878906,0.9991982579231262,956.7315063476562,102.56680297851562,0.999116837978363,937.3094482421875,108.14620971679688,0.9772793054580688,910.301025390625,118.6181640625,0.9972186088562012,882.9112548828125,128.9102783203125,0.9996588230133057,960.3368530273438,81.41878509521484,0.9911762475967407,896.1007690429688,73.21676635742188,0.996044933795929,868.8703002929688,94.52127838134766,0.9974319338798523,958.1406860351562,129.34100341796875,0.9605364799499512,945.1448974609375,153.2868194580078,0.9899893999099731,873.095703125,165.0684814453125,0.9975427389144897
1081,973.2532958984375,59.56617736816406,0.9938796758651733,998.1270141601562,132.2276611328125,0.9991494417190552,958.7591552734375,101.94402313232422,0.998908281326294,939.016845703125,106.9898681640625,0.9820228219032288,911.9183959960938,117.78714752197266,0.9976782202720642,884.0639038085938,128.68499755859375,0.9997280240058899,960.9950561523438,81.41878509521484,0.9920584559440613,895.2343139648438,72.84876251220703,0.9967665672302246,870.173828125,93.2325668334961,0.9974491000175476,958.1406860351562,129.34100341796875,0.9562106132507324,945.9060668945312,154.20143127441406,0.9932824373245239,872.95751953125,164.92825317382812,0.9976413249969482
1082,976.0260620117188,60.230342864990234,0.9944023489952087,998.4800415039062,133.73861694335938,0.9990355968475342,959.8446044921875,100.50654602050781,0.9991700649261475,941.2307739257812,105.50203704833984,0.9864161014556885,913.0988159179688,117.69210052490234,0.9977287650108337,884.4521484375,128.24951171875,0.9997590184211731,961.2469482421875,81.3244857788086,0.9938713312149048,895.1490478515625,72.08917236328125,0.997515082359314,870.59326171875,92.59097290039062,0.9974663257598877,958.1406860351562,128.90914916992188,0.9660626649856567,946.7626953125,154.8301544189453,0.9942190647125244,872.916015625,164.8048858642578,0.9973944425582886
1083,977.2149658203125,60.619815826416016,0.9965633749961853,998.7665405273438,134.04367065429688,0.9988149404525757,961.4193725585938,100.50654602050781,0.9994200468063354,942.6425170898438,105.30402374267578,0.9902841448783875,914.42333984375,117.36383819580078,0.998357355594635,885.208740234375,127.27650451660156,0.9997493624687195,962.5184936523438,80.88834381103516,0.9958776235580444,894.7909545898438,71.62973022460938,0.9975683093070984,871.1881713867188,92.41387939453125,0.9969190359115601,958.1406860351562,128.77354431152344,0.9641584753990173,947.4625244140625,155.34193420410156,0.9941465854644775,872.6090087890625,164.78306579589844,0.9977213740348816
1084,978.7021484375,60.8135986328125,0.9979179501533508,999.3737182617188,134.04367065429688,0.9985617995262146,962.4615478515625,100.50654602050781,0.9994945526123047,943.5575561523438,105.30402374267578,0.9921755194664001,915.0816040039062,117.32760620117188,0.9984989166259766,886.015380859375,126.65217590332031,0.9997058510780334,962.5184936523438,79.97477722167969,0.996282160282135,894.74267578125,71.34127807617188,0.9974278807640076,871.5543212890625,91.94513702392578,0.9970782995223999,959.4409790039062,128.64401245117188,0.9604089260101318,948.6034545898438,156.33058166503906,0.9944517016410828,872.3785400390625,164.78306579589844,0.9977734684944153
1085,981.155517578125,60.90541076660156,0.9985241293907166,999.5682373046875,134.04367065429688,0.9982430934906006,963.8223266601562,100.51525115966797,0.9995771050453186,944.5130004882812,105.30402374267578,0.9928995370864868,916.1622924804688,117.32760620117188,0.9987415671348572,887.3546752929688,126.24796295166016,0.9995589852333069,962.6522216796875,79.9724349975586,0.99626225233078,894.4156494140625,71.3091812133789,0.9974281191825867,871.7178344726562,91.76185607910156,0.9970943927764893,959.9837646484375,128.15435791015625,0.9582448601722717,949.3922119140625,157.03909301757812,0.9947636127471924,872.3634033203125,164.78306579589844,0.9976997971534729
1086,982.735595703125,60.90541076660156,0.998420238494873,1000.5012817382812,133.900634765625,0.9976020455360413,964.7678833007812,100.75557708740234,0.9995785355567932,945.4111328125,105.77244567871094,0.9938126802444458,917.2138671875,117.32760620117188,0.9988924860954285,888.220703125,126.17376708984375,0.9993896484375,963.131591796875,79.92169189453125,0.9968243837356567,894.3468627929688,71.34127807617188,0.9974564909934998,872.0736083984375,91.76185607910156,0.9967233538627625,960.0839233398438,128.15435791015625,0.9549559354782104,949.4580688476562,157.13601684570312,0.99513840675354,872.0062866210938,164.76979064941406,0.9976701140403748
1087,985.0302734375,60.90541076660156,0.9984663724899292,1001.3919677734375,131.60044860839844,0.9973426461219788,966.1028442382812,100.98426055908203,0.9995170831680298,946.86279296875,106.4683609008789,0.9943722486495972,918.5741577148438,117.32760620117188,0.9988368153572083,889.6866455078125,126.1041030883789,0.998817503452301,963.2010498046875,79.92169189453125,0.9971067309379578,894.3468627929688,71.3091812133789,0.9976165294647217,872.2360229492188,91.76185607910156,0.9965524673461914,960.0839233398438,128.15435791015625,0.9518141150474548,949.4580688476562,157.14598083496094,0.9957238435745239,872.0062866210938,164.71263122558594,0.9975634813308716
1088,986.981201171875,60.857643127441406,0.996699869632721,1002.531005859375,129.2299346923828,0.9976784586906433,967.566162109375,101.10309600830078,0.999421238899231,948.116455078125,106.7021255493164,0.994623064994812,919.0780639648438,117.32760620117188,0.998664379119873,890.329345703125,125.16902160644531,0.998552143573761,964.44287109375,79.61074829101562,0.9980771541595459,894.3468627929688,71.3076400756836,0.9973058700561523,872.2360229492188,91.77755737304688,0.9968401193618774,960.0839233398438,128.15435791015625,0.9549408555030823,949.500732421875,157.2931365966797,0.9958653450012207,872.0062866210938,164.6808624267578,0.9975461363792419
1089,987.3570556640625,55.5452880859375,0.9940609335899353,1002.5491333007812,126.11417388916016,0.9953265190124512,968.14599609375,101.10309600830078,0.999403715133667,948.8212280273438,107.29576873779297,0.9959003329277039,920.0755004882812,117.3159408569336,0.9983752965927124,891.3905029296875,124.45411682128906,0.9986076951026917,964.5604248046875,79.51838684082031,0.9984263181686401,894.5783081054688,71.3091812133789,0.9974616765975952,872.2360229492188,91.78654479980469,0.9967246651649475,959.4050903320312,127.58002471923828,0.9513998031616211,949.4580688476562,157.2931365966797,0.9956195950508118,872.3486328125,164.26976013183594,0.9972980618476868
1090,987.9058227539062,54.430580139160156,0.9953553676605225,1009.1633911132812,125.72267150878906,0.9962640404701233,969.6994018554688,100.98426055908203,0.999241828918457,950.00341796875,107.64947509765625,0.9959917664527893,920.2704467773438,116.11138916015625,0.998465895652771,892.1533203125,123.8370361328125,0.9986585378646851,964.5888061523438,79.37071990966797,0.9985281229019165,894.5891723632812,71.32970428466797,0.9976361989974976,872.2310791015625,91.78654479980469,0.9970011115074158,959.4050903320312,127.57685852050781,0.9451882243156433,949.4501953125,157.2931365966797,0.9961671233177185,872.5510864257812,163.65074157714844,0.9969883561134338
1091,989.2218627929688,54.430580139160156,0.9961153268814087,1009.1644897460938,123.04695892333984,0.997579038143158,970.339599609375,100.58015441894531,0.9991849064826965,951.1276245117188,107.64947509765625,0.9953662157058716,921.363525390625,115.98531341552734,0.998749852180481,892.9659423828125,123.261962890625,0.998654842376709,965.0546264648438,79.37071990966797,0.9982093572616577,894.6355590820312,71.32970428466797,0.9975737929344177,872.2310791015625,91.77755737304688,0.9971016049385071,959.4050903320312,127.1760482788086,0.9362124800682068,949.085693359375,156.4891357421875,0.9961651563644409,872.950439453125,163.42225646972656,0.9965876340866089
1092,990.5107421875,54.430580139160156,0.9954997897148132,1011.5711669921875,121.10132598876953,0.9987670183181763,971.2779541015625,100.51815032958984,0.9992425441741943,951.5891723632812,107.64947509765625,0.9947831034660339,921.363525390625,115.50740051269531,0.9990805387496948,894.0022583007812,122.57245635986328,0.9984068274497986,965.1564331054688,79.37071990966797,0.9985466599464417,894.734130859375,71.45639038085938,0.9977466464042664,872.1495971679688,91.38628387451172,0.9974351525306702,961.6825561523438,126.65625762939453,0.9410746097564697,948.8983154296875,156.48904418945312,0.9961658716201782,873.7106323242188,162.0967559814453,0.9946115016937256
1093,992.1466674804688,57.00907897949219,0.9953611493110657,1012.9610595703125,119.6483383178711,0.9989675283432007,972.1594848632812,99.84809112548828,0.9992037415504456,951.7997436523438,106.27346801757812,0.9944599866867065,922.4186401367188,115.2547836303711,0.9990735054016113,894.9500732421875,121.83383178710938,0.9981112480163574,965.4149780273438,79.31504821777344,0.9981343150138855,896.9506225585938,72.1335220336914,0.997529923915863,872.2310791015625,91.16201782226562,0.9975666999816895,968.2985229492188,125.9442138671875,0.9608909487724304,948.4223022460938,155.9287567138672,0.9947640895843506,874.725830078125,162.08375549316406,0.990867018699646
1094,993.6307373046875,57.14223098754883,0.9964563250541687,1014.43701171875,117.59481048583984,0.9987275004386902,973.6246337890625,99.84809112548828,0.9990609288215637,953.565185546875,106.27346801757812,0.9957054257392883,923.6920776367188,114.62091827392578,0.9989022016525269,895.6942138671875,121.79241943359375,0.9980918765068054,965.8321533203125,79.09393310546875,0.9973529577255249,900.9470825195312,75.28925323486328,0.9938355088233948,872.3274536132812,91.01679992675781,0.997405469417572,971.03759765625,125.9442138671875,0.9521954655647278,948.0765991210938,155.9287567138672,0.9949760437011719,878.5526733398438,159.45407104492188,0.9900723695755005
1095,994.3214721679688,58.25899124145508,0.9968108534812927,1016.3932495117188,115.8528823852539,0.9973347783088684,974.3849487304688,99.57986450195312,0.9988100528717041,954.6268920898438,106.15274047851562,0.995701253414154,925.2994384765625,113.80201721191406,0.9988491535186768,898.1825561523438,121.00789642333984,0.9983166456222534,965.8321533203125,78.94595336914062,0.9972041845321655,916.4951782226562,75.28925323486328,0.9906762838363647,872.3737182617188,90.71531677246094,0.9961903095245361,974.9541015625,126.07792663574219,0.9689539074897766,947.800537109375,155.9287567138672,0.9931970834732056,885.8401489257812,154.64596557617188,0.9970254302024841
1096,995.3130493164062,58.44989776611328,0.9975472092628479,1017.5783081054688,115.13555908203125,0.9956907629966736,976.002685546875,99.38536834716797,0.9984923601150513,956.095947265625,105.6720962524414,0.9941835999488831,927.5781860351562,113.13114929199219,0.9982907176017761,899.8306274414062,121.00789642333984,0.9988160133361816,965.8321533203125,77.678466796875,0.9964573979377747,927.0838012695312,75.28925323486328,0.9889863729476929,872.8883666992188,90.66758728027344,0.9955601692199707,979.66650390625,126.07792663574219,0.9746777415275574,947.800537109375,155.9287567138672,0.9941397905349731,891.1039428710938,150.21389770507812,0.9961366057395935
1097,996.2904663085938,58.49136734008789,0.9976685643196106,1020.5482788085938,115.13555908203125,0.9967003464698792,976.5294799804688,99.0518569946289,0.9991071820259094,958.7713012695312,105.32614135742188,0.9922195672988892,929.6723022460938,113.13114929199219,0.9989468455314636,900.9144897460938,121.00789642333984,0.9992823004722595,965.8321533203125,77.53227233886719,0.9967561364173889,932.8242797851562,73.27645111083984,0.9721637964248657,874.3322143554688,90.67321014404297,0.9953683614730835,985.144287109375,125.90074920654297,0.980289876461029,947.800537109375,155.9287567138672,0.9934191107749939,897.6800537109375,150.2104949951172,0.9888986945152283
1098,998.1990356445312,58.44989776611328,0.9982641339302063,1022.0490112304688,115.13555908203125,0.9965370893478394,977.4281005859375,98.31472778320312,0.9992720484733582,960.2098388671875,104.82879638671875,0.9918370842933655,930.8627319335938,113.121337890625,0.9989823698997498,901.9841918945312,121.03307342529297,0.9992851614952087,965.5892944335938,77.53227233886719,0.9955247640609741,938.5997924804688,71.69538116455078,0.9387210011482239,874.5590209960938,90.67321014404297,0.9947521686553955,987.6937866210938,124.77413177490234,0.9779608845710754,948.1011352539062,155.8370819091797,0.9874682426452637,909.749755859375,150.2104949951172,0.9534375667572021
1099,999.1747436523438,58.44989776611328,0.9980635046958923,1024.7178955078125,115.13555908203125,0.9987186193466187,978.1107177734375,98.08456420898438,0.9992934465408325,960.7302856445312,104.66815185546875,0.9932659864425659,931.6946411132812,113.13114929199219,0.9989018440246582,903.2886962890625,121.03307342529297,0.9992095232009888,964.97021484375,77.53227233886719,0.995303750038147,941.3775024414062,68.3767318725586,0.9773181676864624,874.7044067382812,90.67321014404297,0.9945855736732483,988.6561889648438,124.34578704833984,0.9787107110023499,948.176025390625,155.8370819091797,0.9866464138031006,918.3712768554688,150.21389770507812,0.9459761381149292
1100,999.1747436523438,58.39521408081055,0.997111439704895,1026.47412109375,115.13555908203125,0.9990565180778503,979.4439697265625,97.98519134521484,0.9987784028053284,961.9359741210938,104.50151062011719,0.9957428574562073,933.1812744140625,113.121337890625,0.9987478256225586,905.13720703125,121.03307342529297,0.9984425902366638,964.97021484375,79.74591064453125,0.9922422170639038,947.6560668945312,66.79736328125,0.995064914226532,875.3643798828125,90.68765258789062,0.9949192404747009,991.9969482421875,124.34578704833984,0.9839684963226318,948.7437133789062,155.11264038085938,0.9846463799476624,918.9745483398438,150.18121337890625,0.9842128157615662
1101,999.1747436523438,55.81526184082031,0.9978339076042175,1028.1632080078125,114.63746643066406,0.9992510676383972,981.817626953125,97.95294952392578,0.9977450966835022,963.4774169921875,104.17556762695312,0.9953182339668274,934.6805419921875,112.91044616699219,0.998289167881012,905.486083984375,120.27381134033203,0.9972419738769531,965.5619506835938,79.9691162109375,0.9927130341529846,948.7906494140625,61.578392028808594,0.9960902333259583,875.5043334960938,91.04829406738281,0.9950237274169922,998.4588623046875,122.53836059570312,0.9908257126808167,948.7437133789062,155.11163330078125,0.9883084297180176,919.6996459960938,151.3126678466797,0.9970729351043701
1102,996.2333374023438,54.04396438598633,0.9989486336708069,1031.4298095703125,112.23674011230469,0.9974459409713745,982.2738647460938,97.35748291015625,0.9969556331634521,963.8988647460938,103.1663589477539,0.9955737590789795,936.0587158203125,110.5002670288086,0.9978252649307251,907.2828979492188,119.42172241210938,0.9983044862747192,965.5619506835938,80.94051361083984,0.9925355911254883,953.7325439453125,60.24538803100586,0.9946054816246033,875.5043334960938,91.11021423339844,0.9948392510414124,1000.6993408203125,121.48626708984375,0.9907468557357788,948.7437133789062,155.00982666015625,0.9862387776374817,924.9498291015625,152.01364135742188,0.9480881094932556
1103,991.5818481445312,48.30990219116211,0.9971336126327515,1033.1546630859375,111.60897064208984,0.9964271187782288,982.3289184570312,96.75875854492188,0.997752845287323,964.38671875,103.07638549804688,0.9970791339874268,936.6773071289062,110.29239654541016,0.9979408383369446,908.8419189453125,119.42172241210938,0.9984052777290344,965.8024291992188,80.94051361083984,0.991772472858429,954.940185546875,56.497779846191406,0.9942032694816589,875.5604858398438,91.11021423339844,0.9953538179397583,1001.6723022460938,121.20478820800781,0.9921936988830566,948.0816040039062,154.61801147460938,0.9905635118484497,927.21630859375,151.3126678466797,0.950401246547699
1104,987.2872314453125,48.23607635498047,0.9966537952423096,1033.4996337890625,106.6017074584961,0.9949501752853394,983.3565673828125,95.73106384277344,0.9978854060173035,965.0648803710938,102.260009765625,0.9963345527648926,937.60888671875,110.2582015991211,0.9978752136230469,909.813232421875,119.42172241210938,0.9980999827384949,966.4078369140625,80.94051361083984,0.9886716604232788,954.940185546875,55.64790725708008,0.9947054982185364,875.5604858398438,91.22257995605469,0.994776725769043,1003.0269775390625,116.13545227050781,0.9896112680435181,948.0816040039062,153.99562072753906,0.990186333656311,928.1480712890625,151.3126678466797,0.9580605030059814
1105,984.2860107421875,47.88838195800781,0.9948943853378296,1033.961181640625,103.44771575927734,0.991405725479126,983.3565673828125,94.00054931640625,0.9971237778663635,967.5052490234375,101.88175964355469,0.9955588579177856,938.7685546875,110.05865478515625,0.9978391528129578,911.5758666992188,120.37544250488281,0.998630940914154,966.8048706054688,80.65682220458984,0.9862596988677979,954.940185546875,54.748008728027344,0.9942031502723694,875.7206420898438,91.23518371582031,0.9952055215835571,1006.3864135742188,112.10623931884766,0.9866133332252502,948.0816040039062,153.5349884033203,0.9901298880577087,931.5465698242188,151.3126678466797,0.9688536524772644
1106,984.2860107421875,47.67333221435547,0.9972730278968811,1035.4661865234375,101.82266998291016,0.9914056062698364,984.4575805664062,92.64801788330078,0.9963662624359131,968.1412963867188,101.73352813720703,0.9963024854660034,939.944580078125,110.05278778076172,0.9980560541152954,912.447021484375,120.55146026611328,0.9989263415336609,967.4579467773438,80.61335754394531,0.9802625775337219,954.940185546875,53.350372314453125,0.9920986890792847,875.7210083007812,91.2341079711914,0.9948961138725281,1007.0474853515625,109.53357696533203,0.9864928126335144,948.3982543945312,153.4696502685547,0.9896838665008545,931.5964965820312,151.49972534179688,0.9825181365013123
1107,984.2860107421875,47.12337875366211,0.9968081116676331,1035.9361572265625,101.82266998291016,0.9906449317932129,985.9223022460938,91.39423370361328,0.9964978694915771,969.160400390625,101.72100830078125,0.9971617460250854,940.6817626953125,109.7763900756836,0.9975547194480896,913.1806640625,120.56282806396484,0.9991376399993896,967.8677978515625,80.23043060302734,0.9745960235595703,954.9432373046875,53.350372314453125,0.9915573596954346,875.7748413085938,91.2341079711914,0.9950319528579712,1008.27978515625,109.46844482421875,0.9826922416687012,948.4326782226562,153.4696502685547,0.9902600646018982,931.5964965820312,151.49972534179688,0.9836798310279846
1108,985.0448608398438,46.21079635620117,0.9946498274803162,1036.3360595703125,101.82266998291016,0.9925292134284973,986.6486206054688,91.39423370361328,0.9969690442085266,969.9493408203125,101.27847290039062,0.9974880218505859,941.6185913085938,109.68598937988281,0.9972038269042969,913.798828125,120.55146026611328,0.999291181564331,967.8787231445312,79.42061614990234,0.9715220332145691,955.536376953125,53.350372314453125,0.9928182363510132,875.8067626953125,91.22257995605469,0.9947267174720764,1008.8629150390625,109.46844482421875,0.9867473840713501,948.620361328125,153.4420623779297,0.9916579127311707,931.5964965820312,152.0750732421875,0.9901734590530396
1109,986.8314819335938,46.21079635620117,0.9944378137588501,1036.3360595703125,105.1296615600586,0.9929516911506653,987.4678344726562,91.39423370361328,0.9975280165672302,970.545654296875,101.09654235839844,0.9975531697273254,944.3021240234375,109.68598937988281,0.9965489506721497,914.7045288085938,120.37673950195312,0.9993875026702881,968.188232421875,79.22640228271484,0.9680229425430298,955.9310913085938,53.67594528198242,0.9940010905265808,875.8984375,91.2341079711914,0.9946885108947754,1009.3392333984375,109.086669921875,0.9866093993186951,948.7550048828125,153.4696502685547,0.9914134740829468,931.55224609375,152.15975952148438,0.9921590089797974
1110,988.5863647460938,46.21079635620117,0.9960998296737671,1036.3360595703125,111.49150085449219,0.9963397979736328,988.6561279296875,91.5892333984375,0.9975019097328186,971.3937377929688,101.09654235839844,0.9974302649497986,945.6845092773438,109.7763900756836,0.9974080920219421,915.9140014648438,120.37673950195312,0.9994761347770691,968.2788696289062,79.22640228271484,0.9628250002861023,955.9310913085938,54.47437286376953,0.9941984415054321,875.8984375,91.20221710205078,0.9949674010276794,1010.2171630859375,109.086669921875,0.9940884113311768,949.0105590820312,153.4696502685547,0.9921390414237976,931.4927978515625,152.2065887451172,0.9928041100502014
1111,992.5858764648438,46.9497184753418,0.9971185922622681,1035.8050537109375,112.41950225830078,0.9976939558982849,990.1716918945312,91.5892333984375,0.9971390962600708,972.1240844726562,101.08368682861328,0.9974006414413452,946.3341674804688,109.97662353515625,0.9975117444992065,917.1023559570312,120.37673950195312,0.9995396137237549,969.0315551757812,79.22640228271484,0.9513128399848938,955.9310913085938,54.868675231933594,0.9925708174705505,875.8067626953125,91.19035339355469,0.9946653842926025,1010.62939453125,109.086669921875,0.9903268218040466,949.7045288085938,153.3735809326172,0.9936662316322327,931.4927978515625,152.43963623046875,0.9945831894874573
1112,997.2550048828125,46.9497184753418,0.9979138970375061,1033.8780517578125,116.0719985961914,0.9983235001564026,992.4440307617188,91.5892333984375,0.9979957342147827,972.679931640625,101.08368682861328,0.9964963793754578,947.4774780273438,110.28713989257812,0.9977902173995972,918.1599731445312,120.31867218017578,0.9995710253715515,972.4071044921875,79.00753784179688,0.9365234375,955.5640869140625,55.095947265625,0.9923827052116394,875.8984375,91.20221710205078,0.9941908717155457,1013.7107543945312,109.37818908691406,0.9897153973579407,949.7045288085938,153.3357391357422,0.9922460913658142,931.4927978515625,152.45045471191406,0.9952777624130249
1113,1000.4816284179688,46.9497184753418,0.9952234625816345,1033.3218994140625,119.45103454589844,0.9983780384063721,992.695068359375,91.50590515136719,0.9977570176124573,973.9591674804688,100.89054107666016,0.9953941106796265,948.1264038085938,110.36619567871094,0.9977570176124573,919.244873046875,120.2410659790039,0.999432384967804,972.6829833984375,78.9921646118164,0.9123891592025757,955.1011352539062,55.10065460205078,0.9925320744514465,874.9208374023438,91.30718231201172,0.9944508671760559,1013.7107543945312,109.25261688232422,0.9887170791625977,949.7528076171875,152.83485412597656,0.9900879263877869,932.00244140625,152.52549743652344,0.995153546333313
1114,1001.6826171875,46.74312973022461,0.9944881796836853,1032.0775146484375,120.36578369140625,0.9988688826560974,993.6092529296875,91.4189682006836,0.9972038269042969,974.546142578125,100.64999389648438,0.9944227337837219,948.8566284179688,110.36619567871094,0.9969891905784607,920.4985961914062,120.2410659790039,0.9991530179977417,972.6829833984375,79.270751953125,0.926861584186554,954.9454345703125,55.10065460205078,0.9920839071273804,874.9208374023438,91.30718231201172,0.9939550757408142,1013.7107543945312,109.25261688232422,0.9894787669181824,949.7559204101562,149.74607849121094,0.9827702045440674,932.00244140625,152.70947265625,0.996727466583252
1115,1004.0047607421875,46.74312973022461,0.9943389296531677,1032.0775146484375,122.40729522705078,0.9989681243896484,993.8474731445312,91.4189682006836,0.9974840879440308,975.7870483398438,99.53150939941406,0.995457649230957,949.51171875,110.28713989257812,0.9968205690383911,920.826904296875,119.9472885131836,0.9987008571624756,972.8919677734375,78.90296173095703,0.9417493939399719,954.9317016601562,55.095947265625,0.9934497475624084,875.402587890625,91.44019317626953,0.9932765960693359,1014.2628173828125,109.25261688232422,0.9894872903823853,949.8881225585938,148.29063415527344,0.9811238646507263,932.00244140625,152.97845458984375,0.9971401691436768
1116,1005.311279296875,46.74312973022461,0.9953815937042236,1032.0775146484375,123.15299224853516,0.9987001419067383,994.4483032226562,91.22093200683594,0.9976592063903809,976.3327026367188,99.48693084716797,0.996428906917572,950.1935424804688,110.12716674804688,0.9967051148414612,921.3699340820312,118.56581115722656,0.9989325404167175,973.8822631835938,78.90095520019531,0.9661208391189575,954.87890625,54.96136474609375,0.9945694804191589,876.3541259765625,91.72350311279297,0.9937122464179993,1014.2628173828125,109.49813079833984,0.9901977777481079,954.586181640625,146.66436767578125,0.9868052005767822,931.9244995117188,153.5082550048828,0.9979076385498047
1117,1007.8528442382812,49.58946228027344,0.9961109757423401,1032.249267578125,123.15299224853516,0.9982365369796753,995.2628173828125,90.96407318115234,0.99793541431427,976.6492309570312,97.90949249267578,0.9972061514854431,950.9896240234375,109.1830062866211,0.9969624876976013,921.9421997070312,118.50206756591797,0.9991415739059448,974.0616455078125,78.34685516357422,0.9771917462348938,954.87890625,54.96136474609375,0.9946293234825134,876.5177001953125,93.07024383544922,0.9951381087303162,1014.2628173828125,109.84480285644531,0.9905057549476624,958.5335693359375,146.25743103027344,0.9791592359542847,931.8975830078125,153.5082550048828,0.9985247254371643
1118,1010.671875,49.75103759765625,0.9960638880729675,1032.8228759765625,123.15299224853516,0.9978514909744263,997.0838012695312,90.96407318115234,0.9975631237030029,978.9426879882812,97.90949249267578,0.9959463477134705,952.4857177734375,109.05690002441406,0.9981480836868286,922.8502807617188,118.50206756591797,0.9993435740470886,976.2218627929688,76.93133544921875,0.9878326654434204,954.9317016601562,54.96136474609375,0.9927511215209961,881.4303588867188,94.17051696777344,0.9966008067131042,1014.3195190429688,110.1817398071289,0.9917222857475281,964.760009765625,145.40573120117188,0.8900590538978577,931.5366821289062,153.6373291015625,0.9983331561088562
1119,1012.3145141601562,49.881839752197266,0.9972609281539917,1032.9381103515625,120.67598724365234,0.9975312948226929,998.9124145507812,90.6918716430664,0.9976709485054016,980.7522583007812,97.90949249267578,0.9946625828742981,953.390625,108.56061553955078,0.9985094666481018,924.4806518554688,118.36190795898438,0.9994280934333801,980.2357788085938,73.71646118164062,0.9921207427978516,955.0498046875,55.11359405517578,0.991503894329071,884.7764282226562,95.325439453125,0.9970633387565613,1014.3916015625,110.51091766357422,0.9921322464942932,969.9864501953125,145.40573120117188,0.8929271101951599,931.5286865234375,153.76699829101562,0.99810791015625
1120,1012.9254760742188,49.881839752197266,0.9977278113365173,1033.0556640625,119.89633178710938,0.9963905215263367,1000.0883178710938,89.40946960449219,0.9970560073852539,983.5459594726562,98.28700256347656,0.9963403940200806,954.688720703125,108.41685485839844,0.9982743263244629,925.7691650390625,118.54314422607422,0.9992864727973938,984.8533935546875,72.31810760498047,0.9868084788322449,955.2835693359375,55.12284469604492,0.9897069931030273,887.6788330078125,96.95451354980469,0.9969443678855896,1014.5243530273438,111.079345703125,0.9932952523231506,977.8035278320312,137.4609832763672,0.8791277408599854,931.5286865234375,153.76699829101562,0.9974429607391357
1121,1016.0186767578125,49.881839752197266,0.9973198771476746,1034.0863037109375,116.59590148925781,0.9960370659828186,1000.161865234375,89.28593444824219,0.9953551292419434,983.74609375,98.28700256347656,0.9960722923278809,956.175537109375,107.61373901367188,0.9980201721191406,927.8658447265625,118.54314422607422,0.9989338517189026,989.49609375,71.84415435791016,0.9922129511833191,955.5094604492188,56.14567184448242,0.9896236062049866,893.9403076171875,100.06767272949219,0.9958782196044922,1014.5243530273438,112.43656921386719,0.9945580959320068,982.8193359375,137.4609832763672,0.9530685544013977,931.5286865234375,153.82177734375,0.9968155026435852
1122,1016.7977294921875,48.779632568359375,0.9955329895019531,1037.067138671875,115.43047332763672,0.9968622922897339,1002.4865112304688,89.28593444824219,0.9972077012062073,984.721923828125,98.28700256347656,0.9961607456207275,957.343017578125,107.4463882446289,0.997563362121582,929.4420776367188,118.54314422607422,0.9993371367454529,990.345703125,71.62965393066406,0.9922845363616943,956.0985717773438,56.23375701904297,0.9909768104553223,899.682861328125,100.06767272949219,0.9980480670928955,1014.9387817382812,114.17889404296875,0.9947157502174377,984.6142578125,140.50953674316406,0.9205563068389893,931.463623046875,153.97840881347656,0.9970129728317261
1123,1019.4719848632812,47.29673385620117,0.9946752786636353,1039.388427734375,113.36360168457031,0.9965072274208069,1004.8221435546875,88.57319641113281,0.9977499842643738,986.55908203125,97.66203308105469,0.996333122253418,958.6719970703125,107.054443359375,0.996327817440033,930.8193359375,118.36190795898438,0.999651312828064,993.6829223632812,71.00747680664062,0.9923655390739441,956.0985717773438,58.04218673706055,0.993013322353363,903.7034301757812,100.06767272949219,0.9978681802749634,1015.2601318359375,114.17889404296875,0.9932152032852173,996.4837036132812,144.1810302734375,0.9684416651725769,931.463623046875,153.82177734375,0.9966431856155396
1124,1021.063232421875,47.29673385620117,0.9932968020439148,1039.4539794921875,113.26412963867188,0.9930435419082642,1006.3598022460938,88.58367919921875,0.996756374835968,987.0387573242188,97.35823822021484,0.993817150592804,959.1134643554688,106.7625503540039,0.9966832995414734,932.2455444335938,118.16928100585938,0.9997462630271912,1001.346923828125,70.34550476074219,0.9914912581443787,956.0985717773438,58.24551773071289,0.994855523109436,905.8739624023438,97.3895034790039,0.997800886631012,1015.0846557617188,114.17889404296875,0.990422248840332,1004.0197143554688,144.1810302734375,0.9907322525978088,931.463623046875,153.82177734375,0.9965856075286865
1125,1024.42236328125,47.29673385620117,0.9947414398193359,1042.3402099609375,112.78121185302734,0.9921144247055054,1006.9459228515625,88.58367919921875,0.9968083500862122,988.6038818359375,96.21095275878906,0.9889411330223083,961.0514526367188,106.73629760742188,0.9968605041503906,933.020263671875,118.07049560546875,0.9997701048851013,1001.7510375976562,70.34550476074219,0.9887883067131042,955.7896118164062,59.085357666015625,0.9950418472290039,910.8410034179688,93.87187194824219,0.9906598925590515,1015.0846557617188,113.48426818847656,0.9855318069458008,1004.0197143554688,144.1810302734375,0.9889165163040161,932.0650024414062,153.80014038085938,0.997143566608429
1126,1025.651123046875,51.720909118652344,0.9980685114860535,1044.1031494140625,112.46347045898438,0.9940548539161682,1007.8828125,88.58367919921875,0.9978495836257935,989.4707641601562,94.4266357421875,0.9922967553138733,962.9237060546875,106.57804870605469,0.9976801872253418,934.5611572265625,117.57218933105469,0.999723494052887,1005.1153564453125,70.03223419189453,0.9895407557487488,955.4730834960938,59.607391357421875,0.9946586489677429,920.8212280273438,89.64530944824219,0.9854835271835327,1015.0846557617188,113.10212707519531,0.9868320226669312,1004.0197143554688,144.1810302734375,0.9886264204978943,932.1292114257812,153.44883728027344,0.9973441958427429
1127,1030.1734619140625,51.720909118652344,0.9982917904853821,1044.799560546875,112.1515121459961,0.9951116442680359,1009.3583374023438,88.58367919921875,0.9986481070518494,991.1133422851562,94.4266357421875,0.9933170080184937,964.8031616210938,106.57804870605469,0.9977117776870728,936.4772338867188,117.3720703125,0.9995759129524231,1008.2023315429688,69.49214172363281,0.9850478172302246,954.3955078125,59.75017166137695,0.9945570230484009,922.3345947265625,88.49118041992188,0.9947724938392639,1013.3700561523438,113.10212707519531,0.991133987903595,1004.6795654296875,138.73452758789062,0.9772955775260925,932.2160034179688,152.43186950683594,0.9972904920578003
1128,1032.2230224609375,51.720909118652344,0.9960719347000122,1046.1192626953125,110.97863006591797,0.9940745234489441,1010.5481567382812,88.61237335205078,0.9985199570655823,992.57421875,94.4266357421875,0.9936042428016663,966.2039794921875,106.57355499267578,0.9971689581871033,936.5660400390625,115.40747833251953,0.9992923736572266,1014.6044311523438,69.21366882324219,0.996126115322113,953.4813842773438,59.75017166137695,0.9931882619857788,923.9220581054688,87.16547393798828,0.9961038827896118,1013.17333984375,113.48426818847656,0.9914110898971558,1005.2479248046875,138.73452758789062,0.985041081905365,932.1292114257812,151.63392639160156,0.9973812699317932
1129,1033.5291748046875,48.264644622802734,0.9947448968887329,1047.777099609375,110.92652893066406,0.9920807480812073,1012.2977905273438,88.74531555175781,0.9981348514556885,993.7559814453125,95.05110931396484,0.992954432964325,967.1619873046875,106.4789047241211,0.9967183470726013,938.2171630859375,114.65817260742188,0.9993103742599487,1017.1845703125,68.26303100585938,0.9969912767410278,953.1583251953125,59.75017166137695,0.9918290972709656,926.8287353515625,85.30274200439453,0.9946672916412354,1013.17333984375,115.1952133178711,0.991689920425415,1007.0599365234375,138.73452758789062,0.991230845451355,932.2160034179688,151.32168579101562,0.9974806904792786
1130,1034.826904296875,48.264644622802734,0.995790958404541,1049.8348388671875,110.87628936767578,0.9879088997840881,1013.5399169921875,88.81137084960938,0.998012900352478,995.1580810546875,95.27952575683594,0.9919378161430359,968.0358276367188,105.38968658447266,0.996701180934906,940.423095703125,114.5147933959961,0.9993010759353638,1019.5480346679688,67.81632232666016,0.9965421557426453,951.4498291015625,59.50324249267578,0.9929909706115723,928.2109375,85.07591247558594,0.9845231771469116,1013.3700561523438,116.53388214111328,0.9905518293380737,1007.7034301757812,138.75306701660156,0.9903708100318909,932.5767822265625,151.26544189453125,0.9974460601806641
1131,1037.057861328125,48.264644622802734,0.9945861101150513,1051.766845703125,110.20760345458984,0.9878863096237183,1015.0420532226562,88.99913024902344,0.9975228905677795,996.6670532226562,95.33134460449219,0.9897908568382263,968.95947265625,105.32278442382812,0.9977243542671204,942.2425537109375,114.33547973632812,0.9991022348403931,1019.6002807617188,67.44859313964844,0.9946460723876953,951.4498291015625,59.50324249267578,0.9916644096374512,932.65966796875,84.78990936279297,0.967853307723999,1014.3331909179688,117.50772094726562,0.9834727048873901,1008.0044555664062,141.92572021484375,0.9924261569976807,932.5767822265625,151.10751342773438,0.9974122643470764
1132,1041.634033203125,50.354129791259766,0.9964472651481628,1057.0579833984375,110.20760345458984,0.9875240325927734,1018.349609375,89.5290298461914,0.9967081546783447,998.0650024414062,95.33134460449219,0.9863128066062927,970.70654296875,105.03581237792969,0.9978949427604675,943.3212280273438,114.31343078613281,0.9993245601654053,1021.4520874023438,66.91842651367188,0.9933745265007019,951.4498291015625,59.50324249267578,0.9927997589111328,933.2095947265625,84.57056427001953,0.978550910949707,1014.600341796875,118.1161117553711,0.9727484583854675,1008.3431396484375,142.5749969482422,0.9949404001235962,932.490966796875,150.9907684326172,0.9972898960113525
1133,1046.098876953125,50.354129791259766,0.9969612956047058,1060.97265625,110.20760345458984,0.9959516525268555,1021.0053100585938,89.5290298461914,0.9970118999481201,1000.3667602539062,95.33134460449219,0.9835978150367737,972.9686279296875,105.03581237792969,0.9971086382865906,944.9435424804688,114.33197784423828,0.9995599389076233,1022.1748046875,66.56536102294922,0.9913758635520935,951.7759399414062,59.95138931274414,0.991387665271759,938.843994140625,82.87609100341797,0.9792976379394531,1016.0093383789062,118.1161117553711,0.968336820602417,1008.458251953125,143.1723175048828,0.9957823753356934,932.490966796875,150.9907684326172,0.997468113899231
1134,1048.37255859375,50.354129791259766,0.9949284791946411,1064.0872802734375,111.50022888183594,0.9969856142997742,1024.201171875,89.16063690185547,0.9973526000976562,1003.3765258789062,94.66081237792969,0.9892957806587219,975.1934814453125,104.33285522460938,0.9959840774536133,946.7402954101562,114.33197784423828,0.9995909333229065,1022.1885986328125,66.34847259521484,0.9899064898490906,951.7808227539062,62.19658279418945,0.9917373061180115,938.9068603515625,82.78484344482422,0.9840590953826904,1016.7501220703125,119.03712463378906,0.9593419432640076,1008.6259765625,143.23709106445312,0.9964724779129028,932.202880859375,151.010498046875,0.997428834438324
1135,1049.6558837890625,49.322425842285156,0.9940844178199768,1067.16796875,111.9180679321289,0.9950343370437622,1024.8433837890625,89.16063690185547,0.9978535771369934,1005.2056884765625,94.57697296142578,0.9923725128173828,976.58740234375,104.33285522460938,0.9968352913856506,948.2421875,114.31343078613281,0.9996060729026794,1022.4873046875,65.9757308959961,0.9904885292053223,951.8828735351562,62.19658279418945,0.99277663230896,939.3048095703125,82.62849426269531,0.9841814041137695,1017.0907592773438,119.03712463378906,0.9490223526954651,1008.6259765625,143.32830810546875,0.9967280626296997,932.202880859375,150.9622039794922,0.9971133470535278
1136,1049.8385009765625,49.322425842285156,0.994120180606842,1068.2099609375,112.44456481933594,0.9945624470710754,1026.5443115234375,89.29270935058594,0.9984210729598999,1006.8670654296875,94.18732452392578,0.995227575302124,978.6572265625,104.33285522460938,0.9974417686462402,949.2153930664062,114.1961669921875,0.9995241165161133,1022.6376342773438,65.73238372802734,0.9903973340988159,951.8828735351562,62.19658279418945,0.9935439825057983,939.5221557617188,82.59590148925781,0.9846649765968323,1018.3815307617188,116.15079498291016,0.9236030578613281,1008.6259765625,143.32830810546875,0.9965378046035767,931.9946899414062,150.9622039794922,0.9972214698791504
1137,1049.8385009765625,49.211307525634766,0.9938329458236694,1073.8194580078125,112.44456481933594,0.9966476559638977,1028.6766357421875,89.21238708496094,0.9987598657608032,1008.9605712890625,94.18732452392578,0.9957693815231323,980.2965698242188,104.33285522460938,0.9976034760475159,950.4317626953125,113.95588684082031,0.999235987663269,1022.66064453125,65.46928405761719,0.9913978576660156,951.8828735351562,60.712745666503906,0.9924203753471375,939.6837768554688,81.44304656982422,0.9885492920875549,1019.5034790039062,115.43150329589844,0.912238359451294,1008.3909912109375,143.23709106445312,0.9960923790931702,931.9946899414062,150.9622039794922,0.9973164200782776
1138,1049.6558837890625,49.211307525634766,0.9946317672729492,1074.990478515625,111.76741790771484,0.996536374092102,1029.74658203125,89.21238708496094,0.9989851117134094,1010.380615234375,93.90213012695312,0.9970023036003113,981.2735595703125,104.33285522460938,0.9978430271148682,951.4307250976562,113.87567138671875,0.9990168809890747,1023.1917724609375,65.22587585449219,0.9913375377655029,951.8828735351562,60.712745666503906,0.992586076259613,939.8624877929688,81.08393859863281,0.9883614182472229,1020.025146484375,114.63493347167969,0.9135245084762573,1008.283935546875,143.1994171142578,0.9960893392562866,931.9946899414062,150.81336975097656,0.9970548152923584
1139,1048.5185546875,49.322425842285156,0.9959163069725037,1075.6517333984375,111.76741790771484,0.9974353909492493,1030.362060546875,89.21238708496094,0.9991568326950073,1011.0791015625,93.90213012695312,0.9974525570869446,982.2368774414062,104.28965759277344,0.9977942705154419,952.8446655273438,113.45997619628906,0.9983819723129272,1023.951416015625,65.22587585449219,0.9916802048683167,951.8828735351562,60.712745666503906,0.992521345615387,939.9790649414062,80.8809585571289,0.9879671931266785,1021.6021728515625,114.63493347167969,0.9244061708450317,1007.9501953125,142.9453125,0.9961142539978027,931.9946899414062,150.6095428466797,0.9971910119056702
1140,1047.157470703125,49.41868591308594,0.9969810843467712,1075.7470703125,111.76741790771484,0.9975987076759338,1030.9195556640625,88.8112564086914,0.9991450309753418,1011.76611328125,93.90213012695312,0.9975341558456421,982.44482421875,104.22820281982422,0.997635006904602,953.5536499023438,113.35435485839844,0.9981507658958435,1024.192138671875,65.22587585449219,0.9919945001602173,951.9259033203125,61.666683197021484,0.990958571434021,940.1553344726562,80.14947509765625,0.9870455265045166,1021.6021728515625,113.01187133789062,0.9266178011894226,1007.889404296875,142.9453125,0.995850682258606,931.682861328125,150.4274139404297,0.9969030022621155
1141,1047.157470703125,49.41868591308594,0.9971455931663513,1075.9892578125,111.76741790771484,0.997729480266571,1031.544189453125,88.76946258544922,0.999174177646637,1012.5885620117188,93.90213012695312,0.9979203343391418,983.013916015625,102.82723236083984,0.9972450733184814,954.440673828125,112.82693481445312,0.9983950257301331,1024.192138671875,65.92658233642578,0.9920686483383179,952.7799072265625,62.05847930908203,0.9913840293884277,940.21435546875,79.5147705078125,0.987047553062439,1022.4406127929688,113.01187133789062,0.9160025119781494,1007.889404296875,142.82614135742188,0.9962244033813477,931.3871459960938,150.2295379638672,0.9963924288749695
1142,1047.157470703125,49.41868591308594,0.9964455962181091,1076.1156005859375,111.70050048828125,0.9977514147758484,1031.875244140625,88.75590515136719,0.9991674423217773,1013.0563354492188,94.0313491821289,0.9976263642311096,983.2062377929688,102.82723236083984,0.9978591799736023,955.4921875,112.42420196533203,0.9986496567726135,1024.192138671875,66.2940902709961,0.9904633164405823,958.4451293945312,63.968868255615234,0.9939121007919312,940.3790283203125,79.03118896484375,0.9933898448944092,1022.8656005859375,113.61669921875,0.9440644383430481,1007.9501953125,142.82614135742188,0.9955034852027893,931.3871459960938,150.09812927246094,0.9961734414100647
1143,1048.608642578125,49.41868591308594,0.9952497482299805,1076.2470703125,111.70050048828125,0.9979866743087769,1032.7471923828125,88.75590515136719,0.9990027546882629,1013.8490600585938,94.12470245361328,0.996935248374939,984.3297729492188,102.82723236083984,0.9982263445854187,957.0611572265625,111.55987548828125,0.998634397983551,1024.115966796875,66.2940902709961,0.9890596866607666,964.514404296875,63.968868255615234,0.9910009503364563,941.8073120117188,78.86450958251953,0.9955496788024902,1024.099609375,114.03661346435547,0.9657170176506042,1008.0321655273438,142.9453125,0.995376706123352,931.3871459960938,149.57391357421875,0.9956865310668945
1144,1050.03271484375,48.460609436035156,0.994512677192688,1077.009033203125,111.70050048828125,0.9983488321304321,1033.538818359375,88.76946258544922,0.9988752007484436,1014.8018798828125,95.09066009521484,0.9964989423751831,986.1883544921875,102.82723236083984,0.9984739422798157,958.6279907226562,110.47381591796875,0.998672604560852,1023.9141235351562,66.2940902709961,0.9889200329780579,973.8912963867188,63.968868255615234,0.9797927141189575,941.8970336914062,78.68543243408203,0.9965589642524719,1027.47412109375,114.03661346435547,0.98099285364151,1008.0321655273438,143.00209045410156,0.9938325881958008,932.8065185546875,148.2432403564453,0.9940634369850159
1145,1051.035888671875,46.945377349853516,0.9956209063529968,1077.1485595703125,111.21341705322266,0.9983806610107422,1034.91064453125,88.7575912475586,0.9991534948348999,1016.3829345703125,95.09066009521484,0.9970844388008118,988.270263671875,102.82723236083984,0.998711347579956,959.9859619140625,110.39871215820312,0.9989168643951416,1023.4522094726562,66.0844497680664,0.9904020428657532,978.9425048828125,61.73271560668945,0.9852879047393799,942.0640258789062,78.37791442871094,0.9968640804290771,1033.5509033203125,114.10935974121094,0.9679055213928223,1008.0321655273438,143.00209045410156,0.9933157563209534,935.8292236328125,146.79681396484375,0.9886024594306946
1146,1051.4073486328125,46.319679260253906,0.9956249594688416,1077.5738525390625,110.55503845214844,0.9984917640686035,1036.905517578125,88.75590515136719,0.9988152980804443,1018.6057739257812,95.09066009521484,0.9964439272880554,990.5699462890625,102.08456420898438,0.9989529848098755,961.75439453125,109.1334228515625,0.999233603477478,1023.4522094726562,66.0844497680664,0.9928112626075745,986.9042358398438,61.52328872680664,0.9780566692352295,942.0640258789062,78.37577056884766,0.9963100552558899,1040.341064453125,114.42083740234375,0.9856386780738831,1007.80126953125,143.02264404296875,0.9927247166633606,950.7256469726562,146.0343017578125,0.9935694932937622
1147,1052.158447265625,44.823158264160156,0.9951261281967163,1078.04931640625,109.54507446289062,0.9977250695228577,1039.6627197265625,88.74073028564453,0.998202919960022,1021.099609375,93.98600006103516,0.9961975812911987,992.8762817382812,101.9828109741211,0.9988871216773987,962.5640869140625,108.72383117675781,0.9992850422859192,1023.156982421875,66.0844497680664,0.9937513470649719,994.9818115234375,60.944908142089844,0.9754369854927063,942.0914306640625,78.01364135742188,0.996364176273346,1041.5303955078125,114.42083740234375,0.9946170449256897,1007.80126953125,143.25741577148438,0.9931460618972778,956.259765625,144.0980224609375,0.9882009029388428
1148,1052.915771484375,44.626914978027344,0.994217038154602,1079.5841064453125,109.39414978027344,0.9968727231025696,1040.40966796875,86.91751098632812,0.9982824325561523,1022.6397705078125,93.56165313720703,0.996745228767395,994.7846069335938,101.66980743408203,0.9993630051612854,963.9638671875,108.50822448730469,0.9993798732757568,1022.5353393554688,66.92194366455078,0.9937773942947388,1009.8369750976562,60.459442138671875,0.9298019409179688,942.2515869140625,78.01364135742188,0.9965007305145264,1044.661376953125,114.10935974121094,0.9958623647689819,1007.80126953125,143.6567840576172,0.9932066202163696,961.2885131835938,144.0445556640625,0.9983434677124023
1149,1055.285400390625,44.38505554199219,0.9936639070510864,1080.8790283203125,109.39414978027344,0.9948903322219849,1042.193603515625,86.723388671875,0.9987039566040039,1024.5810546875,93.31329345703125,0.9977053999900818,997.0545654296875,101.4275894165039,0.999373733997345,965.1380004882812,108.37086486816406,0.9990984201431274,1023.156982421875,66.94015502929688,0.9905723929405212,1014.9157104492188,59.52510452270508,0.9580157399177551,942.2515869140625,77.92772674560547,0.9958517551422119,1048.29345703125,113.62327575683594,0.9907857179641724,1008.0139770507812,143.34481811523438,0.9927237629890442,966.936279296875,142.09727478027344,0.9983385801315308
1150,1060.7996826171875,42.34381103515625,0.993087112903595,1082.6451416015625,109.39414978027344,0.9961625337600708,1044.544921875,86.6566162109375,0.9989282488822937,1025.8245849609375,93.03351593017578,0.9978275895118713,997.9801635742188,100.69847106933594,0.999319314956665,967.166015625,108.21633911132812,0.9987257122993469,1023.2824096679688,67.69800567626953,0.9882475733757019,1015.0845947265625,59.494590759277344,0.970754861831665,942.2515869140625,77.92772674560547,0.9960124492645264,1049.5474853515625,113.62327575683594,0.9860509037971497,1008.0139770507812,143.34481811523438,0.9949538111686707,968.9754638671875,141.4237060546875,0.9970369338989258
1151,1064.2664794921875,40.39071273803711,0.9894154071807861,1085.2957763671875,109.47246551513672,0.9968783855438232,1047.1453857421875,86.6566162109375,0.998847484588623,1028.000244140625,92.50180053710938,0.9975786805152893,999.24755859375,100.19474029541016,0.9991344809532166,969.18994140625,106.09418487548828,0.9969197511672974,1023.2824096679688,68.03744506835938,0.9800047278404236,1016.634765625,59.08474349975586,0.9726506471633911,940.6451416015625,77.63995361328125,0.9964609742164612,1051.5787353515625,113.62327575683594,0.989263117313385,1008.1537475585938,143.34481811523438,0.9954560995101929,978.8002319335938,138.53329467773438,0.9969657063484192
1152,1065.44482421875,40.39071273803711,0.9875518679618835,1089.9266357421875,111.67366027832031,0.9973462820053101,1048.8426513671875,86.91751098632812,0.9987657070159912,1029.7672119140625,92.50180053710938,0.9977518916130066,999.344482421875,98.99039459228516,0.9992280006408691,971.0597534179688,105.31753540039062,0.9979070425033569,1024.789306640625,68.29383087158203,0.9780313372612,1022.3352661132812,54.65470886230469,0.9876068234443665,940.6451416015625,77.289306640625,0.9966791868209839,1056.41552734375,113.25020599365234,0.9904851317405701,1008.1657104492188,142.64634704589844,0.9956802129745483,984.2881469726562,138.53329467773438,0.9939029216766357
1153,1067.7784423828125,40.39071273803711,0.9915629625320435,1092.117919921875,111.67366027832031,0.9986465573310852,1049.219482421875,86.97749328613281,0.9988883137702942,1031.6182861328125,92.50180053710938,0.997722327709198,1001.655517578125,98.78108215332031,0.9994807839393616,972.3336181640625,105.31753540039062,0.9980499744415283,1027.52978515625,68.29383087158203,0.973370373249054,1022.4940185546875,52.535400390625,0.9930960536003113,940.6451416015625,77.289306640625,0.9967924952507019,1063.9171142578125,113.25020599365234,0.9937689900398254,1008.3211059570312,142.64634704589844,0.9950855374336243,990.2924194335938,138.53329467773438,0.9735021591186523
1154,1069.9666748046875,40.819671630859375,0.9862496852874756,1096.3359375,112.44950103759766,0.9981581568717957,1051.884521484375,86.97749328613281,0.9987963438034058,1032.9786376953125,92.28099060058594,0.9970124959945679,1003.3048706054688,98.61992645263672,0.999427855014801,973.5414428710938,105.31753540039062,0.9979189038276672,1028.9715576171875,68.29383087158203,0.9774050116539001,1024.3226318359375,52.42561721801758,0.9924494028091431,940.8109130859375,77.1800537109375,0.9969538450241089,1065.5816650390625,113.00103759765625,0.9890199303627014,1008.1657104492188,142.64634704589844,0.9950592517852783,991.7111206054688,139.00254821777344,0.9666428565979004
1155,1071.2340087890625,43.507564544677734,0.9942319989204407,1100.0833740234375,112.71161651611328,0.9969621300697327,1055.1851806640625,86.97749328613281,0.9986671209335327,1034.9749755859375,92.20796203613281,0.9956551790237427,1005.2092895507812,98.61992645263672,0.9992151260375977,976.6264038085938,105.88385009765625,0.99811851978302,1031.7041015625,67.74783325195312,0.9711443781852722,1024.5986328125,52.42561721801758,0.9963210821151733,941.5780639648438,77.1800537109375,0.9975093603134155,1070.2579345703125,112.48113250732422,0.993726372718811,1008.1657104492188,142.382080078125,0.9936121106147766,991.8497314453125,141.67140197753906,0.9641672372817993
1156,1074.1309814453125,43.507564544677734,0.9973245859146118,1102.2410888671875,114.53362274169922,0.9970093965530396,1056.188720703125,85.445556640625,0.9974410533905029,1036.796142578125,91.983642578125,0.9954714775085449,1006.8703002929688,98.61992645263672,0.9991614818572998,978.4297485351562,105.88385009765625,0.9986379742622375,1032.256103515625,67.18379974365234,0.9655951857566833,1025.8759765625,52.49281311035156,0.9958164095878601,942.2251586914062,77.1800537109375,0.9978499412536621,1070.7593994140625,111.24285888671875,0.9928194880485535,1008.0792846679688,142.26675415039062,0.9942237734794617,991.9011840820312,141.67140197753906,0.9745221734046936
1157,1077.0885009765625,43.507564544677734,0.996297299861908,1103.3104248046875,114.53362274169922,0.9981372356414795,1059.5411376953125,85.0435562133789,0.9984437823295593,1038.7257080078125,90.94318389892578,0.9966964721679688,1010.7498168945312,98.8330307006836,0.9995160102844238,980.4034423828125,105.88385009765625,0.9991596937179565,1032.5875244140625,66.5677719116211,0.9467463493347168,1026.509765625,52.42561721801758,0.9937538504600525,942.8528442382812,77.13118743896484,0.9980059266090393,1071.2469482421875,110.83438873291016,0.9858512282371521,1008.0792846679688,142.21786499023438,0.9941713213920593,991.9011840820312,141.67140197753906,0.9773842096328735
1158,1079.812744140625,43.03782272338867,0.9933416247367859,1103.736083984375,114.53362274169922,0.9985681772232056,1061.7623291015625,84.67536163330078,0.9980891346931458,1040.1197509765625,90.513671875,0.996753990650177,1012.2855224609375,98.8330307006836,0.9995352029800415,981.5989379882812,105.73043060302734,0.999051034450531,1033.3974609375,65.87054443359375,0.9395551681518555,1026.994384765625,52.49281311035156,0.9928154945373535,943.005615234375,77.027587890625,0.9978139400482178,1075.3006591796875,110.83438873291016,0.9914306998252869,1008.0792846679688,141.3535614013672,0.993870735168457,991.9011840820312,139.98338317871094,0.9852332472801208
1159,1081.2958984375,42.94871520996094,0.9898782968521118,1105.351318359375,114.17693328857422,0.9987781643867493,1064.49951171875,84.67536163330078,0.9981932044029236,1042.5302734375,90.50888061523438,0.9966537952423096,1014.54443359375,98.8330307006836,0.9992953538894653,983.8483276367188,105.27937316894531,0.9986440539360046,1034.1761474609375,65.77774047851562,0.9074586629867554,1027.9306640625,52.579349517822266,0.9920209050178528,943.7364501953125,77.027587890625,0.9977194666862488,1076.5372314453125,110.83438873291016,0.9937151074409485,1008.528564453125,140.46237182617188,0.992809534072876,992.66455078125,139.85498046875,0.9916753768920898
1160,1082.3609619140625,42.61622619628906,0.9925260543823242,1107.4261474609375,114.17693328857422,0.9985488057136536,1064.5511474609375,85.0435562133789,0.9986217021942139,1044.2576904296875,90.50888061523438,0.9962900876998901,1014.8993530273438,97.33267974853516,0.9989942908287048,984.2317504882812,104.95720672607422,0.998130738735199,1036.6544189453125,65.63298797607422,0.9095458984375,1028.5213623046875,52.7534065246582,0.9919301867485046,944.4553833007812,77.027587890625,0.9977715015411377,1077.22265625,110.90718078613281,0.9924220442771912,1008.73095703125,140.29537963867188,0.9928533434867859,992.9118041992188,139.85498046875,0.9936895370483398
1161,1082.4952392578125,42.61622619628906,0.9893325567245483,1107.4261474609375,114.17693328857422,0.9985779523849487,1065.7987060546875,85.47642517089844,0.9988119602203369,1045.520751953125,90.50888061523438,0.9956491589546204,1016.4053955078125,97.23663330078125,0.9993382096290588,985.6139526367188,104.53203582763672,0.9987764954566956,1037.2864990234375,65.87054443359375,0.8980680108070374,1028.6395263671875,52.579349517822266,0.9944612979888916,944.9430541992188,77.2933349609375,0.997713565826416,1077.5318603515625,110.90718078613281,0.992527961730957,1008.7930908203125,139.91368103027344,0.9875582456588745,993.124755859375,139.7742919921875,0.9954841136932373
1162,1083.7626953125,42.61622619628906,0.9907427430152893,1107.4261474609375,114.74942779541016,0.9990045428276062,1066.32470703125,85.52954864501953,0.9989588260650635,1047.0220947265625,90.74270629882812,0.9938328266143799,1016.9461059570312,97.23663330078125,0.9995250701904297,986.6586303710938,104.36847686767578,0.99892657995224,1038.1407470703125,65.87054443359375,0.9370941519737244,1028.961181640625,52.579349517822266,0.9967362284660339,945.8716430664062,77.66555786132812,0.9979719519615173,1079.2266845703125,110.90718078613281,0.993482768535614,1008.8491821289062,139.7804412841797,0.9834222197532654,993.124755859375,139.85498046875,0.9965818524360657
1163,1084.148681640625,45.19590377807617,0.9954291582107544,1106.3585205078125,117.06733703613281,0.9992671608924866,1067.5382080078125,86.01741027832031,0.9990548491477966,1048.5328369140625,91.64191436767578,0.9952935576438904,1017.8603515625,97.23663330078125,0.9995492100715637,987.27001953125,104.36847686767578,0.9987886548042297,1040.9393310546875,66.65131378173828,0.9432945251464844,1029.3734130859375,52.48768615722656,0.9974449872970581,946.6656494140625,77.83496856689453,0.99796462059021,1079.3475341796875,110.82341003417969,0.9916356801986694,1008.8491821289062,139.59420776367188,0.9851020574569702,993.124755859375,140.00253295898438,0.995879054069519
1164,1087.7890625,50.85830307006836,0.9961363673210144,1105.1319580078125,118.97975158691406,0.9988024234771729,1069.0928955078125,87.22760772705078,0.9990311861038208,1049.9678955078125,92.92054748535156,0.9959820508956909,1018.9004516601562,97.3555679321289,0.9994660019874573,988.3588256835938,104.36847686767578,0.9987032413482666,1046.76025390625,67.23249816894531,0.9607650637626648,1030.80712890625,52.167137145996094,0.998005211353302,948.54248046875,77.8709716796875,0.998239278793335,1079.8555908203125,109.69578552246094,0.9914162755012512,1009.2928466796875,139.4638671875,0.9817387461662292,992.4029541015625,140.10464477539062,0.9955816864967346
1165,1091.98779296875,52.24357986450195,0.9989421963691711,1103.011962890625,122.69322204589844,0.9965500831604004,1070.0963134765625,87.37088012695312,0.9984569549560547,1051.7083740234375,92.92054748535156,0.9934979677200317,1020.5755004882812,97.9929428100586,0.9992676377296448,989.2803344726562,104.48886108398438,0.9983396530151367,1049.6358642578125,67.23249816894531,0.9534940719604492,1031.1475830078125,51.73463439941406,0.9958633184432983,949.0543212890625,78.2545394897461,0.998134434223175,1079.9808349609375,109.45545959472656,0.9899230599403381,1011.1688842773438,136.3249053955078,0.909934401512146,992.4029541015625,140.5119171142578,0.9969825148582458
1166,1095.585205078125,52.54222869873047,0.9985590577125549,1102.179931640625,125.35770416259766,0.9956373572349548,1071.418212890625,88.09832000732422,0.9983760118484497,1052.751220703125,92.92205047607422,0.9948818683624268,1022.2703857421875,98.14527130126953,0.9989645481109619,990.8704833984375,104.74886322021484,0.9979565143585205,1052.19091796875,67.23249816894531,0.965904712677002,1031.1475830078125,51.17978286743164,0.9959740042686462,951.58447265625,78.85480499267578,0.9974420070648193,1081.458251953125,109.45545959472656,0.9872153997421265,1024.4124755859375,132.73776245117188,0.9818648099899292,992.4029541015625,140.5119171142578,0.9968718886375427
1167,1097.458740234375,52.97030258178711,0.9969078898429871,1098.8824462890625,125.76203918457031,0.9956562519073486,1072.697998046875,88.49021911621094,0.9985854625701904,1053.854736328125,93.02973937988281,0.995449960231781,1025.261474609375,98.79389953613281,0.9993997812271118,993.9182739257812,104.74929809570312,0.998807430267334,1057.336669921875,67.23249816894531,0.9878742098808289,1031.3770751953125,51.17978286743164,0.9958036541938782,957.0469360351562,80.49933624267578,0.9977679252624512,1081.458251953125,109.69578552246094,0.9837638139724731,1030.0775146484375,131.78977966308594,0.9834122657775879,992.4703979492188,140.5119171142578,0.9966192245483398
1168,1099.3114013671875,52.74282455444336,0.9976050853729248,1098.8824462890625,128.0813446044922,0.9947741627693176,1073.785400390625,89.72137451171875,0.9993079900741577,1055.649169921875,93.60025787353516,0.9972776770591736,1027.0028076171875,99.56834411621094,0.9995573163032532,995.8297119140625,105.14364624023438,0.999032735824585,1062.3385009765625,67.68939971923828,0.9843346476554871,1031.3770751953125,51.92929458618164,0.9961591958999634,958.7483520507812,80.49933624267578,0.9968498349189758,1081.1483154296875,110.97981262207031,0.9844202399253845,1039.076904296875,131.2744598388672,0.823348343372345,992.5943603515625,140.38868713378906,0.9954738020896912
1169,1100.156494140625,52.54222869873047,0.9967470169067383,1098.8543701171875,130.81637573242188,0.9963864088058472,1075.5035400390625,90.59982299804688,0.9993233680725098,1056.8709716796875,93.71588897705078,0.9973829388618469,1028.30029296875,99.60565185546875,0.999372661113739,997.2138061523438,105.20790100097656,0.9992719292640686,1066.773193359375,67.2224349975586,0.9837234020233154,1031.3770751953125,51.92929458618164,0.9966711401939392,966.5313720703125,80.49933624267578,0.9967194199562073,1081.1483154296875,111.35619354248047,0.9852874279022217,1043.082763671875,130.3811492919922,0.8777617812156677,992.6307983398438,140.38868713378906,0.995290994644165
1170,1101.963623046875,52.74282455444336,0.9978581070899963,1098.8543701171875,131.46250915527344,0.9963940978050232,1077.3470458984375,90.59982299804688,0.9990696310997009,1057.73583984375,93.71588897705078,0.996924102306366,1030.5186767578125,99.60565185546875,0.9992183446884155,998.8065795898438,105.14364624023438,0.998969316482544,1069.848876953125,68.00721740722656,0.9902661442756653,1031.7042236328125,52.342247009277344,0.9965803027153015,974.3903198242188,78.2645263671875,0.9933711290359497,1080.2376708984375,112.05115509033203,0.9809019565582275,1047.1363525390625,131.2744598388672,0.8538213968276978,992.8443603515625,140.38868713378906,0.9955897331237793
1171,1103.9541015625,52.97030258178711,0.99802565574646,1099.0933837890625,132.50119018554688,0.9965488314628601,1079.3543701171875,90.59982299804688,0.9983048439025879,1058.9161376953125,93.84796142578125,0.9960950016975403,1031.096923828125,99.56834411621094,0.9989113807678223,1000.2321166992188,104.74929809570312,0.9988123178482056,1078.067138671875,68.48542785644531,0.9968372583389282,1031.7042236328125,52.69632339477539,0.9968805313110352,986.813720703125,73.98046875,0.9974531531333923,1079.0513916015625,112.64002227783203,0.9813282489776611,1057.1121826171875,131.2744598388672,0.5203055143356323,993.0515747070312,140.41029357910156,0.995624840259552
1172,1107.30224609375,55.76188659667969,0.9990131855010986,1099.3424072265625,132.50119018554688,0.9963834285736084,1081.131591796875,90.59982299804688,0.9970040917396545,1060.66845703125,93.71588897705078,0.9941115975379944,1033.0689697265625,99.11894989013672,0.9992350339889526,1001.5619506835938,104.55155944824219,0.9987025260925293,1079.427001953125,69.4691162109375,0.9951367974281311,1031.7042236328125,52.761497497558594,0.9975777268409729,989.2138671875,73.8945083618164,0.996837854385376,1077.925537109375,112.6982192993164,0.9812145233154297,1063.12109375,131.98330688476562,0.8065443634986877,993.6593017578125,140.41029357910156,0.9958255290985107
1173,1108.8770751953125,55.94862747192383,0.9984580278396606,1100.2445068359375,132.50119018554688,0.9958445429801941,1082.201416015625,90.59982299804688,0.9962397813796997,1062.1767578125,93.71588897705078,0.9928231239318848,1033.2852783203125,99.11894989013672,0.999376118183136,1002.861572265625,104.12158203125,0.9990949630737305,1081.5718994140625,68.97652435302734,0.9878551363945007,1031.1102294921875,52.94903564453125,0.9976992011070251,991.9063110351562,73.28400421142578,0.9948635697364807,1077.925537109375,114.27928924560547,0.9780279397964478,1065.9691162109375,132.4427947998047,0.9636203646659851,993.936279296875,140.41029357910156,0.9959445595741272
1174,1108.965576171875,58.42371368408203,0.9981083869934082,1100.6617431640625,131.0521240234375,0.9936373233795166,1082.71337890625,90.52090454101562,0.9941006302833557,1062.8519287109375,93.82722473144531,0.9911074042320251,1034.50634765625,99.08981323242188,0.9994437098503113,1004.4963989257812,104.12158203125,0.9991705417633057,1088.025146484375,68.97652435302734,0.9917709827423096,1030.83447265625,53.36300277709961,0.9975106716156006,998.1091918945312,72.69334411621094,0.9959569573402405,1077.1810302734375,114.60861206054688,0.9679316878318787,1067.218017578125,134.1053009033203,0.9717401266098022,993.9972534179688,140.09469604492188,0.9947182536125183
1175,1110.7635498046875,58.42371368408203,0.9968703389167786,1100.9237060546875,130.69085693359375,0.9905080795288086,1084.3084716796875,90.4698715209961,0.9939771890640259,1065.77294921875,93.82722473144531,0.9912468791007996,1036.649169921875,99.08981323242188,0.9992283582687378,1006.0464477539062,104.12158203125,0.9990432858467102,1089.7518310546875,68.97652435302734,0.9964967370033264,1030.4444580078125,52.94903564453125,0.9969694018363953,1000.6690673828125,72.36378479003906,0.9958303570747375,1077.1810302734375,114.60861206054688,0.9605496525764465,1067.951171875,134.13230895996094,0.986396849155426,994.0723876953125,139.72471618652344,0.9946331977844238
1176,1111.64599609375,58.42371368408203,0.9965498447418213,1103.17724609375,130.25343322753906,0.9902747869491577,1085.818359375,90.4698715209961,0.9945144653320312,1067.1727294921875,93.40721130371094,0.9935961961746216,1038.6160888671875,99.08981323242188,0.9987886548042297,1006.974365234375,103.97481536865234,0.9992130994796753,1091.2901611328125,68.04181671142578,0.9974672794342041,1030.0863037109375,52.94903564453125,0.9975733160972595,1006.9591064453125,72.36378479003906,0.9934921860694885,1080.2890625,114.27928924560547,0.9576367735862732,1069.715087890625,134.78285217285156,0.9900237917900085,994.5852661132812,139.72471618652344,0.9953691363334656
1177,1113.3189697265625,53.73305130004883,0.9954912066459656,1105.44775390625,129.65174865722656,0.9937883019447327,1088.379638671875,90.18964385986328,0.9960166811943054,1067.4921875,92.92070007324219,0.9940779209136963,1040.0723876953125,98.79468536376953,0.9976806640625,1008.7052001953125,103.97481536865234,0.999524712562561,1093.9287109375,67.2557144165039,0.9974958300590515,1029.504150390625,52.912681579589844,0.9975470900535583,1008.5643310546875,71.70816802978516,0.9894635677337646,1080.2890625,113.62741088867188,0.9467202425003052,1070.0869140625,134.93714904785156,0.992468535900116,994.5852661132812,139.61044311523438,0.9954705238342285
1178,1114.950439453125,52.50577926635742,0.9971349239349365,1106.955322265625,129.0830078125,0.9933649301528931,1090.1595458984375,90.10099792480469,0.9980511665344238,1069.1190185546875,92.47960662841797,0.9975021481513977,1042.6317138671875,98.19744110107422,0.9981181621551514,1010.0067138671875,103.97481536865234,0.9996387958526611,1094.477294921875,67.1810302734375,0.9972506165504456,1028.89208984375,52.41800308227539,0.9981849789619446,1009.8538818359375,71.19747924804688,0.9893213510513306,1080.3231201171875,112.25960540771484,0.9537195563316345,1070.531982421875,135.21115112304688,0.9930697083473206,994.6998291015625,139.72471618652344,0.9959613680839539
1179,1117.8101806640625,52.50577926635742,0.9974585175514221,1107.027587890625,128.40676879882812,0.9962682127952576,1091.1917724609375,89.95220947265625,0.9985097050666809,1070.874755859375,92.1739273071289,0.9984363913536072,1044.608154296875,97.87516784667969,0.9980133771896362,1011.8477783203125,103.89418029785156,0.9996328353881836,1094.916015625,66.62935638427734,0.9970654845237732,1028.8699951171875,52.32051086425781,0.9980394244194031,1010.0131225585938,71.17438507080078,0.994574785232544,1080.3231201171875,111.79288482666016,0.9420461058616638,1070.748291015625,135.25550842285156,0.9947085380554199,994.5852661132812,139.74781799316406,0.9954181909561157
1180,1118.307373046875,52.50577926635742,0.9974020719528198,1109.34765625,127.29067993164062,0.9905776977539062,1091.8663330078125,89.9107666015625,0.9985644221305847,1072.11083984375,92.14248657226562,0.9985249638557434,1045.8216552734375,97.31975555419922,0.9981979727745056,1013.0799560546875,103.7806625366211,0.9995831847190857,1094.966552734375,66.26107788085938,0.9974997639656067,1028.8699951171875,52.19490051269531,0.9978922009468079,1010.0955810546875,71.17438507080078,0.9960149526596069,1080.5301513671875,111.5474853515625,0.9471325278282166,1071.1044921875,135.6390380859375,0.9947596192359924,994.5831298828125,139.7601776123047,0.9956713914871216
1181,1121.5982666015625,52.25452423095703,0.9978175163269043,1114.04541015625,124.50887298583984,0.9760151505470276,1093.1029052734375,89.9107666015625,0.9986677169799805,1073.4075927734375,92.14248657226562,0.9986811280250549,1046.7579345703125,97.07535552978516,0.9982484579086304,1014.1632690429688,103.6194839477539,0.9994007349014282,1095.6737060546875,66.1062240600586,0.9975493550300598,1028.8699951171875,52.0073356628418,0.9978158473968506,1010.0955810546875,70.89619445800781,0.9965922236442566,1080.5301513671875,111.5474853515625,0.9280194044113159,1071.1044921875,135.90963745117188,0.9951775074005127,994.5611572265625,139.96946716308594,0.9959434866905212
1182,1122.5252685546875,52.25452423095703,0.9981525540351868,1116.0357666015625,124.29607391357422,0.972963273525238,1094.699951171875,89.9107666015625,0.9988413453102112,1075.027587890625,92.14248657226562,0.9987844824790955,1046.9537353515625,97.02980041503906,0.9979962706565857,1015.6289672851562,103.32777404785156,0.9992781281471252,1096.90673828125,65.89117431640625,0.9976620674133301,1029.3316650390625,51.76984405517578,0.9975384473800659,1010.6114501953125,70.69194030761719,0.9969000816345215,1080.693359375,111.69515228271484,0.9251817464828491,1070.734130859375,136.1002655029297,0.9947152733802795,994.087890625,139.96946716308594,0.9954739212989807
1183,1123.032958984375,52.25452423095703,0.9983104467391968,1128.14013671875,124.21678924560547,0.9878601431846619,1097.1646728515625,90.66397094726562,0.9984036087989807,1077.27490234375,93.03751373291016,0.9984110593795776,1047.89599609375,95.77717590332031,0.9981441497802734,1016.950439453125,100.28572082519531,0.9988507032394409,1096.90673828125,65.89117431640625,0.9972327351570129,1029.5159912109375,51.72090530395508,0.9977682828903198,1010.6114501953125,70.6598892211914,0.9971433281898499,1081.0885009765625,111.22782897949219,0.9156753420829773,1070.734130859375,137.62881469726562,0.9940842986106873,994.087890625,139.96946716308594,0.9938150644302368
1184,1123.7076416015625,50.902408599853516,0.997623860836029,1129.334716796875,121.4839859008789,0.9903704524040222,1098.3936767578125,90.76388549804688,0.9975957274436951,1078.5662841796875,93.63334655761719,0.9983034133911133,1048.347900390625,95.74651336669922,0.9988663196563721,1018.6050415039062,99.83914184570312,0.9989836812019348,1096.90673828125,65.89117431640625,0.9973230957984924,1030.05078125,51.72090530395508,0.9978031516075134,1010.6114501953125,69.80896759033203,0.9977268576622009,1081.2236328125,111.22782897949219,0.8756407499313354,1070.6907958984375,138.16867065429688,0.9946609139442444,994.087890625,139.83810424804688,0.9922439455986023
1185,1123.7845458984375,50.53273010253906,0.9973241090774536,1129.97509765625,123.5365982055664,0.9933618307113647,1099.1363525390625,90.76388549804688,0.9969384670257568,1079.8985595703125,93.63334655761719,0.9977051615715027,1049.7645263671875,95.74651336669922,0.9992175102233887,1019.9454345703125,99.00575256347656,0.9990226030349731,1096.1162109375,66.56134033203125,0.9972846508026123,1030.254638671875,51.72090530395508,0.9977752566337585,1010.6114501953125,68.99970245361328,0.9975417852401733,1082.490234375,111.03556060791016,0.8590218424797058,1070.52490234375,138.63539123535156,0.9934154748916626,994.4971313476562,138.80865478515625,0.9912266135215759
1186,1123.83056640625,50.22782516479492,0.997443437576294,1133.15869140625,123.41484069824219,0.9938527345657349,1101.83056640625,90.76388549804688,0.9963794350624084,1080.852294921875,93.63334655761719,0.9972949624061584,1051.46826171875,95.77717590332031,0.9992523789405823,1021.7610473632812,99.00575256347656,0.998971700668335,1096.1162109375,66.56134033203125,0.9969792366027832,1033.1866455078125,52.6841926574707,0.991239607334137,1010.6570434570312,68.05628204345703,0.9985784292221069,1083.1812744140625,110.21456146240234,0.8746117949485779,1070.52490234375,138.63539123535156,0.9946591258049011,995.357177734375,138.1510467529297,0.9892818927764893
1187,1125.865234375,50.53273010253906,0.9968845248222351,1136.02880859375,123.1092758178711,0.9968826770782471,1103.514404296875,89.199951171875,0.9971832633018494,1083.3194580078125,93.28502655029297,0.9965950846672058,1053.66015625,95.59874725341797,0.9991117119789124,1023.42919921875,99.00575256347656,0.9985139966011047,1096.1162109375,66.56731414794922,0.9953670501708984,1040.5035400390625,54.734527587890625,0.9907251000404358,1010.885009765625,67.42818450927734,0.9990310668945312,1086.803955078125,110.21456146240234,0.9087111353874207,1069.371826171875,138.63539123535156,0.9939318895339966,995.4887084960938,136.9671630859375,0.9880244135856628
1188,1127.0615234375,50.53273010253906,0.9946904182434082,1138.46630859375,123.41484069824219,0.9980087876319885,1104.3280029296875,89.199951171875,0.9974996447563171,1084.17431640625,93.12397766113281,0.9978249073028564,1056.1263427734375,95.59874725341797,0.9985061287879944,1024.1473388671875,99.12738800048828,0.9989556074142456,1096.174072265625,66.69763946533203,0.9933319687843323,1049.10595703125,56.95674514770508,0.9879019260406494,1010.885009765625,66.77863311767578,0.9991363883018494,1092.786865234375,110.21456146240234,0.923319399356842,1069.025390625,138.54202270507812,0.9928789734840393,997.758544921875,136.34762573242188,0.9901201725006104
1189,1129.2196044921875,51.731040954589844,0.9927552342414856,1140.040771484375,123.41484069824219,0.9981339573860168,1105.7802734375,89.199951171875,0.9988879561424255,1086.013671875,92.86585998535156,0.9987236857414246,1056.759765625,94.77079772949219,0.9980632662773132,1025.8677978515625,99.12738800048828,0.9990679621696472,1096.771240234375,66.69763946533203,0.9943418502807617,1058.51318359375,56.95674514770508,0.9893019795417786,1010.885009765625,66.54490661621094,0.9992079138755798,1095.6783447265625,110.54595184326172,0.9095638394355774,1068.70751953125,138.30569458007812,0.9907971620559692,1000.004150390625,135.10855102539062,0.9905990958213806
1190,1130.03369140625,51.872982025146484,0.9905025959014893,1141.7420654296875,123.1092758178711,0.997455894947052,1106.889404296875,90.22986602783203,0.9991650581359863,1087.794677734375,92.64605712890625,0.9985311031341553,1058.6094970703125,94.77079772949219,0.9981830716133118,1027.0960693359375,99.12738800048828,0.999091386795044,1096.95947265625,67.55320739746094,0.993950605392456,1068.85546875,54.734527587890625,0.9754939675331116,1010.8406372070312,66.40811157226562,0.9991639852523804,1101.9998779296875,113.92984771728516,0.9708753824234009,1068.6126708984375,138.27886962890625,0.9913026094436646,1002.9410400390625,134.62823486328125,0.9932804703712463
1191,1131.2960205078125,51.872982025146484,0.9932860732078552,1142.91357421875,122.7580795288086,0.9968528151512146,1107.3603515625,90.43592071533203,0.999397873878479,1088.7799072265625,92.64605712890625,0.9985743761062622,1060.1876220703125,94.60775756835938,0.9982813596725464,1028.601806640625,99.12738800048828,0.9992361068725586,1097.0797119140625,67.62763977050781,0.9933962821960449,1076.6282958984375,56.90615463256836,0.9926113486289978,1010.8406372070312,66.24238586425781,0.9991666078567505,1107.2095947265625,114.39083099365234,0.9924375414848328,1068.5340576171875,137.88034057617188,0.9896275997161865,1009.166015625,134.5857696533203,0.9954627156257629
1192,1132.333251953125,52.300968170166016,0.9939252734184265,1143.056396484375,121.82093811035156,0.9968411922454834,1109.3038330078125,90.43592071533203,0.9994205236434937,1090.6436767578125,92.64605712890625,0.9987101554870605,1062.2493896484375,94.60775756835938,0.9977680444717407,1030.534912109375,99.08741760253906,0.9989861845970154,1097.0797119140625,67.66932678222656,0.9896934628486633,1079.965087890625,54.63016128540039,0.9923600554466248,1010.8406372070312,66.19943237304688,0.9992555975914001,1109.73779296875,115.11160278320312,0.9929625391960144,1068.305419921875,137.76669311523438,0.9902128577232361,1018.10595703125,134.1609649658203,0.9965257048606873
1193,1134.7322998046875,52.300968170166016,0.9952953457832336,1145.293701171875,121.82093811035156,0.99261474609375,1110.6534423828125,90.43592071533203,0.9991450309753418,1092.4124755859375,92.64605712890625,0.9981719255447388,1062.4671630859375,94.0443344116211,0.997901439666748,1031.649169921875,99.0146255493164,0.9985116124153137,1097.0797119140625,67.66932678222656,0.9895234704017639,1086.6292724609375,54.63016128540039,0.9830748438835144,1010.8416137695312,66.19943237304688,0.9992325305938721,1113.574951171875,116.05150604248047,0.9856296181678772,1068.305419921875,137.7067108154297,0.9905930161476135,1024.611328125,132.885986328125,0.9939670562744141
1194,1138.6260986328125,51.872982025146484,0.9957334399223328,1147.588134765625,121.82093811035156,0.9927533268928528,1112.7620849609375,90.43592071533203,0.9982326030731201,1094.173095703125,92.64605712890625,0.996986448764801,1064.57177734375,93.69251251220703,0.9986149072647095,1033.3665771484375,97.14398956298828,0.9972749352455139,1096.651123046875,67.66932678222656,0.9872342944145203,1086.69677734375,54.63016128540039,0.9941295385360718,1010.9021606445312,66.19943237304688,0.9992177486419678,1118.014892578125,117.75116729736328,0.9897320866584778,1068.4725341796875,137.67843627929688,0.9912645816802979,1029.973388671875,132.885986328125,0.9961456060409546
1195,1142.0555419921875,51.6060676574707,0.9933033585548401,1153.5426025390625,123.2406997680664,0.9959763884544373,1113.936767578125,90.42362976074219,0.9974828362464905,1095.480712890625,93.03656768798828,0.9951314926147461,1067.6378173828125,93.63169860839844,0.9987395405769348,1036.3021240234375,97.14398956298828,0.9970930814743042,1095.90087890625,67.60269927978516,0.9879122376441956,1088.4722900390625,54.61317443847656,0.9941824078559875,1011.57177734375,66.19943237304688,0.9992885589599609,1124.590576171875,118.01236724853516,0.9966957569122314,1068.4725341796875,137.51663208007812,0.9924099445343018,1036.9693603515625,132.885986328125,0.9944313168525696
1196,1147.3427734375,51.047706604003906,0.9937791228294373,1155.2088623046875,123.40986633300781,0.9981094598770142,1116.256103515625,90.42362976074219,0.9981030225753784,1097.6685791015625,93.03656768798828,0.995919406414032,1069.5025634765625,93.58317565917969,0.9987053871154785,1038.7662353515625,97.14398956298828,0.9975415468215942,1095.90087890625,67.4792251586914,0.9899280667304993,1093.54248046875,53.992366790771484,0.9927520751953125,1011.7101440429688,66.19943237304688,0.999276340007782,1129.3905029296875,118.47789764404297,0.9943938255310059,1069.0421142578125,137.22666931152344,0.9923835396766663,1044.03857421875,131.84173583984375,0.9923062920570374
1197,1150.5694580078125,50.96266555786133,0.995681643486023,1156.7857666015625,123.42854309082031,0.9985130429267883,1117.7061767578125,90.44151306152344,0.9980602860450745,1098.8831787109375,93.12278747558594,0.9960107803344727,1070.7115478515625,93.58317565917969,0.998540997505188,1039.2178955078125,98.12511444091797,0.9980979561805725,1095.90087890625,67.4792251586914,0.9866764545440674,1096.4405517578125,53.992366790771484,0.989952027797699,1011.7529907226562,66.11227416992188,0.9992251396179199,1130.9051513671875,118.68065643310547,0.9909734129905701,1069.17333984375,136.94546508789062,0.9929822683334351,1051.3753662109375,131.72689819335938,0.9559304714202881
1198,1151.511962890625,50.96266555786133,0.996371865272522,1157.552978515625,123.42854309082031,0.9986475110054016,1118.7474365234375,91.10507202148438,0.9982191920280457,1099.590576171875,93.70745086669922,0.9954915642738342,1071.603759765625,93.58317565917969,0.9982958436012268,1040.800537109375,98.12511444091797,0.9988749623298645,1095.9534912109375,67.4792251586914,0.9783873558044434,1098.1728515625,52.47658920288086,0.9866724014282227,1011.7529907226562,65.88116455078125,0.9991859793663025,1132.9801025390625,119.05641174316406,0.9924559593200684,1069.2740478515625,136.82369995117188,0.9910545945167542,1055.677490234375,131.72689819335938,0.9119768142700195
1199,1151.8760986328125,51.047706604003906,0.9965820908546448,1157.676513671875,123.42854309082031,0.9985802173614502,1120.405517578125,91.45136260986328,0.9991599321365356,1101.0069580078125,93.77734375,0.9969011545181274,1072.10498046875,93.58317565917969,0.9982094764709473,1042.09375,98.12511444091797,0.9990770816802979,1098.4925537109375,68.75080871582031,0.9791420698165894,1098.7073974609375,48.83209228515625,0.9930262565612793,1011.9754028320312,65.81864166259766,0.9992215633392334,1134.022216796875,119.05641174316406,0.9934644103050232,1069.17333984375,136.82369995117188,0.9904795289039612,1056.3172607421875,131.72689819335938,0.9336885213851929
1200,1152.690673828125,52.88039779663086,0.9955126643180847,1158.2747802734375,124.15142822265625,0.9985671043395996,1122.60302734375,92.3035659790039,0.9994800686836243,1102.5579833984375,93.77734375,0.9977237582206726,1073.3463134765625,93.64476013183594,0.9984797835350037,1043.51904296875,98.12511444091797,0.9991225600242615,1100.4298095703125,69.52723693847656,0.9692026376724243,1099.4742431640625,48.83209228515625,0.9947798252105713,1012.2476196289062,65.81087493896484,0.9992037415504456,1135.7435302734375,119.05641174316406,0.9926729798316956,1069.0421142578125,136.82369995117188,0.9906983971595764,1059.0079345703125,132.73757934570312,0.9499449133872986
1201,1153.435302734375,53.770408630371094,0.9967859983444214,1158.40478515625,126.58063507080078,0.9984872341156006,1124.2105712890625,92.57097625732422,0.9993941783905029,1103.7578125,93.77734375,0.9978451728820801,1074.5460205078125,93.714111328125,0.9981302618980408,1044.6973876953125,98.12511444091797,0.9990623593330383,1101.685791015625,69.87384033203125,0.9617759585380554,1099.4742431640625,48.83209228515625,0.9956085085868835,1012.3873901367188,65.6678695678711,0.9991637468338013,1135.7435302734375,119.13228607177734,0.990903913974762,1069.0704345703125,138.26040649414062,0.9904053807258606,1059.1595458984375,133.22869873046875,0.9462478160858154
1202,1154.011474609375,55.19186019897461,0.9968018531799316,1158.5849609375,128.38580322265625,0.9984739422798157,1125.935546875,92.6607894897461,0.9992596507072449,1105.7220458984375,93.77734375,0.9974923133850098,1076.3543701171875,93.714111328125,0.9979530572891235,1046.3284912109375,98.1463851928711,0.9988884329795837,1102.74853515625,70.33859252929688,0.9291059970855713,1099.4742431640625,49.381900787353516,0.9958599209785461,1012.4401245117188,65.53913116455078,0.9991251826286316,1135.7435302734375,119.13228607177734,0.9890089631080627,1069.0704345703125,138.26040649414062,0.9888654351234436,1059.06103515625,133.8157501220703,0.9510805010795593
1203,1154.517333984375,56.49195861816406,0.9964895844459534,1159.038330078125,128.74729919433594,0.9983484745025635,1127.5374755859375,92.9079360961914,0.9988998174667358,1107.592041015625,93.80436706542969,0.9968769550323486,1078.0450439453125,93.714111328125,0.997488260269165,1047.8939208984375,98.1463851928711,0.9986022114753723,1103.91552734375,70.744384765625,0.91677325963974,1099.6490478515625,49.381900787353516,0.9948431253433228,1012.4752807617188,65.46597290039062,0.9991095662117004,1133.7530517578125,121.76318359375,0.9911081790924072,1068.805419921875,138.32090759277344,0.9871122241020203,1059.0079345703125,133.82220458984375,0.9655721783638
1204,1155.207763671875,58.849613189697266,0.9936941266059875,1159.038330078125,129.20945739746094,0.9981786012649536,1128.2689208984375,92.9079360961914,0.9986590147018433,1108.5347900390625,93.80436706542969,0.996772825717926,1078.2066650390625,93.75072479248047,0.9970230460166931,1049.8551025390625,98.1463851928711,0.9974038004875183,1108.44384765625,71.32398986816406,0.8881332874298096,1099.6490478515625,49.60358810424805,0.9945482611656189,1012.4752807617188,65.42195892333984,0.9990907907485962,1133.7530517578125,122.06729888916016,0.9911504983901978,1068.8084716796875,138.26040649414062,0.987362265586853,1059.0079345703125,134.11224365234375,0.9722920060157776
1205,1155.2166748046875,60.42842102050781,0.9950084686279297,1159.038330078125,129.8356170654297,0.9983395338058472,1129.4462890625,92.9079360961914,0.998079776763916,1109.2333984375,93.83870697021484,0.9964297413825989,1079.0670166015625,94.04033660888672,0.9978342652320862,1050.0107421875,97.70597076416016,0.9975625276565552,1108.802734375,72.24063873291016,0.8998032808303833,1100.028076171875,49.646400451660156,0.9955886602401733,1012.4752807617188,65.42195892333984,0.9991303086280823,1133.7530517578125,122.56673431396484,0.9909529685974121,1069.0704345703125,138.00344848632812,0.9871596097946167,1055.739013671875,134.24440002441406,0.9719290733337402
1206,1157.7418212890625,60.931114196777344,0.9952037334442139,1158.8524169921875,130.59046936035156,0.9986514449119568,1130.589111328125,92.9079360961914,0.998023509979248,1110.2056884765625,94.33513641357422,0.9960887432098389,1080.0186767578125,94.04033660888672,0.9984073042869568,1051.045166015625,97.70597076416016,0.9978089928627014,1109.5626220703125,72.24063873291016,0.9582802653312683,1101.4189453125,49.85600280761719,0.9961128234863281,1012.7332153320312,65.46597290039062,0.99913090467453,1133.9051513671875,122.63630676269531,0.9941505789756775,1069.54541015625,136.49476623535156,0.9875505566596985,1055.1378173828125,134.24440002441406,0.9830263257026672
1207,1159.7095947265625,62.47661590576172,0.9956566095352173,1158.8524169921875,131.68023681640625,0.9987173080444336,1131.8350830078125,93.32801818847656,0.9981062412261963,1111.9979248046875,96.02664947509766,0.9953739047050476,1080.9990234375,94.04033660888672,0.9987515211105347,1051.7703857421875,97.70597076416016,0.9979189038276672,1110.1832275390625,72.24063873291016,0.9501950740814209,1101.671875,50.07942581176758,0.996606707572937,1013.2723388671875,66.01416778564453,0.9989672899246216,1133.9447021484375,122.63630676269531,0.9927117824554443,1069.893310546875,134.3926239013672,0.9826719760894775,1054.8974609375,134.24440002441406,0.988681435585022
1208,1161.0382080078125,62.47661590576172,0.9939390420913696,1158.8524169921875,133.3109893798828,0.9985539317131042,1133.4404296875,94.4228515625,0.9973773956298828,1113.753173828125,96.16583251953125,0.9951571822166443,1082.5626220703125,94.40074920654297,0.9990480542182922,1052.08642578125,98.0238265991211,0.9983444213867188,1113.97216796875,71.65148162841797,0.9528513550758362,1101.671875,50.07942581176758,0.9962583780288696,1013.555908203125,66.53327178955078,0.9989597797393799,1134.586181640625,122.63630676269531,0.9912306070327759,1073.4775390625,131.84768676757812,0.9842256307601929,1053.0169677734375,134.24440002441406,0.9948689937591553
1209,1161.483154296875,62.21221160888672,0.9932235479354858,1159.939453125,135.65728759765625,0.9974855184555054,1134.3719482421875,94.85697937011719,0.9965025186538696,1115.0078125,96.69718170166016,0.9935903549194336,1084.26953125,94.90782165527344,0.9990423321723938,1052.69384765625,98.06749725341797,0.99836665391922,1119.2972412109375,72.31535339355469,0.9622960686683655,1101.671875,50.07942581176758,0.9938110709190369,1014.479248046875,67.03105926513672,0.9987860321998596,1136.26220703125,121.89997100830078,0.9896542429924011,1083.4898681640625,130.94639587402344,0.9557151198387146,1052.968017578125,133.45762634277344,0.9951111674308777
1210,1163.0540771484375,62.21221160888672,0.9944483041763306,1160.0159912109375,136.0925750732422,0.9971910119056702,1135.7525634765625,95.53628540039062,0.9958399534225464,1115.749755859375,96.69718170166016,0.9915657043457031,1085.4295654296875,95.62432861328125,0.9986909031867981,1053.5965576171875,98.53595733642578,0.9985572695732117,1122.0966796875,71.95304870605469,0.9794883131980896,1100.979248046875,50.286624908447266,0.9934019446372986,1014.8560791015625,67.80049896240234,0.9986724853515625,1136.582763671875,121.89997100830078,0.9864811897277832,1088.947265625,130.94639587402344,0.9669165015220642,1052.968017578125,133.41590881347656,0.9944440722465515
1211,1163.843017578125,62.99612808227539,0.995726466178894,1160.391357421875,136.0925750732422,0.9967459440231323,1137.2645263671875,96.03624725341797,0.9981770515441895,1117.1309814453125,96.51570892333984,0.994327962398529,1087.25537109375,95.66669464111328,0.9979436993598938,1055.13037109375,98.77852630615234,0.9986536502838135,1131.5897216796875,72.35453796386719,0.9738383889198303,1100.979248046875,50.286624908447266,0.9949565529823303,1016.5919799804688,70.1527328491211,0.9968648552894592,1136.582763671875,121.89997100830078,0.9798476696014404,1095.2655029296875,130.94639587402344,0.9624332785606384,1053.0169677734375,133.2306365966797,0.9947413206100464
1212,1165.0247802734375,62.99612808227539,0.9971394538879395,1160.5142822265625,136.0925750732422,0.9960417747497559,1138.5460205078125,96.65167999267578,0.9986948370933533,1118.2451171875,96.51570892333984,0.9961431622505188,1087.9344482421875,95.74108123779297,0.998552143573761,1055.48388671875,100.03167724609375,0.9985862970352173,1137.261474609375,72.35453796386719,0.9826853275299072,1100.979248046875,51.2971076965332,0.9950565099716187,1025.4158935546875,71.84515380859375,0.9954866766929626,1136.26220703125,121.40184020996094,0.9814762473106384,1102.84423828125,130.75048828125,0.9740933179855347,1053.1043701171875,133.19622802734375,0.9957979321479797
1213,1169.093017578125,66.9580078125,0.9964883327484131,1160.732666015625,136.0925750732422,0.995712399482727,1139.8778076171875,97.11064147949219,0.9990682005882263,1119.69091796875,96.47697448730469,0.9973939657211304,1089.7054443359375,95.81320190429688,0.998635470867157,1057.1756591796875,100.03167724609375,0.9990870952606201,1137.4266357421875,72.4129638671875,0.9894202947616577,1101.13330078125,52.32729721069336,0.9956265687942505,1038.3388671875,71.84515380859375,0.9961313009262085,1135.470947265625,121.66132354736328,0.9781623482704163,1106.8330078125,132.01548767089844,0.9732735753059387,1053.7353515625,133.13961791992188,0.9967206120491028
1214,1170.9942626953125,66.9580078125,0.9988476037979126,1161.1082763671875,136.23179626464844,0.9938374161720276,1141.935302734375,97.4691390991211,0.9993188381195068,1121.1424560546875,96.47697448730469,0.9975392818450928,1091.5673828125,96.79051208496094,0.9988515377044678,1058.46484375,100.31883239746094,0.9992565512657166,1138.117919921875,72.4129638671875,0.9930757284164429,1101.21875,52.38624572753906,0.9957848191261292,1042.59375,71.84515380859375,0.9963037967681885,1134.0780029296875,121.90811920166016,0.9790849685668945,1110.3280029296875,135.35470581054688,0.9532331228256226,1053.8038330078125,133.111083984375,0.9964312314987183
1215,1172.386962890625,66.9580078125,0.9990944862365723,1161.8658447265625,136.05429077148438,0.99162757396698,1143.9627685546875,97.49317932128906,0.9992058873176575,1122.946533203125,96.51570892333984,0.9967302083969116,1093.5423583984375,96.94334411621094,0.9985169768333435,1059.6689453125,100.3807601928711,0.9990818500518799,1141.14892578125,74.0077133178711,0.9922800064086914,1101.21875,52.54063415527344,0.9966114163398743,1046.568115234375,71.43746185302734,0.995466947555542,1134.07568359375,121.90811920166016,0.9763296842575073,1118.281005859375,143.76905822753906,0.9193723797798157,1053.8038330078125,133.0365753173828,0.9966270923614502
1216,1175.0155029296875,66.1424560546875,0.9987413287162781,1162.2054443359375,136.05429077148438,0.9906090497970581,1145.7901611328125,97.6787338256836,0.9989388585090637,1124.451904296875,96.71883392333984,0.9961064457893372,1094.0440673828125,97.72002410888672,0.9975783228874207,1061.44287109375,100.31883239746094,0.999122679233551,1144.7059326171875,76.65052032470703,0.9824339747428894,1101.21875,52.90065002441406,0.9964573979377747,1054.3349609375,71.43746185302734,0.9976646900177002,1134.07568359375,121.90811920166016,0.9759427905082703,1120.126708984375,145.23788452148438,0.9777290225028992,1053.884521484375,133.0176544189453,0.9965206384658813
1217,1176.8035888671875,66.1424560546875,0.9975941777229309,1162.6788330078125,136.5447998046875,0.9921008944511414,1146.7840576171875,97.6787338256836,0.9982340335845947,1125.43896484375,96.96733856201172,0.9949694275856018,1095.3270263671875,98.57984924316406,0.9984415173530579,1063.6951904296875,99.89827728271484,0.9984492063522339,1146.7900390625,77.70864868164062,0.9885761141777039,1100.7415771484375,53.5390510559082,0.9962855577468872,1060.693603515625,71.43746185302734,0.9987074136734009,1134.07568359375,122.45104217529297,0.9802142381668091,1120.599609375,145.78662109375,0.983037531375885,1053.8038330078125,132.8568572998047,0.9971908926963806
1218,1177.587646484375,66.1424560546875,0.9966161847114563,1164.2445068359375,136.05429077148438,0.9883531928062439,1147.5125732421875,98.83717346191406,0.9974151849746704,1126.64208984375,99.07484436035156,0.9938992261886597,1097.3436279296875,99.12284088134766,0.9988862872123718,1065.629150390625,99.80535888671875,0.9987745881080627,1151.687255859375,78.99978637695312,0.9848253130912781,1100.7415771484375,53.83092498779297,0.9953122138977051,1064.0303955078125,71.87410736083984,0.9949316382408142,1135.39013671875,122.93754577636719,0.9805475473403931,1120.94580078125,146.44642639160156,0.9903967380523682,1053.8038330078125,132.331787109375,0.9971103668212891
1219,1181.1658935546875,67.03328704833984,0.9983853101730347,1167.33251953125,136.05429077148438,0.9918694496154785,1147.7628173828125,100.74703979492188,0.997579038143158,1128.8433837890625,100.1636734008789,0.9960447549819946,1099.657470703125,99.20491027832031,0.9991694688796997,1067.3525390625,99.80535888671875,0.9991967082023621,1152.992431640625,79.36936950683594,0.9826765060424805,1100.6953125,54.10373306274414,0.9942529797554016,1069.0172119140625,72.54102325439453,0.9960166811943054,1136.8890380859375,123.54942321777344,0.9835200905799866,1120.9801025390625,146.58966064453125,0.9948765635490417,1053.8902587890625,132.17543029785156,0.9973926544189453
1220,1184.16796875,68.33124542236328,0.9979351758956909,1168.383544921875,135.9317169189453,0.9800185561180115,1149.2576904296875,101.03224182128906,0.997856080532074,1130.1400146484375,100.1636734008789,0.9966199398040771,1101.37939453125,99.60111236572266,0.9991262555122375,1068.638427734375,99.80535888671875,0.9993247985839844,1158.2711181640625,79.36936950683594,0.9928818941116333,1100.611083984375,54.13015365600586,0.9938957095146179,1072.5836181640625,72.81694793701172,0.9893181920051575,1139.356689453125,124.091064453125,0.9769495725631714,1121.310546875,146.83868408203125,0.9962672591209412,1054.166015625,132.06446838378906,0.9970916509628296
1221,1187.6783447265625,70.66505432128906,0.9986856579780579,1169.92724609375,135.9317169189453,0.9942522644996643,1152.01904296875,102.23942565917969,0.9976085424423218,1131.980224609375,100.1636734008789,0.9967318773269653,1103.340087890625,100.5291748046875,0.9981690645217896,1070.8125,100.29419708251953,0.9990088939666748,1159.884033203125,78.99978637695312,0.9946590065956116,1100.5086669921875,54.944068908691406,0.9901217818260193,1073.1143798828125,73.5485610961914,0.9938256740570068,1141.02978515625,124.70539855957031,0.9676011800765991,1121.310546875,147.05133056640625,0.9972261786460876,1054.41162109375,131.98550415039062,0.9969393014907837
1222,1188.8856201171875,70.66505432128906,0.9987724423408508,1173.0489501953125,135.9317169189453,0.9914365410804749,1153.593505859375,102.545654296875,0.9983566403388977,1133.932861328125,100.1636734008789,0.9977091550827026,1105.9761962890625,100.63468170166016,0.9977174997329712,1071.7257080078125,101.45654296875,0.9993709921836853,1161.313232421875,78.99978637695312,0.9944708347320557,1100.3690185546875,54.95450973510742,0.9911585450172424,1074.412109375,74.66535186767578,0.992763102054596,1141.667236328125,125.1692123413086,0.9508021473884583,1121.5223388671875,147.15586853027344,0.9966390132904053,1054.491943359375,131.8800048828125,0.9964166879653931
1223,1190.347900390625,70.66505432128906,0.9986536502838135,1174.399658203125,135.9317169189453,0.9932667016983032,1155.591064453125,102.545654296875,0.9988324046134949,1135.71240234375,100.86878967285156,0.998521625995636,1107.7884521484375,101.08870697021484,0.998349666595459,1073.4085693359375,101.66191101074219,0.9995299577713013,1162.5865478515625,79.01526641845703,0.9946911931037903,1100.1871337890625,54.95450973510742,0.992485761642456,1074.977294921875,74.76057434082031,0.9923760294914246,1142.010009765625,125.1692123413086,0.9449070692062378,1121.6197509765625,147.15586853027344,0.9973253011703491,1054.9908447265625,131.8441619873047,0.9961049556732178
1224,1192.3079833984375,69.2957763671875,0.9973775148391724,1177.8719482421875,135.89639282226562,0.9757102131843567,1157.6868896484375,102.545654296875,0.9986554384231567,1136.5772705078125,100.81794738769531,0.9979890584945679,1109.2076416015625,101.6972885131836,0.9982866644859314,1074.71044921875,101.67207336425781,0.9995038509368896,1163.799072265625,79.01526641845703,0.9934431314468384,1100.1868896484375,54.95450973510742,0.9916815161705017,1076.750732421875,75.28046417236328,0.9942469000816345,1142.5570068359375,125.1692123413086,0.8943710923194885,1121.6197509765625,147.05502319335938,0.9972949624061584,1055.111328125,131.7427520751953,0.9963148236274719
1225,1193.06494140625,68.57196044921875,0.9970017075538635,1178.20654296875,131.89866638183594,0.9724948406219482,1159.0179443359375,101.8154296875,0.9990542531013489,1137.953125,100.86878967285156,0.9979273080825806,1110.775634765625,102.17842864990234,0.9986996650695801,1077.04052734375,101.67207336425781,0.9995304346084595,1163.799072265625,79.03789520263672,0.9926134347915649,1100.0504150390625,54.99394226074219,0.9928050637245178,1077.689208984375,75.28046417236328,0.9914679527282715,1144.9359130859375,121.73906707763672,0.8693966269493103,1121.7996826171875,147.05502319335938,0.9958848357200623,1055.3033447265625,131.7427520751953,0.9960930943489075
1226,1193.5125732421875,67.08588409423828,0.9960110187530518,1183.19091796875,131.89866638183594,0.9851287603378296,1160.889404296875,101.8154296875,0.9990585446357727,1140.261474609375,100.9873275756836,0.9977834820747375,1111.7637939453125,102.2400894165039,0.9980408549308777,1078.42041015625,101.66191101074219,0.9994484782218933,1163.799072265625,79.22297668457031,0.9922245740890503,1100.0504150390625,55.17249298095703,0.9924373030662537,1079.185546875,75.47868347167969,0.9851993322372437,1144.9547119140625,121.73906707763672,0.8699530363082886,1122.0936279296875,147.05502319335938,0.9948284029960632,1055.418212890625,131.72488403320312,0.9956762194633484
1227,1194.000732421875,64.55703735351562,0.9939741492271423,1190.2890625,131.89866638183594,0.9967202544212341,1163.099365234375,101.8154296875,0.9982489347457886,1142.048828125,101.28545379638672,0.9964691400527954,1112.6865234375,102.2400894165039,0.9985103011131287,1081.183349609375,100.34226989746094,0.999091625213623,1162.1640625,79.28187561035156,0.9880367517471313,1100.0504150390625,55.17249298095703,0.9900340437889099,1080.7100830078125,75.47868347167969,0.9852109551429749,1147.690673828125,121.73906707763672,0.8611483573913574,1122.0936279296875,147.05502319335938,0.9960489869117737,1055.8026123046875,131.71795654296875,0.9946099519729614
1228,1194.4573974609375,64.0497055053711,0.9925757646560669,1193.7197265625,133.25521850585938,0.9949085116386414,1163.9149169921875,101.85003662109375,0.9981902241706848,1143.64697265625,101.28545379638672,0.9953933954238892,1113.1146240234375,102.2400894165039,0.998790442943573,1081.97802734375,100.24880981445312,0.9994083642959595,1162.1640625,79.28187561035156,0.9871245622634888,1100.189697265625,55.29768753051758,0.9907482266426086,1082.6561279296875,73.21601867675781,0.986071765422821,1149.6773681640625,123.09199523925781,0.8936406970024109,1121.86083984375,146.70138549804688,0.9957802295684814,1055.87109375,131.71795654296875,0.9942570328712463
1229,1194.92041015625,62.75089645385742,0.9885193705558777,1198.0074462890625,133.53363037109375,0.9923197627067566,1167.435302734375,102.23670959472656,0.9982903599739075,1146.8389892578125,101.28545379638672,0.9961866736412048,1115.2989501953125,101.9496841430664,0.9987871050834656,1083.271728515625,99.71089172363281,0.9993982315063477,1162.1640625,79.4178466796875,0.9841227531433105,1100.4666748046875,57.7303352355957,0.9923566579818726,1082.83984375,72.82057189941406,0.9904704093933105,1154.4447021484375,123.09199523925781,0.898714542388916,1121.86083984375,146.60560607910156,0.9950006604194641,1056.2733154296875,131.52850341796875,0.9932661056518555
1230,1196.6357421875,62.75089645385742,0.987425684928894,1204.18408203125,137.90899658203125,0.9945458173751831,1169.8792724609375,102.46903228759766,0.9986281394958496,1150.474365234375,101.2024154663086,0.996325671672821,1117.7901611328125,101.7246322631836,0.9984812140464783,1085.4539794921875,99.4488296508789,0.9991282820701599,1163.4595947265625,79.4178466796875,0.9872602224349976,1101.2884521484375,57.7303352355957,0.9890732169151306,1082.83984375,72.541015625,0.9954570531845093,1156.3758544921875,123.30469512939453,0.9008175730705261,1121.86083984375,146.6038055419922,0.9947481751441956,1056.3787841796875,131.49574279785156,0.9911161661148071
1231,1198.0338134765625,62.75089645385742,0.9853302240371704,1205.711669921875,139.4048614501953,0.9965053796768188,1171.19677734375,102.75408172607422,0.9990376234054565,1152.040771484375,101.2024154663086,0.997780978679657,1119.468994140625,101.52523803710938,0.9976063966751099,1086.9405517578125,99.4488296508789,0.9985368251800537,1163.6307373046875,79.4178466796875,0.9857083559036255,1105.278076171875,61.71270751953125,0.9931649565696716,1083.253662109375,72.4449234008789,0.9971494078636169,1156.5711669921875,123.41674041748047,0.9395979046821594,1121.86083984375,146.6038055419922,0.9952346682548523,1056.8095703125,131.39500427246094,0.9897210001945496
1232,1200.6107177734375,62.979881286621094,0.9924747347831726,1205.815673828125,139.75465393066406,0.9967340230941772,1172.842041015625,102.80818176269531,0.99922776222229,1153.641357421875,101.2024154663086,0.9983129501342773,1122.24365234375,99.78671264648438,0.997166097164154,1089.453857421875,99.34895324707031,0.9982959628105164,1163.6307373046875,79.50173950195312,0.9848110675811768,1116.2611083984375,63.2031135559082,0.9860192537307739,1084.4140625,71.17822265625,0.9980777502059937,1160.0111083984375,123.92756652832031,0.872610867023468,1121.8648681640625,146.54434204101562,0.9951516389846802,1056.9986572265625,131.357666015625,0.9878943562507629
1233,1204.2025146484375,64.43079376220703,0.9957520961761475,1206.8931884765625,141.25782775878906,0.9965613484382629,1174.218017578125,102.94414520263672,0.9989638328552246,1154.2205810546875,102.35430908203125,0.9971302151679993,1124.273681640625,99.78671264648438,0.9977978467941284,1091.3853759765625,99.4488296508789,0.9986422657966614,1163.6307373046875,79.54515838623047,0.9821634292602539,1125.6993408203125,63.2031135559082,0.9826602339744568,1085.013671875,70.82356262207031,0.9979888200759888,1171.81103515625,126.19571685791016,0.9085492491722107,1121.8648681640625,146.20143127441406,0.9956050515174866,1057.222412109375,131.23570251464844,0.9923155307769775
1234,1206.31640625,64.43079376220703,0.9951643943786621,1206.9405517578125,142.41722106933594,0.9953387975692749,1176.4151611328125,103.44428253173828,0.9985468983650208,1155.5625,103.06206512451172,0.9961795806884766,1125.8902587890625,99.78671264648438,0.9983038902282715,1092.494384765625,99.4488296508789,0.9986463189125061,1162.6827392578125,79.76012420654297,0.9778168797492981,1134.5550537109375,63.2031135559082,0.9894940257072449,1085.013671875,70.48993682861328,0.9982303977012634,1173.82763671875,126.52014923095703,0.9401218891143799,1121.8648681640625,146.04013061523438,0.9957013726234436,1059.4542236328125,131.16281127929688,0.9941617846488953
1235,1207.2794189453125,64.43079376220703,0.9934101700782776,1208.225830078125,142.6945037841797,0.9945259690284729,1178.1754150390625,103.44428253173828,0.9977115392684937,1156.47607421875,103.06206512451172,0.9939077496528625,1126.9189453125,100.13042449951172,0.998141884803772,1094.5926513671875,99.34895324707031,0.9988682270050049,1162.412353515625,79.76012420654297,0.9662060737609863,1149.7335205078125,61.58055114746094,0.946759819984436,1085.013671875,69.98965454101562,0.9984580278396606,1177.007568359375,127.96758270263672,0.9593455791473389,1121.859130859375,145.7904510498047,0.9960103034973145,1064.2747802734375,131.02252197265625,0.9911659359931946
1236,1210.156494140625,64.43079376220703,0.9883550405502319,1210.2451171875,142.7078399658203,0.9914581179618835,1178.9591064453125,103.61138153076172,0.9957497119903564,1157.5081787109375,103.19023132324219,0.992033064365387,1127.990478515625,100.79109954833984,0.9984135627746582,1096.4176025390625,99.19448852539062,0.9987488985061646,1161.95361328125,79.50173950195312,0.9404666423797607,1151.9930419921875,61.58055114746094,0.9837214350700378,1084.9952392578125,69.98965454101562,0.9984134435653687,1178.671630859375,129.9860076904297,0.9648211002349854,1121.7921142578125,145.05307006835938,0.9955123066902161,1071.3387451171875,130.92076110839844,0.9916813969612122
1237,1210.606201171875,65.28089904785156,0.991295576095581,1210.68359375,143.4675750732422,0.9889054298400879,1179.2935791015625,103.61138153076172,0.9929435849189758,1158.8983154296875,103.20018768310547,0.9917559623718262,1128.1595458984375,100.98601531982422,0.9985213875770569,1098.18017578125,99.19448852539062,0.9992274045944214,1161.82177734375,79.39655303955078,0.923263430595398,1154.0230712890625,61.58055114746094,0.9888277053833008,1084.9637451171875,69.98965454101562,0.9983429908752441,1182.0321044921875,130.6368865966797,0.9818962812423706,1121.7921142578125,144.79476928710938,0.9950019717216492,1081.619873046875,130.92076110839844,0.9920523166656494
1238,1210.7401123046875,65.28089904785156,0.9937025308609009,1211.9320068359375,144.0997314453125,0.9915962815284729,1181.3536376953125,103.62174224853516,0.9928929209709167,1161.093505859375,103.21839141845703,0.9903194904327393,1129.9403076171875,102.25538635253906,0.9984251260757446,1099.1971435546875,99.19448852539062,0.9992246627807617,1161.82177734375,79.39655303955078,0.917809784412384,1160.338623046875,63.54633712768555,0.9832305908203125,1084.591552734375,70.10026550292969,0.9982836246490479,1182.2757568359375,133.1365966796875,0.9869160652160645,1121.8360595703125,144.4005889892578,0.9959486126899719,1087.0545654296875,131.02252197265625,0.9949108958244324
1239,1211.115234375,68.72664642333984,0.991703987121582,1212.55712890625,144.0997314453125,0.9929330348968506,1182.46728515625,104.06078338623047,0.9930579662322998,1162.3310546875,103.6643295288086,0.9861841797828674,1131.7825927734375,102.27919006347656,0.9983155727386475,1100.6158447265625,100.05078125,0.9992849230766296,1161.82177734375,79.28727722167969,0.944262683391571,1162.4117431640625,65.77017211914062,0.969234824180603,1084.396728515625,70.10026550292969,0.9981915354728699,1182.910400390625,133.8757781982422,0.9932224750518799,1121.859130859375,144.12254333496094,0.9962441921234131,1089.663330078125,133.6282958984375,0.9931917786598206
1240,1215.1119384765625,68.80618286132812,0.9899016618728638,1212.806640625,145.19248962402344,0.993678629398346,1184.3465576171875,107.31318664550781,0.9942057728767395,1165.50732421875,104.72869110107422,0.9865052103996277,1133.7711181640625,102.59506225585938,0.9979066848754883,1102.523681640625,100.99544525146484,0.9991803765296936,1163.9862060546875,79.39655303955078,0.948988676071167,1162.806884765625,65.77017211914062,0.976228654384613,1084.3487548828125,70.10026550292969,0.9982331991195679,1184.4364013671875,134.85714721679688,0.9952087998390198,1122.8389892578125,144.00962829589844,0.9967522621154785,1098.4586181640625,134.05352783203125,0.9914894104003906
1241,1216.8995361328125,70.00789642333984,0.9875511527061462,1212.8507080078125,146.34652709960938,0.9930745363235474,1186.3641357421875,107.81127166748047,0.9959579110145569,1166.86328125,105.00843811035156,0.9907765984535217,1135.483154296875,103.19859313964844,0.9978911280632019,1104.3341064453125,101.70650482177734,0.9986708164215088,1164.1068115234375,79.57110595703125,0.9653582572937012,1165.9805908203125,65.77017211914062,0.9653438329696655,1084.2772216796875,70.09735107421875,0.9982461929321289,1185.8603515625,136.1171875,0.9962331652641296,1122.90234375,143.96746826171875,0.9973741769790649,1103.0609130859375,135.88888549804688,0.9910407662391663
1242,1217.16796875,72.71150207519531,0.990672767162323,1212.8507080078125,146.41357421875,0.9929637312889099,1187.77197265625,108.37622833251953,0.9975591897964478,1168.338623046875,105.7361068725586,0.995491087436676,1137.1685791015625,103.58038330078125,0.9983305335044861,1106.2041015625,101.87831115722656,0.9985988736152649,1164.64208984375,80.54763793945312,0.9688989520072937,1167.79345703125,63.68320083618164,0.9602768421173096,1084.2066650390625,70.05317687988281,0.9982064962387085,1187.55810546875,136.2326202392578,0.9962639212608337,1122.90234375,143.7611541748047,0.9972391128540039,1104.504638671875,136.6123504638672,0.9842386841773987
1243,1218.2191162109375,73.63219451904297,0.9862680435180664,1212.8507080078125,147.65841674804688,0.9939706325531006,1188.90283203125,109.59471130371094,0.9980839490890503,1169.53466796875,106.65520477294922,0.9963956475257874,1137.951171875,104.68107604980469,0.99842369556427,1107.6876220703125,102.43293762207031,0.9987480640411377,1165.1572265625,82.01033782958984,0.9584856629371643,1170.594970703125,63.53327941894531,0.9766121506690979,1084.2066650390625,69.91302490234375,0.9983262419700623,1187.55810546875,136.60617065429688,0.9935293793678284,1122.90234375,143.5093536376953,0.9965535402297974,1104.504638671875,137.3309326171875,0.9763387441635132
1244,1218.6549072265625,78.99583435058594,0.9898799657821655,1212.6112060546875,147.9581756591797,0.9936969876289368,1189.79931640625,110.989013671875,0.9977352619171143,1169.97265625,108.1578369140625,0.9968903660774231,1139.4078369140625,105.30311584472656,0.9982847571372986,1109.1004638671875,102.78491973876953,0.9986680746078491,1165.992431640625,83.28604888916016,0.9471109509468079,1171.6572265625,63.09074020385742,0.96897953748703,1084.2066650390625,69.88257598876953,0.9983431100845337,1187.7686767578125,137.4493865966797,0.9894658327102661,1122.726318359375,143.4202880859375,0.9963448643684387,1104.504638671875,137.33665466308594,0.9808736443519592
1245,1221.85791015625,82.358154296875,0.9956470131874084,1209.498291015625,149.4111785888672,0.982984721660614,1191.2388916015625,111.27422332763672,0.9981359243392944,1171.5968017578125,108.78211212158203,0.9970124959945679,1140.975830078125,105.49073791503906,0.9978006482124329,1110.27587890625,102.95860290527344,0.9985771179199219,1167.4871826171875,84.06248474121094,0.9046466946601868,1171.70947265625,62.998172760009766,0.954278290271759,1084.6715087890625,69.5228500366211,0.9984984397888184,1188.5904541015625,137.90879821777344,0.9834232330322266,1122.5220947265625,143.4202880859375,0.9972143769264221,1102.54541015625,137.61302185058594,0.9866718649864197
1246,1223.1458740234375,84.96793365478516,0.9956544637680054,1207.245849609375,149.62770080566406,0.9370436668395996,1192.0914306640625,112.11573028564453,0.9969170093536377,1173.0323486328125,109.07441711425781,0.995571494102478,1142.4705810546875,105.49073791503906,0.9971939325332642,1111.9931640625,103.23313903808594,0.9983683228492737,1168.7734375,84.36995697021484,0.8488905429840088,1171.70947265625,62.998172760009766,0.9655289053916931,1084.9049072265625,69.5228500366211,0.9985390901565552,1188.5904541015625,138.11822509765625,0.9862982034683228,1122.5220947265625,143.5093536376953,0.9964588284492493,1102.54541015625,137.56491088867188,0.9873035550117493
1247,1223.1458740234375,87.21070098876953,0.9916188716888428,1207.245849609375,150.12135314941406,0.9167322516441345,1192.54052734375,113.37158966064453,0.9970452189445496,1173.7158203125,109.54762268066406,0.9948988556861877,1144.0206298828125,105.49073791503906,0.9961360096931458,1113.7349853515625,103.75104522705078,0.9972911477088928,1169.1842041015625,84.86821746826172,0.848301112651825,1171.70947265625,62.998172760009766,0.9686409831047058,1084.9398193359375,69.5228500366211,0.9984946250915527,1187.8092041015625,139.08221435546875,0.9855800867080688,1122.5220947265625,143.5440673828125,0.9963839054107666,1102.54541015625,137.56491088867188,0.9920612573623657
1248,1223.4105224609375,89.57865905761719,0.9882491827011108,1206.92724609375,157.33201599121094,0.9484038352966309,1193.34423828125,113.69462585449219,0.9974135756492615,1174.6387939453125,109.7824478149414,0.9929317235946655,1146.0196533203125,105.95463562011719,0.9952078461647034,1113.822265625,103.97602081298828,0.9976330995559692,1173.7615966796875,84.89460754394531,0.8278278708457947,1171.70947265625,63.46072006225586,0.9774488806724548,1085.130859375,69.57373809814453,0.998528242111206,1187.8092041015625,139.67877197265625,0.9854298830032349,1123.035888671875,143.76535034179688,0.9958086013793945,1102.56884765625,137.61302185058594,0.9904792904853821
1249,1223.545166015625,91.49958801269531,0.9929002523422241,1207.245849609375,157.44309997558594,0.9621570110321045,1194.522216796875,114.5796127319336,0.9978566765785217,1175.574951171875,110.22760772705078,0.9916163086891174,1147.291259765625,105.95463562011719,0.996355414390564,1114.634765625,104.13882446289062,0.9975011944770813,1176.162109375,85.13046264648438,0.8194418549537659,1171.97412109375,65.93206024169922,0.9931889772415161,1085.1556396484375,69.6759033203125,0.9985169768333435,1187.218994140625,139.71144104003906,0.982995331287384,1123.810302734375,144.00665283203125,0.9951329827308655,1102.67041015625,137.9503173828125,0.9917560815811157
1250,1223.545166015625,92.96045684814453,0.9905913472175598,1207.4014892578125,157.7828826904297,0.9617378115653992,1195.2489013671875,114.895263671875,0.9972955584526062,1175.7193603515625,111.26809692382812,0.9891296625137329,1147.8968505859375,105.95463562011719,0.9970337152481079,1115.411376953125,104.43329620361328,0.9974338412284851,1176.845458984375,85.44654846191406,0.8876392245292664,1171.97412109375,67.43223571777344,0.9948086142539978,1085.3492431640625,69.90430450439453,0.9985426664352417,1187.218994140625,139.71144104003906,0.982088029384613,1123.810302734375,144.1625518798828,0.9949400424957275,1102.67041015625,137.9503173828125,0.9927532076835632
1251,1224.26318359375,93.26483154296875,0.9826801419258118,1208.0836181640625,158.70028686523438,0.9637572765350342,1196.6763916015625,115.7325439453125,0.997379720211029,1177.28466796875,111.67918395996094,0.991158664226532,1149.17626953125,106.6438980102539,0.9973745346069336,1116.4681396484375,104.75006103515625,0.9973057508468628,1178.9736328125,87.1531982421875,0.8946236968040466,1173.064697265625,67.71664428710938,0.9975398778915405,1085.4365234375,70.81890106201172,0.9981191754341125,1186.879638671875,139.71144104003906,0.9766291975975037,1123.8826904296875,144.39334106445312,0.9958368539810181,1103.5750732421875,138.590576171875,0.9920401573181152
1252,1224.4462890625,93.59502410888672,0.9783278703689575,1208.270751953125,160.6038055419922,0.9593385457992554,1198.721923828125,117.35440826416016,0.9964590668678284,1180.2403564453125,112.95661926269531,0.9937735199928284,1150.867919921875,107.62985229492188,0.9965717792510986,1117.4395751953125,105.13597106933594,0.9969919919967651,1180.798583984375,88.54320526123047,0.8589171767234802,1174.8017578125,68.45584869384766,0.9976836442947388,1085.882080078125,71.38455963134766,0.9978207349777222,1187.2052001953125,139.6397705078125,0.976772129535675,1123.8826904296875,144.39334106445312,0.9953623414039612,1103.5750732421875,138.6627655029297,0.9927248954772949
1253,1225.061767578125,93.83377075195312,0.9773432016372681,1209.6953125,160.6038055419922,0.980156421661377,1199.674072265625,119.32026672363281,0.9951674938201904,1181.328125,114.449951171875,0.9939603805541992,1151.3277587890625,108.64892578125,0.9952056407928467,1119.1243896484375,105.1615982055664,0.9971281886100769,1184.1888427734375,91.46049499511719,0.8320848941802979,1174.947509765625,68.45584869384766,0.9957964420318604,1087.119140625,71.7012710571289,0.9972321391105652,1187.218994140625,139.6397705078125,0.9776272773742676,1125.740234375,144.58065795898438,0.9926438927650452,1103.7706298828125,139.23348999023438,0.9948311448097229
1254,1226.266357421875,94.01469421386719,0.9784091711044312,1209.759765625,160.6038055419922,0.9841001033782959,1199.720458984375,119.471435546875,0.994890570640564,1182.2470703125,114.56983184814453,0.995033860206604,1151.6949462890625,109.20809173583984,0.9938011765480042,1120.9952392578125,105.46646118164062,0.9970397353172302,1196.251708984375,94.71754455566406,0.8984299302101135,1175.224853515625,69.99032592773438,0.9942660927772522,1087.2958984375,71.93838500976562,0.998150646686554,1188.164306640625,139.6397705078125,0.9777734875679016,1134.2960205078125,144.62786865234375,0.987885594367981,1103.5750732421875,139.3614959716797,0.9959558248519897
1255,1226.408935546875,95.54403686523438,0.9844745397567749,1212.2847900390625,159.48684692382812,0.9747090339660645,1201.1131591796875,119.71849060058594,0.994299054145813,1182.5963134765625,115.26399993896484,0.9952898025512695,1152.46826171875,110.23157501220703,0.99595707654953,1122.0875244140625,106.23588562011719,0.9979503750801086,1196.8759765625,95.45846557617188,0.9606037735939026,1175.224853515625,69.99032592773438,0.9925380349159241,1091.28369140625,71.93838500976562,0.9981116056442261,1188.88916015625,140.07284545898438,0.9702989459037781,1138.521728515625,145.79351806640625,0.9964141845703125,1103.7706298828125,139.5608673095703,0.9962480664253235
1256,1229.2899169921875,95.7323989868164,0.9889578819274902,1214.9656982421875,158.99563598632812,0.9715600609779358,1201.90185546875,120.34685516357422,0.9952672719955444,1183.6873779296875,115.8890151977539,0.9961483478546143,1153.1444091796875,110.38854217529297,0.9959678649902344,1123.399658203125,106.55381774902344,0.9986953139305115,1197.180908203125,95.45846557617188,0.9600035548210144,1174.947509765625,69.99032592773438,0.9925099611282349,1095.3310546875,72.35633850097656,0.9957398176193237,1189.570068359375,141.40635681152344,0.9687054753303528,1147.2598876953125,145.8333282470703,0.9941505789756775,1104.0994873046875,139.72943115234375,0.9955217838287354
1257,1235.581787109375,95.7323989868164,0.993247389793396,1217.479736328125,157.14967346191406,0.9912372827529907,1202.927978515625,120.65947723388672,0.995978832244873,1184.7535400390625,116.3946533203125,0.9965569972991943,1153.2142333984375,110.9896011352539,0.9962030053138733,1124.0875244140625,106.71466827392578,0.9990266561508179,1202.6546630859375,95.45846557617188,0.9713931083679199,1174.3909912109375,68.37147521972656,0.9940685033798218,1099.128662109375,72.45147705078125,0.9961949586868286,1189.570068359375,141.4312286376953,0.9598149657249451,1152.630126953125,145.9164276123047,0.9902419447898865,1104.3408203125,140.1141357421875,0.9961515069007874
1258,1237.3287353515625,94.01469421386719,0.9947431087493896,1217.671630859375,156.90768432617188,0.9929689764976501,1203.9447021484375,120.90223693847656,0.997221827507019,1186.068115234375,116.74781799316406,0.9970989227294922,1154.8453369140625,111.01943969726562,0.9961110949516296,1125.187255859375,106.71466827392578,0.9991003274917603,1209.7088623046875,95.56369018554688,0.9731195569038391,1174.324951171875,68.37147521972656,0.9939872026443481,1103.15234375,72.94451904296875,0.9954375624656677,1189.98828125,142.2156219482422,0.9542710185050964,1157.952880859375,145.9164276123047,0.9853760600090027,1104.3480224609375,140.1141357421875,0.9960512518882751
1259,1239.8184814453125,93.09728240966797,0.9954888224601746,1219.0440673828125,156.90768432617188,0.9930046200752258,1204.3133544921875,120.93260192871094,0.997119665145874,1187.1943359375,117.20977783203125,0.9972731471061707,1157.4583740234375,111.43524169921875,0.9946383833885193,1126.3779296875,106.92002868652344,0.9992916584014893,1212.5791015625,96.21992492675781,0.9771069884300232,1174.324951171875,68.37147521972656,0.9939879179000854,1108.3935546875,72.94451904296875,0.9961963891983032,1190.1461181640625,142.96556091308594,0.9198845028877258,1166.47021484375,149.13246154785156,0.9620188474655151,1104.3480224609375,140.1141357421875,0.9959651231765747
1260,1241.646484375,93.09728240966797,0.987991988658905,1220.8521728515625,156.90768432617188,0.9913387298583984,1205.4449462890625,120.94979095458984,0.9966803789138794,1187.736328125,117.61688232421875,0.9967843294143677,1158.5982666015625,111.87796783447266,0.9932244420051575,1127.6170654296875,106.99922943115234,0.9991971850395203,1214.3013916015625,100.07977294921875,0.9811334013938904,1174.3909912109375,69.41071319580078,0.9962344765663147,1119.6090087890625,73.68792724609375,0.9927493333816528,1193.561279296875,144.2205047607422,0.8948917388916016,1170.421142578125,149.4052276611328,0.9706758856773376,1104.540283203125,140.03787231445312,0.9960399866104126
1261,1245.2047119140625,93.09728240966797,0.9810051918029785,1221.5843505859375,156.3541717529297,0.99112468957901,1206.2659912109375,122.3937759399414,0.9978058934211731,1188.529052734375,119.07783508300781,0.9963213205337524,1159.9102783203125,112.37469482421875,0.994494616985321,1128.291259765625,107.00812530517578,0.9991476535797119,1214.463623046875,102.06038665771484,0.9767025113105774,1174.49853515625,71.15462493896484,0.992563784122467,1134.30517578125,77.41854858398438,0.9867573976516724,1194.672607421875,144.60992431640625,0.9097442626953125,1173.412841796875,149.45608520507812,0.9799643754959106,1104.5179443359375,139.93939208984375,0.9959847927093506
1262,1247.102783203125,93.4784927368164,0.9861677289009094,1223.04736328125,156.3541717529297,0.988740861415863,1207.4197998046875,123.23681640625,0.9982123374938965,1188.9222412109375,119.1217041015625,0.9960209727287292,1161.924072265625,112.52971649169922,0.9974117875099182,1130.63818359375,108.25361633300781,0.9989802241325378,1217.447021484375,102.65090942382812,0.9735832214355469,1175.2186279296875,71.15462493896484,0.9951267242431641,1134.5400390625,78.69970703125,0.9894279837608337,1194.8876953125,144.7311248779297,0.9044615626335144,1175.1697998046875,149.55357360839844,0.9872716069221497,1104.5113525390625,139.78221130371094,0.996100902557373
1263,1252.37353515625,97.25382232666016,0.9753587245941162,1223.0816650390625,156.6697540283203,0.9808635711669922,1207.56982421875,123.46210479736328,0.9983276724815369,1189.6611328125,119.17664337158203,0.9955304265022278,1163.2747802734375,112.81794738769531,0.9977845549583435,1132.4718017578125,108.9820556640625,0.9990058541297913,1218.36474609375,105.43165588378906,0.9649034142494202,1175.44287109375,71.15462493896484,0.9942827224731445,1136.0469970703125,78.69970703125,0.9930484294891357,1195.234375,145.36944580078125,0.9253782033920288,1175.45166015625,153.75408935546875,0.9869276881217957,1104.5179443359375,139.74961853027344,0.9959328770637512
1264,1253.110595703125,98.64771270751953,0.9949913620948792,1224.932861328125,157.37684631347656,0.9756538271903992,1210.2689208984375,124.17501831054688,0.9969877600669861,1191.6805419921875,120.0949478149414,0.993409276008606,1165.1937255859375,112.8512191772461,0.9976860284805298,1133.741943359375,108.9820556640625,0.9989498257637024,1221.21337890625,105.84685516357422,0.9460200667381287,1175.44287109375,69.24597930908203,0.9976613521575928,1138.240234375,77.87886810302734,0.9953851103782654,1195.234375,145.8660888671875,0.9390047192573547,1175.7486572265625,155.3571319580078,0.9905127882957458,1104.67578125,139.6478271484375,0.9958013892173767
1265,1255.6748046875,99.54185485839844,0.9938162565231323,1227.3780517578125,159.4193878173828,0.954627513885498,1211.85009765625,124.35562896728516,0.9963829517364502,1195.0880126953125,121.572509765625,0.993097722530365,1166.7486572265625,112.8512191772461,0.9978456497192383,1134.69775390625,108.9820556640625,0.998906135559082,1222.6806640625,106.3722915649414,0.9363682866096497,1175.44287109375,69.1566390991211,0.9982800483703613,1139.02587890625,77.41854858398438,0.9961146116256714,1195.4053955078125,145.8660888671875,0.9411348700523376,1175.7486572265625,157.51568603515625,0.9935005307197571,1105.141357421875,139.6478271484375,0.9960766434669495
1266,1256.53955078125,100.63330841064453,0.9897291660308838,1229.7158203125,160.33255004882812,0.9707946181297302,1213.6400146484375,124.5977554321289,0.9955635070800781,1196.2933349609375,121.572509765625,0.9933841824531555,1168.0118408203125,112.8512191772461,0.997570812702179,1135.7554931640625,108.79044342041016,0.9985966086387634,1223.57421875,106.39936828613281,0.9360752105712891,1174.7376708984375,69.1566390991211,0.9986684322357178,1139.166259765625,77.87886810302734,0.9946692585945129,1195.680419921875,145.8660888671875,0.9286825060844421,1175.6688232421875,157.51783752441406,0.9940757751464844,1105.2398681640625,139.6478271484375,0.9955189228057861
1267,1256.8685302734375,100.65290832519531,0.9861894249916077,1231.7056884765625,161.01907348632812,0.968681812286377,1214.739013671875,124.71013641357422,0.9955392479896545,1197.2962646484375,121.572509765625,0.9925013184547424,1168.264892578125,112.8512191772461,0.9974937438964844,1136.657958984375,108.1348648071289,0.9987494945526123,1223.9576416015625,106.3722915649414,0.9377903938293457,1174.14794921875,68.67486572265625,0.9989597797393799,1139.8360595703125,77.87886810302734,0.9938321113586426,1195.936279296875,145.43740844726562,0.9276925325393677,1175.6295166015625,158.7237548828125,0.9948615431785583,1105.269775390625,139.6478271484375,0.9952405691146851
1268,1259.3555908203125,101.67110443115234,0.9827913641929626,1234.26171875,163.13560485839844,0.9730961918830872,1216.527099609375,125.15361785888672,0.9949982166290283,1199.2542724609375,121.84669494628906,0.9932199120521545,1169.552490234375,112.8512191772461,0.9975531697273254,1137.7520751953125,108.1023178100586,0.9991725087165833,1224.1416015625,106.4200210571289,0.9287835955619812,1174.14794921875,68.67486572265625,0.9989528656005859,1142.950927734375,77.9493637084961,0.9866436123847961,1195.936279296875,144.75022888183594,0.9097515344619751,1175.6295166015625,158.7237548828125,0.9944162368774414,1105.6212158203125,139.74009704589844,0.9949250221252441
1269,1259.6368408203125,102.31932830810547,0.9718955159187317,1237.195068359375,163.60855102539062,0.9737675189971924,1218.1827392578125,126.16191864013672,0.9957132339477539,1199.8192138671875,121.9150390625,0.9949289560317993,1170.5322265625,113.52119445800781,0.9979856014251709,1138.9786376953125,108.02716827392578,0.9992849230766296,1224.375,106.51679992675781,0.9494548439979553,1174.14794921875,69.12957763671875,0.9989296793937683,1150.8382568359375,77.9493637084961,0.9809347987174988,1196.7418212890625,140.15699768066406,0.9087712168693542,1175.5919189453125,158.97129821777344,0.9935135841369629,1105.669189453125,139.95980834960938,0.9949668049812317
1270,1260.6572265625,102.97926330566406,0.9717992544174194,1239.609619140625,163.63682556152344,0.9765474200248718,1219.8865966796875,127.11482238769531,0.996953010559082,1200.7880859375,121.9150390625,0.995608389377594,1170.85986328125,113.6682357788086,0.9982278943061829,1140.026611328125,107.9123764038086,0.9993243217468262,1225.55126953125,106.51679992675781,0.9563998579978943,1174.74609375,69.22355651855469,0.9985412359237671,1151.7542724609375,77.9493637084961,0.980961263179779,1196.9566650390625,139.42355346679688,0.9140418171882629,1172.734130859375,159.03335571289062,0.9921168684959412,1105.7181396484375,139.95980834960938,0.994746208190918
1271,1261.2708740234375,102.97926330566406,0.9599207043647766,1242.7835693359375,164.4871063232422,0.9817118644714355,1221.5777587890625,127.98477172851562,0.9974061846733093,1202.5753173828125,122.57157897949219,0.996025562286377,1172.71630859375,114.60466766357422,0.9978456497192383,1141.3006591796875,107.9123764038086,0.9992813467979431,1225.55126953125,106.51679992675781,0.9554766416549683,1175.025634765625,69.12957763671875,0.9975771307945251,1151.7542724609375,77.080322265625,0.9888902902603149,1197.976806640625,139.42355346679688,0.9025934934616089,1172.1068115234375,159.03335571289062,0.9916927814483643,1105.8001708984375,139.95980834960938,0.9946367144584656
1272,1261.2708740234375,102.97926330566406,0.9752973914146423,1245.1748046875,164.4871063232422,0.9805271625518799,1223.1278076171875,128.24989318847656,0.9977307915687561,1204.427490234375,123.05236053466797,0.9966061115264893,1174.1873779296875,115.47979736328125,0.9974219799041748,1142.3740234375,107.9123764038086,0.9991125464439392,1225.693359375,107.49333953857422,0.9505884051322937,1175.2021484375,69.38359069824219,0.9976319074630737,1151.8179931640625,76.08832550048828,0.9908297061920166,1198.2763671875,139.42355346679688,0.9234692454338074,1170.9527587890625,160.69932556152344,0.9911214113235474,1105.8001708984375,139.91354370117188,0.9943408966064453
1273,1261.6842041015625,100.67344665527344,0.9854838252067566,1250.0533447265625,165.7353057861328,0.9882920384407043,1224.8126220703125,128.388427734375,0.9973483085632324,1205.622314453125,123.64421844482422,0.9963163137435913,1175.250732421875,116.37480163574219,0.996599018573761,1143.941162109375,107.92862701416016,0.9986383318901062,1225.824462890625,107.65431213378906,0.9540984034538269,1175.3551025390625,69.38359069824219,0.9975029826164246,1151.7542724609375,75.19673919677734,0.9945964217185974,1200.6610107421875,140.15887451171875,0.9508185386657715,1170.4886474609375,160.85073852539062,0.9878871440887451,1105.76513671875,139.91354370117188,0.9948392510414124
1274,1261.6842041015625,99.51448059082031,0.9884893298149109,1252.956298828125,166.58717346191406,0.9932584762573242,1225.9725341796875,128.47134399414062,0.9961899518966675,1206.8341064453125,124.38404083251953,0.9957661628723145,1175.3759765625,117.02948760986328,0.9955981373786926,1144.787109375,108.89390563964844,0.9977770447731018,1225.824462890625,107.98892974853516,0.9627173542976379,1175.4732666015625,69.38359069824219,0.9960322976112366,1151.63818359375,74.89000701904297,0.995096743106842,1202.83203125,140.76043701171875,0.9431719183921814,1170.0343017578125,161.35728454589844,0.9822942018508911,1105.76513671875,139.89952087402344,0.9947104454040527
1275,1261.6842041015625,96.67129516601562,0.9916017651557922,1253.8917236328125,166.93353271484375,0.9929505586624146,1226.962646484375,128.49952697753906,0.9939852356910706,1208.2022705078125,125.2781982421875,0.9957461953163147,1176.6964111328125,117.20806121826172,0.9955652356147766,1146.5364990234375,109.17411804199219,0.9985735416412354,1225.53125,108.12800598144531,0.9686509370803833,1175.9947509765625,69.57496643066406,0.9968585968017578,1151.586669921875,74.7490005493164,0.994899570941925,1203.3238525390625,141.53738403320312,0.9231339693069458,1169.8291015625,161.83546447753906,0.9859570264816284,1105.76513671875,139.8290557861328,0.9947157502174377
1276,1262.1790771484375,96.67129516601562,0.9890535473823547,1254.425537109375,167.01988220214844,0.9930235147476196,1229.43798828125,129.79173278808594,0.9935643076896667,1209.355712890625,125.76002502441406,0.9949411153793335,1177.12353515625,117.96599578857422,0.9957142472267151,1147.638671875,109.33988952636719,0.9986976385116577,1225.2568359375,108.12800598144531,0.9673885107040405,1176.41943359375,70.0543441772461,0.9946889877319336,1151.1258544921875,74.7490005493164,0.9963124394416809,1207.64501953125,146.44140625,0.8955791592597961,1169.643310546875,162.57199096679688,0.9865258932113647,1105.76513671875,139.80873107910156,0.9946714043617249
1277,1262.1790771484375,96.67129516601562,0.9851483106613159,1254.425537109375,167.4417266845703,0.9925941824913025,1230.14208984375,130.04434204101562,0.994484007358551,1211.0128173828125,126.76705169677734,0.9960130453109741,1177.12353515625,118.42157745361328,0.9941568374633789,1148.396728515625,109.87472534179688,0.9986845850944519,1225.203125,108.12800598144531,0.9570339918136597,1180.19921875,74.87262725830078,0.9725836515426636,1150.4547119140625,74.7490005493164,0.9972571730613708,1208.4754638671875,148.11277770996094,0.912683367729187,1169.640625,163.18101501464844,0.9862205982208252,1106.59375,139.71267700195312,0.995360791683197
1278,1262.1944580078125,97.26236724853516,0.9838687777519226,1254.425537109375,168.0384063720703,0.9916308522224426,1231.551025390625,131.7593536376953,0.9949276447296143,1212.1014404296875,127.41761779785156,0.9969270825386047,1178.6754150390625,119.38457489013672,0.992905855178833,1148.9033203125,111.0637435913086,0.9984526634216309,1225.203125,108.12800598144531,0.9459042549133301,1183.2862548828125,80.63682556152344,0.9931430816650391,1150.4547119140625,75.8919906616211,0.9972575306892395,1209.75732421875,152.18722534179688,0.9424595236778259,1169.6011962890625,163.3697052001953,0.9891270995140076,1108.301513671875,139.71267700195312,0.9948902130126953
1279,1262.1944580078125,102.89111328125,0.9559891819953918,1253.89697265625,169.8543243408203,0.9878531694412231,1231.551025390625,134.19325256347656,0.9917952418327332,1212.988525390625,129.92684936523438,0.997230589389801,1180.97216796875,120.63947296142578,0.9921497106552124,1150.4969482421875,111.77667236328125,0.9973725080490112,1225.203125,109.4041976928711,0.9341159462928772,1186.200439453125,81.3725357055664,0.9897143244743347,1150.03271484375,75.8919906616211,0.9981918931007385,1211.2845458984375,154.5667724609375,0.9353724122047424,1168.951171875,164.33932495117188,0.9861660003662109,1110.34814453125,139.71267700195312,0.9932913780212402
1280,1265.652587890625,105.09334564208984,0.9590091109275818,1253.832763671875,170.03843688964844,0.9842065572738647,1232.2911376953125,136.24427795410156,0.9894545078277588,1213.513427734375,131.4925537109375,0.99648118019104,1182.6497802734375,121.86752319335938,0.9907989501953125,1152.0794677734375,112.24982452392578,0.9959766268730164,1227.8681640625,110.16648864746094,0.9613181352615356,1194.9920654296875,83.62498474121094,0.962243378162384,1150.03271484375,75.8919906616211,0.9987719655036926,1212.590087890625,155.861328125,0.9534611105918884,1168.948974609375,164.67271423339844,0.991198718547821,1118.500244140625,143.64761352539062,0.989522397518158
1281,1268.1864013671875,105.2609634399414,0.9769998788833618,1253.4444580078125,172.15658569335938,0.9822350144386292,1232.3616943359375,136.6738739013672,0.9909932017326355,1214.3272705078125,132.74627685546875,0.9964250922203064,1182.9310302734375,123.06382751464844,0.9867444038391113,1153.386474609375,113.93771362304688,0.9958004355430603,1227.8681640625,111.41586303710938,0.9473301768302917,1195.534912109375,91.92245483398438,0.6436770558357239,1150.0731201171875,75.11568450927734,0.9980954527854919,1214.572021484375,156.7870635986328,0.9633329510688782,1168.2947998046875,164.67271423339844,0.9900953769683838,1121.742431640625,144.66567993164062,0.9961780309677124
1282,1268.239990234375,106.4468765258789,0.9767566919326782,1253.4444580078125,176.47386169433594,0.98382967710495,1232.4744873046875,137.59075927734375,0.9915682673454285,1215.5133056640625,133.31700134277344,0.9949723482131958,1185.521484375,123.17174530029297,0.9857128858566284,1155.08251953125,114.72064208984375,0.9973791837692261,1227.8681640625,111.55931854248047,0.9266089200973511,1205.348876953125,93.46482849121094,0.921701192855835,1150.241455078125,75.11568450927734,0.9979720711708069,1216.272216796875,157.9063720703125,0.968502402305603,1168.2947998046875,164.4178009033203,0.9914270639419556,1124.9298095703125,145.8096160888672,0.9955012202262878
1283,1268.3941650390625,110.22400665283203,0.9805076718330383,1250.32568359375,176.8767852783203,0.9582332968711853,1232.4744873046875,138.3146209716797,0.9923548698425293,1216.0826416015625,133.4727325439453,0.9949819445610046,1187.3162841796875,123.7254409790039,0.9869279265403748,1156.5321044921875,115.56405639648438,0.9980119466781616,1227.8681640625,112.2123794555664,0.8997508883476257,1215.613037109375,96.5777359008789,0.900269627571106,1150.241455078125,75.08575439453125,0.9981599450111389,1218.97607421875,159.82252502441406,0.9760044813156128,1168.2947998046875,164.4178009033203,0.9935524463653564,1133.16015625,146.26589965820312,0.9912723898887634
1284,1269.0408935546875,112.93645477294922,0.9821087121963501,1246.087158203125,177.35208129882812,0.9748559594154358,1233.1016845703125,139.31919860839844,0.9959133267402649,1216.8397216796875,133.87608337402344,0.993750274181366,1189.7125244140625,124.05086517333984,0.9909428954124451,1157.9259033203125,115.56405639648438,0.9982202649116516,1227.8681640625,113.93054962158203,0.9129669666290283,1220.301513671875,99.91839599609375,0.8449784517288208,1150.5960693359375,75.11293029785156,0.9976423382759094,1222.8197021484375,162.9593505859375,0.9776736497879028,1168.3651123046875,164.19287109375,0.9945318698883057,1135.3922119140625,148.57870483398438,0.9916508793830872
1285,1269.076904296875,116.8554916381836,0.9799189567565918,1243.90673828125,179.41278076171875,0.9800456762313843,1233.612060546875,140.55433654785156,0.9965103268623352,1217.01171875,134.38690185546875,0.993850827217102,1191.4603271484375,124.56819915771484,0.9873758554458618,1159.2470703125,115.56405639648438,0.9982025623321533,1228.4559326171875,114.03133392333984,0.9405461549758911,1225.3660888671875,100.8816146850586,0.9127219915390015,1150.7364501953125,75.11293029785156,0.9979864358901978,1227.053955078125,163.1560516357422,0.9760857820510864,1168.3653564453125,164.1873779296875,0.9953666925430298,1137.1240234375,149.05990600585938,0.9938441514968872
1286,1269.82958984375,121.43511962890625,0.9780118465423584,1242.8671875,179.73826599121094,0.9367135763168335,1234.49951171875,141.4327850341797,0.9968728423118591,1219.3087158203125,135.03594970703125,0.99497389793396,1192.1578369140625,124.97254943847656,0.9905074834823608,1160.1768798828125,115.86346435546875,0.9985635876655579,1229.0194091796875,114.49076843261719,0.9403329491615295,1227.2227783203125,101.14325714111328,0.961408793926239,1150.5960693359375,75.08575439453125,0.9979583024978638,1227.17236328125,163.55514526367188,0.9806194305419922,1168.3653564453125,164.1873779296875,0.9961044788360596,1139.872314453125,150.01629638671875,0.9957006573677063
1287,1269.903076171875,122.30498504638672,0.9792848825454712,1242.4169921875,179.93075561523438,0.8872929811477661,1235.406982421875,142.5648193359375,0.9973154664039612,1219.9232177734375,135.9748992919922,0.995991051197052,1192.672119140625,125.03629302978516,0.9925329685211182,1161.5831298828125,115.86346435546875,0.9989400506019592,1229.4259033203125,114.49076843261719,0.9419933557510376,1227.8077392578125,101.23170471191406,0.9650771617889404,1150.6795654296875,74.98279571533203,0.997849702835083,1228.2176513671875,164.86380004882812,0.980091392993927,1168.3992919921875,164.1873779296875,0.9966533780097961,1143.2413330078125,150.90316772460938,0.9949172735214233
1288,1270.0135498046875,123.5931167602539,0.98127281665802,1242.4169921875,180.77220153808594,0.8348907828330994,1236.3599853515625,143.5288848876953,0.9972600936889648,1221.041259765625,136.67755126953125,0.9963537454605103,1193.3551025390625,125.47400665283203,0.9939318895339966,1162.75390625,115.86346435546875,0.9989941716194153,1229.5523681640625,114.49076843261719,0.9391842484474182,1227.81494140625,101.23170471191406,0.9679287672042847,1150.6795654296875,74.84410095214844,0.9976145029067993,1228.2176513671875,165.90127563476562,0.9795111417770386,1168.615478515625,164.41848754882812,0.9962210059165955,1143.9849853515625,151.8213653564453,0.9937177896499634
1289,1270.5220947265625,124.5757827758789,0.9790343642234802,1242.4169921875,180.84388732910156,0.807537317276001,1237.388916015625,144.4464874267578,0.9970290064811707,1222.134033203125,137.42059326171875,0.9959511756896973,1193.877685546875,126.28621673583984,0.995858371257782,1163.5811767578125,116.81346893310547,0.9989396929740906,1230.236328125,114.49076843261719,0.9316796660423279,1229.616943359375,101.23170471191406,0.978004515171051,1150.6795654296875,74.78128051757812,0.9977869987487793,1228.3115234375,166.6941375732422,0.9757133722305298,1168.615478515625,164.57762145996094,0.9965127110481262,1146.3768310546875,151.97698974609375,0.9904510378837585
1290,1271.07666015625,124.64768981933594,0.9713672399520874,1242.9227294921875,182.8597869873047,0.9033271074295044,1238.5076904296875,144.8721160888672,0.9970080256462097,1222.73193359375,137.8041534423828,0.9954813718795776,1194.5064697265625,126.9132080078125,0.9962834715843201,1164.607666015625,117.36680603027344,0.9988917708396912,1230.51416015625,114.49076843261719,0.9246969819068909,1230.9210205078125,100.58671569824219,0.9833955764770508,1150.6275634765625,74.78128051757812,0.9977783560752869,1228.2176513671875,167.88494873046875,0.972938060760498,1169.2774658203125,164.80612182617188,0.9963880777359009,1146.517578125,151.99176025390625,0.9929704070091248
1291,1271.07666015625,126.11107635498047,0.9735952019691467,1243.590087890625,185.06639099121094,0.915794312953949,1240.2188720703125,145.9513702392578,0.9955991506576538,1222.7337646484375,138.42257690429688,0.9953535795211792,1195.4259033203125,127.73875427246094,0.9969205856323242,1165.5430908203125,117.93944549560547,0.9987881779670715,1230.7318115234375,114.60082244873047,0.9241149425506592,1231.755615234375,100.54611206054688,0.9883211255073547,1150.6275634765625,74.71377563476562,0.9979914426803589,1228.0787353515625,169.6443634033203,0.9592580199241638,1169.2774658203125,164.89144897460938,0.9960170388221741,1146.517578125,152.0353240966797,0.992199718952179
1292,1271.07666015625,127.9989242553711,0.9650600552558899,1243.684326171875,189.0453338623047,0.9183306694030762,1240.7578125,147.12310791015625,0.9967166781425476,1223.590576171875,139.31260681152344,0.9949883222579956,1196.800048828125,128.49166870117188,0.997212827205658,1166.408203125,118.38866424560547,0.998461127281189,1231.5498046875,114.95028686523438,0.9108732342720032,1232.87744140625,100.53016662597656,0.9887823462486267,1150.3701171875,74.67829132080078,0.997464656829834,1227.6971435546875,170.6203155517578,0.9551327228546143,1169.4617919921875,164.89144897460938,0.9956399202346802,1146.517578125,152.1320343017578,0.9940694570541382
1293,1271.07666015625,131.71820068359375,0.9790737628936768,1244.3197021484375,189.9785614013672,0.9421103596687317,1241.9617919921875,148.14305114746094,0.9969837069511414,1224.1947021484375,140.1140899658203,0.9937963485717773,1197.4368896484375,129.1991424560547,0.9960189461708069,1167.48583984375,119.51460266113281,0.9978356957435608,1232.547119140625,115.58270263671875,0.8287060260772705,1233.1927490234375,100.24867248535156,0.9902856945991516,1150.2452392578125,74.52205657958984,0.9967784285545349,1227.65380859375,171.6951141357422,0.9473625421524048,1169.4617919921875,165.1126708984375,0.9956722259521484,1146.6402587890625,153.44996643066406,0.99155592918396
1294,1269.2799072265625,131.7547149658203,0.9706361293792725,1244.7330322265625,190.91976928710938,0.9517990946769714,1242.857666015625,149.28952026367188,0.996776282787323,1224.7513427734375,140.8206329345703,0.9915584325790405,1197.4368896484375,129.68017578125,0.995701014995575,1168.267822265625,119.91815948486328,0.9973801970481873,1232.8502197265625,115.98583984375,0.8017037510871887,1233.1927490234375,100.05464935302734,0.9915294647216797,1150.1602783203125,74.26602172851562,0.9954849481582642,1227.65380859375,171.89389038085938,0.9554044604301453,1169.4617919921875,165.1678009033203,0.9951137900352478,1146.72998046875,153.5511016845703,0.9906603693962097
1295,1269.1729736328125,133.96575927734375,0.9654526710510254,1244.74853515625,191.33477783203125,0.9377442598342896,1243.776611328125,150.2200164794922,0.9957069754600525,1225.249267578125,141.27294921875,0.9902182221412659,1197.4368896484375,130.3910369873047,0.9958471655845642,1169.852783203125,119.99622344970703,0.9974879026412964,1232.8502197265625,116.3105697631836,0.7656353712081909,1233.1927490234375,99.96334075927734,0.9906789660453796,1148.819580078125,74.26602172851562,0.9963020086288452,1227.6971435546875,172.15802001953125,0.9566326141357422,1169.71923828125,165.4160614013672,0.9944361448287964,1146.72998046875,153.62939453125,0.9912748336791992
1296,1269.1729736328125,133.96575927734375,0.9663880467414856,1244.757080078125,191.77914428710938,0.9444782137870789,1243.788330078125,150.3822784423828,0.9960862398147583,1225.249267578125,141.37762451171875,0.9915649890899658,1197.8873291015625,130.95970153808594,0.9955092668533325,1170.54150390625,120.43399047851562,0.9983695149421692,1232.8502197265625,116.3105697631836,0.8115694522857666,1231.79052734375,98.5150146484375,0.9888701438903809,1148.819580078125,74.26602172851562,0.9962112903594971,1227.917724609375,172.42120361328125,0.9575464725494385,1169.9473876953125,165.42227172851562,0.9939325451850891,1146.9429931640625,153.62957763671875,0.990606427192688
1297,1272.3787841796875,132.68841552734375,0.9711431264877319,1244.92236328125,192.1881103515625,0.9508655071258545,1243.8328857421875,150.99952697753906,0.9953836798667908,1225.249267578125,141.73326110839844,0.9926685094833374,1197.9755859375,131.4063720703125,0.9945747256278992,1170.6842041015625,120.55412292480469,0.998394787311554,1232.554443359375,116.3105697631836,0.8439177870750427,1231.79052734375,98.5150146484375,0.9886319041252136,1148.819580078125,74.61093139648438,0.9964236617088318,1228.3291015625,172.42120361328125,0.9498865008354187,1170.3751220703125,165.47518920898438,0.9948155283927917,1147.3594970703125,153.62957763671875,0.9909274578094482
1298,1272.3787841796875,133.23118591308594,0.9700499773025513,1244.9588623046875,192.1881103515625,0.9368414878845215,1244.0924072265625,151.16485595703125,0.99516761302948,1225.2398681640625,142.00921630859375,0.9920231103897095,1198.295166015625,131.4161376953125,0.9949760437011719,1170.8968505859375,120.58403778076172,0.9984941482543945,1232.2220458984375,116.11982727050781,0.868120551109314,1231.79052734375,98.5150146484375,0.9854025840759277,1148.881591796875,74.72952270507812,0.996199905872345,1228.6904296875,172.42120361328125,0.9511475563049316,1170.5562744140625,165.65701293945312,0.99402916431427,1147.3594970703125,153.7834930419922,0.9906644821166992
1299,1272.3787841796875,133.23118591308594,0.9699170589447021,1244.9588623046875,192.1881103515625,0.9438411593437195,1244.3692626953125,151.38621520996094,0.9943142533302307,1225.2398681640625,142.02098083496094,0.9919588565826416,1198.295166015625,131.54957580566406,0.9950695037841797,1170.906494140625,120.58403778076172,0.998458743095398,1232.10693359375,116.04207611083984,0.8752996325492859,1233.933349609375,98.62675476074219,0.9882098436355591,1148.881591796875,74.74409484863281,0.9959671497344971,1231.138427734375,172.48048400878906,0.9376851320266724,1170.5562744140625,165.6796417236328,0.9937404990196228,1147.40966796875,153.85484313964844,0.989604115486145
1300,1272.737548828125,133.23118591308594,0.9661276340484619,1244.9588623046875,192.11920166015625,0.9369227886199951,1244.4754638671875,151.44100952148438,0.9941903352737427,1225.2398681640625,142.06625366210938,0.9915961623191833,1198.295166015625,131.54957580566406,0.994836688041687,1170.93115234375,120.58403778076172,0.9984602928161621,1232.10693359375,115.98385620117188,0.8679206967353821,1233.933349609375,98.62675476074219,0.9864785075187683,1150.28369140625,74.82864379882812,0.9967057108879089,1231.1500244140625,172.48048400878906,0.941445529460907,1170.5562744140625,165.75177001953125,0.9940422177314758,1147.879150390625,153.85484313964844,0.9896083474159241
1301,1272.737548828125,136.06924438476562,0.9590615034103394,1244.6224365234375,191.93991088867188,0.9374030232429504,1245.150634765625,151.44100952148438,0.993686854839325,1225.4449462890625,142.06625366210938,0.9919500350952148,1196.85205078125,131.54957580566406,0.994666337966919,1170.93115234375,120.4143295288086,0.998314380645752,1232.10693359375,115.98385620117188,0.8536430597305298,1233.933349609375,98.62675476074219,0.9878134727478027,1151.1971435546875,75.65267181396484,0.9974071383476257,1231.85546875,172.59274291992188,0.9432742595672607,1170.5562744140625,165.75177001953125,0.9937630295753479,1147.879150390625,153.85484313964844,0.9888995885848999
1302,1273.23828125,136.45196533203125,0.9482362270355225,1244.412109375,191.78402709960938,0.912671685218811,1245.177490234375,151.48712158203125,0.9938281178474426,1225.626708984375,142.06625366210938,0.9925998449325562,1196.8162841796875,131.2970428466797,0.9943769574165344,1170.93115234375,120.16976928710938,0.9980764389038086,1232.111083984375,115.951171875,0.8548639416694641,1231.8614501953125,97.89846801757812,0.9867136478424072,1151.228271484375,75.66973876953125,0.9978145360946655,1232.3883056640625,172.65562438964844,0.9422738552093506,1170.299560546875,165.75177001953125,0.9939595460891724,1147.5286865234375,153.85484313964844,0.9897053837776184
1303,1273.983642578125,136.45196533203125,0.9423853158950806,1244.412109375,191.93991088867188,0.9017531275749207,1245.4180908203125,151.48712158203125,0.9933581948280334,1225.9256591796875,142.09439086914062,0.9927247166633606,1196.8162841796875,131.0633544921875,0.9941182136535645,1170.864013671875,120.04531860351562,0.9978010058403015,1232.137451171875,115.951171875,0.8552268743515015,1231.8614501953125,97.89846801757812,0.9870525002479553,1151.228271484375,75.66973876953125,0.9976502060890198,1232.3883056640625,172.71688842773438,0.942681074142456,1170.268310546875,165.68455505371094,0.9940699338912964,1147.958984375,153.85484313964844,0.9902064204216003
1304,1274.472412109375,136.36947631835938,0.9428102374076843,1244.412109375,191.93991088867188,0.927634596824646,1245.630859375,151.48712158203125,0.9935963153839111,1225.9324951171875,142.09439086914062,0.9929208159446716,1196.85205078125,130.99224853515625,0.9944849610328674,1170.8189697265625,119.98204040527344,0.997996985912323,1232.146484375,115.951171875,0.8612108826637268,1231.8614501953125,97.89846801757812,0.987165093421936,1151.228271484375,75.66973876953125,0.997735857963562,1232.412353515625,173.32235717773438,0.9411208033561707,1169.8756103515625,165.5824737548828,0.994286835193634,1147.958984375,153.86871337890625,0.9898725748062134
1305,1274.6412353515625,136.36947631835938,0.9495973587036133,1247.527099609375,193.4902801513672,0.9676670432090759,1245.630859375,151.48712158203125,0.9928164482116699,1225.9324951171875,142.09439086914062,0.9928430318832397,1196.886962890625,130.97409057617188,0.9957703948020935,1170.7740478515625,119.98204040527344,0.998134195804596,1232.2122802734375,115.9312973022461,0.8459575176239014,1231.8614501953125,97.89846801757812,0.9861897826194763,1151.14990234375,75.01695251464844,0.9973663687705994,1232.412353515625,173.74147033691406,0.9502636194229126,1169.8756103515625,165.47035217285156,0.9939867258071899,1148.655517578125,154.34194946289062,0.9914020895957947
1306,1274.967529296875,136.0508270263672,0.9500100612640381,1248.158203125,193.97930908203125,0.970533549785614,1245.630859375,151.48712158203125,0.9929344654083252,1225.9256591796875,142.15509033203125,0.9927831888198853,1196.916259765625,130.97409057617188,0.9956039190292358,1170.8189697265625,120.04531860351562,0.9981071949005127,1232.3248291015625,115.9129867553711,0.8379397392272949,1233.9981689453125,98.17321014404297,0.988470196723938,1151.067138671875,74.98880004882812,0.997096061706543,1232.1871337890625,174.6060333251953,0.9524223804473877,1169.8756103515625,165.43426513671875,0.9942911863327026,1148.655517578125,154.34194946289062,0.9909234642982483
1307,1275.1064453125,135.1566925048828,0.95086270570755,1248.8204345703125,193.97930908203125,0.9488857388496399,1245.84619140625,151.44204711914062,0.994744062423706,1225.9324951171875,142.33688354492188,0.9923277497291565,1196.954345703125,130.99224853515625,0.9954721927642822,1170.853271484375,119.99075317382812,0.9981421232223511,1232.4312744140625,115.9129867553711,0.8318154811859131,1233.9981689453125,98.17321014404297,0.9873031973838806,1151.067138671875,74.98880004882812,0.9974167346954346,1232.0946044921875,174.43231201171875,0.9610253572463989,1169.88232421875,165.4073486328125,0.9943261742591858,1148.655517578125,154.34194946289062,0.9913190007209778
1308,1275.156982421875,134.94696044921875,0.9582627415657043,1250.4266357421875,193.4902801513672,0.9798089861869812,1245.7764892578125,151.44204711914062,0.9944807291030884,1225.97412109375,142.29507446289062,0.9930791258811951,1197.00244140625,131.1022491455078,0.9958266615867615,1170.853271484375,119.99075317382812,0.998225748538971,1232.4312744140625,115.9129867553711,0.8393092155456543,1231.743896484375,97.76082611083984,0.9878705143928528,1151.067138671875,75.01695251464844,0.9975300431251526,1232.0899658203125,174.4449005126953,0.9597930908203125,1169.900634765625,165.4073486328125,0.9944972395896912,1147.3382568359375,154.02232360839844,0.9920099973678589
1309,1275.3580322265625,134.93002319335938,0.955828845500946,1250.6649169921875,191.88160705566406,0.9589501023292542,1245.7764892578125,151.44204711914062,0.993564784526825,1226.0670166015625,142.29507446289062,0.9934413433074951,1197.0357666015625,131.19664001464844,0.9958508014678955,1170.8944091796875,119.99075317382812,0.9981420040130615,1232.4884033203125,115.8868408203125,0.832257091999054,1231.743896484375,97.55526733398438,0.9878634214401245,1151.1492919921875,75.12796020507812,0.9974754452705383,1231.634033203125,174.65127563476562,0.9573807120323181,1169.900634765625,165.4073486328125,0.9943857192993164,1147.3382568359375,154.02232360839844,0.9916489124298096
1310,1275.4664306640625,134.93002319335938,0.9524804949760437,1252.016845703125,190.2027130126953,0.9433580040931702,1245.84619140625,151.4648895263672,0.9941055774688721,1226.1707763671875,142.33688354492188,0.9941400289535522,1197.0577392578125,131.19664001464844,0.9957774877548218,1170.958984375,119.85531616210938,0.9980449676513672,1232.4884033203125,115.84561157226562,0.8331472277641296,1231.9024658203125,97.76082611083984,0.9858413934707642,1151.3182373046875,75.18882751464844,0.9977060556411743,1231.634033203125,174.65127563476562,0.9593690633773804,1169.900634765625,165.43475341796875,0.9945363998413086,1147.2833251953125,154.02232360839844,0.9920840263366699
1311,1275.6837158203125,134.93002319335938,0.9549989700317383,1252.74267578125,189.3461456298828,0.9712607264518738,1246.0843505859375,151.6540069580078,0.9928563833236694,1226.5091552734375,142.76992797851562,0.9947453737258911,1197.055419921875,131.19664001464844,0.9960811734199524,1170.9947509765625,119.82597351074219,0.9981852173805237,1232.4312744140625,115.8405532836914,0.8239728212356567,1231.896240234375,97.75375366210938,0.9891924262046814,1151.3502197265625,75.27488708496094,0.9974446296691895,1231.634033203125,174.65127563476562,0.9542517066001892,1169.762939453125,165.52638244628906,0.9942737221717834,1147.3382568359375,154.08506774902344,0.9919169545173645
1312,1275.990966796875,134.94696044921875,0.9533979296684265,1253.604248046875,189.01051330566406,0.9728277325630188,1246.236572265625,151.66952514648438,0.9928238391876221,1226.59033203125,142.87515258789062,0.9949430823326111,1197.055419921875,131.1044158935547,0.9962188601493835,1170.9947509765625,119.8239517211914,0.9981178045272827,1232.406982421875,115.78251647949219,0.8211015462875366,1231.9024658203125,97.76082611083984,0.9884160757064819,1151.3502197265625,75.27488708496094,0.9980997443199158,1231.9423828125,175.74581909179688,0.9595569372177124,1169.762939453125,165.53831481933594,0.9944181442260742,1147.3382568359375,154.08506774902344,0.9910098314285278
1313,1276.286376953125,134.98109436035156,0.9560499787330627,1256.5172119140625,189.01051330566406,0.9776720404624939,1246.45068359375,151.734130859375,0.991807758808136,1226.80908203125,143.2234344482422,0.9956610798835754,1197.061767578125,131.04017639160156,0.9961811304092407,1171.035400390625,119.63675689697266,0.9980629086494446,1232.4884033203125,115.50228118896484,0.8268846273422241,1232.0172119140625,97.75375366210938,0.986605703830719,1151.443603515625,75.2308578491211,0.9976778626441956,1231.9423828125,175.8336181640625,0.9634939432144165,1169.7430419921875,165.53831481933594,0.9946317672729492,1147.353271484375,154.19105529785156,0.9916267395019531
1314,1276.286376953125,135.03819274902344,0.9584474563598633,1257.8255615234375,189.3461456298828,0.971972644329071,1246.45068359375,151.79408264160156,0.9911724925041199,1226.9088134765625,143.28857421875,0.9955117106437683,1197.061767578125,130.9891357421875,0.9961954355239868,1170.9947509765625,119.6326675415039,0.9980785846710205,1232.571533203125,115.48529052734375,0.8245798349380493,1232.08349609375,97.75375366210938,0.9874855875968933,1151.4522705078125,75.34422302246094,0.9975161552429199,1231.9423828125,175.8336181640625,0.9702569842338562,1169.6431884765625,165.52638244628906,0.9945496916770935,1146.64697265625,154.08506774902344,0.991668701171875
1315,1276.286376953125,135.08868408203125,0.9528203010559082,1263.0252685546875,188.7024688720703,0.9731000661849976,1246.45068359375,151.93275451660156,0.9900763630867004,1227.3902587890625,143.5115509033203,0.9959386587142944,1197.4241943359375,130.97027587890625,0.9963919520378113,1170.9947509765625,119.6326675415039,0.9982051849365234,1232.8045654296875,115.3733901977539,0.8060113191604614,1232.0172119140625,97.75375366210938,0.9895815849304199,1151.443603515625,75.2308578491211,0.9975295662879944,1230.7236328125,175.74581909179688,0.9718860387802124,1169.6431884765625,165.5022430419922,0.994563639163971,1148.205078125,154.2904052734375,0.991315484046936
1316,1274.557373046875,138.14981079101562,0.9564491510391235,1263.2120361328125,188.50997924804688,0.9760487675666809,1244.3936767578125,152.01803588867188,0.98935866355896,1227.4547119140625,143.52630615234375,0.9959902167320251,1197.4439697265625,130.9688720703125,0.9963185787200928,1171.035400390625,119.63675689697266,0.9981855750083923,1232.820068359375,115.27387237548828,0.8098427057266235,1232.0172119140625,97.76858520507812,0.9889878630638123,1151.234130859375,75.1941146850586,0.9977164268493652,1230.3902587890625,175.68695068359375,0.969208836555481,1169.76953125,165.5022430419922,0.9944930076599121,1146.835693359375,154.02597045898438,0.9914225935935974
1317,1274.2366943359375,138.28097534179688,0.9547616839408875,1263.821044921875,188.50997924804688,0.9731745719909668,1244.3936767578125,152.2415313720703,0.990020751953125,1227.56787109375,143.58677673339844,0.9960905909538269,1197.540771484375,130.77317810058594,0.9962928891181946,1171.0770263671875,119.63675689697266,0.998143196105957,1232.9462890625,115.25838470458984,0.7875409126281738,1231.7813720703125,97.77677154541016,0.9906309247016907,1151.2574462890625,75.2308578491211,0.9971055388450623,1230.3746337890625,174.74124145507812,0.9664037823677063,1170.017578125,165.5022430419922,0.9944281578063965,1146.835693359375,154.07174682617188,0.9918000102043152
1318,1274.2366943359375,138.28097534179688,0.9569268226623535,1265.7296142578125,186.28207397460938,0.9609659314155579,1244.3936767578125,152.2415313720703,0.9903411865234375,1227.569091796875,143.63873291015625,0.9959354400634766,1197.7047119140625,130.76145935058594,0.9964008331298828,1171.1258544921875,119.63084411621094,0.9980558156967163,1232.9564208984375,115.25838470458984,0.7794481515884399,1231.7813720703125,97.77677154541016,0.9908837676048279,1151.11669921875,74.96318817138672,0.9974834322929382,1230.1553955078125,174.15391540527344,0.9606097340583801,1170.017578125,165.48655700683594,0.9947821497917175,1146.743408203125,154.03579711914062,0.9918795228004456
1319,1274.127685546875,138.28097534179688,0.9559617042541504,1265.7296142578125,184.22906494140625,0.9670749306678772,1245.3021240234375,152.2415313720703,0.9908550977706909,1228.322509765625,143.58677673339844,0.9957215785980225,1197.8626708984375,130.73849487304688,0.9967933297157288,1171.1363525390625,119.64393615722656,0.9981561303138733,1232.974609375,115.25838470458984,0.7316628098487854,1231.7813720703125,97.77677154541016,0.9920302629470825,1150.9052734375,74.96318817138672,0.9978511333465576,1228.929443359375,172.54200744628906,0.9417588710784912,1170.02197265625,165.44285583496094,0.9947109222412109,1146.835693359375,154.07174682617188,0.9920271039009094
1320,1274.2366943359375,138.25404357910156,0.9544440507888794,1266.66064453125,182.8926544189453,0.9734005331993103,1245.360107421875,151.92935180664062,0.9919359683990479,1228.4124755859375,143.58677673339844,0.9957101345062256,1197.906982421875,130.673583984375,0.996677041053772,1171.1258544921875,119.64393615722656,0.998085618019104,1233.31982421875,115.25838470458984,0.7508366107940674,1231.9945068359375,97.5796127319336,0.9903899431228638,1150.9052734375,74.99740600585938,0.9975054860115051,1228.929443359375,172.46180725097656,0.9462606310844421,1170.02197265625,165.44285583496094,0.9943558573722839,1146.835693359375,154.07174682617188,0.9924184083938599
1321,1274.4107666015625,138.0211639404297,0.9493072032928467,1267.98046875,181.916259765625,0.9733182787895203,1245.9283447265625,151.54696655273438,0.9926889538764954,1229.0130615234375,143.41983032226562,0.9955297112464905,1198.3426513671875,130.4969940185547,0.9971191883087158,1171.1258544921875,119.66804504394531,0.9981178045272827,1233.3486328125,115.25838470458984,0.7236077189445496,1232.084716796875,97.4920425415039,0.9916713237762451,1150.9052734375,74.99740600585938,0.9976356029510498,1228.6326904296875,171.9952392578125,0.9425144791603088,1170.099365234375,165.35693359375,0.9943274855613708,1147.0286865234375,154.247314453125,0.9923143982887268
1322,1275.6312255859375,134.38619995117188,0.9434494376182556,1269.32958984375,181.3446502685547,0.9770855903625488,1246.7420654296875,151.29537963867188,0.9926002621650696,1229.5677490234375,143.22096252441406,0.9951477646827698,1198.762451171875,130.4969940185547,0.9976605176925659,1171.1009521484375,119.79344177246094,0.9980559349060059,1233.5867919921875,115.69369506835938,0.7399274706840515,1232.1146240234375,97.45325469970703,0.9918082356452942,1150.8861083984375,74.86067962646484,0.9977225661277771,1228.6326904296875,171.7232208251953,0.9303461909294128,1170.2613525390625,165.35693359375,0.994274914264679,1147.8341064453125,154.7641143798828,0.9921745657920837
1323,1275.658935546875,132.9882354736328,0.9549548625946045,1270.9534912109375,180.58743286132812,0.9725561738014221,1247.112060546875,151.19668579101562,0.9926019310951233,1229.8436279296875,142.93582153320312,0.9951893091201782,1199.135498046875,130.4969940185547,0.9976150989532471,1170.9017333984375,119.8813705444336,0.9981860518455505,1233.5867919921875,116.01821899414062,0.7025933861732483,1232.319580078125,97.45325469970703,0.9908349514007568,1150.8861083984375,74.86067962646484,0.9979842901229858,1228.6851806640625,171.38519287109375,0.9275954365730286,1170.3251953125,165.35693359375,0.9946401715278625,1147.8341064453125,154.7641143798828,0.9927812218666077
1324,1275.658935546875,131.03480529785156,0.9636669158935547,1271.305908203125,179.7293701171875,0.9730130434036255,1247.9227294921875,150.88970947265625,0.9942890405654907,1230.20703125,142.7108612060547,0.994256317615509,1199.464599609375,130.89231872558594,0.9976599216461182,1170.830322265625,120.00852966308594,0.9982807636260986,1235.9620361328125,116.36935424804688,0.6584331393241882,1233.2354736328125,97.27801513671875,0.9940363168716431,1150.095947265625,74.78792572021484,0.9972296357154846,1228.6851806640625,171.38519287109375,0.9232617020606995,1170.756103515625,165.4177703857422,0.9941971302032471,1147.8341064453125,154.7641143798828,0.9916075468063354
1325,1275.6312255859375,128.1734619140625,0.9482963681221008,1271.3800048828125,179.16087341308594,0.9725526571273804,1248.3050537109375,150.63177490234375,0.9957634210586548,1230.544189453125,142.7108612060547,0.993925154209137,1199.5025634765625,131.34567260742188,0.9978554844856262,1170.830322265625,120.10403442382812,0.9983078241348267,1236.0064697265625,116.87130737304688,0.5957942008972168,1233.2354736328125,97.27801513671875,0.9936421513557434,1149.8687744140625,74.78199768066406,0.9971254467964172,1228.6851806640625,171.38519287109375,0.9080069661140442,1171.377197265625,166.1252899169922,0.9925510883331299,1147.6199951171875,154.6631622314453,0.9926405549049377
1326,1275.496337890625,126.8895263671875,0.9401988983154297,1271.640380859375,178.73614501953125,0.9756897687911987,1248.726318359375,150.49351501464844,0.9960792660713196,1230.544189453125,142.7108612060547,0.9927788376808167,1199.5025634765625,131.73606872558594,0.9977537989616394,1170.830322265625,120.11457824707031,0.9985503554344177,1237.7293701171875,118.02313232421875,0.646665096282959,1233.2354736328125,97.27801513671875,0.9952846169471741,1149.85595703125,74.76628112792969,0.9972488284111023,1229.06689453125,171.50694274902344,0.9034165740013123,1181.607421875,166.6378173828125,0.972577691078186,1146.5616455078125,154.54141235351562,0.9925087094306946
1327,1274.2830810546875,126.50556945800781,0.9397391676902771,1271.903564453125,177.23020935058594,0.9334561228752136,1248.8531494140625,150.1492919921875,0.9962630867958069,1230.57275390625,142.7108612060547,0.9921281337738037,1199.6827392578125,131.932373046875,0.9975267052650452,1171.1058349609375,120.25883483886719,0.9986494183540344,1240.2755126953125,122.9164047241211,0.6791998147964478,1232.952392578125,97.45349884033203,0.9953617453575134,1149.85595703125,74.72279357910156,0.9971112012863159,1229.85009765625,171.9525604248047,0.9271716475486755,1186.5860595703125,167.15142822265625,0.9861473441123962,1146.5616455078125,154.54141235351562,0.9923878908157349
1328,1274.02392578125,125.66456604003906,0.9512820839881897,1272.0177001953125,172.4930877685547,0.9293015599250793,1249.0172119140625,149.83265686035156,0.9955578446388245,1230.57275390625,142.7108612060547,0.9931324124336243,1199.6827392578125,131.932373046875,0.996525228023529,1171.3441162109375,120.5408935546875,0.9986874461174011,1242.0142822265625,122.9164047241211,0.6357139348983765,1232.952392578125,97.51583099365234,0.9945892095565796,1149.8687744140625,74.62113189697266,0.9968948364257812,1232.396728515625,173.2147216796875,0.9325604438781738,1188.5584716796875,173.17926025390625,0.9856510758399963,1146.5616455078125,154.54141235351562,0.9912364482879639
1329,1274.0126953125,123.2505874633789,0.956561267375946,1272.217529296875,170.0965576171875,0.8668395280838013,1249.615966796875,149.09715270996094,0.9945387244224548,1230.947509765625,142.62977600097656,0.9919141530990601,1199.860107421875,131.932373046875,0.9976612329483032,1171.620361328125,120.67588806152344,0.9988565444946289,1244.63232421875,122.9164047241211,0.8009406924247742,1232.952392578125,97.55021667480469,0.9903275370597839,1150.4666748046875,74.58690643310547,0.9968602657318115,1232.616943359375,173.66334533691406,0.9279693365097046,1233.3416748046875,181.74203491210938,0.8058880567550659,1146.5616455078125,154.56068420410156,0.993513822555542
1330,1273.34912109375,118.4023208618164,0.9412255883216858,1272.2275390625,168.6655731201172,0.812030017375946,1249.65771484375,148.5938720703125,0.9935530424118042,1231.206787109375,142.6024627685547,0.9902201890945435,1200.1492919921875,131.50755310058594,0.9976638555526733,1171.6470947265625,120.91311645507812,0.9990109205245972,1244.63232421875,121.47172546386719,0.8454128503799438,1232.952392578125,97.55021667480469,0.9908820390701294,1150.4666748046875,74.22928619384766,0.9975918531417847,1232.833740234375,173.66334533691406,0.9337311387062073,1233.3690185546875,181.8258056640625,0.8354247212409973,1146.51220703125,154.56068420410156,0.9932311773300171
1331,1271.7994384765625,117.17908477783203,0.932357132434845,1272.2275390625,166.37017822265625,0.8219913840293884,1250.425537109375,148.43711853027344,0.9912862181663513,1231.9600830078125,142.57371520996094,0.9911096096038818,1200.9498291015625,131.50755310058594,0.9975165128707886,1171.785400390625,121.32110595703125,0.9990434050559998,1244.63232421875,119.95578002929688,0.8850555419921875,1232.952392578125,97.83598327636719,0.9857679009437561,1150.4666748046875,74.21220397949219,0.9970640540122986,1232.833740234375,173.66334533691406,0.9388527274131775,1233.3690185546875,181.8258056640625,0.8227354288101196,1146.5628662109375,154.593994140625,0.9934509992599487
1332,1269.5928955078125,114.90771484375,0.7376794815063477,1272.3326416015625,165.2887420654297,0.86419278383255,1250.425537109375,147.62985229492188,0.9887245297431946,1232.4449462890625,142.48619079589844,0.9933701753616333,1201.4649658203125,131.50755310058594,0.9978152513504028,1171.892822265625,121.42860412597656,0.9990769624710083,1249.727783203125,117.43975830078125,0.9691813588142395,1232.7891845703125,97.83598327636719,0.9793828725814819,1150.146484375,74.0311279296875,0.9963913559913635,1232.833740234375,172.7199249267578,0.9041078090667725,1233.3690185546875,181.74203491210938,0.8975085020065308,1146.5748291015625,154.5842742919922,0.9930389523506165
1333,1269.5455322265625,114.08053588867188,0.5154330134391785,1272.3326416015625,164.0574493408203,0.8541243672370911,1250.425537109375,147.2196044921875,0.9870102405548096,1232.591796875,142.2241668701172,0.9942101240158081,1201.982177734375,131.50755310058594,0.9977719187736511,1171.9783935546875,121.4382095336914,0.9990980625152588,1251.6712646484375,117.2406997680664,0.985965371131897,1232.7296142578125,97.83598327636719,0.9754526615142822,1150.146484375,74.0311279296875,0.9959238767623901,1232.833740234375,172.66490173339844,0.9206357002258301,1233.3416748046875,181.74203491210938,0.8867917060852051,1146.5748291015625,154.5842742919922,0.9928614497184753
1334,1269.5455322265625,113.47607421875,0.5861430764198303,1273.052001953125,163.44711303710938,0.8640398979187012,1249.5289306640625,145.49720764160156,0.9902682900428772,1233.5867919921875,141.77569580078125,0.9954513907432556,1202.7176513671875,131.50755310058594,0.9979664087295532,1172.188232421875,121.4382095336914,0.9991053938865662,1253.239990234375,117.2406997680664,0.9879361391067505,1232.7296142578125,97.50652313232422,0.9691396355628967,1150.1298828125,73.984619140625,0.9961042404174805,1229.5323486328125,172.06626892089844,0.9064339995384216,1233.107177734375,181.5078125,0.9087961316108704,1147.0072021484375,154.4810028076172,0.9913492202758789
1335,1269.5455322265625,113.18128967285156,0.7388750314712524,1273.267333984375,162.9688262939453,0.8895191550254822,1249.5289306640625,145.01370239257812,0.991856575012207,1233.6112060546875,141.1705322265625,0.9956437349319458,1203.06787109375,131.50338745117188,0.9981998205184937,1172.276611328125,121.45343017578125,0.9990748167037964,1254.8536376953125,117.43975830078125,0.9893327951431274,1232.7296142578125,96.98728942871094,0.9694143533706665,1150.146484375,74.0311279296875,0.9962338805198669,1229.5323486328125,171.56668090820312,0.8827881813049316,1231.372802734375,179.43783569335938,0.8993143439292908,1147.09912109375,154.4691619873047,0.9909562468528748
1336,1269.7816162109375,112.04853057861328,0.780980110168457,1273.3671875,162.72549438476562,0.892128050327301,1249.5289306640625,145.01370239257812,0.9935773015022278,1234.0845947265625,140.838134765625,0.9955610036849976,1203.5498046875,131.50338745117188,0.9980890154838562,1172.349365234375,121.42860412597656,0.9991183876991272,1256.2064208984375,117.6370849609375,0.9879347085952759,1232.9755859375,96.79730987548828,0.9756413102149963,1150.146484375,74.0311279296875,0.9960928559303284,1230.3829345703125,171.38958740234375,0.9028174877166748,1231.372802734375,179.4113311767578,0.9154647588729858,1147.142822265625,154.45523071289062,0.9910187721252441
1337,1270.031494140625,111.68034362792969,0.8257443308830261,1273.5623779296875,162.60943603515625,0.8873607516288757,1249.7320556640625,144.9580841064453,0.994235098361969,1234.446533203125,140.47032165527344,0.9960818886756897,1204.6226806640625,131.4784393310547,0.9978783130645752,1172.8043212890625,121.45075225830078,0.999160647392273,1256.3681640625,117.6370849609375,0.984832227230072,1233.0169677734375,96.79730987548828,0.9773771166801453,1150.394287109375,73.9840087890625,0.9965648055076599,1230.9017333984375,170.9453582763672,0.85791015625,1231.099365234375,179.0908203125,0.943914532661438,1147.142822265625,154.45523071289062,0.9905341863632202
1338,1270.1534423828125,110.67884063720703,0.896937906742096,1273.8720703125,162.3577423095703,0.9042213559150696,1250.3714599609375,144.8004913330078,0.9955162405967712,1234.9835205078125,140.38394165039062,0.9962607026100159,1205.5091552734375,131.50338745117188,0.9978596568107605,1173.1435546875,121.45075225830078,0.9991145730018616,1256.939453125,117.6370849609375,0.9800336956977844,1233.165771484375,96.73944854736328,0.9709718227386475,1150.1427001953125,73.93008422851562,0.9964725375175476,1230.9017333984375,170.90853881835938,0.8905364274978638,1231.099365234375,179.0908203125,0.9432544708251953,1147.1737060546875,154.45523071289062,0.9911736845970154
1339,1270.1534423828125,110.67884063720703,0.8568629026412964,1274.0455322265625,162.1471710205078,0.9112777709960938,1250.7005615234375,144.54196166992188,0.995701253414154,1235.073486328125,139.98703002929688,0.9965227842330933,1205.9764404296875,131.5294952392578,0.9978824257850647,1173.6134033203125,121.45343017578125,0.9991627931594849,1257.9168701171875,117.80335235595703,0.9821824431419373,1233.0169677734375,96.79730987548828,0.9724292159080505,1150.4110107421875,73.9840087890625,0.9969094395637512,1231.2861328125,170.23440551757812,0.8836008906364441,1231.099365234375,179.0908203125,0.9566417932510376,1147.1737060546875,154.41241455078125,0.9904184937477112
1340,1270.2493896484375,110.67884063720703,0.8183586001396179,1274.412109375,161.20501708984375,0.9045167565345764,1251.08837890625,144.4676971435547,0.9956318140029907,1235.7886962890625,139.84317016601562,0.9964491128921509,1206.7440185546875,131.54762268066406,0.9976728558540344,1174.2569580078125,121.60346221923828,0.9991577863693237,1257.9254150390625,117.86111450195312,0.9788217544555664,1233.0169677734375,96.71622467041016,0.9754880666732788,1150.4110107421875,73.9840087890625,0.9960377216339111,1231.5902099609375,170.0583953857422,0.8919966816902161,1230.9681396484375,178.9683380126953,0.957509458065033,1147.118896484375,154.3689422607422,0.9904813170433044
1341,1270.2493896484375,111.52713012695312,0.7485966682434082,1274.6314697265625,160.15798950195312,0.8892920017242432,1251.2532958984375,144.09078979492188,0.9955037236213684,1235.8590087890625,139.7897491455078,0.9966795444488525,1207.45068359375,131.61614990234375,0.9971358776092529,1174.5113525390625,121.69551086425781,0.9992144107818604,1258.7421875,118.27828216552734,0.9810857772827148,1232.2264404296875,96.91559600830078,0.9794247150421143,1150.5091552734375,75.58560180664062,0.997195839881897,1231.748291015625,168.7585906982422,0.8414179682731628,1231.02294921875,178.74293518066406,0.9610857367515564,1147.08251953125,154.4776153564453,0.9914613962173462
1342,1270.3427734375,111.52713012695312,0.7578297853469849,1274.6314697265625,160.06561279296875,0.9007011651992798,1251.674560546875,143.73928833007812,0.9956788420677185,1236.1051025390625,139.58743286132812,0.9965009689331055,1207.45068359375,131.6465606689453,0.9971201419830322,1175.2120361328125,121.86518096923828,0.9991003274917603,1259.0728759765625,118.55736541748047,0.9804826974868774,1232.2264404296875,96.71622467041016,0.9804583191871643,1150.811767578125,76.7444076538086,0.9975748658180237,1231.930908203125,168.26907348632812,0.8627884387969971,1230.457763671875,178.46090698242188,0.968785285949707,1147.08251953125,154.4776153564453,0.9918602108955383
1343,1270.9501953125,111.82119750976562,0.7029449343681335,1274.6314697265625,160.0333709716797,0.8620023727416992,1252.188232421875,143.39764404296875,0.9960348010063171,1236.861328125,139.48756408691406,0.9964278340339661,1207.6387939453125,131.6465606689453,0.996552586555481,1176.1937255859375,122.0525131225586,0.9989699125289917,1259.908203125,118.55736541748047,0.979051947593689,1232.2264404296875,96.71622467041016,0.9841841459274292,1152.1549072265625,77.34213256835938,0.9980277419090271,1232.055419921875,168.136474609375,0.8839766979217529,1229.9927978515625,178.3666534423828,0.9696012735366821,1146.2659912109375,154.5236358642578,0.9910228252410889
1344,1271.04638671875,111.82119750976562,0.7690525054931641,1273.74609375,159.8592071533203,0.8995777368545532,1252.4139404296875,142.70269775390625,0.995488703250885,1236.9058837890625,139.2149200439453,0.9964417815208435,1208.007080078125,131.6565704345703,0.9960556030273438,1176.9444580078125,122.10735321044922,0.9986928105354309,1259.9906005859375,118.27828216552734,0.9746428728103638,1233.0721435546875,96.29048156738281,0.9855280518531799,1153.213134765625,78.22215270996094,0.9975922107696533,1232.8138427734375,167.03204345703125,0.8929916024208069,1229.7818603515625,177.3905029296875,0.9785148501396179,1146.2659912109375,154.63430786132812,0.9905270338058472
1345,1271.5369873046875,112.00288391113281,0.6100763082504272,1273.6275634765625,159.5768280029297,0.8694985508918762,1253.502685546875,142.63888549804688,0.9952839016914368,1237.9256591796875,139.02664184570312,0.996177077293396,1208.7952880859375,131.6465606689453,0.9973133206367493,1178.570556640625,122.49669647216797,0.9982329607009888,1261.2955322265625,118.2503662109375,0.9789623618125916,1233.2398681640625,96.29048156738281,0.9849242568016052,1153.63134765625,78.77391815185547,0.9974939823150635,1233.5404052734375,166.4074249267578,0.9068495035171509,1222.296630859375,174.00843811035156,0.9886449575424194,1146.2659912109375,154.63430786132812,0.9898680448532104
1346,1275.2979736328125,114.57539367675781,0.5835161209106445,1273.50927734375,159.32479858398438,0.8912185430526733,1253.5811767578125,142.63888549804688,0.994628369808197,1238.2625732421875,139.01625061035156,0.9958678483963013,1208.7952880859375,131.6363525390625,0.9976245760917664,1179.7230224609375,122.50318145751953,0.9984257221221924,1261.5767822265625,117.9287338256836,0.9788876175880432,1233.5645751953125,96.29048156738281,0.9876452088356018,1156.8861083984375,79.95600891113281,0.9957720637321472,1236.0787353515625,166.4074249267578,0.8935546278953552,1220.2391357421875,173.90138244628906,0.9934729933738708,1146.9921875,154.63430786132812,0.9905955791473389
1347,1275.2979736328125,114.57539367675781,0.5946772694587708,1273.50927734375,159.16146850585938,0.8366060853004456,1253.812255859375,142.4473419189453,0.9926488995552063,1238.5360107421875,138.82774353027344,0.9951300621032715,1210.8455810546875,131.1032257080078,0.9975443482398987,1180.5474853515625,122.50419616699219,0.9982690811157227,1261.5767822265625,117.39018249511719,0.9811040163040161,1235.10595703125,96.53583526611328,0.988003134727478,1157.6851806640625,80.39506530761719,0.9947879314422607,1238.6605224609375,166.4074249267578,0.9268611669540405,1219.944091796875,172.466796875,0.9818143248558044,1147.1510009765625,154.6173553466797,0.9904030561447144
1348,1275.2979736328125,114.57539367675781,0.4401496648788452,1273.4544677734375,159.16146850585938,0.7403085827827454,1255.044921875,142.4473419189453,0.9909175038337708,1239.5802001953125,138.77069091796875,0.9928401708602905,1213.0264892578125,130.80223083496094,0.997198224067688,1181.3568115234375,122.99166870117188,0.998247504234314,1261.9129638671875,116.99779510498047,0.9812528491020203,1235.48779296875,96.6096420288086,0.9884260892868042,1160.0057373046875,82.24280548095703,0.9924178123474121,1242.7928466796875,165.7960205078125,0.9253737926483154,1219.8365478515625,172.466796875,0.9821699857711792,1147.30029296875,154.61651611328125,0.98974609375
1349,1276.1494140625,114.57539367675781,0.3396080434322357,1273.3409423828125,159.16146850585938,0.7084447145462036,1255.5343017578125,142.4473419189453,0.9899483919143677,1239.8880615234375,138.77069091796875,0.9919413328170776,1214.2906494140625,130.55072021484375,0.9967813491821289,1182.318603515625,123.03657531738281,0.9984546899795532,1261.9129638671875,116.61329650878906,0.9854376316070557,1236.1187744140625,96.78414154052734,0.9869562387466431,1165.6392822265625,84.01692199707031,0.9895334839820862,1242.8079833984375,165.7960205078125,0.9369712471961975,1219.1529541015625,172.466796875,0.9790591597557068,1147.4752197265625,154.57220458984375,0.9898485541343689
1350,1276.4996337890625,114.8698501586914,0.39291390776634216,1252.324462890625,170.60382080078125,0.6373726725578308,1257.0633544921875,142.18209838867188,0.9882381558418274,1242.3551025390625,138.77069091796875,0.9922484159469604,1214.5355224609375,129.98434448242188,0.9965032339096069,1183.386474609375,123.77877044677734,0.9982308745384216,1262.172119140625,116.58455657958984,0.9834643006324768,1236.47265625,97.02961730957031,0.9841960668563843,1176.105224609375,88.49213409423828,0.99225252866745,1244.215087890625,165.61932373046875,0.9282034635543823,1218.6488037109375,172.7894287109375,0.9737411737442017,1148.0599365234375,154.54397583007812,0.9864294528961182
1351,1276.8526611328125,115.2191390991211,0.41392651200294495,1252.324462890625,170.7848358154297,0.7291437387466431,1259.4317626953125,141.64984130859375,0.984764039516449,1244.4246826171875,138.73983764648438,0.9929850697517395,1215.4228515625,129.65176391601562,0.996987521648407,1183.83056640625,123.8868179321289,0.9981955885887146,1263.272216796875,116.31131744384766,0.979150652885437,1236.47265625,96.6096420288086,0.9829310774803162,1178.5213623046875,88.89014434814453,0.9935805797576904,1244.9586181640625,165.4630889892578,0.9447515606880188,1217.6783447265625,174.42755126953125,0.9720826745033264,1148.0599365234375,154.54397583007812,0.9863533973693848
1352,1277.219482421875,115.62528991699219,0.4767144024372101,1252.324462890625,170.7848358154297,0.8310421109199524,1260.2523193359375,141.59776306152344,0.9865058064460754,1245.68115234375,138.73983764648438,0.9921486377716064,1216.33984375,129.50332641601562,0.9960063099861145,1184.2625732421875,124.1641616821289,0.998055100440979,1263.6629638671875,115.32974243164062,0.9760236740112305,1236.47265625,96.6096420288086,0.9846579432487488,1178.6500244140625,89.20738983154297,0.9937034249305725,1247.3427734375,163.73822021484375,0.9590576887130737,1217.5430908203125,174.42755126953125,0.9661074876785278,1148.1033935546875,154.57220458984375,0.9873192310333252
1353,1277.2298583984375,115.80712127685547,0.5352115631103516,1253.71728515625,170.60382080078125,0.8081970810890198,1261.369384765625,140.84194946289062,0.9851685762405396,1246.3990478515625,137.9893341064453,0.9888455271720886,1216.8101806640625,129.14971923828125,0.9955956339836121,1186.51171875,124.693359375,0.998444139957428,1263.9361572265625,115.18242645263672,0.9750658869743347,1236.35302734375,96.4468994140625,0.9912717938423157,1180.567138671875,89.18555450439453,0.9954727292060852,1251.609375,159.8662109375,0.930436372756958,1217.5430908203125,174.42755126953125,0.9739716053009033,1148.1033935546875,154.54397583007812,0.9857542514801025
1354,1277.2388916015625,115.80712127685547,0.5658814311027527,1259.94921875,165.44952392578125,0.7129175066947937,1261.3931884765625,139.89956665039062,0.9856201410293579,1246.4345703125,137.24285888671875,0.9808659553527832,1217.09228515625,129.14971923828125,0.9950248599052429,1187.0355224609375,125.1617431640625,0.9985791444778442,1264.063232421875,115.06657409667969,0.9713011980056763,1235.7811279296875,96.3335952758789,0.9898292422294617,1181.2535400390625,89.20738983154297,0.9957101345062256,1255.321533203125,159.4739990234375,0.9732312560081482,1217.6783447265625,173.86668395996094,0.9751162528991699,1148.3875732421875,154.54397583007812,0.9857569336891174
1355,1277.2388916015625,115.62528991699219,0.5269761681556702,1263.019775390625,164.3117218017578,0.6073641180992126,1262.5283203125,139.04241943359375,0.9791472554206848,1247.754150390625,133.49362182617188,0.9776302576065063,1217.607666015625,129.14971923828125,0.9946611523628235,1187.7830810546875,125.38661193847656,0.9986687898635864,1264.7340087890625,115.0388412475586,0.96827232837677,1235.6326904296875,96.3335952758789,0.9899985194206238,1182.59228515625,89.37074279785156,0.9948297142982483,1257.71240234375,158.3581085205078,0.9603163003921509,1218.1629638671875,173.84048461914062,0.9787634015083313,1148.4456787109375,154.65512084960938,0.9851657748222351
1356,1277.52490234375,115.66333770751953,0.44086164236068726,1265.0670166015625,163.89186096191406,0.5603795051574707,1263.900146484375,138.20889282226562,0.9801786541938782,1248.63427734375,133.40362548828125,0.9807584881782532,1218.7410888671875,129.17698669433594,0.9943498969078064,1188.073486328125,125.72937774658203,0.9985254406929016,1265.144287109375,114.67707824707031,0.9652983546257019,1235.6326904296875,96.36095428466797,0.9904128909111023,1183.0517578125,89.41336822509766,0.9947035908699036,1260.91259765625,156.58595275878906,0.9572306871414185,1218.57763671875,173.76551818847656,0.9799879789352417,1148.7099609375,154.6268768310547,0.9846957325935364
1357,1277.537353515625,115.66333770751953,0.33845171332359314,1272.005615234375,163.4260711669922,0.6538673639297485,1265.224365234375,138.1284942626953,0.9858076572418213,1249.946044921875,133.40362548828125,0.9824985265731812,1219.67138671875,129.7137451171875,0.9930996894836426,1188.28271484375,125.92346954345703,0.9986206293106079,1265.760986328125,114.61907958984375,0.9569289088249207,1234.7698974609375,96.36095428466797,0.9914940595626831,1183.1141357421875,89.46917724609375,0.9951308965682983,1263.425537109375,156.468017578125,0.9451191425323486,1219.2626953125,173.5821075439453,0.985508143901825,1148.783935546875,154.5640869140625,0.9838132858276367
1358,1278.1326904296875,115.64891052246094,0.29525282979011536,1272.720947265625,162.30325317382812,0.3247009813785553,1265.9029541015625,137.8291778564453,0.9854108095169067,1250.6705322265625,133.43807983398438,0.9805303812026978,1220.5438232421875,129.97463989257812,0.993316113948822,1189.167236328125,126.00345611572266,0.9986097812652588,1266.3211669921875,114.59798431396484,0.9592188596725464,1234.6092529296875,96.36095428466797,0.9917609691619873,1183.1783447265625,89.48578643798828,0.9944690465927124,1265.570068359375,156.0364990234375,0.9547507166862488,1219.602783203125,173.55702209472656,0.9868730902671814,1149.0751953125,154.6268768310547,0.9854015111923218
1359,1278.1326904296875,115.66333770751953,0.27180829644203186,1275.28271484375,162.25369262695312,0.263308584690094,1266.5989990234375,137.8291778564453,0.9817687273025513,1251.2593994140625,133.43807983398438,0.9736981391906738,1221.063720703125,130.38906860351562,0.9921767115592957,1189.3353271484375,126.29903411865234,0.9986351132392883,1266.6778564453125,114.59798431396484,0.9513927698135376,1234.1378173828125,96.36095428466797,0.993202805519104,1183.1783447265625,89.57720184326172,0.9948586225509644,1268.1644287109375,155.8528594970703,0.9653480648994446,1219.602783203125,173.5821075439453,0.9860956072807312,1149.210205078125,154.6268768310547,0.9857118725776672
1360,1278.1326904296875,115.68748474121094,0.24983640015125275,1275.6207275390625,160.40721130371094,0.2003617137670517,1267.9375,137.81243896484375,0.9806603789329529,1252.220703125,133.40362548828125,0.9723580479621887,1222.25634765625,130.8284454345703,0.9901868104934692,1190.4549560546875,126.58259582519531,0.9986826777458191,1266.8316650390625,114.19481658935547,0.960601270198822,1233.276123046875,95.6207275390625,0.9939326643943787,1183.1783447265625,89.7637710571289,0.9950240254402161,1270.8358154296875,154.95799255371094,0.9480236172676086,1219.602783203125,173.5821075439453,0.9877601265907288,1149.607666015625,154.6268768310547,0.9847548007965088
1361,1277.9921875,115.68748474121094,0.23628391325473785,1276.2938232421875,160.0003662109375,0.22524894773960114,1269.26904296875,137.61891174316406,0.9750322699546814,1254.06982421875,132.86978149414062,0.9811093807220459,1223.383056640625,130.9686279296875,0.9887778162956238,1191.2960205078125,127.05970764160156,0.9984519481658936,1266.8316650390625,114.1445541381836,0.9545872211456299,1233.276123046875,95.6207275390625,0.9930965304374695,1183.0228271484375,89.7637710571289,0.995173990726471,1270.97216796875,154.95799255371094,0.9366642832756042,1219.837646484375,173.55702209472656,0.9857699871063232,1150.0601806640625,154.6559295654297,0.9827150702476501
1362,1277.7381591796875,115.64891052246094,0.20043493807315826,1276.165283203125,159.8688201904297,0.2046145349740982,1271.5052490234375,135.48318481445312,0.9737401604652405,1255.2860107421875,132.86978149414062,0.9877525568008423,1223.962646484375,131.06190490722656,0.9876157641410828,1192.205322265625,127.50664520263672,0.9982402324676514,1266.8316650390625,114.1029281616211,0.9441486597061157,1233.276123046875,95.6207275390625,0.9924196600914001,1183.0228271484375,89.79649353027344,0.9954521059989929,1272.4613037109375,154.8666229248047,0.9331573843955994,1219.837646484375,173.47152709960938,0.988226592540741,1150.208740234375,155.94259643554688,0.9836402535438538
1363,1274.7113037109375,111.45955657958984,0.19665032625198364,1276.2938232421875,159.85536193847656,0.15487220883369446,1272.241455078125,135.1725311279297,0.9707246422767639,1256.158935546875,132.86978149414062,0.9905907511711121,1225.4449462890625,131.1484832763672,0.9924529194831848,1193.6060791015625,128.17189025878906,0.9973993301391602,1266.7799072265625,114.1445541381836,0.9266762733459473,1234.2015380859375,96.10641479492188,0.9909668564796448,1183.0228271484375,89.79649353027344,0.9956395626068115,1272.9202880859375,154.36550903320312,0.9222535490989685,1219.837646484375,172.76596069335938,0.9877726435661316,1150.3341064453125,155.9725799560547,0.9832653999328613
1364,1274.7113037109375,111.45955657958984,0.17991755902767181,1276.339111328125,159.6988983154297,0.1642201840877533,1272.3929443359375,135.14109802246094,0.955530047416687,1256.7459716796875,133.28109741210938,0.988990068435669,1226.140625,131.1484832763672,0.9938976168632507,1194.881103515625,128.17189025878906,0.9971985816955566,1266.7799072265625,114.1445541381836,0.9129696488380432,1234.2015380859375,96.821533203125,0.9866569638252258,1183.0228271484375,89.89092254638672,0.9954026937484741,1273.0216064453125,153.8450164794922,0.913950502872467,1219.837646484375,172.24237060546875,0.9896702170372009,1151.405029296875,156.21414184570312,0.9878877401351929
1365,1274.7113037109375,111.45955657958984,0.11380743980407715,1276.343017578125,158.45407104492188,0.18215246498584747,1272.5654296875,135.14109802246094,0.940575897693634,1256.994140625,133.28826904296875,0.9853353500366211,1226.59765625,131.24630737304688,0.9953042268753052,1195.9586181640625,128.20095825195312,0.9966955184936523,1266.7799072265625,114.1445541381836,0.8844666481018066,1234.701171875,99.10868072509766,0.862030029296875,1183.07666015625,90.26680755615234,0.9942566752433777,1273.295166015625,153.4193878173828,0.8604930639266968,1219.837646484375,172.24237060546875,0.986089825630188,1159.04736328125,156.79098510742188,0.9786175489425659
1366,1274.697509765625,111.45955657958984,0.10724898427724838,1276.343017578125,157.46697998046875,0.1724204123020172,1272.9617919921875,135.1725311279297,0.9214455485343933,1258.0380859375,133.3359832763672,0.9848400950431824,1228.220703125,131.8216552734375,0.9943655729293823,1197.3765869140625,128.4917755126953,0.9968037605285645,1267.384521484375,114.04411315917969,0.902672529220581,1235.2437744140625,99.80439758300781,0.42848002910614014,1183.07666015625,90.29288482666016,0.9941646456718445,1275.7681884765625,150.69921875,0.8306275606155396,1219.6131591796875,172.24237060546875,0.9881150722503662,1172.321533203125,161.84339904785156,0.9967594742774963
1367,1275.04443359375,111.45955657958984,0.12194740772247314,1276.5531005859375,156.69764709472656,0.14428561925888062,1274.1578369140625,135.18246459960938,0.8480691313743591,1259.2408447265625,133.3359832763672,0.9862539768218994,1229.301513671875,132.07968139648438,0.9933035969734192,1198.8392333984375,128.4917755126953,0.9973656535148621,1268.8582763671875,114.04411315917969,0.9417760968208313,1238.2811279296875,99.80439758300781,0.7056354284286499,1183.07666015625,90.7085189819336,0.9940756559371948,1275.9605712890625,150.5565185546875,0.7574719786643982,1218.338623046875,172.79415893554688,0.9877212643623352,1173.7479248046875,164.13023376464844,0.9948038458824158
1368,1275.04443359375,111.12518310546875,0.11994761228561401,1276.9466552734375,156.55191040039062,0.07221800088882446,1276.4102783203125,135.4399871826172,0.7258707284927368,1260.968017578125,133.3359832763672,0.9848814010620117,1230.94921875,132.15444946289062,0.9900928139686584,1200.4063720703125,129.41513061523438,0.9970682263374329,1270.6976318359375,113.86685943603516,0.9158990979194641,1251.6121826171875,99.80439758300781,0.5289815068244934,1183.0469970703125,90.72216796875,0.9942282438278198,1277.1724853515625,150.5489501953125,0.6766414642333984,1218.338623046875,172.79415893554688,0.989956796169281,1184.8873291015625,164.27687072753906,0.980635404586792
1369,1274.3902587890625,111.09703063964844,0.07654143124818802,1276.96435546875,156.1706085205078,0.07711105793714523,1277.7960205078125,135.4399871826172,0.7280488014221191,1262.2738037109375,133.1739044189453,0.9831404089927673,1233.3233642578125,132.29281616210938,0.9933621883392334,1202.3104248046875,131.43426513671875,0.9974207878112793,1272.0501708984375,113.86685943603516,0.8927716016769409,1251.7659912109375,95.924560546875,0.653328537940979,1183.0469970703125,90.83358001708984,0.9940661191940308,1277.3507080078125,150.07315063476562,0.6745697259902954,1218.338623046875,172.79415893554688,0.9929596781730652,1192.2703857421875,165.6209259033203,0.9798281788825989
1370,1272.346435546875,96.4084701538086,0.04110527038574219,1276.96435546875,155.98739624023438,0.04034874215722084,1278.7581787109375,135.4399871826172,0.7041024565696716,1263.52734375,133.0825653076172,0.9774536490440369,1234.25390625,132.42276000976562,0.9952045679092407,1203.1832275390625,131.73501586914062,0.9979217648506165,1272.3580322265625,113.6661148071289,0.820490837097168,1253.0281982421875,95.1170425415039,0.9065505862236023,1183.04443359375,91.07626342773438,0.9940248131752014,1277.3507080078125,149.6685333251953,0.6579408645629883,1218.8038330078125,172.3075714111328,0.991177499294281,1199.64013671875,166.17953491210938,0.9657706022262573
1371,1271.3583984375,95.43576049804688,0.08473512530326843,1276.9466552734375,155.39309692382812,0.032658908516168594,1278.7581787109375,134.88626098632812,0.631800651550293,1263.534912109375,132.70860290527344,0.9737841486930847,1234.911865234375,132.29281616210938,0.9957466721534729,1204.2286376953125,131.7535858154297,0.9981122016906738,1272.54931640625,113.86685943603516,0.7737400531768799,1254.857666015625,94.1163101196289,0.9592214226722717,1182.8975830078125,91.07626342773438,0.9937141537666321,1277.1724853515625,148.50840759277344,0.5538715124130249,1219.8663330078125,171.248291015625,0.9890270233154297,1206.898681640625,167.63894653320312,0.9657391309738159
1372,1270.33740234375,94.52312469482422,0.07283174991607666,1276.9122314453125,154.84629821777344,0.03095620684325695,1279.0184326171875,134.76760864257812,0.650166392326355,1263.6199951171875,132.42782592773438,0.9799617528915405,1235.596435546875,132.29281616210938,0.9956526756286621,1204.528564453125,132.0343475341797,0.9981192946434021,1272.958740234375,113.97607421875,0.8689355254173279,1255.3494873046875,92.65808868408203,0.8269158601760864,1182.5093994140625,91.07626342773438,0.9942865967750549,1276.801513671875,147.55038452148438,0.4983616769313812,1219.8663330078125,170.29457092285156,0.9696626663208008,1209.2275390625,169.9514923095703,0.942173182964325
1373,1270.1500244140625,94.12850189208984,0.11154212057590485,1276.90576171875,154.84629821777344,0.035059813410043716,1279.2076416015625,134.40380859375,0.6657053232192993,1263.77392578125,132.27432250976562,0.9810723662376404,1236.1708984375,132.14718627929688,0.9962952733039856,1205.3743896484375,132.1881866455078,0.9982543587684631,1273.6025390625,114.33529663085938,0.8594387769699097,1257.836181640625,92.36063385009766,0.926138699054718,1182.5093994140625,90.69474029541016,0.9947047829627991,1276.514892578125,147.0666046142578,0.4873393774032593,1219.8663330078125,170.18190002441406,0.9637200832366943,1209.2275390625,170.72137451171875,0.9563872218132019
1374,1270.1500244140625,93.5632095336914,0.10331632941961288,1276.90576171875,154.84629821777344,0.027445027604699135,1279.3951416015625,133.8961639404297,0.7265086770057678,1264.4305419921875,132.04666137695312,0.9753615856170654,1236.7960205078125,132.0955352783203,0.9961143732070923,1205.5775146484375,132.25770568847656,0.9980530738830566,1274.1878662109375,114.56925964355469,0.7941931486129761,1258.5267333984375,91.99808502197266,0.9437970519065857,1182.5093994140625,90.62354278564453,0.9946867227554321,1276.514892578125,147.0565185546875,0.547663152217865,1219.840576171875,170.18190002441406,0.9457129240036011,1209.2275390625,171.62554931640625,0.982831597328186
1375,1270.0712890625,93.54088592529297,0.08697633445262909,1276.9122314453125,155.399169921875,0.028203317895531654,1279.4102783203125,133.78811645507812,0.7778913974761963,1264.4305419921875,131.72019958496094,0.9800125956535339,1237.357177734375,132.0955352783203,0.9960997104644775,1206.144775390625,132.33120727539062,0.9980462789535522,1274.480224609375,115.1141357421875,0.7980417609214783,1259.4390869140625,91.7726821899414,0.9342958331108093,1182.2421875,90.49232482910156,0.9937208890914917,1276.514892578125,146.7349395751953,0.6340499520301819,1219.7252197265625,170.0770721435547,0.9400928020477295,1208.348876953125,171.62554931640625,0.9873092770576477
1376,1270.0712890625,93.54088592529297,0.07681331038475037,1276.9122314453125,155.7793426513672,0.021834850311279297,1279.48876953125,133.78811645507812,0.7717178463935852,1264.4305419921875,130.74415588378906,0.9841153621673584,1238.1844482421875,132.0955352783203,0.9952791929244995,1206.6416015625,132.65208435058594,0.9981482028961182,1274.480224609375,115.20639038085938,0.7646920084953308,1259.6689453125,91.99808502197266,0.9468784332275391,1181.853271484375,90.1264877319336,0.994657039642334,1276.514892578125,146.7349395751953,0.6265930533409119,1219.48095703125,169.7918701171875,0.9217199087142944,1208.3031005859375,171.62554931640625,0.9906170964241028
1377,1270.0712890625,93.40628814697266,0.09571298211812973,1276.9051513671875,155.8643341064453,0.02725880779325962,1279.795166015625,133.78811645507812,0.7956795692443848,1264.31298828125,130.5487518310547,0.9830407500267029,1238.39453125,132.3765869140625,0.9942090511322021,1206.9940185546875,132.67259216308594,0.997984766960144,1274.502685546875,115.38660430908203,0.7379908561706543,1259.6689453125,91.7726821899414,0.9483863115310669,1181.5732421875,89.7936019897461,0.9950085878372192,1276.58154296875,146.91555786132812,0.6318238973617554,1219.30029296875,169.13856506347656,0.9029476046562195,1207.9949951171875,171.2167205810547,0.9922754168510437
1378,1270.188720703125,92.90181732177734,0.0791599377989769,1276.92041015625,155.90457153320312,0.040992192924022675,1279.795166015625,133.8961639404297,0.8098723292350769,1264.158935546875,130.5487518310547,0.9809958338737488,1238.6112060546875,132.66932678222656,0.9935830235481262,1207.373779296875,132.67259216308594,0.9978815913200378,1274.502685546875,115.38660430908203,0.8016721606254578,1260.058837890625,91.6529541015625,0.9369780421257019,1181.20263671875,89.69920349121094,0.9944998025894165,1277.0841064453125,146.97193908691406,0.6095135807991028,1217.59228515625,166.1033935546875,0.8936904072761536,1207.9560546875,171.2167205810547,0.9911627769470215
1379,1270.2288818359375,92.89313507080078,0.09261409938335419,1276.92041015625,156.0850372314453,0.035413727164268494,1279.48876953125,133.91844177246094,0.809415876865387,1264.158935546875,130.74415588378906,0.9826509356498718,1238.92333984375,132.86688232421875,0.9933308959007263,1208.075927734375,132.67259216308594,0.9974067807197571,1274.335205078125,115.20639038085938,0.7266011834144592,1260.43896484375,91.6529541015625,0.9464350938796997,1180.5634765625,89.56958770751953,0.9950073957443237,1277.0841064453125,146.97193908691406,0.6473695635795593,1217.59228515625,165.91824340820312,0.8883111476898193,1207.9560546875,171.2167205810547,0.9917437434196472
1380,1270.2559814453125,92.90181732177734,0.08082736283540726,1276.92041015625,156.15013122558594,0.03899195045232773,1279.477294921875,133.93418884277344,0.814259946346283,1264.158935546875,130.75567626953125,0.981630265712738,1239.233154296875,133.1002197265625,0.9934932589530945,1210.1492919921875,132.82826232910156,0.9965556859970093,1274.334228515625,115.20639038085938,0.7775965929031372,1260.8634033203125,91.4647445678711,0.934681236743927,1180.5634765625,89.56958770751953,0.9949085116386414,1277.2733154296875,147.05821228027344,0.6467863321304321,1217.59228515625,165.8270263671875,0.873924732208252,1207.9949951171875,171.44418334960938,0.9928602576255798
1381,1270.2318115234375,92.90181732177734,0.09212575107812881,1277.27197265625,156.15013122558594,0.030955852940678596,1279.45751953125,133.91844177246094,0.8068963289260864,1264.211669921875,130.78822326660156,0.9814901947975159,1239.649169921875,133.1002197265625,0.9933352470397949,1210.5660400390625,132.88363647460938,0.9968748092651367,1274.334228515625,115.1488265991211,0.790562629699707,1261.0308837890625,91.34781646728516,0.9409096240997314,1180.5634765625,89.56958770751953,0.9946505427360535,1277.3564453125,147.15545654296875,0.7346216440200806,1218.435546875,165.7024383544922,0.8596952557563782,1207.9949951171875,171.75619506835938,0.9929539561271667
1382,1270.2318115234375,93.02722930908203,0.1285456120967865,1277.344482421875,156.0850372314453,0.03760569170117378,1279.3992919921875,133.91844177246094,0.7870877385139465,1264.211669921875,130.9761199951172,0.9829421043395996,1240.298095703125,133.1002197265625,0.9935692548751831,1211.1197509765625,132.88363647460938,0.9969061017036438,1274.118408203125,115.07807159423828,0.8076619505882263,1261.0843505859375,91.34781646728516,0.9518041610717773,1180.6300048828125,89.56958770751953,0.9944823980331421,1277.5419921875,147.1758575439453,0.762784481048584,1219.1597900390625,165.39096069335938,0.8777031302452087,1208.186279296875,171.75619506835938,0.9925990104675293
1383,1270.2559814453125,93.23700714111328,0.15322735905647278,1277.3489990234375,156.08486938476562,0.03326846659183502,1279.188232421875,133.51719665527344,0.7771815657615662,1264.211669921875,131.13638305664062,0.9862220883369446,1240.4676513671875,132.59046936035156,0.9945534467697144,1211.8070068359375,133.37364196777344,0.9965597987174988,1273.5404052734375,115.07807159423828,0.8056895732879639,1261.3189697265625,91.43026733398438,0.9626884460449219,1180.789306640625,89.56958770751953,0.9944063425064087,1277.7950439453125,147.18020629882812,0.7610456347465515,1220.1767578125,165.39096069335938,0.8819389939308167,1208.3719482421875,171.75619506835938,0.9920030832290649
1384,1270.3753662109375,93.35115051269531,0.16520796716213226,1277.499755859375,156.00439453125,0.040163252502679825,1279.0538330078125,133.39013671875,0.7638246417045593,1264.050537109375,131.3063507080078,0.9867011904716492,1240.5264892578125,132.59046936035156,0.9956951141357422,1212.04541015625,133.51315307617188,0.9964568018913269,1273.44873046875,114.43032836914062,0.8414445519447327,1261.6573486328125,91.4647445678711,0.965111494064331,1180.789306640625,89.56067657470703,0.994231104850769,1277.7950439453125,147.18020629882812,0.7355664968490601,1225.1934814453125,165.39096069335938,0.9497244954109192,1209.554443359375,171.22239685058594,0.9832077026367188
1385,1270.294921875,93.35115051269531,0.19547155499458313,1277.499755859375,156.00439453125,0.045071497559547424,1279.0538330078125,133.16506958007812,0.7694297432899475,1263.7801513671875,131.42117309570312,0.9858033657073975,1240.7095947265625,132.59046936035156,0.9950217008590698,1212.1968994140625,133.80227661132812,0.9961742758750916,1273.44873046875,114.01593017578125,0.8640662431716919,1261.7186279296875,91.43026733398438,0.9669850468635559,1180.6300048828125,89.52426147460938,0.9942635893821716,1277.7950439453125,147.75291442871094,0.666953444480896,1234.4293212890625,168.8548126220703,0.9817509055137634,1209.8026123046875,171.18978881835938,0.9943776726722717
1386,1270.3753662109375,93.44164276123047,0.19757354259490967,1277.344482421875,156.00439453125,0.046054407954216,1279.0322265625,133.16506958007812,0.7604935169219971,1263.7801513671875,131.49856567382812,0.9839768409729004,1240.9176025390625,132.9215087890625,0.9953060746192932,1212.5198974609375,134.22296142578125,0.9961585402488708,1273.44873046875,113.95417785644531,0.883135199546814,1261.7186279296875,91.5556640625,0.9697783589363098,1180.5439453125,89.52426147460938,0.9943906664848328,1277.060791015625,147.9915313720703,0.5127052068710327,1237.6900634765625,168.8548126220703,0.9856910109519958,1209.8026123046875,171.18978881835938,0.9950337409973145
1387,1270.4423828125,93.48897552490234,0.2116275131702423,1276.9229736328125,156.87705993652344,0.023246925324201584,1279.0322265625,133.16506958007812,0.7368442416191101,1263.7801513671875,131.50704956054688,0.986683189868927,1242.0645751953125,133.40396118164062,0.9958609938621521,1213.1092529296875,134.3951873779297,0.9963424801826477,1273.5391845703125,113.87815856933594,0.8648426532745361,1261.8167724609375,91.75017547607422,0.9711732268333435,1180.5439453125,89.52426147460938,0.9945576190948486,1276.7265625,148.50433349609375,0.4339955151081085,1241.2593994140625,168.8548126220703,0.9839736819267273,1209.72314453125,171.22239685058594,0.9958435893058777
1388,1270.766357421875,93.4940185546875,0.19225113093852997,1275.9600830078125,160.237060546875,0.01151204388588667,1279.0322265625,133.15582275390625,0.7201074361801147,1264.220703125,131.50704956054688,0.989179253578186,1243.2711181640625,133.49609375,0.9961280822753906,1213.734375,135.00267028808594,0.9951282739639282,1274.5660400390625,113.75201416015625,0.8316999673843384,1261.6573486328125,91.91535186767578,0.9723545908927917,1180.5439453125,89.8825912475586,0.994269609451294,1270.6458740234375,154.5171661376953,0.5271908640861511,1251.9033203125,168.36558532714844,0.8724980354309082,1209.72314453125,171.3402099609375,0.9953815937042236
1389,1270.9215087890625,93.4940185546875,0.16852520406246185,1269.5589599609375,163.97207641601562,0.016621461138129234,1279.752197265625,132.99105834960938,0.625379741191864,1265.322509765625,131.5052947998047,0.9865490794181824,1244.4781494140625,133.62168884277344,0.9967988729476929,1215.224609375,135.97128295898438,0.9948497414588928,1275.3736572265625,113.62187194824219,0.787229061126709,1261.8167724609375,92.28612518310547,0.9689356684684753,1181.7464599609375,91.5022964477539,0.9937219023704529,1270.6240234375,154.5171661376953,0.6836230158805847,1259.6839599609375,164.5760955810547,0.8248336911201477,1209.8026123046875,171.7939453125,0.9954767823219299
1390,1270.9456787109375,93.4940185546875,0.1318962723016739,1269.5589599609375,163.97207641601562,0.016626615077257156,1281.645263671875,132.95657348632812,0.49606454372406006,1266.8740234375,131.5052947998047,0.984704852104187,1246.0052490234375,134.40951538085938,0.9983949065208435,1216.3642578125,136.0141143798828,0.9934617280960083,1275.5340576171875,113.28717803955078,0.7629274129867554,1261.6444091796875,92.28612518310547,0.9735191464424133,1182.6202392578125,92.38018798828125,0.9941188097000122,1270.6240234375,154.5171661376953,0.639197587966919,1263.9598388671875,163.90628051757812,0.8273260593414307,1209.72314453125,171.79627990722656,0.99552321434021
1391,1270.98876953125,93.23473358154297,0.133489727973938,1269.5589599609375,163.97207641601562,0.015046254731714725,1282.775390625,132.95323181152344,0.42749592661857605,1268.08349609375,131.18125915527344,0.9806556701660156,1247.351806640625,134.4884033203125,0.9988390803337097,1217.2451171875,136.09356689453125,0.9922318458557129,1275.615234375,113.13116455078125,0.7383593320846558,1261.5316162109375,92.28612518310547,0.9746553301811218,1185.8026123046875,94.73261260986328,0.9955920577049255,1270.6240234375,151.76861572265625,0.7074910402297974,1268.17724609375,160.0102996826172,0.452277809381485,1209.72314453125,171.92628479003906,0.9954458475112915
1392,1271.0545654296875,92.73614501953125,0.10992684215307236,1206.77978515625,175.65750122070312,0.016049640253186226,1283.6644287109375,132.54916381835938,0.269143283367157,1269.371337890625,130.84649658203125,0.9667336344718933,1248.900146484375,134.71551513671875,0.9988443851470947,1217.8433837890625,136.30242919921875,0.993504524230957,1275.615234375,112.98090362548828,0.705597460269928,1261.445556640625,92.14579010009766,0.9762706160545349,1188.1226806640625,96.46983337402344,0.9968823194503784,1271.549560546875,150.9586181640625,0.6448965668678284,1268.17724609375,159.61915588378906,0.5339892506599426,1209.6207275390625,171.98403930664062,0.9958035349845886
1393,1271.0545654296875,92.64522552490234,0.11231182515621185,1206.6121826171875,175.92604064941406,0.018670253455638885,1284.133544921875,132.5201873779297,0.21980200707912445,1269.9671630859375,130.82032775878906,0.960386335849762,1249.314208984375,134.78475952148438,0.9990116357803345,1218.78466796875,136.49632263183594,0.994762122631073,1275.615234375,112.98090362548828,0.6636633276939392,1261.32861328125,92.10563659667969,0.9763933420181274,1188.1226806640625,97.40137481689453,0.9970452189445496,1271.7076416015625,150.8512420654297,0.6559023261070251,1268.17724609375,159.61915588378906,0.33036306500434875,1209.0584716796875,172.4085693359375,0.9959976673126221
1394,1271.0545654296875,92.50757598876953,0.11703620105981827,1206.50927734375,175.9972381591797,0.018954819068312645,1284.7252197265625,132.5201873779297,0.180070698261261,1270.540771484375,130.82032775878906,0.9491269588470459,1250.6328125,135.01307678222656,0.9989668130874634,1219.4580078125,136.5467529296875,0.9948741793632507,1275.3284912109375,112.98090362548828,0.6225568652153015,1261.32861328125,91.74494171142578,0.9764803647994995,1188.6029052734375,97.69342803955078,0.9968781471252441,1272.4541015625,150.3060302734375,0.6053135991096497,1232.494384765625,159.95448303222656,0.1756870001554489,1208.943603515625,172.8770751953125,0.9958544969558716
1395,1270.68310546875,92.64522552490234,0.14021503925323486,1206.066650390625,176.3230438232422,0.021179359406232834,1284.77490234375,132.54916381835938,0.15297235548496246,1273.0115966796875,130.82032775878906,0.9464197158813477,1252.026611328125,135.0195770263672,0.9987362027168274,1220.1820068359375,136.58311462402344,0.9960711002349854,1275.2144775390625,112.99099731445312,0.4828598201274872,1261.32861328125,92.10563659667969,0.9774022102355957,1189.7467041015625,98.11160278320312,0.9946598410606384,1277.621826171875,149.4486083984375,0.5662851333618164,1232.494384765625,159.95448303222656,0.15105772018432617,1207.8726806640625,172.8770751953125,0.9969307780265808
1396,1270.68310546875,92.73614501953125,0.12124452739953995,1206.031982421875,176.3230438232422,0.020278966054320335,1284.8087158203125,132.57313537597656,0.08077629655599594,1274.3370361328125,131.3773193359375,0.9570385813713074,1252.913330078125,135.0697479248047,0.9985319375991821,1221.6590576171875,136.85467529296875,0.9956658482551575,1275.0777587890625,112.99099731445312,0.4388982057571411,1261.674072265625,92.10563659667969,0.9797080159187317,1194.5596923828125,99.65250396728516,0.9935780763626099,1279.5118408203125,149.27352905273438,0.5133318305015564,1232.494384765625,159.96673583984375,0.1384502500295639,1207.8726806640625,172.8770751953125,0.9963521957397461
1397,1270.68310546875,92.76143646240234,0.13007007539272308,1206.031982421875,176.3230438232422,0.016239281743764877,1284.8087158203125,132.57313537597656,0.05406491085886955,1274.6236572265625,131.3773193359375,0.9289456009864807,1254.0482177734375,135.1261749267578,0.9976430535316467,1223.2181396484375,136.85467529296875,0.9954481720924377,1274.89794921875,112.99099731445312,0.4316684603691101,1261.838623046875,92.74740600585938,0.9794718027114868,1199.1170654296875,101.86871337890625,0.9918568134307861,1279.9866943359375,149.08612060546875,0.44245243072509766,1236.682861328125,161.05751037597656,0.227560892701149,1207.8726806640625,172.4334259033203,0.9962165951728821
1398,1271.3370361328125,93.4668197631836,0.12315035611391068,1206.066650390625,175.947998046875,0.014942081645131111,1284.82177734375,132.57313537597656,0.05659554526209831,1274.79296875,131.3773193359375,0.9111210107803345,1254.0714111328125,135.27886962890625,0.9979010820388794,1224.54052734375,136.95220947265625,0.9930539727210999,1275.0777587890625,112.05632781982422,0.46858349442481995,1262.5572509765625,92.86305236816406,0.9780816435813904,1200.94140625,104.57642364501953,0.9877726435661316,1280.4150390625,148.63577270507812,0.41045746207237244,1236.705078125,161.05751037597656,0.1735728681087494,1208.5194091796875,172.0435333251953,0.995667576789856
1399,1272.171630859375,94.2839126586914,0.1154746413230896,1206.1568603515625,175.84719848632812,0.0156343262642622,1284.82177734375,132.37208557128906,0.07363779842853546,1275.1241455078125,131.20358276367188,0.9010575413703918,1254.7559814453125,135.1261749267578,0.9978918433189392,1227.07421875,136.95220947265625,0.9948994517326355,1275.04833984375,108.58589935302734,0.5884277820587158,1262.695068359375,92.87299346923828,0.9716892838478088,1206.47900390625,107.4331283569336,0.9753002524375916,1280.8043212890625,147.47935485839844,0.3336600661277771,1237.2476806640625,161.0592803955078,0.21970856189727783,1208.5941162109375,171.99993896484375,0.9957016110420227
1400,1272.18017578125,94.29654693603516,0.0916387066245079,1206.23779296875,175.67820739746094,0.015257422812283039,1284.82177734375,132.18067932128906,0.06683409214019775,1275.1241455078125,131.16555786132812,0.915797770023346,1254.7559814453125,135.1261749267578,0.9981802701950073,1228.3392333984375,136.91433715820312,0.9961891770362854,1275.04833984375,108.57889556884766,0.6341133117675781,1262.695068359375,92.91007995605469,0.9747851490974426,1221.277587890625,107.4331283569336,0.9862971305847168,1280.832275390625,147.37716674804688,0.3670240044593811,1238.701904296875,161.0592803955078,0.21246805787086487,1208.661865234375,171.73036193847656,0.9949323534965515
1401,1272.4664306640625,95.18357849121094,0.0987716093659401,1206.3797607421875,175.6719512939453,0.014295977540314198,1284.842529296875,131.49179077148438,0.03325861319899559,1275.4520263671875,130.40545654296875,0.8925798535346985,1256.72998046875,135.1265411376953,0.9987186193466187,1229.2470703125,136.91433715820312,0.9971338510513306,1275.2322998046875,108.4617919921875,0.5584238767623901,1263.048583984375,93.1956787109375,0.9587849378585815,1232.2005615234375,107.57254028320312,0.9754438996315002,1281.016845703125,147.30252075195312,0.22833411395549774,1239.4066162109375,161.0592803955078,0.20044739544391632,1208.661865234375,171.73036193847656,0.9952397346496582
1402,1272.58203125,95.687255859375,0.09240929782390594,1206.4327392578125,175.6719512939453,0.014488142915070057,1284.842529296875,131.17437744140625,0.025302354246377945,1275.9796142578125,130.2737274169922,0.8845241069793701,1257.7794189453125,135.27886962890625,0.9988535642623901,1229.9027099609375,136.95220947265625,0.9969659447669983,1275.5513916015625,108.57889556884766,0.5698512196540833,1263.048583984375,94.91216278076172,0.9452552199363708,1239.6236572265625,107.57254028320312,0.9288520812988281,1281.5762939453125,146.8368682861328,0.16902782022953033,1240.979736328125,160.9942626953125,0.21284788846969604,1208.661865234375,171.73036193847656,0.9946463704109192
1403,1272.684814453125,95.86487579345703,0.08220788091421127,1206.5755615234375,175.6719512939453,0.016039717942476273,1284.842529296875,130.36061096191406,0.019652146846055984,1276.120361328125,129.78273010253906,0.8610402345657349,1258.1195068359375,135.27645874023438,0.99870765209198,1231.01025390625,137.5676727294922,0.9966313242912292,1275.5513916015625,108.57889556884766,0.5655868053436279,1263.5101318359375,96.13629913330078,0.9500541090965271,1239.7884521484375,107.6240005493164,0.9187551140785217,1281.5762939453125,146.005859375,0.1206948384642601,1257.9127197265625,158.13645935058594,0.23088853061199188,1208.377197265625,171.85914611816406,0.9942020773887634
1404,1273.0106201171875,96.17330932617188,0.08715111762285233,1206.5902099609375,175.7236785888672,0.015937816351652145,1284.842529296875,130.15945434570312,0.01674780435860157,1276.586669921875,129.75608825683594,0.8454481363296509,1258.962646484375,135.27645874023438,0.9988492727279663,1231.3079833984375,137.7526092529297,0.995806097984314,1276.616943359375,111.91632843017578,0.5311751961708069,1263.048583984375,96.1771240234375,0.9681723117828369,1242.898681640625,108.10406494140625,0.8336923122406006,1281.5762939453125,146.005859375,0.08811613917350769,1257.9127197265625,157.8513946533203,0.33219701051712036,1208.2425537109375,171.91494750976562,0.9943050742149353
1405,1272.8858642578125,96.17330932617188,0.07914117723703384,1206.5916748046875,175.7236785888672,0.015809642150998116,1284.865966796875,130.14404296875,0.014499230310320854,1276.7213134765625,129.71409606933594,0.8083468675613403,1259.6728515625,135.27645874023438,0.9986289739608765,1233.047119140625,137.8536834716797,0.995936393737793,1276.616943359375,111.91632843017578,0.5190154910087585,1263.048583984375,96.1771240234375,0.9623221158981323,1242.898681640625,108.10406494140625,0.8865527510643005,1281.3914794921875,146.005859375,0.08660248667001724,1257.9127197265625,157.35031127929688,0.3499794900417328,1208.2425537109375,172.0304718017578,0.9939963817596436
1406,1272.8858642578125,96.17330932617188,0.0757601261138916,1206.6248779296875,175.7236785888672,0.0163719579577446,1285.4249267578125,123.35374450683594,0.012612774968147278,1277.0262451171875,129.47470092773438,0.7620922327041626,1260.5499267578125,135.06149291992188,0.9987279772758484,1233.5728759765625,137.8536834716797,0.9962838292121887,1276.616943359375,111.91632843017578,0.49198031425476074,1262.765380859375,96.1771240234375,0.9563854336738586,1243.1474609375,108.10406494140625,0.8852642178535461,1274.1114501953125,148.0968017578125,0.0632379874587059,1257.2320556640625,156.90724182128906,0.45343056321144104,1208.19287109375,172.06568908691406,0.9937344193458557
1407,1272.8858642578125,96.17330932617188,0.07786420732736588,1206.649658203125,175.7236785888672,0.017814841121435165,1285.4669189453125,123.31965637207031,0.01078039687126875,1277.237060546875,129.45181274414062,0.7030248045921326,1261.187744140625,134.78038024902344,0.9987053871154785,1234.19873046875,137.8536834716797,0.9964344501495361,1276.525146484375,111.91632843017578,0.5070084929466248,1262.765380859375,96.1771240234375,0.9577447175979614,1242.898681640625,107.49304962158203,0.8508750796318054,1274.0560302734375,148.0968017578125,0.05459543690085411,1257.2320556640625,156.83265686035156,0.5267086625099182,1208.2425537109375,172.17575073242188,0.9937088489532471
1408,1272.463623046875,96.16200256347656,0.07717777043581009,1206.6944580078125,175.7236785888672,0.017468860372900963,1285.4669189453125,123.12716674804688,0.01040381658822298,1278.152099609375,127.99369812011719,0.6807716488838196,1261.530517578125,134.78038024902344,0.9984723925590515,1234.9617919921875,137.71600341796875,0.9969758987426758,1276.525146484375,111.92339324951172,0.47475466132164,1262.765380859375,95.41093444824219,0.9602937698364258,1242.4034423828125,107.48934936523438,0.8177591562271118,1274.021484375,148.0968017578125,0.057506073266267776,1257.2320556640625,156.61659240722656,0.5285564064979553,1208.19287109375,172.20346069335938,0.9943464398384094
1409,1272.463623046875,96.16200256347656,0.08093740046024323,1206.78662109375,175.81991577148438,0.018791375681757927,1285.4249267578125,123.0235366821289,0.012276778928935528,1278.3341064453125,127.97911071777344,0.7074124217033386,1261.638427734375,134.78038024902344,0.9985311031341553,1235.5341796875,137.70468139648438,0.9973140358924866,1276.525146484375,111.92339324951172,0.5188425779342651,1262.895751953125,94.61539459228516,0.9638068675994873,1241.1976318359375,107.09109497070312,0.8664386868476868,1273.9332275390625,147.94790649414062,0.058268655091524124,1257.407958984375,156.52908325195312,0.5935376882553101,1208.19287109375,172.5263671875,0.9943419694900513
1410,1272.364013671875,96.11457061767578,0.07436584681272507,1206.828857421875,176.0164031982422,0.01890603080391884,1285.3785400390625,123.0235366821289,0.011734869331121445,1278.3341064453125,127.81326293945312,0.6596183180809021,1261.638427734375,134.81825256347656,0.9980344176292419,1235.856689453125,137.70468139648438,0.9975634813308716,1276.6229248046875,111.98210144042969,0.5238564014434814,1263.2886962890625,94.33805847167969,0.950950562953949,1240.5828857421875,107.06813049316406,0.8871924877166748,1273.6644287109375,147.91940307617188,0.06140853464603424,1258.1048583984375,156.52908325195312,0.6651921272277832,1208.0867919921875,172.7353057861328,0.9945316314697266
1411,1272.3497314453125,96.11457061767578,0.07470789551734924,1206.8470458984375,176.08804321289062,0.019329944625496864,1284.660888671875,118.04174041748047,0.011780290864408016,1278.33203125,127.77899932861328,0.6689664721488953,1261.56298828125,134.81825256347656,0.9979422688484192,1236.1905517578125,137.70468139648438,0.9977453351020813,1276.6229248046875,111.98210144042969,0.5263559222221375,1263.351806640625,94.01237487792969,0.9469727873802185,1240.5401611328125,106.92650604248047,0.88590008020401,1273.6644287109375,147.8817596435547,0.05980980023741722,1258.180908203125,156.52908325195312,0.5967890024185181,1208.0638427734375,172.763671875,0.9946910738945007
1412,1272.364013671875,96.11457061767578,0.07721398025751114,1206.887939453125,176.08856201171875,0.01799234375357628,1284.4266357421875,118.03557586669922,0.01168438233435154,1278.3341064453125,127.77899932861328,0.6660310626029968,1261.56298828125,134.81825256347656,0.9979671835899353,1236.1905517578125,137.87501525878906,0.997954249382019,1276.6229248046875,111.98210144042969,0.5322650671005249,1263.4366455078125,94.00477600097656,0.9527667164802551,1240.1060791015625,106.1823501586914,0.9084010124206543,1273.6300048828125,147.83641052246094,0.07081431895494461,1258.212158203125,156.52452087402344,0.629500687122345,1207.976318359375,172.80169677734375,0.994662880897522
1413,1272.364013671875,95.87823486328125,0.07572592794895172,1206.90576171875,176.13662719726562,0.017952140420675278,1284.54296875,117.99451446533203,0.012706294655799866,1278.3580322265625,127.7021713256836,0.6632517576217651,1261.54736328125,134.80938720703125,0.9980161190032959,1236.1905517578125,137.91897583007812,0.9974578022956848,1275.9761962890625,108.16230773925781,0.5426083207130432,1263.4835205078125,93.42144775390625,0.9588096141815186,1239.0767822265625,105.81936645507812,0.9212821125984192,1273.57763671875,147.51205444335938,0.07226502150297165,1258.473388671875,156.31898498535156,0.618083655834198,1207.918212890625,172.8743438720703,0.9949837923049927
1414,1272.3548583984375,95.37963104248047,0.07749506086111069,1206.90576171875,176.17108154296875,0.018849879503250122,1284.54296875,117.8310546875,0.011983875185251236,1278.337890625,127.70201873779297,0.6431320309638977,1261.4329833984375,134.80322265625,0.9976689219474792,1236.1796875,137.9786376953125,0.997646152973175,1275.947265625,107.67680358886719,0.5576898455619812,1263.4793701171875,92.61906433105469,0.9475439786911011,1238.9835205078125,105.54901885986328,0.9059065580368042,1273.4320068359375,147.41336059570312,0.0820431336760521,1258.47412109375,156.2352752685547,0.5846253633499146,1207.7679443359375,172.91407775878906,0.9946505427360535
1415,1272.268310546875,95.16145324707031,0.08237814158201218,1206.90771484375,176.21731567382812,0.018826773390173912,1284.54296875,117.8310546875,0.010848606936633587,1278.337890625,127.65658569335938,0.6351838707923889,1261.30615234375,134.7338409423828,0.9976685643196106,1236.00732421875,137.98440551757812,0.9976933598518372,1275.947265625,107.67680358886719,0.5113901495933533,1263.4793701171875,92.24976348876953,0.9536369442939758,1238.1943359375,105.24410247802734,0.9333628416061401,1273.4320068359375,147.28067016601562,0.0841568261384964,1258.47412109375,156.2352752685547,0.5861549973487854,1207.611083984375,172.94375610351562,0.994707465171814
1416,1272.268310546875,95.12830352783203,0.08124222606420517,1206.90771484375,176.2593994140625,0.018535438925027847,1284.4945068359375,117.78387451171875,0.011967410333454609,1278.337890625,127.55425262451172,0.6450537443161011,1261.271728515625,134.71478271484375,0.99763023853302,1235.98583984375,138.09056091308594,0.9978535771369934,1275.947265625,107.9129409790039,0.5013042092323303,1263.475830078125,92.12337493896484,0.9627799391746521,1238.052001953125,105.23200988769531,0.928005576133728,1273.40869140625,147.232421875,0.08229105919599533,1258.473388671875,156.15589904785156,0.5895426869392395,1207.5523681640625,172.9740447998047,0.9946960210800171
1417,1272.2490234375,94.98710632324219,0.08923476189374924,1206.91748046875,176.21731567382812,0.017798762768507004,1284.54296875,117.78387451171875,0.012119308114051819,1278.3173828125,127.55425262451172,0.6475260257720947,1261.2188720703125,134.71478271484375,0.9976798892021179,1235.9720458984375,138.13137817382812,0.9977155923843384,1275.78173828125,107.9129409790039,0.4834667146205902,1263.475830078125,92.12337493896484,0.9647294282913208,1238.052001953125,105.23200988769531,0.9390604496002197,1273.40869140625,147.232421875,0.08490370959043503,1258.473388671875,156.15589904785156,0.5975556373596191,1207.611083984375,172.94375610351562,0.995162308216095
1418,1272.2490234375,94.98710632324219,0.0841306746006012,1206.92724609375,176.21731567382812,0.018422378227114677,1285.2786865234375,122.80052185058594,0.012384950183331966,1278.3173828125,127.55425262451172,0.6434204578399658,1261.2188720703125,134.71478271484375,0.9976778626441956,1235.91357421875,138.13137817382812,0.9976996779441833,1275.78173828125,107.9129409790039,0.48850739002227783,1263.475830078125,91.99247741699219,0.9659126996994019,1237.4359130859375,104.97156524658203,0.9263471364974976,1273.40869140625,147.232421875,0.08512085676193237,1258.42236328125,156.26010131835938,0.594033420085907,1207.611083984375,172.94375610351562,0.9950950145721436
1419,1272.20751953125,94.97303771972656,0.08572179824113846,1206.92724609375,176.2593994140625,0.01654759794473648,1285.2786865234375,122.80052185058594,0.012140385806560516,1278.3084716796875,127.55158996582031,0.6550451517105103,1261.199462890625,134.70077514648438,0.9976909160614014,1235.91357421875,138.13137817382812,0.9976776242256165,1275.78173828125,107.9129409790039,0.48493391275405884,1263.3779296875,91.9347915649414,0.9658276438713074,1237.1435546875,104.97156524658203,0.9155933856964111,1273.30419921875,147.25643920898438,0.07881156355142593,1258.42236328125,156.26010131835938,0.5954157114028931,1207.611083984375,172.9740447998047,0.995359480381012
1420,1272.1466064453125,94.89556121826172,0.08319585025310516,1206.92724609375,176.29061889648438,0.016512520611286163,1284.5892333984375,117.795654296875,0.011321859434247017,1278.3084716796875,127.53195190429688,0.6520630717277527,1261.179443359375,134.69418334960938,0.9976814985275269,1235.91357421875,138.13189697265625,0.997570812702179,1275.6932373046875,107.89244842529297,0.4939563572406769,1263.2720947265625,91.89994812011719,0.9652791619300842,1234.84619140625,104.58665466308594,0.9308156371116638,1273.40576171875,147.2680206298828,0.07569317519664764,1258.42236328125,156.38844299316406,0.5874025821685791,1207.820556640625,172.83868408203125,0.995468020439148
1421,1269.4522705078125,93.49543762207031,0.07125182449817657,1206.8858642578125,176.35781860351562,0.017667090520262718,1285.300537109375,122.76538848876953,0.01343043427914381,1278.2994384765625,127.49937438964844,0.6689019799232483,1261.173583984375,134.72625732421875,0.9977827668190002,1236.058349609375,138.332275390625,0.9977636337280273,1275.78173828125,107.89244842529297,0.5058844089508057,1263.335205078125,91.38380432128906,0.9689897298812866,1234.8182373046875,104.42314147949219,0.9360509514808655,1273.4920654296875,147.3157196044922,0.08776383101940155,1259.083984375,156.4479522705078,0.571060836315155,1207.820556640625,172.83868408203125,0.9953160285949707
1422,1269.4522705078125,93.49543762207031,0.0766441747546196,1206.8858642578125,176.3638153076172,0.016189103946089745,1285.385498046875,122.76538848876953,0.013098363764584064,1278.2596435546875,127.49937438964844,0.6709818243980408,1261.173583984375,134.72625732421875,0.9979173541069031,1236.1072998046875,138.332275390625,0.9977096319198608,1275.7952880859375,107.89244842529297,0.4860100746154785,1263.335205078125,91.38380432128906,0.9689388871192932,1234.797119140625,104.42314147949219,0.9424108266830444,1273.4920654296875,147.32913208007812,0.07617852091789246,1259.083984375,156.4896240234375,0.5713293552398682,1207.820556640625,172.83868408203125,0.9952878952026367
1423,1269.4522705078125,93.49543762207031,0.07634373754262924,1206.8858642578125,176.3638153076172,0.015977194532752037,1285.385498046875,122.76538848876953,0.012321108020842075,1278.2493896484375,127.49937438964844,0.6786763072013855,1261.173583984375,134.72625732421875,0.9977867603302002,1236.1915283203125,138.332275390625,0.9976645708084106,1276.4290771484375,111.91948699951172,0.47458183765411377,1263.335205078125,91.38380432128906,0.9687426686286926,1234.797119140625,104.42314147949219,0.9455068707466125,1273.40576171875,147.3502655029297,0.07515997439622879,1259.083984375,156.4896240234375,0.5325325727462769,1207.820556640625,172.83868408203125,0.995347797870636
1424,1272.0430908203125,94.92279815673828,0.07905159890651703,1206.888427734375,176.3638153076172,0.01589219458401203,1285.3917236328125,122.92729187011719,0.013471146114170551,1278.23046875,127.68391418457031,0.6875594258308411,1261.1771240234375,134.86314392089844,0.9977053999900818,1236.266357421875,138.30337524414062,0.9977583885192871,1276.45263671875,111.96656036376953,0.5021288990974426,1263.4998779296875,91.64905548095703,0.9629356265068054,1234.8182373046875,104.61964416503906,0.9435659646987915,1273.40576171875,147.4502716064453,0.07663779705762863,1258.8392333984375,156.49415588378906,0.5158572196960449,1207.8592529296875,172.78759765625,0.9953173398971558
1425,1272.418212890625,95.31932830810547,0.08390746265649796,1206.891357421875,176.10743713378906,0.01847369223833084,1285.430908203125,122.92729187011719,0.012915128841996193,1278.202392578125,127.68391418457031,0.677531898021698,1261.1771240234375,134.89430236816406,0.99782794713974,1236.368896484375,138.20974731445312,0.9978229999542236,1276.543212890625,112.03031921386719,0.5238354206085205,1263.7938232421875,91.74622344970703,0.9597437977790833,1235.0931396484375,104.66271209716797,0.9621340036392212,1273.4464111328125,147.52288818359375,0.08221469074487686,1258.685302734375,156.49415588378906,0.5491216778755188,1208.383544921875,172.78759765625,0.9949101805686951
1426,1272.6025390625,95.49615478515625,0.07471740990877151,1206.891357421875,176.10342407226562,0.01865593157708645,1285.401611328125,122.92729187011719,0.014516595751047134,1278.202392578125,127.68391418457031,0.6930129528045654,1261.1771240234375,134.89430236816406,0.9978821873664856,1236.391845703125,138.20574951171875,0.9977929592132568,1276.678955078125,112.09205627441406,0.5353148579597473,1263.892578125,91.89282989501953,0.9554949402809143,1235.0931396484375,104.66271209716797,0.9605520963668823,1273.4083251953125,147.52288818359375,0.08070752769708633,1258.669921875,156.44772338867188,0.560933530330658,1208.383544921875,172.78759765625,0.9951451420783997
1427,1272.6025390625,95.49615478515625,0.07437358051538467,1206.888427734375,176.07598876953125,0.019544638693332672,1285.430908203125,122.92390441894531,0.015113313682377338,1278.202392578125,127.68148040771484,0.7012081146240234,1261.1536865234375,134.89430236816406,0.9978208541870117,1236.4820556640625,138.12017822265625,0.9977778792381287,1276.716552734375,112.11126708984375,0.5342313051223755,1263.8291015625,91.89282989501953,0.9573950171470642,1235.0931396484375,104.66271209716797,0.9642919301986694,1273.370849609375,147.52288818359375,0.08014565706253052,1258.604736328125,156.44772338867188,0.516726016998291,1208.389404296875,172.78759765625,0.9949504137039185
1428,1272.418212890625,95.39186096191406,0.07778344303369522,1206.8515625,176.07598876953125,0.019225560128688812,1285.401611328125,122.92390441894531,0.014238886535167694,1278.1959228515625,127.68148040771484,0.6956568956375122,1261.1536865234375,134.89430236816406,0.9976863861083984,1236.458984375,138.0821990966797,0.9976152181625366,1276.716552734375,112.13416290283203,0.52874755859375,1263.8291015625,91.74622344970703,0.9541885256767273,1234.9466552734375,104.48262023925781,0.9701516032218933,1273.4083251953125,147.3907928466797,0.07788116484880447,1258.6025390625,156.44772338867188,0.5098531246185303,1208.383544921875,172.78759765625,0.9948148131370544
1429,1272.418212890625,95.39186096191406,0.06911175698041916,1206.8515625,176.07598876953125,0.0177136342972517,1285.401611328125,122.92390441894531,0.013910042122006416,1278.1947021484375,127.68148040771484,0.6988421678543091,1261.1536865234375,134.89883422851562,0.9980037808418274,1236.44189453125,138.0821990966797,0.9976315498352051,1276.716552734375,112.11776733398438,0.5215713381767273,1263.7938232421875,91.74622344970703,0.9613216519355774,1234.5196533203125,104.42926788330078,0.9740930795669556,1273.4083251953125,147.38137817382812,0.07456758618354797,1258.6025390625,156.39141845703125,0.5632116794586182,1208.2779541015625,172.78538513183594,0.9949341416358948
1430,1272.64306640625,95.50341796875,0.07052905112504959,1206.8515625,176.06686401367188,0.018732797354459763,1285.400634765625,122.98983001708984,0.013801983557641506,1278.1959228515625,127.67061614990234,0.6863377690315247,1261.16943359375,134.89883422851562,0.9977691173553467,1236.458984375,138.09791564941406,0.9976822137832642,1276.7266845703125,112.11776733398438,0.5306264758110046,1263.7637939453125,91.89282989501953,0.9616673588752747,1234.5196533203125,104.42926788330078,0.9700760245323181,1273.4083251953125,147.38137817382812,0.07362549751996994,1258.604736328125,156.39141845703125,0.5485571026802063,1208.2779541015625,172.73849487304688,0.9949496984481812
1431,1272.64306640625,95.69667053222656,0.07952925562858582,1206.9000244140625,176.05380249023438,0.018859820440411568,1285.3914794921875,123.04463958740234,0.013263510540127754,1278.1959228515625,127.78518676757812,0.6698352694511414,1261.3333740234375,134.91224670410156,0.997665524482727,1236.4820556640625,138.09791564941406,0.9977481961250305,1276.7412109375,112.11776733398438,0.5401780009269714,1263.3408203125,92.36124420166016,0.9523876905441284,1234.5196533203125,104.42926788330078,0.970536470413208,1273.427001953125,147.38137817382812,0.06954248249530792,1258.6025390625,156.39141845703125,0.6057360172271729,1208.3812255859375,172.66026306152344,0.9947561025619507
1432,1272.64306640625,95.69667053222656,0.07736977189779282,1206.9874267578125,175.970947265625,0.019597399979829788,1285.320556640625,123.04463958740234,0.013331744819879532,1278.231201171875,127.78518676757812,0.6812249422073364,1261.4078369140625,134.95465087890625,0.9976601600646973,1236.812744140625,138.03085327148438,0.9978663325309753,1276.7266845703125,112.06232452392578,0.5406466722488403,1263.3408203125,92.36124420166016,0.9484328627586365,1234.5196533203125,104.42926788330078,0.9625376462936401,1273.427001953125,147.42047119140625,0.07073777914047241,1258.6025390625,156.34677124023438,0.5910086631774902,1208.3812255859375,172.6660614013672,0.9943841695785522
1433,1272.64306640625,95.69686126708984,0.07525507360696793,1207.00048828125,175.9656524658203,0.020714767277240753,1285.292236328125,122.98983001708984,0.013191898353397846,1278.277587890625,127.5902328491211,0.6577336192131042,1261.6103515625,134.95465087890625,0.9973214268684387,1236.964111328125,138.03085327148438,0.9978412389755249,1276.7266845703125,111.98609924316406,0.5560160279273987,1263.5364990234375,92.36124420166016,0.9382990002632141,1234.4560546875,104.42926788330078,0.955387532711029,1273.41259765625,147.42047119140625,0.07470182329416275,1258.5181884765625,156.2435760498047,0.5824911594390869,1208.4296875,172.6660614013672,0.9943159222602844
1434,1272.64306640625,95.69686126708984,0.07519173622131348,1207.0166015625,175.96397399902344,0.02070179581642151,1285.2044677734375,122.97260284423828,0.015060562640428543,1278.308349609375,127.41560363769531,0.667522668838501,1261.6424560546875,134.95465087890625,0.9970390796661377,1237.1490478515625,138.02316284179688,0.9977053999900818,1276.6715087890625,111.98609924316406,0.5383480191230774,1263.5364990234375,92.36124420166016,0.9477781653404236,1233.7757568359375,104.19288635253906,0.9641882181167603,1273.41259765625,147.42047119140625,0.06619028002023697,1258.5181884765625,156.14581298828125,0.568865180015564,1208.4674072265625,172.64779663085938,0.9941604733467102
1435,1272.8240966796875,96.07496643066406,0.07469362765550613,1207.0194091796875,175.91329956054688,0.022612180560827255,1284.9674072265625,122.97260284423828,0.013772301375865936,1278.308349609375,127.41560363769531,0.6521985530853271,1261.657958984375,134.95172119140625,0.9960048794746399,1237.4547119140625,137.72640991210938,0.997565746307373,1276.6715087890625,111.98609924316406,0.5364090204238892,1260.4749755859375,93.79872131347656,0.9519492387771606,1233.4215087890625,103.44184875488281,0.980941891670227,1273.2078857421875,147.28103637695312,0.07161939889192581,1258.5181884765625,155.6455078125,0.5328624248504639,1208.533447265625,172.64779663085938,0.9943767786026001
1436,1272.3153076171875,95.69686126708984,0.07453100383281708,1207.0194091796875,175.8561248779297,0.022303378209471703,1284.9674072265625,122.69601440429688,0.013502080924808979,1278.308349609375,127.38011932373047,0.616599440574646,1261.657958984375,134.85581970214844,0.9948816299438477,1237.4547119140625,137.4783935546875,0.997252881526947,1276.6309814453125,111.9106674194336,0.5424336791038513,1260.4493408203125,92.13736724853516,0.9447777271270752,1233.4215087890625,103.44184875488281,0.9814825654029846,1273.2078857421875,147.09005737304688,0.09119782596826553,1258.451416015625,155.36891174316406,0.5284583568572998,1208.533447265625,172.60687255859375,0.9943068623542786
1437,1272.3153076171875,95.69686126708984,0.07453100383281708,1207.0194091796875,175.8561248779297,0.022303378209471703,1284.554443359375,117.96188354492188,0.013502080924808979,1278.308349609375,126.95841979980469,0.616599440574646,1261.657958984375,134.85581970214844,0.9948816299438477,1237.4547119140625,137.4783935546875,0.997252881526947,1275.730224609375,107.82315063476562,0.5424336791038513,1260.4493408203125,91.69841003417969,0.9447777271270752,1232.8592529296875,103.32330322265625,0.9814825654029846,1273.1837158203125,147.09005737304688,0.09119782596826553,1258.4429931640625,155.36891174316406,0.5284583568572998,1208.4296875,172.60687255859375,0.9943068623542786
